student_id,gender,ethnicity,race,language,ble_kg_fall,del_kg_fall,rvo_kg_fall,syn_kg_fall,evo_kg_fall,lcp_kg_fall,nwr_kg_fall,srt_kg_fall,lnc_kg_fall,lsc_kg_fall,rao_kg_fall,wppsi4_rv_ss,wppsi4_rv_raw,wppsi4_pn_ss,wppsi4_pn_raw,wppsi4_mr_ss,wppsi4_mr_raw,ktea3_nwd_ss,ktea3_nwd_raw,ktea3_lwr_ss,ktea3_lwr_raw,celf5_sc_ss,celf5_sc_raw,celf5_rs_ss,celf5_rs_raw
11_18_0_0001,male,not hispanic,white,0.0,0.604272507,,0.140717084,-0.263238849,-0.344295107,0.120241587,-0.642126159,0.450831216,33.0,,,10.0,22.0,14.0,21.0,7.0,11.0,97.0,6.0,95.0,26.0,8.0,18.0,16.0,50.0
11_18_0_0002,,,,,,,-0.742696919,0.041187728,,,,0.80151748,40.0,,,12.0,25.0,14.0,21.0,14.0,21.0,99.0,7.0,110.0,38.0,10.0,22.0,12.0,38.0
11_18_0_0003,,,,,,,-0.835148129,-0.536097907,,,,-0.519423123,41.0,,,13.0,26.0,12.0,20.0,4.0,6.0,109.0,12.0,103.0,32.0,10.0,22.0,11.0,31.0
11_18_0_0004,,,,,0.591903265,,-0.469343724,-1.965625904,-1.544415706,0.080740527,-0.285550816,0.053896551,24.0,,,15.0,28.0,14.0,21.0,9.0,14.0,101.0,8.0,99.0,29.0,10.0,22.0,13.0,39.0
11_18_0_0005,,,,,1.228682337,,0.001714609,-0.282366946,0.536705447,-0.169987537,-0.204886747,0.85125582,44.0,,,11.0,24.0,14.0,21.0,14.0,21.0,121.0,21.0,114.0,42.0,12.0,24.0,14.0,44.0
11_18_0_0006,,,,,0.168191937,,-0.106849345,0.122098944,0.016467094,0.344018842,-0.39591078,0.443201054,38.0,,,13.0,26.0,10.0,18.0,12.0,18.0,99.0,7.0,100.0,30.0,14.0,25.0,13.0,41.0
11_18_0_0007,male,not hispanic,white,0.0,0.166265172,,-0.410902971,-0.718138597,-0.145121211,-1.096202492,-0.653530193,-0.2659593,30.0,,,10.0,22.0,12.0,20.0,10.0,16.0,88.0,3.0,92.0,24.0,9.0,19.0,9.0,24.0
11_18_0_0008,,,,,-0.085362784,,0.067389629,-0.235231441,-0.174542267,0.02502213,-0.837294701,0.118166083,22.0,,,12.0,25.0,8.0,15.0,8.0,13.0,94.0,5.0,90.0,23.0,11.0,23.0,10.0,28.0
11_18_0_0009,male,not hispanic,white,0.0,0.783123329,,-0.592385967,-0.235231441,-0.51227466,-0.162069505,-2.301838878,0.85125582,49.0,,,10.0,22.0,11.0,19.0,11.0,17.0,110.0,13.0,102.0,31.0,11.0,23.0,16.0,50.0
11_18_0_0010,female,hispanic,white,0.0,0.783123329,,-0.677647048,,-0.433639217,-0.169987537,-0.89026287,1.345833101,41.0,,,10.0,23.0,10.0,18.0,13.0,19.0,103.0,9.0,110.0,38.0,9.0,20.0,10.0,30.0
11_18_0_0011,,,,,0.783123329,,-0.650313221,0.077528299,0.079438888,0.653407855,0.616001938,0.241671686,42.0,,,10.0,23.0,14.0,21.0,11.0,17.0,105.0,10.0,107.0,35.0,14.0,25.0,18.0,58.0
11_18_0_0012,,,,,1.228682337,,-1.222921697,-0.129277985,-1.231293664,-0.168427857,-0.986728851,0.118166083,34.0,,,12.0,25.0,16.0,22.0,1.0,0.0,101.0,8.0,102.0,31.0,10.0,21.0,12.0,36.0
11_18_0_0014,,,,,0.368932276,,-0.283432484,0.358679367,-0.205691299,-0.70040762,-1.059212872,-0.660869703,45.0,,,15.0,28.0,11.0,19.0,7.0,11.0,101.0,8.0,100.0,30.0,11.0,23.0,9.0,25.0
11_18_0_0015,,,,,0.431511273,,-0.121350392,-1.346698387,0.635171944,-1.119013512,0.05754712,-0.133321403,75.0,,,1.0,0.0,1.0,0.0,1.0,0.0,88.0,3.0,104.0,33.0,9.0,20.0,9.0,24.0
11_18_0_0016,,,,,0.783123329,,-0.699366223,-1.965625904,-0.696806581,-0.21932303,-0.440465169,-0.470510326,24.0,,,12.0,25.0,11.0,19.0,6.0,10.0,91.0,4.0,116.0,44.0,7.0,16.0,10.0,28.0
11_18_0_0017,,,,,0.285976943,,-0.225525102,-1.965625904,-1.400326613,-1.689126827,-1.869168599,-0.875773147,43.0,,,11.0,24.0,5.0,12.0,9.0,14.0,91.0,4.0,99.0,29.0,9.0,20.0,7.0,18.0
11_18_0_0018,,,,,0.097496703,,-0.839315623,-1.965625904,-1.830224798,-1.821218265,-1.869168599,-0.738755791,37.0,,,8.0,20.0,8.0,15.0,5.0,7.0,91.0,4.0,95.0,26.0,9.0,20.0,8.0,22.0
11_18_0_0019,,,,,0.591903265,,-0.592799258,0.321564954,0.145059035,0.653407855,0.05754712,0.426639381,54.0,,,13.0,26.0,16.0,22.0,5.0,7.0,91.0,4.0,96.0,27.0,10.0,22.0,18.0,60.0
11_18_0_0020,,,,0.0,0.424848865,,-0.782031487,-0.788140763,0.032568345,-0.498451756,0.235404604,-1.118564157,33.0,,,10.0,22.0,9.0,17.0,10.0,16.0,88.0,3.0,93.0,25.0,7.0,16.0,9.0,23.0
11_18_0_0021,,,,,0.604272507,,-1.23572223,-1.965625904,-1.505318396,-0.44869387,-3.021066047,-0.196640263,39.0,,,8.0,20.0,12.0,20.0,8.0,13.0,117.0,18.0,118.0,46.0,9.0,19.0,11.0,32.0
11_18_0_0022,,,,,0.307036561,,0.615581159,-0.191679475,0.243054835,0.218125575,0.527305817,0.163812493,68.0,,,15.0,28.0,17.0,23.0,13.0,19.0,99.0,7.0,106.0,34.0,12.0,24.0,14.0,43.0
11_18_0_0023,,,,,0.54998374,,-0.557571012,-1.35433054,-1.208139977,-0.738712913,-0.92491605,-0.777122979,22.0,,,8.0,20.0,6.0,13.0,6.0,10.0,107.0,11.0,111.0,39.0,8.0,17.0,,
11_18_0_0024,,,,,-1.96748237,,-3.298931465,,-1.379971552,-1.859608772,-0.794593058,-2.076801865,40.0,,,8.0,20.0,12.0,20.0,7.0,11.0,94.0,5.0,96.0,27.0,9.0,19.0,6.0,10.0
11_18_0_0025,,,,,-0.592703456,,-0.85877938,-0.484936764,0.361836856,-0.709771645,-0.045011305,0.290869716,21.0,,,13.0,26.0,10.0,18.0,11.0,17.0,85.0,2.0,89.0,22.0,16.0,26.0,18.0,59.0
11_18_0_0026,,,,,0.288796236,,-1.019609945,-0.849370183,-0.2241329,-0.575270841,-0.971011681,-0.122860536,23.0,,,9.0,21.0,12.0,20.0,4.0,5.0,77.0,0.0,88.0,21.0,10.0,21.0,13.0,40.0
11_18_0_0027,,,,,0.604272507,,-1.821375214,-1.064020102,-0.991032448,-0.284090473,-0.031827892,-0.26514647,39.0,,,11.0,24.0,11.0,19.0,11.0,17.0,91.0,4.0,95.0,26.0,12.0,24.0,16.0,51.0
11_18_0_0028,,,,,1.228682337,,-0.449740558,-0.255293918,-0.082555764,-0.168427857,-0.244018502,0.118166083,47.0,,,15.0,28.0,14.0,21.0,16.0,23.0,101.0,8.0,104.0,33.0,14.0,25.0,15.0,49.0
11_18_0_0029,,,,,-0.110419557,,-0.326517078,-0.40638367,0.275554646,-0.49565178,-0.794593058,-0.273198881,27.0,,,10.0,22.0,14.0,21.0,8.0,13.0,82.0,1.0,88.0,21.0,10.0,21.0,9.0,26.0
11_18_0_0030,,,,,0.166265172,,0.139068415,-0.983222094,-0.634628747,0.398470714,-1.835469491,-0.094217472,38.0,,,12.0,25.0,12.0,20.0,11.0,17.0,91.0,4.0,92.0,24.0,9.0,19.0,13.0,42.0
11_18_0_0031,,,,,0.169548198,,-0.699419909,0.408803253,-0.607871348,0.653407855,-0.667029694,-0.588426251,39.0,,,11.0,24.0,11.0,19.0,13.0,20.0,135.0,30.0,100.0,30.0,10.0,21.0,14.0,43.0
11_18_0_0032,,,,,0.62185563,,0.578429183,0.289596221,-0.326238744,0.080740527,-0.631603275,0.003985524,55.0,,,12.0,25.0,16.0,22.0,9.0,14.0,130.0,26.0,112.0,40.0,16.0,26.0,15.0,47.0
11_18_0_0033,male,not hispanic,white,0.0,-0.540680592,,0.117814439,-0.191679475,0.396542727,0.114187754,-0.432044933,0.080025337,32.0,,,10.0,22.0,14.0,21.0,12.0,18.0,91.0,4.0,95.0,26.0,16.0,26.0,15.0,49.0
11_18_0_0034,,,,,-0.204141511,,-1.396169468,-1.02703427,-1.185790443,-0.180462742,-0.835050244,-0.273198881,33.0,,,12.0,25.0,14.0,21.0,15.0,22.0,82.0,1.0,90.0,23.0,12.0,24.0,11.0,34.0
11_18_0_0035,male,,white,0.0,1.228682337,,0.491045683,0.998325174,1.032724177,0.350595098,-0.642157591,1.283240378,42.0,,,14.0,27.0,10.0,18.0,13.0,20.0,99.0,7.0,115.0,43.0,9.0,19.0,13.0,42.0
11_18_0_0036,,,,,-0.761290773,,-0.973310107,-0.157234638,-0.179961556,-0.322539219,-0.956658003,0.267596736,30.0,,,13.0,26.0,12.0,20.0,13.0,19.0,94.0,5.0,99.0,29.0,11.0,23.0,11.0,34.0
11_18_0_0037,,,,,-1.96748237,,-0.299543095,-0.142762857,-1.256867027,-0.169987537,-0.179035902,0.426639381,20.0,,,11.0,24.0,10.0,18.0,13.0,19.0,97.0,6.0,96.0,27.0,10.0,22.0,15.0,49.0
11_18_0_0038,,,,,0.556029484,,0.564084524,-1.35433054,1.032724177,0.350595098,-1.136292925,0.426639381,28.0,,,17.0,29.0,16.0,22.0,6.0,9.0,82.0,1.0,95.0,26.0,12.0,24.0,14.0,43.0
11_18_0_0039,female,not hispanic,white,0.0,0.80718956,,-0.953270718,-1.188983605,-0.754236987,0.120241587,-0.215811591,-0.273198881,34.0,,,15.0,28.0,9.0,17.0,10.0,16.0,105.0,10.0,121.0,48.0,11.0,23.0,13.0,42.0
11_18_0_0040,,,,,-0.776201858,,-1.526505416,-1.965625904,-1.129906281,-1.720024851,-2.1816074,,4.0,,,10.0,22.0,8.0,15.0,10.0,15.0,82.0,1.0,96.0,27.0,10.0,21.0,8.0,21.0
11_18_0_0041,male,not hispanic,white,0.0,0.319472143,,-0.127512356,-0.361734526,-0.09849079,0.398470714,-0.842938304,-0.588426251,17.0,,,14.0,27.0,16.0,22.0,13.0,20.0,105.0,10.0,106.0,34.0,12.0,24.0,11.0,34.0
11_18_0_0042,,,,,1.228682337,,-0.941051476,-1.147273909,-0.4587341,-0.299031453,-0.475836679,0.513556066,45.0,,,17.0,29.0,11.0,19.0,13.0,19.0,123.0,22.0,112.0,40.0,11.0,23.0,13.0,40.0
11_18_0_0043,,,,,0.424848865,,-1.066414274,-1.965625904,-1.149037647,-1.027585352,-1.076271001,-0.588426251,35.0,,,8.0,20.0,8.0,16.0,10.0,16.0,91.0,4.0,96.0,27.0,9.0,19.0,10.0,28.0
11_18_0_0044,,,,,0.378849413,,0.151104558,0.041187728,-0.499977336,0.398470714,-1.203397727,-0.11569013,30.0,,,15.0,28.0,11.0,19.0,7.0,11.0,94.0,5.0,102.0,31.0,12.0,24.0,14.0,43.0
11_18_0_0045,,,,,1.228682337,,-0.601994415,0.321564954,0.373005312,-0.137920703,-1.485666257,-0.519423123,51.0,,,15.0,28.0,10.0,18.0,12.0,18.0,82.0,1.0,102.0,31.0,11.0,23.0,10.0,29.0
11_18_0_0046,,,,,0.783123329,,-1.619551747,-0.01447881,-0.192140588,0.114187754,-0.39591078,-0.094217472,40.0,,,13.0,26.0,10.0,18.0,4.0,6.0,113.0,15.0,108.0,36.0,12.0,24.0,11.0,31.0
11_18_0_0047,,,,,-1.072547962,,-0.672680499,-1.965625904,-1.794417119,-1.558275534,-2.340324384,-2.367774741,39.0,,,8.0,20.0,9.0,17.0,8.0,12.0,97.0,6.0,111.0,39.0,9.0,20.0,8.0,21.0
11_18_0_0048,,,,,-0.705605617,,-0.304083049,-0.546229093,0.742062032,-0.137920703,-1.328566467,-0.196640263,30.0,,,13.0,26.0,11.0,19.0,4.0,5.0,88.0,3.0,92.0,24.0,8.0,17.0,11.0,33.0
11_18_0_0049,,,,,-0.063098981,-0.146374497,-0.301029035,-1.401151855,-1.738049678,0.229303451,-1.714593064,-1.57185596,,,,8.0,20.0,10.0,18.0,7.0,11.0,82.0,1.0,92.0,24.0,10.0,22.0,,
11_18_0_0050,,,,,0.783123329,,-0.256999105,-0.718138597,-0.161332698,-0.401847304,-0.539875367,-1.561181291,60.0,,,11.0,24.0,16.0,22.0,11.0,17.0,112.0,14.0,126.0,52.0,10.0,22.0,10.0,28.0
11_18_0_0052,,,,,-0.209282617,,-1.943588237,-1.965625904,-0.782517681,,-1.410507816,-0.131629247,26.0,,,8.0,19.0,12.0,20.0,6.0,9.0,94.0,5.0,92.0,24.0,8.0,17.0,8.0,22.0
11_18_0_0053,,,,,0.783123329,,-1.497871623,-1.35433054,-0.116931009,-0.382681685,0.21561498,-0.307956806,52.0,,,10.0,23.0,14.0,21.0,10.0,16.0,109.0,12.0,112.0,40.0,9.0,20.0,10.0,28.0
11_18_0_0054,,,,,-0.50067548,,-1.301320485,-1.965625904,-0.987709549,-0.53522035,-1.775059644,-2.077868731,21.0,,,5.0,15.0,10.0,18.0,4.0,6.0,88.0,3.0,93.0,25.0,10.0,22.0,8.0,22.0
11_18_0_0055,,,,,0.319472143,,-1.643964964,-0.536097907,-1.361018483,-0.360389997,-0.852258253,-1.118353919,23.0,,,13.0,26.0,10.0,18.0,10.0,16.0,85.0,2.0,92.0,24.0,9.0,19.0,6.0,13.0
11_18_0_0056,,,,,1.228682337,,1.103427867,0.113919548,0.279478228,-0.040018228,-0.591174577,0.406392886,26.0,,,12.0,25.0,10.0,18.0,14.0,21.0,107.0,11.0,112.0,40.0,12.0,24.0,,
11_18_0_0057,,,,,0.431511273,,-0.439959791,-0.389126712,-0.96193136,-0.615560012,-1.222434496,-1.564117119,30.0,,,,,,,,,,,,,,,,
11_18_0_0058,,,,,1.228682337,,-1.634543163,-0.718138597,-0.698696351,-0.31381238,-0.653530193,0.068199124,43.0,,,10.0,23.0,10.0,18.0,9.0,14.0,130.0,26.0,128.0,54.0,9.0,19.0,9.0,26.0
11_18_0_0059,,,,,0.250873458,,-1.124018853,-1.965625904,-2.18553479,-0.624904801,-1.960296789,-1.583822207,35.0,,,12.0,25.0,7.0,14.0,4.0,6.0,85.0,2.0,93.0,25.0,10.0,21.0,6.0,11.0
11_18_0_0060,,,,,0.431511273,,-1.479052852,-1.965625904,-1.853138585,-1.703296868,-1.419775552,-0.789401745,12.0,,,5.0,14.0,10.0,18.0,8.0,13.0,101.0,8.0,96.0,27.0,7.0,15.0,9.0,23.0
11_18_0_0062,,,,,0.296860731,,0.150015552,-0.235231441,0.593021957,-0.606568984,-0.475836679,-0.122860536,44.0,,,,,,,,,,,,,,,,
11_18_0_0063,,,,,,,-1.408526432,,-3.015487781,,,-1.735215907,,,,8.0,19.0,11.0,19.0,11.0,17.0,97.0,6.0,92.0,24.0,10.0,22.0,9.0,26.0
11_18_0_0064,,,,,-0.101041853,,0.035625557,,-0.406921403,0.350595098,-0.986728851,,,,,13.0,26.0,14.0,21.0,10.0,16.0,88.0,3.0,92.0,24.0,10.0,22.0,8.0,22.0
11_18_0_0065,,,,0.0,0.243828326,,0.470778528,-0.989191726,0.412165437,-0.53522035,-0.39591078,-0.273198881,27.0,,,15.0,28.0,11.0,19.0,13.0,19.0,97.0,6.0,93.0,25.0,11.0,23.0,11.0,31.0
11_18_0_0066,,,,,0.415933541,-1.470628516,-0.38181688,,-3.270287689,-0.128799061,-0.995017314,-1.57185596,28.0,,,5.0,14.0,7.0,14.0,1.0,1.0,85.0,2.0,90.0,23.0,8.0,17.0,7.0,16.0
11_18_0_0067,,,,,0.49465991,,-1.523169224,-1.401151855,-1.342873829,-1.477592187,-1.114926669,-0.789401745,34.0,,,8.0,20.0,8.0,15.0,10.0,15.0,97.0,6.0,93.0,25.0,10.0,21.0,8.0,19.0
11_18_0_0068,,,,,-0.913477474,,-1.072094083,-1.965625904,-3.270287689,-0.641421606,-0.56359122,-0.251274823,16.0,,,8.0,19.0,9.0,17.0,9.0,14.0,85.0,2.0,90.0,23.0,14.0,25.0,14.0,46.0
11_18_0_0069,,,,,0.783123329,,-1.00860409,-1.965625904,-0.511643734,-0.70040762,-1.388204681,-0.660869703,31.0,,,10.0,22.0,10.0,18.0,8.0,12.0,99.0,7.0,93.0,25.0,10.0,22.0,9.0,24.0
11_18_0_0070,,,,,-0.490165125,,-0.904460825,-1.188983605,-2.426062925,-1.338707362,-2.74499732,-1.901493953,9.0,,,8.0,19.0,5.0,12.0,6.0,9.0,77.0,0.0,90.0,23.0,8.0,17.0,5.0,8.0
11_18_0_0071,,,,,0.783123329,,-0.074228145,0.604930516,-0.173018073,-0.62761018,0.907557904,1.273367593,27.0,,,14.0,27.0,10.0,18.0,10.0,15.0,109.0,12.0,104.0,33.0,12.0,24.0,19.0,61.0
11_18_0_0072,,,,,-0.132395094,,0.352989205,-1.965625904,-1.056119904,0.350595098,-2.078823699,-1.616394381,18.0,,,13.0,26.0,12.0,20.0,8.0,12.0,94.0,5.0,95.0,26.0,11.0,23.0,10.0,28.0
11_18_0_0073,,,,,0.783123329,,-1.23572223,-0.718138597,-1.601742293,-0.906816495,-0.593339292,-0.922722655,37.0,,,11.0,24.0,8.0,16.0,8.0,12.0,101.0,8.0,95.0,26.0,9.0,19.0,12.0,35.0
11_18_0_0074,,,,,0.235209821,,-0.293114288,-1.02703427,-1.619733068,0.350595098,-1.305253163,0.308340637,33.0,,,10.0,23.0,11.0,19.0,7.0,11.0,103.0,9.0,108.0,36.0,12.0,24.0,14.0,44.0
11_18_0_0075,,,,,0.135571147,,-1.29730261,-1.35433054,-0.181939602,0.114187754,-0.37164906,-0.273198881,25.0,,,9.0,21.0,12.0,20.0,6.0,9.0,103.0,9.0,102.0,31.0,9.0,20.0,11.0,34.0
11_18_0_0076,,,,,0.000414602,,-1.311548155,-1.965625904,-1.583437337,-1.565192425,-0.215811591,-2.47730472,52.0,,,5.0,14.0,12.0,20.0,12.0,18.0,112.0,14.0,121.0,48.0,4.0,6.0,7.0,16.0
11_18_0_0077,,,,,0.293742253,,-0.85600472,-1.965625904,-1.157728847,-0.477402634,-0.779430629,-0.04662926,39.0,,,13.0,26.0,10.0,18.0,4.0,6.0,88.0,3.0,102.0,31.0,14.0,25.0,14.0,44.0
11_18_0_0078,,,,,0.783123329,,-1.060379296,-1.401151855,-0.798827482,-2.081149227,0.193980576,-0.789401745,16.0,,,10.0,23.0,12.0,20.0,10.0,16.0,94.0,5.0,95.0,26.0,10.0,22.0,11.0,31.0
11_18_0_0079,,,,,-0.172010922,,-0.436023927,-1.965625904,-0.381700099,-1.534244933,-1.026739988,-0.416296112,21.0,,,14.0,27.0,11.0,19.0,10.0,16.0,85.0,2.0,96.0,27.0,10.0,21.0,12.0,35.0
11_18_0_0080,,,,,0.319472143,,0.638623299,-0.191679475,0.290810364,0.653407855,-1.188256939,-0.901392093,19.0,,,12.0,25.0,10.0,18.0,4.0,6.0,82.0,1.0,92.0,24.0,10.0,22.0,9.0,25.0
11_18_0_0081,,,,,-0.434157103,-2.330603465,-1.684344296,-1.289818333,-1.219612409,-1.854500842,-1.716889552,-2.776271957,37.0,,36.0,7.0,17.0,12.0,20.0,4.0,5.0,77.0,0.0,89.0,22.0,1.0,0.0,3.0,3.0
11_18_0_0082,male,hispanic,multi-racial,0.0,0.327227254,,0.309026209,-0.531077545,0.017167324,-0.873891773,-1.012710196,-1.182348821,21.0,,,9.0,21.0,10.0,18.0,8.0,13.0,97.0,6.0,102.0,31.0,10.0,22.0,13.0,42.0
11_18_0_0083,,,,,-0.10051918,,-1.489187385,-1.965625904,-2.66957665,-0.713035319,-1.766614387,-0.630642581,24.0,,,12.0,25.0,11.0,19.0,8.0,13.0,97.0,6.0,92.0,24.0,8.0,18.0,8.0,20.0
11_18_0_0084,,,,,0.416736467,,0.015062381,-1.965625904,-0.326238744,0.120241587,-1.688724745,-0.637776097,11.0,,,,,,,,,,,,,,,,
11_18_0_0085,,,,,-0.268280191,,-0.603277439,-1.965625904,-0.106720633,-2.684904825,-1.123974265,-1.407837622,17.0,,,10.0,22.0,14.0,21.0,8.0,12.0,97.0,6.0,97.0,28.0,11.0,23.0,10.0,28.0
11_18_0_0086,,,,,0.212632235,,-0.679166572,-1.965625904,0.186688946,-0.128832827,-1.586019642,0.406392886,25.0,,,8.0,19.0,12.0,20.0,9.0,14.0,82.0,1.0,95.0,26.0,9.0,19.0,12.0,38.0
11_18_0_0087,,,,,-0.710413682,,-0.144347504,-1.965625904,-1.227347167,0.398470714,-1.668650743,-0.887828223,16.0,,,13.0,26.0,10.0,18.0,5.0,8.0,82.0,1.0,92.0,24.0,8.0,18.0,7.0,18.0
11_18_0_0088,,,,,-0.256012265,,-0.249276723,-0.718138597,-0.798932477,-0.169987537,-0.383769908,0.885223816,33.0,,,9.0,21.0,12.0,20.0,10.0,16.0,94.0,5.0,93.0,25.0,12.0,24.0,19.0,63.0
11_18_0_0089,female,not hispanic,black or african american,0.0,-0.312604707,,-1.011488436,-1.965625904,-0.91418338,-1.156656912,-1.518105803,-1.021034447,39.0,,,10.0,22.0,11.0,19.0,6.0,9.0,101.0,8.0,104.0,33.0,10.0,21.0,9.0,26.0
11_18_0_0090,,,,,-1.298575808,,-1.983086457,-1.965625904,-3.270287689,-1.652582846,-1.570551152,-0.875773147,12.0,,,3.0,9.0,4.0,10.0,8.0,12.0,77.0,0.0,88.0,21.0,6.0,12.0,6.0,12.0
11_18_0_0092,male,hispanic,white,1.0,0.500183072,,0.309026209,0.141832419,1.032724177,0.264041585,0.29517923,0.89576965,35.0,,,19.0,30.0,17.0,23.0,13.0,20.0,115.0,16.0,104.0,33.0,14.0,25.0,17.0,55.0
11_18_0_0094,,,,,0.520288051,,-0.780452945,,-0.011864802,-2.500796367,0.139038803,0.308340637,38.0,,,10.0,23.0,10.0,18.0,9.0,14.0,88.0,3.0,99.0,29.0,11.0,23.0,12.0,38.0
11_18_0_0095,,,,,-0.604376873,,-1.055079746,-1.102003059,-0.484079463,-1.380933169,-0.473279649,-1.807889063,,,,12.0,25.0,12.0,20.0,9.0,14.0,91.0,4.0,90.0,23.0,9.0,19.0,8.0,20.0
11_18_0_0096,,,,,-0.681528205,,-0.785766698,-1.147273909,-1.271352262,0.398470714,-0.696341665,-1.083090476,22.0,,,12.0,25.0,9.0,17.0,9.0,14.0,77.0,0.0,89.0,22.0,10.0,22.0,10.0,29.0
11_18_0_0097,,,,,-1.96748237,,-2.169132851,-1.965625904,-1.987160358,-2.019721113,-0.758793769,-1.009298983,20.0,,,6.0,16.0,7.0,14.0,4.0,5.0,85.0,2.0,93.0,25.0,5.0,11.0,5.0,7.0
11_18_0_0098,,,,,-0.215071451,,-1.88381746,-1.965625904,-1.709859288,-1.643802654,-0.794593058,-0.273198881,36.0,,,8.0,19.0,8.0,15.0,9.0,14.0,82.0,1.0,95.0,26.0,6.0,13.0,11.0,33.0
11_18_0_0099,,,,,1.228682337,,-0.07127645,-1.452185568,-0.113339471,-0.150508281,-1.026739988,-0.519423123,25.0,,,11.0,24.0,12.0,20.0,8.0,12.0,103.0,9.0,104.0,33.0,14.0,25.0,10.0,28.0
11_18_0_0100,,,,,0.556029484,,-0.990872558,-0.718138597,-0.816807998,-0.549234037,-1.891729385,0.118166083,37.0,,,13.0,26.0,11.0,19.0,14.0,21.0,123.0,22.0,117.0,45.0,10.0,22.0,9.0,24.0
11_18_0_0101,,,,,0.676992215,,-0.501220924,-0.129277985,-0.846641827,-0.805201881,-2.196106696,-0.999389404,33.0,,,10.0,22.0,9.0,17.0,13.0,20.0,91.0,4.0,97.0,28.0,7.0,16.0,8.0,19.0
11_18_0_0102,,,,,-0.019054251,,-1.2474336,-1.452185568,-0.894099803,-0.862286597,-1.934753823,-1.561181291,27.0,,,5.0,15.0,7.0,14.0,4.0,6.0,94.0,5.0,92.0,24.0,7.0,15.0,7.0,17.0
11_18_0_0103,male,not hispanic,white,0.0,0.783123329,,-0.106945524,-0.405980419,-0.607582772,0.114187754,-0.475836679,0.118166083,16.0,,,12.0,25.0,9.0,17.0,12.0,18.0,77.0,0.0,90.0,23.0,11.0,23.0,,
11_18_0_0104,,,,,0.285740886,,-0.688475677,-1.35433054,-0.690255886,-0.49565178,-1.038758908,-1.900191174,36.0,,,10.0,22.0,11.0,19.0,10.0,15.0,88.0,3.0,99.0,29.0,9.0,20.0,12.0,38.0
11_18_0_0105,,,,,1.228682337,,-0.477081931,-0.718138597,-0.027893556,-1.492159327,-0.685057897,-0.73577434,31.0,,,9.0,21.0,10.0,18.0,12.0,18.0,88.0,3.0,96.0,27.0,7.0,16.0,10.0,30.0
11_18_0_0106,,,,,0.327227254,,-1.113155774,-1.965625904,-1.279714896,-0.169987537,-0.539875367,-0.839991992,10.0,35.0,37.0,4.0,12.0,5.0,12.0,1.0,1.0,77.0,0.0,89.0,22.0,2.0,3.0,8.0,19.0
11_18_0_0107,,,,,-0.07943092,,-1.244756836,-1.965625904,-2.032448537,-0.930151093,-0.563508513,-1.672827419,37.0,,,8.0,20.0,10.0,18.0,8.0,13.0,97.0,6.0,92.0,24.0,8.0,18.0,9.0,25.0
11_18_0_0108,,,,,0.431511273,,-0.061315514,-0.263238849,-0.300903165,0.070926809,-0.783557069,0.876217235,40.0,,,17.0,29.0,14.0,21.0,10.0,16.0,85.0,2.0,107.0,35.0,11.0,23.0,14.0,43.0
11_18_0_0109,,,,,-0.248619711,,-0.181904826,-0.405980419,0.290810364,-0.670179338,-1.175852968,-0.459045567,35.0,,,14.0,27.0,12.0,20.0,13.0,19.0,97.0,6.0,97.0,28.0,14.0,25.0,13.0,39.0
11_18_0_0110,,,,,-0.17151077,,-0.903762201,-1.064020102,-1.244968858,-1.102127478,-1.026739988,-1.963600117,25.0,,,12.0,25.0,9.0,17.0,4.0,6.0,91.0,4.0,93.0,25.0,9.0,20.0,6.0,14.0
11_18_0_0111,,,,,0.54998374,,-0.881295891,-0.989191726,-0.840638969,0.653407855,-0.321187538,0.118166083,29.0,,,12.0,25.0,9.0,17.0,10.0,16.0,94.0,5.0,96.0,27.0,9.0,20.0,11.0,32.0
11_18_0_0112,,,,,-0.270633238,,-1.224809773,-1.188983605,-0.96193136,0.176779242,-1.203397727,-0.757985391,33.0,,,10.0,22.0,8.0,16.0,4.0,5.0,94.0,5.0,93.0,25.0,5.0,10.0,11.0,31.0
11_18_0_0113,,,,,-1.96748237,,-1.709841062,-1.965625904,-2.304314024,-0.930151093,-1.664632536,-1.691406441,21.0,,,8.0,20.0,5.0,12.0,6.0,9.0,77.0,0.0,85.0,19.0,9.0,19.0,6.0,13.0
11_18_0_0114,,,,,1.228682337,,0.118501333,0.321564954,1.032724177,-0.040018228,0.31779374,0.046050369,60.0,,,15.0,28.0,14.0,21.0,12.0,18.0,128.0,25.0,125.0,51.0,12.0,24.0,9.0,24.0
11_18_0_0116,,,,,-0.81122513,,-2.62819809,-1.965625904,-2.195987178,-2.456572539,-0.013566205,-1.938730795,38.0,,,1.0,1.0,7.0,14.0,6.0,10.0,77.0,0.0,80.0,16.0,1.0,1.0,5.0,7.0
11_18_0_0117,,,,,-0.913761641,,-0.46952213,-0.718138597,-0.948002583,0.350595098,0.139038803,-0.254413131,10.0,,,,,,,,,,,,,,,,
11_18_0_0119,,,,,-1.96748237,,-1.15947473,-1.965625904,-1.380594293,-1.06783362,-0.653530193,-0.6695172,,,,8.0,19.0,7.0,14.0,5.0,8.0,99.0,7.0,109.0,37.0,6.0,13.0,9.0,25.0
11_18_0_0120,,,,,-1.96748237,,-1.968371857,-1.965625904,-1.918542967,-1.481355904,-1.816765536,-1.325308519,20.0,,,10.0,22.0,8.0,16.0,4.0,5.0,91.0,4.0,92.0,24.0,7.0,16.0,9.0,23.0
11_18_0_0121,,,,,,,-1.440549991,-1.965625904,,,,-1.599312607,30.0,,,,,,,,,,,,,,,,
11_18_0_0122,,,,,-0.807271936,,-2.062740635,-1.965625904,-1.520249071,-0.080915483,-1.850245829,-2.137393512,33.0,,,13.0,26.0,9.0,17.0,11.0,17.0,94.0,5.0,89.0,22.0,10.0,22.0,8.0,20.0
11_18_0_0123,,,,,0.431511273,,-0.521976178,-1.064020102,-0.932351931,0.344018842,-0.302471281,-0.416296112,25.0,,,10.0,22.0,14.0,21.0,13.0,19.0,94.0,5.0,99.0,29.0,14.0,25.0,11.0,34.0
11_18_0_0125,,,,,0.49465991,,-0.545363287,-0.221713934,-0.542414816,0.653407855,-1.533449441,0.025211281,30.0,,,10.0,22.0,11.0,19.0,10.0,15.0,107.0,11.0,108.0,36.0,10.0,22.0,14.0,43.0
11_18_0_0126,,,,,-1.96748237,,-2.214446592,-1.965625904,-2.477194696,-2.704763462,-2.11731762,-2.621251941,,,,,,,,,,,,,,,,,
11_18_0_0127,,,,,-0.024066442,,-0.882134697,-1.965625904,-1.157728847,-1.254700328,-1.375184012,-0.637776097,33.0,,,12.0,25.0,8.0,16.0,10.0,16.0,97.0,6.0,99.0,29.0,11.0,23.0,9.0,23.0
11_18_0_0128,,,,,0.1531383,,0.10369422,0.604930516,-0.326238744,0.344018842,-0.463992932,0.406392886,28.0,,,10.0,23.0,12.0,20.0,13.0,19.0,99.0,7.0,97.0,28.0,10.0,22.0,16.0,50.0
11_18_0_0129,,,,,-0.420098744,,-2.441402358,-1.965625904,-3.022755353,-0.541018786,-1.760497147,-1.883789612,26.0,,,6.0,16.0,5.0,12.0,4.0,6.0,85.0,2.0,92.0,24.0,8.0,17.0,7.0,18.0
11_18_0_0130,,,,,-0.810890363,,-1.583501363,-0.536097907,-0.442712292,-0.930151093,-1.736142075,0.426639381,31.0,,,7.0,18.0,11.0,19.0,13.0,19.0,85.0,2.0,93.0,25.0,7.0,16.0,12.0,36.0
11_18_0_0131,,,,,-0.336527358,,-0.592958755,-1.965625904,-1.376946229,-1.245064972,-1.026739988,-0.416296112,27.0,,,7.0,18.0,9.0,17.0,7.0,11.0,85.0,2.0,93.0,25.0,5.0,10.0,9.0,24.0
11_18_0_0132,,,,,-0.571998459,,-0.545249202,-1.965625904,-1.123994289,-0.173873882,0.139038803,-1.128034424,,23.0,,13.0,26.0,5.0,11.0,4.0,5.0,77.0,0.0,89.0,22.0,8.0,18.0,10.0,27.0
11_18_0_0133,,,,,-1.96748237,,-1.01794577,-1.965625904,-1.442406143,-1.915774118,-1.026739988,-2.077868731,33.0,,,,,,,,,,,,,,,,
11_18_0_0134,,,,,-0.456767496,,-1.440549991,-1.965625904,-1.52037714,-0.900733271,-0.92491605,-1.645290435,,17.0,,,,,,,,,,,,,,,
11_18_0_0135,,,,,-0.023164698,,-0.481821103,-1.965625904,-0.504698026,-0.001608828,-0.642076387,-0.789401745,28.0,,,8.0,20.0,9.0,17.0,6.0,9.0,82.0,1.0,89.0,22.0,9.0,19.0,9.0,26.0
11_18_0_0136,,,,,-0.710413682,,-0.710567861,-1.965625904,-2.053549516,-1.011137557,-0.597195964,-1.292559567,49.0,,,8.0,20.0,10.0,18.0,8.0,13.0,91.0,4.0,93.0,25.0,11.0,23.0,7.0,18.0
11_18_0_0137,,,,,-0.913761641,,-0.869490634,-1.965625904,-2.36575997,-0.69191086,-0.837294701,-1.177417035,,15.0,,8.0,19.0,6.0,13.0,8.0,13.0,77.0,0.0,89.0,22.0,6.0,13.0,8.0,22.0
11_18_0_0138,,,,,-1.96748237,,-1.512582828,-1.965625904,-2.03259279,-1.208893337,-0.429337112,-0.617440148,,,,10.0,22.0,9.0,17.0,7.0,11.0,77.0,0.0,88.0,21.0,7.0,16.0,11.0,33.0
11_18_0_0139,,,,,-0.895732244,,-1.74754139,-1.452185568,-1.057418556,-1.780444759,-1.129778104,-1.540453889,,5.0,,7.0,18.0,8.0,16.0,4.0,6.0,77.0,0.0,90.0,23.0,10.0,21.0,8.0,21.0
11_18_0_0141,,,,,0.609103865,,-0.917541469,-1.02703427,-0.504227969,0.080740527,-0.794593058,-0.273198881,29.0,,,8.0,20.0,12.0,20.0,8.0,12.0,85.0,2.0,95.0,26.0,11.0,23.0,11.0,33.0
11_18_0_0142,,,,,0.756239153,,-0.051692303,-0.249701347,-0.08525281,0.653407855,-0.045011305,-0.029120115,54.0,,,13.0,26.0,12.0,20.0,11.0,17.0,105.0,10.0,116.0,44.0,10.0,21.0,11.0,34.0
11_18_0_0143,,,,,0.130247576,,-0.176656605,0.113311166,-0.011864802,-0.93711868,-2.147992947,-0.469157701,20.0,,,12.0,25.0,11.0,19.0,10.0,16.0,82.0,1.0,90.0,23.0,14.0,25.0,9.0,23.0
11_18_0_0144,,,,,0.173986706,,-1.40395309,-1.965625904,-0.932351931,-1.061349937,-0.635695957,-0.728737618,29.0,,,14.0,27.0,10.0,18.0,8.0,12.0,94.0,5.0,104.0,33.0,11.0,23.0,7.0,17.0
11_18_0_0145,,,,,0.23096287,,-0.572639922,-0.822516902,-0.679057271,-1.10071247,-2.277230451,-1.987011815,7.0,,,10.0,22.0,11.0,19.0,6.0,10.0,91.0,4.0,92.0,24.0,9.0,20.0,7.0,16.0
11_18_0_0146,,,,,-1.96748237,,-1.346545845,-0.788140763,-1.112095612,0.653407855,-0.539875367,-0.828240525,33.0,,,12.0,25.0,8.0,15.0,9.0,14.0,107.0,11.0,106.0,34.0,9.0,19.0,10.0,30.0
11_18_0_0147,,,,,0.783123329,,-1.689621269,-1.965625904,-1.478293585,-0.845513001,-2.017425397,-0.660869703,22.0,,,,,,,,,,,,,,,,
11_18_0_0148,,,,,,,-2.558110599,,,,,-1.673251565,30.0,,,,,,,,,,,,,,,,
11_18_0_0149,female,not hispanic,black or african american,0.0,0.085024763,,-1.582162605,-1.452185568,-0.953224735,-0.397961898,-0.653530193,-2.288439437,35.0,,,6.0,16.0,11.0,19.0,15.0,22.0,99.0,7.0,96.0,27.0,11.0,23.0,8.0,20.0
11_18_0_0150,,,,,0.215846269,,-0.366021299,-0.560446119,-1.047451931,-0.640090427,-1.205451903,-0.828240525,38.0,,,11.0,24.0,11.0,19.0,11.0,17.0,85.0,2.0,102.0,31.0,11.0,23.0,9.0,23.0
11_18_0_0151,,,,,-0.263238666,,-1.654197236,-1.965625904,-0.476024334,0.070926809,-0.87562333,0.426639381,31.0,,,8.0,20.0,10.0,18.0,7.0,11.0,97.0,6.0,93.0,25.0,9.0,20.0,11.0,32.0
11_18_0_0152,,,,,0.154564303,,-1.828521826,-1.188983605,-0.679057271,0.344018842,-1.775059644,-1.33236466,42.0,,,10.0,23.0,12.0,20.0,12.0,18.0,85.0,2.0,100.0,30.0,10.0,22.0,9.0,26.0
11_18_0_0153,,,,,0.309948891,,-0.274047518,-0.490719862,-0.501870305,-1.295917478,-1.038758908,-1.009298983,33.0,,,13.0,26.0,12.0,20.0,12.0,18.0,85.0,2.0,96.0,27.0,12.0,24.0,11.0,32.0
11_18_0_0154,,,,,1.228682337,,-1.321398139,-1.965625904,-0.354202576,-0.299031453,-1.792149342,-1.209341769,35.0,,,8.0,19.0,10.0,18.0,9.0,14.0,91.0,4.0,90.0,23.0,12.0,24.0,9.0,25.0
11_18_0_0155,,,,,-0.741681001,-2.330603465,-1.284755528,-2.160636582,-1.105547614,-2.189942433,-2.250526725,,6.0,,18.0,7.0,18.0,9.0,17.0,4.0,5.0,77.0,0.0,74.0,13.0,3.0,5.0,3.0,3.0
11_18_0_0156,,,,,0.402677932,,-0.722526984,-1.965625904,-0.821573419,-0.128832827,-1.431717587,-0.941118128,21.0,,,10.0,23.0,9.0,17.0,11.0,17.0,88.0,3.0,90.0,23.0,12.0,24.0,8.0,20.0
11_18_0_0157,,,,,0.765426481,,-0.576256947,-0.472415148,-0.299928248,0.080740527,-1.816765536,-0.196640263,36.0,,,9.0,21.0,9.0,17.0,13.0,19.0,94.0,5.0,99.0,29.0,10.0,21.0,11.0,33.0
11_18_0_0158,,,,,-1.96748237,,-0.995203282,-1.965625904,-1.264539197,-0.763556612,-1.15156561,-1.166027894,21.0,,,10.0,23.0,5.0,12.0,9.0,14.0,94.0,5.0,90.0,23.0,10.0,22.0,6.0,11.0
11_18_0_0159,,,,,0.711187461,,-2.3560277,-1.965625904,-1.157728847,-1.32852593,-0.102940094,-0.668759134,28.0,,,,,,,,,,,,,,,,
11_18_0_0160,male,not hispanic,white,0.0,-1.96748237,,-1.979557225,-1.965625904,-1.984869221,-1.265721034,-3.021066047,-1.900191174,7.0,,,5.0,14.0,8.0,15.0,2.0,2.0,77.0,0.0,88.0,21.0,8.0,17.0,5.0,9.0
11_18_0_0161,,,,,0.331681709,,-1.177188071,-1.147273909,-1.681944261,-0.921978933,-1.036411214,-1.303735315,26.0,,,11.0,24.0,12.0,20.0,10.0,16.0,82.0,1.0,92.0,24.0,12.0,24.0,8.0,22.0
11_18_0_0162,,,,,0.035562537,,-0.969791728,-0.989191726,-1.066401908,-1.605129752,-1.352703287,-2.367774741,,30.0,,8.0,19.0,8.0,16.0,10.0,16.0,88.0,3.0,90.0,23.0,9.0,20.0,6.0,13.0
11_18_0_0163,male,not hispanic,white,0.0,-0.036194996,,-1.897606164,-1.965625904,-0.885250608,0.398470714,-0.39591078,-0.116921467,,,,8.0,20.0,10.0,18.0,11.0,17.0,77.0,0.0,93.0,25.0,10.0,22.0,9.0,25.0
11_18_0_0164,,,,,0.54408411,,-0.597120659,-0.501101204,-0.161332698,0.653407855,-1.305253163,-0.875773147,12.0,,,9.0,21.0,9.0,17.0,14.0,21.0,91.0,4.0,100.0,30.0,10.0,22.0,9.0,24.0
11_18_0_0165,,,,,-0.320011974,,-1.256457029,-1.965625904,-0.599824757,-0.524838577,-1.804557367,-2.268081776,26.0,,,8.0,20.0,11.0,19.0,7.0,11.0,94.0,5.0,97.0,28.0,9.0,20.0,9.0,24.0
11_18_0_0166,female,not hispanic,white,0.0,0.783123329,,0.353147071,-0.157234638,-0.276614286,0.653407855,-0.045011305,0.426639381,43.0,,,9.0,21.0,16.0,22.0,4.0,5.0,85.0,2.0,100.0,30.0,11.0,23.0,12.0,37.0
11_18_0_0167,,,,,0.184688638,,-1.490403849,-0.536097907,-0.617116615,0.398470714,-1.769835856,-0.660869703,25.0,,,10.0,23.0,9.0,17.0,3.0,4.0,88.0,3.0,103.0,32.0,12.0,24.0,10.0,27.0
11_18_0_0168,,,,,0.551678154,,-0.334837768,-0.750296483,-0.634443281,-0.570892622,-0.783557069,-0.57246036,39.0,,,14.0,27.0,11.0,19.0,10.0,16.0,101.0,8.0,100.0,30.0,14.0,25.0,9.0,25.0
11_18_0_0169,,,,,0.431511273,,-0.239133081,-0.536097907,-0.798827482,-0.278500099,-1.448752236,-0.487968416,25.0,,,12.0,25.0,12.0,20.0,10.0,16.0,91.0,4.0,92.0,24.0,10.0,22.0,12.0,36.0
11_18_0_0170,female,not hispanic,white,0.0,-0.12339164,,-0.222496291,-1.401151855,-0.484079463,-0.407918344,-0.667029694,-1.561835735,49.0,,,13.0,26.0,12.0,20.0,8.0,12.0,85.0,2.0,97.0,28.0,11.0,23.0,10.0,30.0
11_18_0_0171,,,,,-0.034415707,,0.157930171,-1.965625904,-2.877765148,-0.137920703,-2.73274566,-1.045186476,40.0,,,12.0,25.0,11.0,19.0,10.0,16.0,85.0,2.0,93.0,25.0,10.0,21.0,9.0,23.0
11_18_0_0174,,,,,0.121925789,,-0.59177256,-1.965625904,-2.053549516,-0.137920703,-2.73274566,-1.518513664,27.0,,,10.0,23.0,5.0,12.0,6.0,10.0,77.0,0.0,92.0,24.0,7.0,15.0,9.0,25.0
11_18_0_0175,,,,,0.431511273,,-0.379850308,-1.401151855,-0.252153622,-0.487938927,-2.196106696,-0.102117879,20.0,,,8.0,19.0,11.0,19.0,10.0,16.0,94.0,5.0,97.0,28.0,11.0,23.0,10.0,29.0
11_18_0_0176,,,,,-0.276906806,,-0.764408138,-1.965625904,-0.705808868,-0.808757595,-1.388228775,-0.273198881,13.0,,,8.0,19.0,9.0,17.0,4.0,6.0,85.0,2.0,89.0,22.0,8.0,18.0,10.0,29.0
11_18_0_0177,,,,,0.711187461,,-0.769420254,-0.485752529,-0.258362454,-0.667069894,-0.529363486,-0.416296112,37.0,,,,,,,,,,,,,,,,
11_18_0_0179,,,,,0.226070191,,-0.486370777,-0.536097907,0.243054835,0.398470714,-0.262990965,-0.217928956,40.0,,,14.0,27.0,11.0,19.0,12.0,18.0,101.0,8.0,97.0,28.0,14.0,25.0,13.0,41.0
11_18_0_0180,,,,,0.591903265,,0.546446851,-1.965625904,-0.213148682,-0.7886806,-0.684909706,-1.200871561,31.0,,,8.0,20.0,11.0,19.0,5.0,7.0,97.0,6.0,111.0,39.0,9.0,20.0,9.0,25.0
11_18_0_0181,,,,,1.228682337,,-0.9491408,-0.249701347,-0.357502746,-0.617543131,-0.275415629,-0.887828223,46.0,,,14.0,27.0,12.0,20.0,10.0,15.0,94.0,5.0,100.0,30.0,9.0,20.0,12.0,37.0
11_18_0_0182,female,not hispanic,white,0.0,0.159811493,,0.111392791,-0.255293918,-1.040222305,-0.772112442,-0.986728851,-1.190237333,16.0,,,10.0,23.0,10.0,18.0,9.0,14.0,77.0,0.0,90.0,23.0,9.0,20.0,11.0,32.0
11_18_0_0183,male,not hispanic,white,0.0,-0.201821104,,0.0872983,-0.221713934,0.320448654,0.036319854,0.11574146,0.290869716,43.0,,,10.0,23.0,14.0,21.0,12.0,18.0,101.0,8.0,112.0,40.0,10.0,22.0,10.0,28.0
11_18_0_0184,,,,,1.228682337,,-0.402441786,-0.214841886,0.059308623,0.653407855,-0.065146625,-0.328719314,40.0,,,12.0,25.0,12.0,20.0,13.0,19.0,94.0,5.0,96.0,27.0,16.0,26.0,12.0,37.0
11_18_0_0185,,,,,0.292641132,,-0.466620082,-0.282366946,-0.097788418,-0.040018228,-0.279093107,-0.273198881,50.0,,,12.0,25.0,12.0,20.0,14.0,21.0,110.0,13.0,128.0,54.0,9.0,20.0,15.0,48.0
11_18_0_0186,female,hispanic,white,0.0,0.431511273,,0.121629901,0.077528299,0.638111699,0.176779242,-0.045011305,0.118166083,38.0,,,15.0,28.0,14.0,21.0,10.0,15.0,91.0,4.0,90.0,23.0,14.0,25.0,14.0,46.0
11_18_0_0187,,,,,0.511284741,,-0.463803772,-0.235231441,0.343289376,0.040507683,-0.475836679,-1.021034447,50.0,,,11.0,24.0,10.0,18.0,11.0,17.0,97.0,6.0,96.0,27.0,16.0,26.0,10.0,28.0
11_18_0_0188,female,not hispanic,white,0.0,1.228682337,,0.196951089,0.077528299,0.580224153,0.350595098,-1.427804681,0.426639381,51.0,,,13.0,26.0,14.0,21.0,15.0,22.0,91.0,4.0,99.0,29.0,14.0,25.0,11.0,34.0
11_18_0_0189,female,not hispanic,white,0.0,1.228682337,,0.033947091,-1.401151855,-0.097829052,0.653407855,-1.026739988,-0.094217472,21.0,,,11.0,24.0,12.0,20.0,11.0,17.0,88.0,3.0,90.0,23.0,9.0,20.0,10.0,28.0
11_18_0_0190,,,,,1.228682337,,-0.119572843,0.093309455,1.032724177,0.398470714,-0.045011305,1.273367593,36.0,,,15.0,28.0,12.0,20.0,11.0,17.0,,,,,11.0,23.0,14.0,46.0
11_18_0_0191,male,hispanic,white,0.0,-0.24175947,,-1.605623653,-1.064020102,-1.812860669,-1.615365731,-0.672627318,-1.843239769,27.0,,,10.0,23.0,10.0,18.0,6.0,9.0,94.0,5.0,92.0,24.0,8.0,18.0,7.0,16.0
11_18_0_0192,male,not hispanic,white,0.0,0.556029484,,0.352989205,0.01378951,0.087238254,0.093704147,-0.539875367,1.273367593,42.0,,,,,,,,,,,,,,,,
11_18_0_0193,,,,,0.756239153,,-0.249276723,-0.718138597,-0.816763809,-0.575270841,-0.728883991,-0.273198881,67.0,,,,,,,,,,,,,,,,
11_18_0_0194,,,,,0.431511273,,-0.225525102,0.270729959,0.638111699,0.120241587,0.05754712,0.528107673,46.0,,,15.0,28.0,16.0,22.0,16.0,23.0,101.0,8.0,99.0,29.0,14.0,25.0,17.0,55.0
11_18_0_0195,female,not hispanic,white,1.0,-0.453287841,,-0.592475514,-0.822516902,-0.338955052,-1.14112203,-0.705399102,-0.953017006,15.0,,,12.0,25.0,9.0,17.0,10.0,15.0,91.0,4.0,104.0,33.0,8.0,18.0,8.0,20.0
11_18_0_0196,,,,,-0.857466719,,-0.225525102,-0.501101204,0.197407614,0.653407855,-1.125801183,-0.11569013,27.0,,,8.0,20.0,12.0,20.0,8.0,12.0,85.0,2.0,93.0,25.0,16.0,26.0,14.0,46.0
11_18_0_0197,,,,,1.228682337,,0.282419622,0.579206975,-0.161332698,-0.541018786,0.139038803,-0.519423123,50.0,,,8.0,19.0,11.0,19.0,14.0,21.0,97.0,6.0,123.0,49.0,10.0,22.0,8.0,19.0
11_18_0_0199,,,,,-0.901900026,,-0.951213996,-1.147273909,-0.875790772,-1.171612165,-2.031692358,-1.621365812,34.0,,,10.0,23.0,11.0,19.0,6.0,9.0,94.0,5.0,96.0,27.0,12.0,24.0,8.0,20.0
11_18_0_0200,male,not hispanic,white,0.0,0.556029484,,-0.370352873,-0.276763829,0.413063153,-0.667069894,-1.285365555,-0.651667143,33.0,,,13.0,26.0,14.0,21.0,13.0,20.0,94.0,5.0,93.0,25.0,7.0,15.0,12.0,36.0
11_18_0_0201,male,not hispanic,white,0.0,-0.710413682,,-1.110117965,-0.250490554,-0.248844973,0.653407855,-0.39591078,-1.059615577,,,,15.0,28.0,9.0,17.0,9.0,14.0,88.0,3.0,104.0,33.0,10.0,22.0,10.0,30.0
11_18_0_0202,male,not hispanic,multi-racial,0.0,-1.96748237,,-0.612656185,-1.147273909,-0.299928248,-0.869616439,-0.728916033,-0.660869703,33.0,,,11.0,24.0,10.0,18.0,8.0,12.0,97.0,6.0,90.0,23.0,9.0,19.0,,
11_18_0_0203,,,,,-0.14315962,,-0.169362245,-0.788140763,-0.051383557,0.264041585,-0.794593058,-0.076113749,25.0,,,13.0,26.0,11.0,19.0,10.0,16.0,88.0,3.0,92.0,24.0,10.0,22.0,10.0,30.0
11_18_0_0204,female,not hispanic,white,0.0,0.54408411,,-0.295983694,-0.718138597,0.462344401,0.653407855,-1.057051388,0.676968784,31.0,,,12.0,25.0,8.0,15.0,14.0,21.0,97.0,6.0,95.0,26.0,12.0,24.0,17.0,56.0
11_18_0_0205,female,not hispanic,white,0.0,0.676992215,,-1.003877164,-1.965625904,-1.266986881,-0.278858405,-0.031827892,0.72990511,13.0,,,11.0,24.0,8.0,15.0,10.0,15.0,85.0,2.0,93.0,25.0,10.0,22.0,14.0,43.0
11_18_0_0206,male,not hispanic,white,0.0,-0.201821104,,-0.61908338,-1.401151855,-0.46063168,-0.137920703,-0.655663155,-0.519423123,45.0,,,12.0,25.0,11.0,19.0,13.0,20.0,101.0,8.0,102.0,31.0,14.0,25.0,10.0,29.0
11_18_0_0207,,,,,0.251119667,,-0.525154098,0.292290144,-0.132638019,-0.001844794,-0.606575175,0.163812493,30.0,,,12.0,25.0,2.0,6.0,8.0,12.0,99.0,7.0,92.0,24.0,14.0,25.0,12.0,36.0
11_18_0_0208,,,,,0.80718956,,0.454897383,0.033130079,-0.011864802,0.344018842,-1.123404628,-0.273198881,46.0,,,11.0,24.0,12.0,20.0,13.0,20.0,94.0,5.0,115.0,43.0,16.0,26.0,11.0,32.0
11_18_0_0209,,,,,0.25964389,,-0.142874953,-0.536097907,0.325078645,0.398470714,-0.045011305,-0.416296112,44.0,,,12.0,25.0,12.0,20.0,12.0,18.0,116.0,17.0,128.0,54.0,16.0,26.0,13.0,41.0
11_18_0_0210,,,,,0.429756665,,0.005344526,-0.9822429,0.206796641,0.653407855,-0.475836679,0.043549299,31.0,,,9.0,21.0,10.0,18.0,10.0,15.0,85.0,2.0,95.0,26.0,16.0,26.0,15.0,48.0
11_18_0_0211,,,,,0.526193618,,-1.224809773,-0.501101204,-0.831640127,-1.652219991,0.462159722,-0.003944585,43.0,,,10.0,23.0,11.0,19.0,9.0,14.0,99.0,7.0,97.0,28.0,14.0,25.0,11.0,31.0
11_18_0_0212,,,,,0.431511273,,0.764298392,-0.098511436,-0.957196854,-0.654953569,-0.545530031,-0.650318036,25.0,,,10.0,22.0,9.0,17.0,13.0,19.0,82.0,1.0,106.0,34.0,6.0,12.0,10.0,28.0
11_18_0_0213,,,,,-0.1785061,,-2.071144831,-0.735060855,-1.681944261,-0.664653553,-0.045011305,-1.026304591,,,,3.0,10.0,6.0,13.0,1.0,0.0,91.0,4.0,93.0,25.0,6.0,14.0,8.0,20.0
11_18_0_0214,,,,,-0.350596463,,-1.390346511,-1.188983605,-0.814123071,-1.280600941,-0.323697432,-0.953017006,26.0,,,8.0,20.0,9.0,17.0,10.0,16.0,85.0,2.0,96.0,27.0,7.0,15.0,6.0,12.0
11_18_0_0215,,,,,-1.578162298,,0.615581159,,-0.230497045,0.02502213,-0.971011681,-0.933584829,25.0,,,15.0,28.0,16.0,22.0,11.0,17.0,82.0,1.0,123.0,49.0,10.0,22.0,10.0,28.0
11_18_0_0216,,,,,0.391282696,,-0.569766478,-1.965625904,-0.949051782,-0.825977587,-0.676302645,-0.196640263,26.0,,,8.0,20.0,9.0,17.0,10.0,16.0,85.0,2.0,89.0,22.0,10.0,22.0,9.0,23.0
11_18_0_0217,,,,,-0.573679173,,-0.954008542,-1.965625904,-1.964537925,-1.78933684,-2.004413751,-1.73687441,32.0,,,6.0,16.0,5.0,12.0,4.0,6.0,82.0,1.0,95.0,26.0,7.0,16.0,8.0,21.0
11_18_0_0218,,,,,-0.408681332,,-0.065789218,0.321564954,0.361836856,0.398470714,0.590851918,1.273367593,25.0,,,15.0,28.0,12.0,20.0,13.0,19.0,82.0,1.0,92.0,24.0,14.0,25.0,16.0,52.0
11_18_0_0219,,,,,0.003851275,,0.066595699,-0.255293918,-0.97690079,-1.185376644,-1.806990779,0.118166083,16.0,,,14.0,27.0,12.0,20.0,14.0,21.0,94.0,5.0,97.0,28.0,14.0,25.0,15.0,49.0
11_18_0_0220,,,,,-0.453287841,,-1.068511344,-0.681241607,-1.321853816,-0.243899099,-0.129097516,0.009546681,24.0,,,,,,,,,,,,,6.0,12.0,8.0,21.0
11_18_0_0221,male,not hispanic,multi-racial,0.0,0.564265681,,0.386085865,0.321564954,0.243054835,0.653407855,0.415619081,1.25130932,47.0,,,14.0,27.0,14.0,21.0,13.0,20.0,132.0,27.0,148.0,66.0,14.0,25.0,14.0,45.0
11_18_0_0223,,,,,0.380073977,,0.306689145,-0.469999119,-0.104550463,0.350595098,-0.045011305,-0.094217472,66.0,,,14.0,27.0,11.0,19.0,12.0,18.0,123.0,22.0,136.0,60.0,10.0,22.0,9.0,23.0
11_18_0_0224,,,,0.0,-0.201821104,,0.216841804,-0.43456099,0.092738033,-0.224669018,-0.837294701,-0.273198881,43.0,,,10.0,23.0,12.0,20.0,9.0,14.0,91.0,4.0,104.0,33.0,10.0,22.0,12.0,35.0
11_18_0_0225,,,,,1.228682337,,0.218769816,1.398333245,0.742062032,0.176779242,-0.475836679,0.513556066,64.0,,,19.0,30.0,17.0,23.0,13.0,19.0,115.0,16.0,121.0,48.0,16.0,26.0,15.0,48.0
11_18_0_0226,female,not hispanic,white,0.0,0.26710656,,-0.074228145,-0.199603827,0.01797343,0.120241587,-1.175852968,-0.512207527,29.0,,,10.0,23.0,14.0,21.0,8.0,12.0,82.0,1.0,89.0,22.0,8.0,18.0,10.0,27.0
11_18_0_0227,,,,,0.783123329,,0.015062381,-0.156268161,0.100879117,0.114187754,-0.947610746,-0.653757129,28.0,,,8.0,20.0,17.0,23.0,15.0,22.0,91.0,4.0,93.0,25.0,12.0,24.0,14.0,44.0
11_18_0_0228,,,,,0.136635607,-1.566410177,-0.396910192,-1.330604038,-1.438332421,-0.930151093,-1.274295386,-1.540195711,,,44.0,7.0,17.0,8.0,16.0,4.0,5.0,77.0,0.0,88.0,21.0,6.0,14.0,8.0,22.0
11_18_0_0229,female,not hispanic,asian,0.0,0.711187461,,-0.073114758,-0.405980419,-0.46455727,0.653407855,0.193980576,-0.334657568,60.0,,,15.0,28.0,12.0,20.0,16.0,23.0,85.0,2.0,116.0,44.0,16.0,26.0,9.0,25.0
11_18_0_0230,male,hispanic,white,0.0,-0.025902795,,-0.381573569,-0.536097907,-0.579136114,-0.742861442,0.05754712,0.335887208,35.0,,,10.0,23.0,9.0,17.0,11.0,17.0,94.0,5.0,102.0,31.0,11.0,23.0,11.0,33.0
11_18_0_0231,,,,,-0.710413682,,-0.361831788,-0.718138597,-0.852517398,-0.60930214,-0.045011305,-0.58150982,18.0,,,8.0,20.0,10.0,18.0,10.0,15.0,85.0,2.0,90.0,23.0,11.0,23.0,8.0,21.0
11_18_0_0232,,,,,-0.136903287,,-0.031095383,-1.064020102,-0.354248687,-0.208995515,0.462159722,-2.076801865,23.0,,,8.0,20.0,10.0,18.0,15.0,22.0,82.0,1.0,89.0,22.0,11.0,23.0,6.0,13.0
11_18_0_0233,male,not hispanic,white,0.0,0.431511273,,-0.126060358,0.041187728,0.033734124,0.080740527,-0.653530193,0.098005052,30.0,,,13.0,26.0,16.0,22.0,11.0,17.0,91.0,4.0,93.0,25.0,10.0,21.0,8.0,20.0
11_18_0_0234,,,,,0.200166206,,0.325321325,-1.965625904,0.079438888,-0.93711868,-1.026739988,-0.273198881,50.0,,,,,,,,,,,,,,,,
11_19_0_1000,female,not hispanic,white,0.0,0.316526726,-0.533390448,-1.149867779,-0.454907149,-0.776932854,,0.002552498,,34.0,,34.0,,,,,,,,,,,,,,
11_19_0_1001,female,not hispanic,white,0.0,0.983526343,-0.563382576,0.632107298,,,0.910267721,0.661441285,1.117602027,,,,,,,,,,,,,,,,,
11_19_0_1002,male,not hispanic,white,0.0,,,0.061873742,-0.210854343,0.716385049,0.206224186,,-1.066195361,,36.0,48.0,,,,,,,,,,,,,,
11_19_0_1003,male,not hispanic,,0.0,0.215083088,0.319196931,-0.208163694,-0.451379352,0.842856844,,-0.044225848,,24.0,,45.0,,,,,,,,,,,,,,
11_19_0_1004,male,not hispanic,white,0.0,0.077458197,-0.812601161,0.732189543,,,-0.640753643,-0.830991612,-0.68734147,,,,,,,,,,,,,,,,,
11_19_0_1005,female,not hispanic,white,0.0,,,-0.279013026,-0.999305731,0.274487545,-0.6300677,,-0.165580424,,26.0,39.0,,,,,,,,,,,,,,
11_19_0_1006,female,not hispanic,white,0.0,0.45969251,-0.489251828,-0.817818107,-0.437996025,-0.437550161,,-0.630260058,,39.0,,41.0,,,,,,,,,,,,,,
11_19_0_1007,male,not hispanic,white,0.0,0.620503916,-0.820114453,0.059578934,,,-1.090209146,-0.284072405,-0.030215673,,,,,,,,,,,,,,,,,
11_19_0_1008,,,,,,-0.321991893,,-0.345613103,0.416029108,,,,,,51.0,,,,,,,,,,,,,,
11_19_0_1009,male,not hispanic,white,0.0,0.601678048,-0.091456038,-1.762172858,,,-1.39698913,0.254961321,-0.604409167,,,,,,,,,,,,,,,,,
11_19_0_1011,male,not hispanic,black or african american,0.0,0.1289356,-0.634895239,-1.708068763,-1.37785956,-1.130132499,,-0.562163192,,50.0,,51.0,,,,,,,,,,,,,,
11_19_0_1012,male,not hispanic,white,0.0,0.618388439,-0.206573088,-0.637120917,,,-0.62549635,-0.083361812,-0.604409167,,,,,,,,,,,,,,,,,
11_19_0_1013,male,hispanic,white,1.0,-0.257302751,-0.982462951,-0.588650879,,,-0.428800025,0.092712647,-0.563542405,,,,,,,,,,,,,,,,,
11_19_0_1014,male,not hispanic,white,0.0,0.955977004,-0.362007693,-1.027613347,-0.477422843,-0.581793576,,-0.52544385,,53.0,,43.0,,,,,,,,,,,,,,
11_19_0_1015,male,not hispanic,asian,0.0,0.65862447,-0.206573088,-0.380232718,,,-0.347545566,-0.012929197,-1.056604029,,,,,,,,,,,,,,,,,
11_19_0_1016,female,not hispanic,white,0.0,-0.072268593,-0.760852574,-1.066218371,-1.407040625,-1.764372904,,-0.63410999,,51.0,,32.0,,,,,,,,,,,,,,
11_19_0_1017,male,not hispanic,white,0.0,-0.561116001,-0.904932194,-1.715705945,-2.160636582,-0.573430508,,0.154616595,,28.0,,26.0,,,,,,,,,,,,,,
11_19_0_1018,male,not hispanic,white,0.0,1.436016879,-0.509846984,0.059304314,,,-0.03618578,-1.079550803,-0.604409167,,,,,,,,,,,,,,,,,
11_19_0_1019,male,not hispanic,white,0.0,0.076437569,-1.175233904,-0.804478242,,,-0.509699576,-0.722395023,-1.57185596,,,,,,,,,,,,,,,,,
11_19_0_1020,male,not hispanic,asian,1.0,0.44769316,-2.330603465,-1.579692098,-1.247801638,-1.9795166,,-1.433532818,,45.0,,37.0,,,,,,,,,,,,,,
11_19_0_1021,male,,asian,1.0,0.983526343,-0.366816913,-0.489612546,,,-0.523676745,-0.570435633,-1.056604029,,,,,,,,,,,,,,,,,
11_19_0_1022,female,not hispanic,white,0.0,0.089029808,-1.01940145,0.146866922,-0.645279931,-0.381575348,,-0.028884995,,37.0,,37.0,,,,,,,,,,,,,,
11_19_0_1023,female,not hispanic,white,0.0,1.343847237,-0.083821997,-1.092715867,0.169194702,-0.336686695,,0.481038115,,26.0,,40.0,,,,,,,,,,,,,,
11_19_0_1024,female,not hispanic,white,0.0,1.436016879,-0.03328944,-0.017087669,,,-0.428800025,-0.082326765,-1.060426526,,,,,,,,,,,,,,,,,
11_19_0_1025,male,not hispanic,white,0.0,0.414376455,0.262739457,0.732189543,,,0.910267721,-0.289075214,-0.091541669,,,,,,,,,,,,,,,,,
11_19_0_1026,female,not hispanic,white,0.0,0.360757945,-2.330603465,0.525299162,-0.850517608,-0.033063415,,-1.166868689,,29.0,,27.0,,,,,,,,,,,,,,
11_19_0_1027,female,not hispanic,white,0.0,-1.635509452,-2.257350842,-0.504727465,,,-0.347545566,-2.05947567,-1.57185596,,,,,,,,,,,,,,,,,
11_19_0_1028,male,not hispanic,multi-racial,0.0,1.343847237,0.005599338,0.146866922,-0.300371727,0.043544751,,-0.416482134,,64.0,,39.0,,,,,,,,,,,,,,
11_19_0_1029,male,hispanic,white,0.0,0.49667741,-0.707412883,-0.950834624,-0.669212652,-1.007339826,,-0.04363871,,32.0,,48.0,,,,,,,,,,,,,,
11_19_0_1030,female,not hispanic,white,0.0,,-0.583031278,-0.618293973,,,-0.045919606,-0.206313634,-0.390769559,,,,,,,,,,,,,,,,,
11_19_0_1031,male,not hispanic,white,0.0,-0.063098981,-0.43898173,0.172887582,,,-0.195676351,-1.720242949,-0.15397596,,,,,,,,,,,,,,,,,
11_19_0_1032,male,not hispanic,white,0.0,0.33317238,-0.011264283,0.628458285,0.603612989,0.522633232,,-0.542940515,,50.0,,,,,,,,,,,,,,,,
11_19_0_1033,female,not hispanic,white,0.0,-1.635509452,-2.257350842,-0.478378773,,,0.570941876,-0.160372559,-0.276295995,,,,,,,,,,,,,,,,,
11_19_0_1034,female,not hispanic,white,0.0,-0.491214562,-1.01940145,0.232299521,0.190804689,-0.258912786,,-1.017971823,,39.0,,45.0,,,,,,,,,,,,,,
11_19_0_1035,,,,,-0.979203859,-1.341623346,-2.055961231,-0.345613103,-1.389525523,,-1.605243011,,26.0,,20.0,,,,,,,,,,,,,,
11_19_0_1036,male,not hispanic,white,0.0,1.436016879,-0.146374497,0.732189543,,,0.059371028,0.601712152,0.202997913,,,,,,,,,,,,,,,,,
11_19_0_1037,female,not hispanic,white,0.0,0.414376455,-1.039521824,-0.749177434,,,-0.389711785,0.240202406,-1.056604029,,,,,,,,,,,,,,,,,
11_19_0_1038,male,not hispanic,white,0.0,0.393794332,-0.384436378,-0.551910058,-0.565567624,-0.165379085,,-2.617118257,,50.0,,32.0,,,,,,,,,,,,,,
11_19_0_1039,female,not hispanic,white,0.0,-0.026949425,-1.155178149,-0.442554921,,,-0.86271926,-0.572317043,-0.191006229,,,,,,,,,,,,,,,,,
11_19_0_1040,female,not hispanic,white,0.0,0.086586318,-0.344286609,-0.415343159,0.190804689,0.514864858,,-0.024658761,,55.0,,49.0,,,,,,,,,,,,,,
11_19_0_1041,female,not hispanic,asian,0.0,-1.8695606,-1.529714707,-0.988772718,-0.25726151,-0.871386459,,-1.370645761,,39.0,,35.0,,,,,,,,,,,,,,
11_19_0_1042,male,not hispanic,white,0.0,-0.18143879,-1.020993721,-1.051830184,,,-0.733230086,-0.333339016,-0.10771654,,,,,,,,,,,,,,,,,
11_19_0_1043,male,not hispanic,white,0.0,-0.234061645,-1.311544414,-0.579814881,,,-0.195676351,-0.012929197,0.64140839,,,,,,,,,,,,,,,,,
11_19_0_1044,male,hispanic,white,0.0,0.306475912,-0.408476245,-0.179119722,-0.370958487,-0.864817509,,-1.921443529,,37.0,,36.0,,,,,,,,,,,,,,
11_19_0_1045,female,not hispanic,white,0.0,0.235378029,-2.257350842,-0.621490697,,,-0.786879436,-1.461337309,-1.57185596,,,,,,,,,,,,,,,,,
11_19_0_1046,female,hispanic,white,0.0,0.252166993,-0.494674691,-1.213788118,-1.725138538,-1.293652041,,-0.512508649,,37.0,,33.0,,,,,,,,,,,,,,
11_19_0_1047,female,hispanic,other,1.0,-0.142574301,-2.257350842,-0.894856386,,,-0.576008229,-1.091992603,-1.056604029,,,,,,,,,,,,,,,,,
11_19_0_1048,female,not hispanic,multi-racial,0.0,-0.055068086,-1.558767257,-1.581783341,-2.160636582,-1.721485966,,-2.323891978,,33.0,,18.0,,,,,,,,,,,,,,
11_19_0_1049,female,not hispanic,white,0.0,-0.881912974,-2.257350842,-2.075781483,,,-1.52364148,-1.32376823,-1.57185596,,,,,,,,,,,,,,,,,
11_19_0_1050,female,not hispanic,white,0.0,0.136635607,-0.417249524,-0.106314677,0.186112095,-0.128455395,,-0.541649884,,38.0,,30.0,,,,,,,,,,,,,,
11_19_0_1051,female,not hispanic,white,0.0,0.414376455,-1.107891203,0.732189543,,,-0.094342433,-0.282662058,-0.604409167,,,,,,,,,,,,,,,,,
11_19_0_1052,female,not hispanic,white,0.0,0.949463211,-0.220778548,0.628458285,-0.746628093,-0.613324911,,-0.851052673,,31.0,,30.0,,,,,,,,,,,,,,
11_19_0_1053,male,hispanic,other,1.0,-0.71870785,-2.257350842,-1.267084632,,,-1.783521307,-2.05947567,-2.006109753,,,,,,,,,,,,,,,,,
11_19_0_1054,male,not hispanic,white,0.0,-1.046018682,-2.330603465,-1.78739635,-2.160636582,-1.644467454,,-1.539505579,,16.0,,24.0,,,,,,,,,,,,,,
11_19_0_1055,male,hispanic,,1.0,,-2.257350842,,,,-1.122225,-0.401710928,,,,,,,,,,,,,,,,,,
11_19_0_1056,male,hispanic,white,1.0,-1.8695606,-2.330603465,-2.674660558,-2.160636582,-2.633269952,,-2.11328818,,11.0,,4.0,,,,,,,,,,,,,,
11_19_0_1057,male,not hispanic,white,0.0,-0.026080422,-0.958028156,-0.442554921,,,-0.399119835,-1.720242949,-1.57185596,,,,,,,,,,,,,,,,,
11_19_0_1058,male,not hispanic,white,0.0,,-0.192511654,,-1.635360299,-2.143021775,,,,,,32.0,,,,,,,,,,,,,,
11_19_0_1059,female,not hispanic,white,0.0,-1.635509452,-2.257350842,-1.452880008,,,-1.123529059,-2.05947567,-1.57185596,,,,,,,,,,,,,,,,,
11_19_0_1061,female,not hispanic,white,0.0,0.978734489,0.262739457,-0.56739194,,,0.34349508,0.593128166,-1.41613753,,,,,,,,,,,,,,,,,
11_19_0_1062,female,not hispanic,white,0.0,-0.243228744,-0.369278875,0.628458285,-0.345613103,-0.010015543,,-0.988901044,,44.0,,50.0,,,,,,,,,,,,,,
11_19_0_1063,female,not hispanic,multi-racial,0.0,0.043551961,-2.257350842,-2.270972903,,,-1.469019041,-2.593557871,-1.69895842,,,,,,,,,,,,,,,,,
11_19_0_1065,male,not hispanic,black or african american,0.0,-0.074539788,-0.948491627,-0.83938702,,,-1.838338229,-1.1698802,-1.57185596,,,,,,,,,,,,,,,,,
11_19_0_1066,female,not hispanic,black or african american,0.0,-0.405126837,0.672789397,0.211585662,-2.160636582,-1.647477981,,0.114190286,,1.0,,26.0,,,,,,,,,,,,,,
11_19_0_1067,female,not hispanic,black or african american,0.0,-1.635509452,-2.257350842,-0.936639664,,,-0.411480039,-1.012996716,-0.300494047,,,,,,,,,,,,,,,,,
11_19_0_1068,male,not hispanic,black or african american,0.0,-0.063279368,-2.330603465,-0.900938084,-2.160636582,-1.240643297,,-0.161226767,,24.0,,25.0,,,,,,,,,,,,,,
11_19_0_1069,,,,,-0.551189116,-2.257350842,-2.80069007,,,-2.101833437,-1.765323393,-2.006109753,,,,,,,,,,,,,,,,,
11_19_0_1070,male,not hispanic,black or african american,0.0,0.255911933,-1.341623346,-0.341801028,-0.520760946,-1.283462949,,0.057649331,,31.0,,,,,,,,,,,,,,,,
11_19_0_1071,male,not hispanic,multi-racial,0.0,-0.022706803,-1.111748611,-1.16260926,,,-1.125834095,-1.1698802,-0.604409167,,,,,,,,,,,,,,,,,
11_19_0_1072,male,not hispanic,multi-racial,0.0,-0.243228744,-1.797950982,-1.747687552,-2.160636582,-1.699676852,,-1.089761567,,25.0,,41.0,,,,,,,,,,,,,,
11_19_0_1073,female,not hispanic,black or african american,0.0,-0.677140312,-1.583830037,-0.592774392,,,-0.762343968,-0.401710928,-0.47700211,,,,,,,,,,,,,,,,,
11_19_0_1074,female,not hispanic,black or african american,0.0,0.949463211,-0.413222889,-0.998750242,-0.979589003,-0.586558793,,0.401806571,,41.0,,25.0,,,,,,,,,,,,,,
11_19_0_1075,female,not hispanic,white,0.0,-1.635509452,-2.257350842,-1.918199015,,,-1.902265613,-1.357832663,-1.57185596,,,,,,,,,,,,,,,,,
11_19_0_1076,female,not hispanic,multi-racial,0.0,-0.214070936,-2.330603465,-0.179119722,-2.160636582,-1.050359918,,-0.678847749,,40.0,,32.0,,,,,,,,,,,,,,
11_19_0_1077,female,not hispanic,black or african american,0.0,-0.81052869,-2.257350842,-1.606743937,,,-1.902370916,-1.47842446,-1.190292737,,,,,,,,,,,,,,,,,
11_19_0_1078,male,not hispanic,black or african american,0.0,-1.27041113,-2.330603465,-2.19932057,-2.160636582,-1.593000188,,-1.068130733,,33.0,,26.0,,,,,,,,,,,,,,
11_19_0_1079,female,not hispanic,black or african american,0.0,0.618388439,-2.257350842,-1.607691774,,,-0.676463176,-0.60534684,-0.922164217,,,,,,,,,,,,,,,,,
11_19_0_1080,male,not hispanic,black or african american,0.0,0.314705615,-1.797950982,-1.160326474,-0.020265777,-0.879881296,,-1.137129601,,43.0,,33.0,,,,,,,,,,,,,,
11_19_0_1081,male,not hispanic,black or african american,0.0,0.415933541,-0.43898173,-1.052203864,,,-0.634084421,-0.012929197,-0.604409167,,,,,,,,,,,,,,,,,
11_19_0_1082,male,not hispanic,black or african american,0.0,0.136185188,-0.252491626,-0.905381746,-2.160636582,-1.641067614,,0.01907021,,42.0,,23.0,,,,,,,,,,,,,,
11_19_0_1083,male,not hispanic,black or african american,1.0,0.572709895,0.078870602,-0.247899742,,,-0.01920199,-0.861503531,-0.47700211,,,,,,,,,,,,,,,,,
11_19_0_1084,female,not hispanic,black or african american,0.0,0.303519007,-0.509828951,-1.152560792,-0.674468003,-0.970274707,,0.22199477,,37.0,,45.0,,,,,,,,,,,,,,
11_19_0_1085,female,,black or african american,0.0,-0.330626284,-1.883675727,-1.101120259,,,-1.046202919,-0.017356215,-1.57185596,,,,,,,,,,,,,,,,,
11_19_0_1086,female,not hispanic,black or african american,0.0,-0.186491148,-1.566410177,-0.978051906,-1.246901498,-0.253373952,,0.142832597,,30.0,,32.0,,,,,,,,,,,,,,
11_19_0_1087,female,not hispanic,black or african american,0.0,-1.635509452,-2.257350842,-1.566977928,,,-0.964484256,-1.111662186,-0.572619584,,,,,,,,,,,,,,,,,
11_19_0_1088,male,,black or african american,0.0,-0.405126837,-1.186578974,-1.385667061,-0.908885992,-1.267399308,,-0.512985694,,16.0,,36.0,,,,,,,,,,,,,,
11_19_0_1090,male,not hispanic,white,0.0,0.659965382,-0.634895239,-0.415343159,-0.822265954,0.005610887,,0.966147623,,68.0,,55.0,,,,,,,,,,,,,,
11_19_0_1091,male,,black or african american,0.0,0.221589273,-0.664159983,-1.099967282,,,-1.733102538,-0.808151962,-1.487152976,,,,,,,,,,,,,,,,,
11_19_0_1092,male,not hispanic,black or african american,0.0,0.318353278,-0.775929238,-1.259754644,-0.832175801,-0.827286129,,-0.341336556,,35.0,,37.0,,,,,,,,,,,,,,
11_19_0_1093,male,not hispanic,black or african american,0.0,0.618388439,-0.469522745,-0.955995201,,,-0.503345389,0.549238449,-0.697490925,,,,,,,,,,,,,,,,,
11_19_0_1094,female,not hispanic,white,0.0,1.343847237,0.005599338,0.032919632,0.210538031,0.378728528,,-0.113526351,,25.0,,35.0,,,,,,,,,,,,,,
11_19_0_1095,male,not hispanic,white,0.0,1.436016879,0.078870602,0.001815267,,,-0.14240371,-0.977705867,-0.418739525,,,,,,,,,,,,,,,,,
11_19_0_1096,male,not hispanic,multi-racial,0.0,-0.355639939,-1.341623346,-1.01835745,-1.025835511,-0.770037971,,-0.311289267,,30.0,,30.0,,,,,,,,,,,,,,
11_19_0_1097,male,not hispanic,black or african american,0.0,0.65862447,-2.257350842,-1.34151364,,,-1.20397006,-1.32376823,-1.411901971,,,,,,,,,,,,,,,,,
11_19_0_1098,female,not hispanic,asian,1.0,0.376732394,-0.948031947,-1.260729625,-1.219698565,-1.197704875,,0.656262724,,44.0,,27.0,,,,,,,,,,,,,,
11_19_0_1099,male,not hispanic,white,0.0,0.276173345,-1.442075921,-0.579493283,,,-0.371409309,-1.818160842,-1.152937362,,,,,,,,,,,,,,,,,
11_19_0_1100,male,,multi-racial,0.0,0.663611794,-0.508237851,-0.649043458,-1.4941852,-0.712645319,,0.239707572,,40.0,,28.0,,,,,,,,,,,,,,
11_19_0_1101,female,not hispanic,asian,1.0,0.9015188,-0.751129229,-0.534025026,,,-0.300658215,-0.317650334,-0.388018284,,,,,,,,,,,,,,,,,
11_19_0_1102,female,,black or african american,0.0,0.295459291,0.239933399,-0.963666469,-1.635360299,-0.72108769,,1.232970327,,65.0,,40.0,,,,,,,,,,,,,,
11_19_0_1103,female,not hispanic,black or african american,0.0,-0.247829892,-0.818704315,-1.28454679,,,-1.386827531,-0.732813984,-0.604409167,,,,,,,,,,,,,,,,,
11_19_0_1104,male,not hispanic,white,0.0,0.089468339,-0.634895239,-1.405138242,-2.160636582,-0.04154042,,0.256704338,,40.0,,30.0,,,,,,,,,,,,,,
11_19_0_1105,female,not hispanic,black or african american,0.0,0.415933541,-0.563178874,-0.564485016,,,-1.001797308,-1.305750451,-1.152937362,,,,,,,,,,,,,,,,,
11_19_0_1106,female,not hispanic,black or african american,0.0,-0.243228744,-0.494674691,-0.827883421,-0.367200428,-0.889732532,,-1.54372348,,36.0,,32.0,,,,,,,,,,,,,,
11_19_0_1107,male,not hispanic,white,0.0,0.325308502,0.262739457,0.001815267,,,0.181914159,-0.716687431,-1.025447771,,,,,,,,,,,,,,,,,
11_19_0_1108,male,not hispanic,white,0.0,0.308292201,-1.155770739,-0.959363453,-2.160636582,-0.093302052,,-1.165967728,,23.0,,28.0,,,,,,,,,,,,,,
11_19_0_1109,female,not hispanic,black or african american,0.0,0.983526343,-0.459026684,-1.534974327,,,-1.120121067,-1.195841394,-1.57185596,,,,,,,,,,,,,,,,,
11_19_0_1110,female,not hispanic,black or african american,0.0,0.086586318,-2.330603465,-1.159853987,-2.160636582,-2.974115645,,-0.850590908,,30.0,,31.0,,,,,,,,,,,,,,
11_19_0_1111,male,not hispanic,black or african american,0.0,-0.71870785,-2.257350842,-1.534178777,,,-1.627211433,-1.2027859,-2.006109753,,,,,,,,,,,,,,,,,
11_19_0_1112,female,not hispanic,white,0.0,-1.8695606,0.048004976,-0.607458277,-0.797557868,0.197441667,,-1.356867015,,41.0,,38.0,,,,,,,,,,,,,,
11_19_0_1113,female,not hispanic,white,0.0,0.430520499,-0.091456038,-0.162506445,,,-0.195676351,-0.491013285,0.14154967,,,,,,,,,,,,,,,,,
11_19_0_1114,,,,,0.149297882,-0.932101014,-0.07487375,-1.756505231,-0.344995247,,-0.559987031,,33.0,,32.0,,,,,,,,,,,,,,
11_19_0_1115,female,hispanic,multi-racial,1.0,0.415933541,-0.525349075,-0.143519482,,,0.34349508,-0.077217979,-0.701029664,,,,,,,,,,,,,,,,,
11_19_0_1116,male,not hispanic,black or african american,0.0,-0.243228744,-1.295717011,-0.849252663,-2.160636582,-1.25154826,,-0.559987031,,18.0,,22.0,,,,,,,,,,,,,,
11_19_0_1117,female,hispanic,white,1.0,0.277514691,-0.206573088,0.632107298,,,0.095152779,-0.507335159,-0.344942984,,,,,,,,,,,,,,,,,
11_19_0_1118,female,not hispanic,black or african american,0.0,-0.121823749,-1.979993799,-1.51860328,-0.909723737,-0.373694239,,-0.133893438,,37.0,,27.0,,,,,,,,,,,,,,
11_19_0_1119,female,not hispanic,black or african american,0.0,-0.606454104,-2.257350842,-1.095848559,,,-1.205392232,-0.711661755,-1.056604029,,,,,,,,,,,,,,,,,
11_19_0_1120,male,not hispanic,white,0.0,-0.135827561,-1.100830352,-0.875848872,-0.910910776,-1.079980027,,-1.30718249,,21.0,,26.0,,,,,,,,,,,,,,
11_19_0_1121,male,not hispanic,black or african american,0.0,0.235378029,-0.727734628,-0.331169467,,,-1.111277154,-1.402528629,-1.57185596,,,,,,,,,,,,,,,,,
11_19_0_1122,female,not hispanic,,0.0,-0.048605819,-0.605757066,-1.446608757,-0.663782517,-0.859278071,,-0.910770541,,28.0,,23.0,,,,,,,,,,,,,,
11_19_0_1123,,,,,0.983526343,-0.915994048,-0.888032939,,,-0.324549392,0.593128166,0.557447916,,,,,,,,,,,,,,,,,
11_19_0_1124,male,not hispanic,multi-racial,0.0,0.033849825,-0.575749411,-0.903268386,-2.160636582,-0.522582927,,-1.338704647,,28.0,,32.0,,,,,,,,,,,,,,
11_19_0_1125,male,hispanic,other,1.0,0.271760127,-2.257350842,-2.075395829,,,-2.145790511,-1.561397108,-2.006109753,,,,,,,,,,,,,,,,,
11_19_0_1126,female,not hispanic,black or african american,1.0,0.661077173,-1.341623346,-0.196508323,0.161075879,-0.517446225,,-0.311289267,,38.0,,34.0,,,,,,,,,,,,,,
11_19_0_1127,female,not hispanic,black or african american,0.0,0.65862447,-0.206573088,-0.430436206,,,-0.836597172,-0.896014281,0.14154967,,,,,,,,,,,,,,,,,
11_19_0_1128,male,not hispanic,black or african american,0.0,0.668669595,-0.634895239,-0.256328826,0.190804689,-0.359315983,,-0.280274189,,28.0,,29.0,,,,,,,,,,,,,,
11_19_0_1129,male,not hispanic,native hawaiian or other pacific islander,0.0,0.65862447,-0.317049816,-0.732755318,,,-0.894534962,-1.543537534,-1.056604029,,,,,,,,,,,,,,,,,
11_19_0_1130,male,not hispanic,black or african american,0.0,0.759819035,0.005599338,0.302309931,-0.342805771,0.035752395,,-0.542940515,,50.0,,25.0,,,,,,,,,,,,,,
11_19_0_1131,female,not hispanic,black or african american,0.0,1.343847237,-1.208547719,0.00610326,-1.129919186,-0.487323951,,-0.063081574,,33.0,,35.0,,,,,,,,,,,,,,
11_19_0_1132,male,not hispanic,black or african american,0.0,0.9015188,-0.54807193,-1.308918744,,,-0.767577663,-0.27504409,0.123676162,,,,,,,,,,,,,,,,,
11_19_0_1133,male,not hispanic,,0.0,-0.405126837,-2.330603465,-1.632369291,-1.440351427,-2.722169552,,-0.230063649,,8.0,,6.0,,,,,,,,,,,,,,
11_19_0_1134,male,not hispanic,black or african american,0.0,0.65862447,0.262739457,0.161523351,,,-0.792666295,-1.047503795,-0.238239484,,,,,,,,,,,,,,,,,
11_19_0_1135,,,,,-0.025274282,-2.330603465,-1.380082277,-0.832175801,-0.895612815,,0.321954231,,30.0,,25.0,,,,,,,,,,,,,,
11_19_0_1136,female,not hispanic,black or african american,0.0,0.44893852,0.262739457,0.159225491,,,-0.503737182,-0.077217979,0.625865001,,,,,,,,,,,,,,,,,
11_19_0_1137,male,not hispanic,black or african american,0.0,-1.8695606,-2.330603465,-1.102068175,-2.160636582,-2.306143224,,-1.089761567,,49.0,,33.0,,,,,,,,,,,,,,
11_19_0_1138,,not hispanic,black or african american,0.0,-1.635509452,-2.257350842,-1.535858365,,,-1.844785928,-0.90797566,-2.006109753,,,,,,,,,,,,,,,,,
11_19_0_1139,female,not hispanic,black or african american,0.0,-1.8695606,-2.330603465,-2.39785749,-2.160636582,-2.020941689,,-1.486309438,,19.0,,19.0,,,,,,,,,,,,,,
11_19_0_1141,male,hispanic,white,1.0,-0.599650619,-2.330603465,-1.465253243,-1.756505231,-2.168797525,,-0.623364992,,25.0,,30.0,,,,,,,,,,,,,,
11_19_0_1142,female,not hispanic,other,1.0,0.100704099,-1.063676824,-0.95719012,,,-0.758309241,-1.699421294,-1.060426526,,,,,,,,,,,,,,,,,
11_19_0_1143,male,not hispanic,white,0.0,-0.037546248,-1.164975043,-1.151676421,-0.909723737,-0.763050806,,-0.262098727,,29.0,,25.0,,,,,,,,,,,,,,
11_19_0_1144,female,not hispanic,black or african american,0.0,-1.635509452,-2.257350842,-1.981535652,,,-1.698984165,-1.765323393,-1.57185596,,,,,,,,,,,,,,,,,
11_19_0_1145,male,not hispanic,black or african american,0.0,-0.132818694,-0.734576917,-0.786196873,-0.553201978,-0.343966991,,-1.118799163,,39.0,,29.0,,,,,,,,,,,,,,
11_19_0_1146,female,not hispanic,black or african american,0.0,-0.677140312,-1.261863346,-1.19995316,,,-0.503345389,-1.153800889,-0.388018284,,,,,,,,,,,,,,,,,
11_19_0_1147,female,not hispanic,multi-racial,0.0,-0.983398283,-1.13767888,-1.297517406,-1.275640826,-0.61642628,,-0.613902287,,30.0,,27.0,,,,,,,,,,,,,,
11_19_0_1148,female,not hispanic,white,0.0,-0.882142881,-2.257350842,-0.365088942,,,-1.567750203,-0.775633326,-1.395668075,,,,,,,,,,,,,,,,,
11_19_0_1149,male,not hispanic,white,0.0,-0.243228744,-1.13767888,0.232299521,-0.899191791,-0.550764783,,0.340399368,,33.0,,44.0,,,,,,,,,,,,,,
11_19_0_1150,female,not hispanic,black or african american,0.0,0.21733584,-1.002463988,-1.080367737,,,-0.503737182,-0.896014281,-2.006109753,,,,,,,,,,,,,,,,,
11_19_0_1151,male,not hispanic,white,0.0,-1.027856908,-1.341623346,-0.848973819,-0.479307407,-0.045461402,,-1.542097082,,33.0,,30.0,,,,,,,,,,,,,,
11_19_0_1152,female,not hispanic,white,0.0,0.04197041,-0.98461227,-0.497682536,,,-0.410722972,-1.442456633,-0.38063919,,,,,,,,,,,,,,,,,
11_19_0_1153,female,not hispanic,black or african american,0.0,-1.8695606,-2.330603465,-2.144320411,-1.407040625,-2.012588907,,-1.34556577,,11.0,,24.0,,,,,,,,,,,,,,
11_19_0_1154,female,not hispanic,white,0.0,0.983526343,0.062958799,0.325160475,,,-0.673799313,-0.297751153,-0.388018284,,,,,,,,,,,,,,,,,
11_19_0_1155,male,hispanic,multi-racial,0.0,1.343847237,0.672789397,0.150453232,0.169194702,0.593838466,,-0.723077295,,50.0,,43.0,,,,,,,,,,,,,,
11_19_0_1156,male,not hispanic,black or african american,0.0,-1.635509452,-2.257350842,-0.79309077,,,-0.523842522,-1.999348509,-2.006109753,,,,,,,,,,,,,,,,,
11_19_0_1157,male,not hispanic,black or african american,0.0,-0.82185484,-2.330603465,-1.502483993,-2.160636582,-1.878328764,,-1.874353531,,30.0,,54.0,,,,,,,,,,,,,,
11_19_0_1158,male,not hispanic,multi-racial,0.0,-0.742984355,-0.873877305,-0.299021154,,,-0.607077203,-0.339337678,-0.701029664,,,,,,,,,,,,,,,,,
11_19_0_1159,male,not hispanic,black or african american,0.0,-0.313844318,-1.542704955,-1.417653664,-1.110428049,-0.932993726,,-0.2156042,,27.0,,26.0,,,,,,,,,,,,,,
11_19_0_1160,female,not hispanic,white,0.0,0.134679979,-0.374732728,-0.231858643,,,0.217753719,-0.356353378,0.012410435,,,,,,,,,,,,,,,,,
11_19_0_1161,male,hispanic,white,0.0,0.393794332,-0.494674691,0.068528894,-0.672740129,0.394296548,,-1.154987561,,38.0,,34.0,,,,,,,,,,,,,,
11_19_0_1162,female,not hispanic,white,0.0,0.156189746,-0.613689886,0.349434016,,,-0.601134325,0.024974038,-0.566987243,,,,,,,,,,,,,,,,,
11_19_0_1163,female,not hispanic,white,0.0,0.089468339,-1.487539304,-0.58593464,-0.568830837,-0.061446182,,-0.781571679,,47.0,,42.0,,,,,,,,,,,,,,
11_19_0_1164,female,not hispanic,white,0.0,0.10797096,-0.863257489,-0.124844854,,,0.181914159,-0.60534684,-0.276295995,,,,,,,,,,,,,,,,,
11_19_0_1165,female,not hispanic,white,0.0,0.524075462,-0.92353858,-0.969632202,-1.22699157,-0.85547068,,-0.560567351,,20.0,,26.0,,,,,,,,,,,,,,
11_19_0_1166,male,not hispanic,black or african american,0.0,0.203917889,-1.017343558,-1.098781177,,,-1.46864002,-0.697583848,-1.57185596,,,,,,,,,,,,,,,,,
11_19_0_1167,female,not hispanic,black or african american,0.0,-0.867372561,-1.100830352,-0.831857253,-0.373793756,-0.773205876,,-2.11328818,,11.0,,4.0,,,,,,,,,,,,,,
11_19_0_1168,male,not hispanic,white,0.0,-0.818207209,-0.898595626,-0.945754289,,,-0.541813305,-0.974956957,0.14154967,,,,,,,,,,,,,,,,,
11_19_0_1169,male,not hispanic,multi-racial,0.0,-0.234124758,-0.982126253,-0.628552372,-2.160636582,-0.66384084,,-0.044225848,,33.0,,36.0,,,,,,,,,,,,,,
11_19_0_1170,male,not hispanic,white,0.0,-0.106469284,-0.480849983,-1.057259435,,,-0.741831372,-0.13891399,-0.697490925,,,,,,,,,,,,,,,,,
11_19_0_1171,male,not hispanic,black or african american,0.0,-0.599650619,-1.529714707,-1.400211931,-1.073002653,-1.062609135,,-1.876249205,,19.0,,28.0,,,,,,,,,,,,,,
11_19_0_1172,male,not hispanic,multi-racial,0.0,-1.635509452,-2.257350842,-0.870566191,,,-1.537226941,-2.05947567,-2.006109753,,,,,,,,,,,,,,,,,
11_19_0_1173,male,hispanic,white,0.0,0.687668646,-0.575749411,-0.482002792,-0.241624975,0.514864858,,-0.777747198,,40.0,,34.0,,,,,,,,,,,,,,
11_19_0_1174,,,,,1.436016879,-0.524226291,-0.376912529,,,-0.47137609,-0.663349356,0.343276109,,,,,,,,,,,,,,,,,
11_19_0_1175,female,not hispanic,asian,0.0,0.286669246,-0.775289417,-1.062376665,-2.160636582,-1.748741437,,-1.118799163,,46.0,,26.0,,,,,,,,,,,,,,
11_19_0_1176,male,not hispanic,black or african american,0.0,-1.255902062,-2.257350842,-1.564868017,,,-1.948431249,-0.445099368,-0.922164217,,,,,,,,,,,,,,,,,
11_19_0_1177,female,hispanic,white,1.0,0.107150108,-1.01940145,-0.321800131,-0.499504181,-1.021451058,,0.057087929,,30.0,,29.0,,,,,,,,,,,,,,
11_19_0_1178,male,not hispanic,white,0.0,0.413923847,-1.114457263,-0.033526713,,,-0.562662355,-1.329521396,-0.276295995,,,,,,,,,,,,,,,,,
11_19_0_1179,female,not hispanic,white,0.0,0.308292201,0.319196931,0.628458285,-0.32746735,0.98342586,,-0.674362119,,32.0,,37.0,,,,,,,,,,,,,,
11_19_0_1180,female,not hispanic,asian,0.0,-0.061035477,-1.261863346,-0.976147598,,,-0.897614777,-0.805171049,-0.819594653,,,,,,,,,,,,,,,,,
11_19_0_1181,female,not hispanic,white,0.0,0.909088141,0.032887966,0.628458285,-0.002624749,-0.379429272,,-1.81434597,,46.0,,31.0,,,,,,,,,,,,,,
11_19_0_1182,male,,black or african american,0.0,-0.819379767,-2.257350842,-0.959919489,,,-1.236387935,-0.507335159,-1.57185596,,,,,,,,,,,,,,,,,
11_19_0_1183,male,not hispanic,white,0.0,0.663611794,-0.536373471,-0.91969992,-0.356728557,-1.1720336,,-1.131733178,,26.0,,51.0,,,,,,,,,,,,,,
11_19_0_1185,female,not hispanic,white,0.0,0.095628501,-0.699609842,0.525299162,-1.107451513,0.380758234,,-1.303324254,,40.0,,34.0,,,,,,,,,,,,,,
11_19_0_1186,male,not hispanic,multi-racial,0.0,0.063572585,-1.002679228,0.154986961,,,-1.33310994,-2.300593323,-1.056604029,,,,,,,,,,,,,,,,,
11_19_0_1187,female,not hispanic,black or african american,0.0,-1.301997772,-1.479474706,-1.823033745,-1.440351427,-2.542551118,,-0.527666844,,25.0,,24.0,,,,,,,,,,,,,,
11_19_0_1188,female,not hispanic,white,0.0,0.415933541,-0.091456038,-0.014963942,,,-0.601045911,-1.402528629,0.012410435,,,,,,,,,,,,,,,,,
11_19_0_1189,male,,black or african american,0.0,-1.8695606,-2.330603465,-1.061279873,-2.160636582,-2.528065435,,-2.11328818,,9.0,,11.0,,,,,,,,,,,,,,
11_19_0_1190,female,not hispanic,multi-racial,0.0,-0.611803967,-1.053195834,-1.744074467,,,0.095152779,-2.05947567,-2.006109753,,,,,,,,,,,,,,,,,
11_19_0_1191,female,not hispanic,black or african american,0.0,-0.563323547,-1.928098201,-0.906419163,-1.507398849,-1.649319146,,-1.352944826,,39.0,,20.0,,,,,,,,,,,,,,
11_19_0_1192,female,not hispanic,black or african american,0.0,0.202746956,-1.209224568,-0.419000544,,,-0.428800025,-1.185421252,-0.697490925,,,,,,,,,,,,,,,,,
11_19_0_1193,male,not hispanic,white,0.0,0.609632142,-0.489251828,-0.836129467,-0.537631054,-0.621459952,,-2.064540151,,39.0,,25.0,,,,,,,,,,,,,,
11_19_0_1194,female,not hispanic,black or african american,0.0,-1.635509452,-2.257350842,-1.293164689,,,-1.731300606,-1.111662186,-1.57185596,,,,,,,,,,,,,,,,,
11_19_0_1195,male,not hispanic,black or african american,0.0,-1.8695606,-1.01940145,-0.551910058,-1.06124725,-1.523244563,,-1.81684965,,35.0,,28.0,,,,,,,,,,,,,,
11_19_0_1196,male,not hispanic,black or african american,0.0,0.866750416,0.672789397,0.628458285,-0.730776634,0.224079378,,0.526333908,,78.0,,45.0,,,,,,,,,,,,,,
11_19_0_1197,male,not hispanic,white,0.0,0.392970866,-1.114457263,-0.473387469,,,-0.456550054,-0.144609763,-0.293516096,,,,,,,,,,,,,,,,,
11_19_0_1198,female,not hispanic,white,0.0,,-0.61771744,,-0.780660815,-1.059183109,,,,,,36.0,,,,,,,,,,,,,,
11_19_0_1199,female,not hispanic,white,0.0,-0.126680698,-0.777532884,0.53080797,,,-0.485293366,0.548069304,0.234064934,,,,,,,,,,,,,,,,,
11_19_0_1200,male,not hispanic,white,0.0,-0.188433911,-0.598382449,0.525299162,-1.326176027,0.09141137,,0.2636131,,39.0,,38.0,,,,,,,,,,,,,,
11_19_0_1201,male,not hispanic,white,0.0,0.983526343,-0.319130395,0.325160475,,,-0.47137609,-2.593557871,0.19933105,,,,,,,,,,,,,,,,,
11_19_0_1202,male,not hispanic,white,0.0,1.343847237,-0.192511654,0.150453232,-0.53362779,0.178505849,,0.406760695,,46.0,,36.0,,,,,,,,,,,,,,
11_19_0_1203,female,not hispanic,multi-racial,0.0,0.088146645,-1.856870063,0.349434016,,,-0.767577663,1.02159819,0.19933105,,,,,,,,,,,,,,,,,
11_19_0_1204,female,not hispanic,white,0.0,1.343847237,-1.341623346,0.150453232,-0.349366463,-0.298407697,,0.279413229,,40.0,,42.0,,,,,,,,,,,,,,
11_19_0_1205,female,not hispanic,white,0.0,0.415933541,-1.195606329,0.349434016,,,-0.827298975,-1.376164373,-1.530990302,,,,,,,,,,,,,,,,,
11_19_0_1206,female,not hispanic,white,0.0,-1.8695606,-1.797950982,-3.575070205,-1.725138538,-1.251825668,,-1.42217334,,34.0,,7.0,,,,,,,,,,,,,,
11_19_0_1207,male,not hispanic,white,0.0,-0.195306883,-1.227716651,-1.019405268,,,-0.515439515,-0.096282218,-1.056604029,,,,,,,,,,,,,,,,,
11_19_0_1208,female,not hispanic,white,0.0,-1.8695606,-1.341623346,-0.842778999,-0.506377054,-0.454973632,,0.205993923,,29.0,,50.0,,,,,,,,,,,,,,
11_19_0_1209,male,hispanic,multi-racial,1.0,0.374573718,-0.636628353,-0.713710505,,,-0.212855501,-1.09642623,-0.604409167,,,,,,,,,,,,,,,,,
11_19_0_1210,,,,,0.44569321,0.005599338,-0.621828431,-0.035628666,-0.448447151,,-0.063081574,,39.0,,43.0,,,,,,,,,,,,,,
11_19_0_1213,,not hispanic,black or african american,0.0,-1.06673966,-2.330603465,-2.64192765,,-2.375010763,,-1.605243011,,20.0,,22.0,,,,,,,,,,,,,,
11_19_0_1214,male,not hispanic,black or african american,0.0,-0.526329605,-0.90523586,-2.922562209,,,-0.889843674,-1.461337309,-2.006109753,,,,,,,,,,,,,,,,,
11_19_0_1215,female,not hispanic,white,0.0,-0.490115913,-0.144463666,-0.706278774,-0.840569494,-0.60610277,,0.210591495,,34.0,,25.0,,,,,,,,,,,,,,
11_19_0_1216,male,not hispanic,black or african american,0.0,-1.635509452,-2.257350842,-1.838107839,,,-1.698338635,-2.593557871,-2.006109753,,,,,,,,,,,,,,,,,
11_19_0_1217,female,not hispanic,black or african american,0.0,-1.26301613,-1.566410177,-0.44720295,-0.550122467,-0.159490984,,-0.691109338,,42.0,,27.0,,,,,,,,,,,,,,
11_19_0_1218,,,,,-0.005243952,-2.257350842,-1.030296229,,,-0.315816575,-0.911855044,-0.075158011,,,,,,,,,,,,,,,,,
11_19_0_1219,female,hispanic,multi-racial,0.0,1.436016879,0.009841023,0.632107298,,,-0.170809677,0.296374853,0.64042881,,,,,,,,,,,,,,,,,
11_19_0_1220,,,,,-1.635509452,-1.459871827,-1.275923468,,,-0.733230086,-0.090148605,-1.299753518,,,,,,,,,,,,,,,,,
11_19_0_1222,male,not hispanic,white,0.0,0.124745659,-0.574015944,-0.489928475,,,-0.664128241,-0.018400585,0.318569365,,,,,,,,,,,,,,,,,
11_19_0_1223,male,not hispanic,white,0.0,1.343847237,0.319196931,0.451903358,-0.026921528,0.461586111,,0.303016859,,69.0,,42.0,,,,,,,,,,,,,,
11_19_0_1224,female,not hispanic,asian,1.0,0.718860345,0.519610214,-1.067410808,,,-0.016131481,-0.507335159,-0.276295995,,,,,,,,,,,,,,,,,
11_19_0_1225,male,not hispanic,white,0.0,0.086586318,-0.81429512,-1.26550258,-2.160636582,-0.629733135,,-2.617118257,,22.0,,26.0,,,,,,,,,,,,,,
11_19_0_1226,male,not hispanic,white,0.0,0.983526343,0.262739457,0.417387521,,,0.672241547,-1.28021288,0.541311662,,,,,,,,,,,,,,,,,
11_19_0_1227,male,hispanic,white,1.0,0.721186781,-0.344286609,-1.917354462,-0.465340141,-0.656616027,,0.133774692,,47.0,,36.0,,,,,,,,,,,,,,
11_19_0_1228,female,not hispanic,asian,1.0,0.344182726,-1.084324471,-1.487883851,,,-1.392599915,-0.191180636,-1.57185596,,,,,,,,,,,,,,,,,
11_19_0_1229,female,not hispanic,white,0.0,0.870092044,0.319196931,0.150453232,-0.106648877,0.212214611,,-0.044225848,,50.0,,41.0,,,,,,,,,,,,,,
11_19_0_1230,male,not hispanic,other,0.0,0.995576298,-1.092495923,0.041704373,,,-0.363894671,-1.320254986,0.14154967,,,,,,,,,,,,,,,,,
11_19_0_1231,male,not hispanic,white,0.0,0.263460992,-0.417249524,-0.961615024,-0.970694702,-0.768318947,,-1.537882106,,36.0,,36.0,,,,,,,,,,,,,,
11_19_0_1232,male,not hispanic,white,0.0,-1.635509452,-0.03328944,-0.019932937,,,-0.485293366,0.296374853,0.215303953,,,,,,,,,,,,,,,,,
11_19_0_1233,male,not hispanic,black or african american,0.0,-0.243228744,-1.529714707,-0.072786011,-1.756505231,-1.257209554,,-1.683474967,,31.0,,29.0,,,,,,,,,,,,,,
11_19_0_1234,male,not hispanic,white,0.0,0.719461041,0.444653166,0.090092579,,,0.43499299,-0.550616896,0.184358807,,,,,,,,,,,,,,,,,
11_19_0_1235,male,not hispanic,white,0.0,-0.749663013,0.005599338,-0.187510068,-0.543788135,0.05908869,,-0.605800147,,33.0,,30.0,,,,,,,,,,,,,,
11_20_0_2404,male,hispanic,white,1.0,0.402248727,-2.315712213,-2.050043945,-1.680301324,-2.250410477,-0.492825474,,-1.153406179,36.0,,36.0,,,4.0,10.0,,,80.0,1.0,88.0,20.0,,,1.0,0.0
11_21_0_3000,,,,,-0.317874064,-2.315712213,-0.772848702,-2.137801366,-0.581316829,-0.305425331,,-0.452582184,25.0,,20.0,,,12.0,19.0,,,83.0,2.0,84.0,18.0,,,11.0,30.0
11_21_0_3005,,,,,0.228328451,-0.976342247,0.647180122,-0.844613112,0.319842528,-0.161393227,,0.446699718,44.0,,50.0,,,17.0,22.0,,,88.0,4.0,97.0,25.0,,,16.0,49.0
11_21_0_3006,female,not hispanic,multi-racial,0.0,0.976805668,-0.700174739,-0.162767016,-0.844341642,0.599646837,0.756314873,,-0.321900493,27.0,,30.0,,,13.0,20.0,,,97.0,8.0,90.0,21.0,,,10.0,26.0
11_21_0_3007,,,,,-0.149018237,-0.955717957,-1.430628919,-2.137801366,-0.355069546,-0.919886594,,-0.637628441,37.0,,34.0,,,,,,,,,,,,,,
11_21_0_3011,,,,,-0.988400639,-0.521193169,-0.469352825,-0.674348101,-0.3586292,0.069403616,,-0.180400087,30.0,,50.0,,,,,,,,,,,,,,
11_21_0_3018,male,not hispanic,multi-racial,0.0,0.738167583,-0.93333879,-0.905305565,-0.341064455,-0.135169912,-0.34769572,,-0.455365443,30.0,,24.0,,,8.0,15.0,,,99.0,9.0,90.0,21.0,,,10.0,26.0
11_21_0_3024,,,,,,-2.315712213,,,-0.921452855,-0.751526622,,-0.130168827,,,27.0,,,,,,,,,,,,,,
11_21_0_3028,,,,,0.909690465,-0.708028169,-0.606378969,-0.61476509,0.294187545,0.084255103,,0.443564116,22.0,,19.0,,,,,,,,,,,,,,
11_21_0_3031,female,not hispanic,white,0.0,0.351412905,-1.38894266,-0.316236466,-1.035220512,-0.602670537,-0.152699605,,0.540141782,32.0,,44.0,,,17.0,22.0,,,86.0,3.0,83.0,17.0,,,14.0,40.0
11_21_0_3033,male,not hispanic,white,0.0,0.586399245,-0.04762328,0.230041129,-0.645004192,0.599646837,0.756314873,,1.019913783,37.0,,27.0,,,17.0,22.0,,,128.0,29.0,129.0,53.0,,,17.0,51.0
11_21_0_3037,female,not hispanic,white,0.0,0.738099317,-0.510601021,0.219000976,-0.020303908,0.759501329,0.478217691,,0.073809371,32.0,,44.0,,,13.0,20.0,,,95.0,7.0,106.0,31.0,,,13.0,38.0
11_21_0_3038,,,,,0.533198175,0.248983698,-1.139951127,-0.406581434,0.031174132,-0.152699605,,-0.452582184,36.0,,25.0,,,,,,,,,,,,,,
11_21_0_3039,,,,,-0.340352089,-1.18354245,-0.597324708,-1.152473515,-0.387255227,-1.126000651,,-0.088585532,19.0,,10.0,,,,,,,,,,,,,,
11_21_0_3041,female,not hispanic,multi-racial,0.0,0.218258273,-2.315712213,0.647180122,-1.054484863,-0.803685379,0.069403616,,-1.896567952,,,24.0,,,12.0,19.0,,,97.0,8.0,90.0,21.0,,,11.0,27.0
11_21_0_3044,male,hispanic,white,1.0,0.94686536,-0.35929815,-0.865751086,-0.61722933,-0.308400163,-0.374262821,,0.224743154,47.0,,36.0,,,9.0,16.0,,,95.0,7.0,117.0,41.0,,,13.0,35.0
11_21_0_3046,,,,,0.738099317,-0.440360114,-1.065741434,-0.109441374,-0.191237399,-0.558251873,,-0.060527821,38.0,,43.0,,,15.0,21.0,,,86.0,3.0,90.0,21.0,,,11.0,27.0
11_21_0_3061,male,not hispanic,white,0.0,-0.302802092,-1.783841554,-1.406531821,-1.407856828,-1.348702807,-1.152522769,,-0.39994089,5.0,,26.0,,,7.0,13.0,,,76.0,0.0,81.0,16.0,,,9.0,19.0
11_21_0_3067,female,not hispanic,white,0.0,-0.263005817,-1.541633386,0.219000976,-0.827865404,-0.371451276,-0.161393227,,-0.126471796,21.0,,26.0,,,12.0,19.0,,,76.0,0.0,81.0,16.0,,,11.0,28.0
11_21_0_3076,,,,,-0.780689789,-0.697907803,-0.640372469,-0.334062559,0.158744882,0.035103058,,-0.39545419,29.0,,37.0,,,15.0,21.0,,,95.0,7.0,105.0,30.0,,,11.0,30.0
11_21_0_3127,,,,,0.689748315,-0.976342247,-0.691180629,-0.628393676,0.265632836,-1.078540737,,-0.54369729,24.0,,7.0,,,,,,,,,,,,,,
11_21_0_3141,,,,,,-1.514798266,,,,-0.886128777,,,,,,,,,,,,,,,,,,,
11_21_0_3169,male,hispanic,white,1.0,-1.029624764,-0.04762328,-0.148677835,-0.109441374,-0.022798435,-0.948353816,,-0.126471796,23.0,,32.0,,,10.0,17.0,,,129.0,30.0,127.0,51.0,,,11.0,28.0
11_21_0_3174,,,,,0.94686536,-0.04762328,-1.449624928,0.259622233,-0.287072755,0.069403616,,0.443564116,29.0,,18.0,,,11.0,18.0,,,101.0,10.0,109.0,34.0,,,12.0,32.0
11_21_0_3188,,,,,0.343414018,-0.708028169,-0.167652777,-0.446534891,-0.672037121,-0.158031856,,0.195179808,22.0,,31.0,,,,,,,,,,,,,,
11_21_0_3203,,,,,0.163076675,0.927384261,0.554219873,-0.5539878,-0.178677184,0.511716054,,0.446699718,25.0,,25.0,,,,,,,,,,,,,,
11_21_0_3242,,,,,0.426921147,0.226564645,-1.535043936,-0.559713311,-1.714333414,0.069403616,,-0.388402,10.0,,26.0,,,,,,,,,,,,,,
11_21_0_3676,,,,,0.214066948,-2.613137617,-1.186575598,-2.137801366,-1.035858391,,,-1.127263092,,,,,,8.0,15.0,,,76.0,0.0,81.0,16.0,,,7.0,14.0
11_22_0_4000,,,,,-0.047078293,-0.861404158,-0.189024427,0.090451257,-0.087566258,,,0.206274409,,,,,,15.0,21.0,,,102.0,11.0,109.0,34.0,,,11.0,30.0
11_22_0_4001,female,not hispanic,white,0.0,0.246381954,-0.812976654,0.272186715,-0.530084322,-0.510724449,,,0.092685268,,,,,,18.0,23.0,,,91.0,5.0,93.0,23.0,,,13.0,35.0
11_22_0_4002,,,,,-0.269767352,-0.953968005,-0.659067508,-0.056609877,0.969189435,,,0.443564116,,,,,,12.0,19.0,,,113.0,18.0,113.0,37.0,,,14.0,43.0
11_22_0_4003,male,hispanic,white,1.0,0.012175375,-1.154420248,-0.381604383,-0.065082717,0.182321615,,,-0.321900493,,,,,,12.0,19.0,,,80.0,1.0,95.0,24.0,,,12.0,31.0
11_22_0_4004,,,,,0.922729691,-0.760956827,-0.640036446,-0.417517117,-0.607377662,,,-0.052903673,,,,,,8.0,14.0,,,95.0,7.0,104.0,29.0,,,12.0,33.0
11_22_0_4005,,,,,-0.263005817,-2.136063204,-0.086921046,-0.502144566,0.275186659,,,0.092685268,,,,,,11.0,18.0,,,95.0,7.0,105.0,30.0,,,12.0,32.0
11_22_0_4006,,,,,0.481877065,-0.143382397,-1.171795932,0.509332424,-0.216956259,,,-0.452582184,,,,,,10.0,17.0,,,83.0,2.0,119.0,43.0,,,9.0,19.0
11_22_0_4007,female,not hispanic,white,0.0,0.850254141,0.271351426,-0.142399741,-0.492816102,0.239530024,,,1.050198608,,,,,,18.0,23.0,,,80.0,1.0,105.0,30.0,,,,
11_22_0_4008,,,,,0.387829919,-1.134956299,-1.497741809,-0.383820437,-0.541938574,,,0.999925946,,,,,,15.0,21.0,,,101.0,10.0,104.0,29.0,,,14.0,43.0
11_22_0_4009,,,,,0.371501157,-0.139673973,-1.647835081,0.028880884,-0.197693791,,,-0.398221198,,,,,,12.0,19.0,,,105.0,13.0,106.0,31.0,,,13.0,38.0
11_22_0_4010,,,,,1.349391033,-0.703026248,-0.363205038,-2.137801366,-0.100619625,,,-0.126471796,,,,,,9.0,16.0,,,101.0,10.0,106.0,31.0,,,14.0,39.0
11_22_0_4011,female,not hispanic,white,0.0,-1.626013165,-2.613137617,0.597684576,-2.137801366,-3.424881005,,,-1.791275892,,,,,,18.0,23.0,,,102.0,11.0,105.0,30.0,,,17.0,53.0
11_22_0_4012,,,,,0.978318356,-1.196984738,-0.859939303,-0.523055172,0.468780005,,,0.22761091,,,,,,11.0,18.0,,,97.0,8.0,107.0,32.0,,,14.0,41.0
11_22_0_4013,female,not hispanic,white,0.0,-0.095083267,-1.561639119,0.687210764,-0.644866325,-0.56325402,,,-0.994030893,,,,,,12.0,19.0,,,80.0,1.0,93.0,23.0,,,9.0,22.0
11_22_0_4014,,,,,-0.180680525,-0.57288524,-0.359574403,-0.612515792,-0.89260042,,,-0.207856794,,,,,,11.0,18.0,,,93.0,6.0,93.0,23.0,,,8.0,17.0
11_22_0_4015,,,,,0.088851436,-0.597201199,-1.495245433,-0.065082717,0.428476424,,,1.124745219,,,,,,15.0,21.0,,,102.0,11.0,93.0,23.0,,,18.0,55.0
11_22_0_4016,,,,,0.104714306,-1.214191417,0.288004781,-0.100213594,-0.561057608,,,0.505664506,,,,,,12.0,19.0,,,101.0,10.0,104.0,29.0,,,12.0,32.0
11_22_0_4017,,,,,-1.626013165,-1.450477625,-0.670627165,-0.314964532,-0.125160089,,,-1.033584163,,,,,,13.0,20.0,,,95.0,7.0,104.0,29.0,,,10.0,25.0
11_22_0_4018,male,not hispanic,multi-racial,0.0,0.934640155,0.187850158,0.205636873,-0.793472814,-0.557753755,,,-1.078078529,,,,,,9.0,16.0,,,105.0,13.0,119.0,43.0,,,11.0,28.0
11_22_0_4019,male,not hispanic,white,0.0,0.715607337,-0.941355878,-2.072213591,-1.141142627,0.148146985,,,-0.769888336,,,,,,15.0,21.0,,,105.0,13.0,105.0,30.0,,,9.0,20.0
11_22_0_4020,,,,,0.001179528,-1.040042822,-0.426648189,-0.967875532,-0.810485452,,,-0.182033322,,,,,,11.0,18.0,,,86.0,3.0,104.0,29.0,,,10.0,26.0
11_22_0_4021,,,,,0.555981803,-0.677584729,0.189829875,-0.836482381,0.521137673,,,1.007033069,,,,,,12.0,19.0,,,99.0,9.0,105.0,30.0,,,16.0,50.0
11_22_0_4022,male,hispanic,white,1.0,-0.363986218,-1.311794439,-1.905311863,-2.137801366,-1.512030434,,,-0.997225378,,,,,,7.0,13.0,,,91.0,5.0,104.0,29.0,,,8.0,18.0
11_22_0_4023,,,,,-0.032146321,-1.337659347,-0.472571529,-2.137801366,-0.911101751,,,-0.485552212,,,,,,10.0,17.0,,,97.0,8.0,91.0,22.0,,,12.0,32.0
11_22_0_4024,,,,,0.102918979,-0.763091541,-0.211875756,-1.680301324,0.521137673,,,0.148912494,,,,,,12.0,19.0,,,83.0,2.0,93.0,23.0,,,,
11_22_0_4025,,,,,0.934640155,-1.095217019,-0.352172747,-2.137801366,-0.718778704,,,-0.815852217,,,,,,9.0,16.0,,,93.0,6.0,103.0,28.0,,,9.0,22.0
11_22_0_4026,male,not hispanic,white,0.0,0.401327183,-0.511134889,-0.742061815,-0.120822485,-0.364196721,,,0.251011119,,,,,,11.0,18.0,,,99.0,9.0,103.0,28.0,,,14.0,43.0
11_22_0_4027,,,,,,-0.922601246,0.044860904,-0.109441374,-0.123224545,,,,,,,,,11.0,18.0,,,97.0,8.0,93.0,23.0,,,15.0,47.0
11_22_0_4054,,,,,-1.973400415,-2.307407777,,,,,,-1.743359711,,,,,,4.0,9.0,,,80.0,1.0,101.0,27.0,,,1.0,0.0
11_22_0_4055,,,,,0.202354806,-0.59104324,,,,,,0.028510694,,,,,,11.0,18.0,,,86.0,3.0,115.0,39.0,,,8.0,18.0
11_22_0_4056,,,,,0.455111116,-0.560385582,,,,,,0.129059745,,,,,,15.0,21.0,,,91.0,5.0,104.0,29.0,,,,
11_22_0_4057,,,,,-0.448813932,-0.614800277,,,,,,0.325577664,,,,,,,,,,88.0,4.0,103.0,28.0,,,12.0,33.0
11_22_0_4058,male,not hispanic,multi-racial,0.0,1.003373895,0.549337658,,,,,,0.667359484,,,,,,18.0,23.0,,,104.0,12.0,,,,,17.0,54.0
11_22_0_4059,,,,,-0.422384869,-0.777364042,,,,,,-1.061074968,,,,,,15.0,21.0,,,,,93.0,23.0,,,10.0,25.0
11_22_0_4060,female,not hispanic,multi-racial,1.0,0.252422436,-0.45436685,,,,,,0.048424888,,,,,,15.0,21.0,,,91.0,5.0,103.0,28.0,,,12.0,31.0
11_22_0_4061,,,,,-0.418647438,-0.635138422,,,,,,-0.340202036,,,,,,12.0,19.0,,,93.0,6.0,103.0,28.0,,,11.0,30.0
11_22_0_4062,female,not hispanic,white,0.0,0.049924089,-1.109986331,,,,,,-0.836872033,,,,,,7.0,13.0,,,88.0,4.0,91.0,22.0,,,11.0,28.0
11_22_0_4063,,,,,0.640965356,0.178038926,,,,,,0.499314077,,,,,,15.0,21.0,,,95.0,7.0,108.0,33.0,,,,
11_22_0_4064,,,,,-0.475683922,-2.002452135,,,,,,-2.179055238,,,,,,5.0,10.0,,,76.0,0.0,99.0,26.0,,,7.0,13.0
11_22_0_4065,,,,,-0.121065008,-0.179223792,,,,,,0.136547055,,,,,,15.0,21.0,,,97.0,8.0,104.0,29.0,,,14.0,42.0
11_22_0_4066,,,,,-0.045122693,-2.307407777,,,,,,-0.466750984,,,,,,12.0,19.0,,,97.0,8.0,117.0,41.0,,,11.0,29.0
11_22_0_4067,,,,,0.248251496,-1.199397769,,,,,,-1.369761341,,,,,,13.0,20.0,,,88.0,4.0,108.0,33.0,,,11.0,28.0
11_22_0_4068,,,,,0.088530205,-1.438059856,,,,,,-0.439816847,,,,,,,,,,88.0,4.0,99.0,26.0,,,11.0,30.0
11_22_0_4069,female,not hispanic,white,1.0,0.532420566,-0.243434988,,,,,,0.959290255,,,,,,13.0,20.0,,,86.0,3.0,93.0,23.0,,,15.0,46.0
11_22_0_4070,,,,,0.216104839,-0.132119947,,,,,,-0.706657106,,,,,,11.0,18.0,,,113.0,18.0,140.0,61.0,,,12.0,31.0
11_22_0_4071,male,not hispanic,other,1.0,0.239515798,-1.107132779,,,,,,-0.353652386,,,,,,12.0,19.0,,,83.0,2.0,101.0,27.0,,,11.0,27.0
11_22_0_4072,female,not hispanic,white,0.0,-0.00641643,-1.270096919,,,,,,-0.984272688,,,,,,9.0,16.0,,,83.0,2.0,97.0,25.0,,,10.0,23.0
11_22_0_4073,male,not hispanic,white,0.0,0.543721261,-0.585920214,,,,,,-0.047782568,,,,,,10.0,17.0,,,93.0,6.0,104.0,29.0,,,11.0,27.0
11_22_0_4074,,,,,0.602389259,-0.429720817,,,,,,0.566169119,,,,,,17.0,22.0,,,88.0,4.0,101.0,27.0,,,13.0,37.0
11_22_0_4075,,,,,0.182883491,-0.50759683,,,,,,-1.035428387,,,,,,15.0,21.0,,,83.0,2.0,101.0,27.0,,,,
11_22_0_4076,,,,,-0.048904652,-0.87619673,,,,,,-0.587089603,,,,,,8.0,14.0,,,93.0,6.0,108.0,33.0,,,8.0,16.0
11_22_0_4077,,,,,0.503893984,-0.221485578,,,,,,0.072192901,,,,,,15.0,21.0,,,95.0,7.0,104.0,29.0,,,,
11_22_0_4078,,,,,-0.150935354,-2.307407777,,,,,,0.034827965,,,,,,8.0,15.0,,,88.0,4.0,105.0,30.0,,,,
11_22_0_4079,,,,,0.382858914,-0.771323417,,,,,,-0.027614955,,,,,,13.0,20.0,,,,,103.0,28.0,,,10.0,26.0
11_22_0_4080,,,,,0.443009347,-0.491677448,,,,,,0.608329377,,,,,,10.0,17.0,,,93.0,6.0,108.0,33.0,,,12.0,32.0
11_22_0_4081,,,,,-0.122491172,-2.307407777,,,,,,-1.745529852,,,,,,9.0,16.0,,,88.0,4.0,104.0,29.0,,,,
11_22_0_4082,,,,,0.8873166,-0.45436685,,,,,,0.212593089,,,,,,13.0,20.0,,,97.0,8.0,117.0,41.0,,,13.0,38.0
11_22_0_4083,,,,,-0.094598179,-2.307407777,,,,,,-2.179055238,,,,,,8.0,14.0,,,86.0,3.0,103.0,28.0,,,8.0,15.0
11_22_0_4084,,,,,-0.071649864,-0.927204291,,,,,,0.443685072,,,,,,18.0,23.0,,,83.0,2.0,112.0,36.0,,,16.0,50.0
11_22_0_4085,,,,,-0.045310427,-1.216348551,,,,,,-0.337586252,,,,,,12.0,19.0,,,86.0,3.0,104.0,29.0,,,10.0,25.0
11_22_0_4086,,,,,0.809924465,-0.417401826,,,,,,-0.851828096,,,,,,11.0,18.0,,,95.0,7.0,113.0,37.0,,,10.0,26.0
11_22_0_4087,,,,,-0.457063506,-1.11906715,,,,,,-0.374333022,,,,,,11.0,18.0,,,95.0,7.0,114.0,38.0,,,12.0,32.0
11_22_0_4088,,,,,-0.265175723,-1.878534108,,,,,,-2.179055238,,,,,,8.0,15.0,,,83.0,2.0,91.0,22.0,,,7.0,13.0
11_22_0_4089,,,,,-0.057655021,-1.433643119,,,,,,0.034827965,,,,,,15.0,21.0,,,76.0,0.0,93.0,23.0,,,10.0,24.0
11_22_0_4090,female,not hispanic,asian,1.0,0.338631561,-0.99511894,,,,,,-0.903019491,,,,,,8.0,15.0,,,83.0,2.0,101.0,27.0,,,10.0,23.0
11_22_0_4091,,,,,-0.721328362,-1.526680905,,,,,,-1.521290578,,,,,,11.0,18.0,,,95.0,7.0,108.0,33.0,,,8.0,16.0
11_22_0_4092,male,not hispanic,white,0.0,-0.337674746,-0.723348318,,,,,,-0.665246359,,,,,,12.0,19.0,,,88.0,4.0,104.0,29.0,,,10.0,25.0
11_22_0_4093,,,,,-1.973400415,-2.307407777,,,,,,-2.179055238,,,,,,12.0,19.0,,,76.0,0.0,93.0,23.0,,,10.0,23.0
11_22_0_4094,,,,,-0.484070562,-1.402281992,,,,,,-1.167849916,,,,,,11.0,18.0,,,76.0,0.0,101.0,27.0,,,9.0,22.0
11_22_0_4095,,,,,0.301534803,-1.923149275,,,,,,-1.154767018,,,,,,12.0,19.0,,,80.0,1.0,105.0,30.0,,,9.0,20.0
11_22_0_4096,,,,,-0.346016729,-0.290479933,,,,,,0.681425094,,,,,,17.0,22.0,,,93.0,6.0,114.0,38.0,,,15.0,45.0
11_22_0_4097,,,,,-1.973400415,-2.307407777,,,,,,-1.851767297,,,,,,5.0,11.0,,,86.0,3.0,93.0,23.0,,,8.0,17.0
11_22_0_4098,,,,,0.147506643,-2.307407777,,,,,,-1.837842482,,,,,,8.0,15.0,,,86.0,3.0,101.0,27.0,,,,
11_22_0_4099,female,not hispanic,white,0.0,-0.523228596,-2.307407777,,,,,,-1.368167913,,,,,,11.0,18.0,,,80.0,1.0,93.0,23.0,,,10.0,26.0
11_22_0_4100,,,,,-1.211211759,-2.307407777,,,,,,-1.66292283,,,,,,10.0,17.0,,,83.0,2.0,104.0,29.0,,,8.0,16.0
11_22_0_4101,female,,asian,1.0,-0.011525325,-1.000671612,,,,,,-1.394636014,,,,,,11.0,18.0,,,102.0,11.0,108.0,33.0,,,8.0,18.0
11_22_0_4102,,,,,-0.433567644,-1.878534108,,,,,,-1.812713497,,,,,,13.0,20.0,,,83.0,2.0,91.0,22.0,,,9.0,22.0
11_22_0_4103,male,not hispanic,white,0.0,0.861927272,-0.090195942,,,,,,0.959290255,,,,,,12.0,19.0,,,101.0,10.0,127.0,51.0,,,19.0,59.0
11_22_0_4104,,,,,0.50144403,-1.193732014,,,,,,-0.38840405,,,,,,12.0,19.0,,,88.0,4.0,91.0,22.0,,,12.0,33.0
11_22_0_4105,,,,,-0.149393505,-0.585558244,,,,,,-0.403765582,,,,,,15.0,21.0,,,88.0,4.0,,,,,11.0,29.0
11_22_0_4106,male,hispanic,white,0.0,-0.700355016,-1.570515254,,,,,,-0.908191811,,,,,,12.0,19.0,,,83.0,2.0,103.0,28.0,,,12.0,34.0
11_22_0_4107,,,,,-0.674725098,-1.373151039,,,,,,-1.811099256,,,,,,12.0,19.0,,,80.0,1.0,103.0,28.0,,,10.0,24.0
11_22_0_4108,,,,,-1.973400415,-1.878534108,,,,,,-1.297537639,,,,,,5.0,11.0,,,76.0,0.0,90.0,21.0,,,9.0,19.0
11_22_0_4109,,,,,-1.973400415,-2.307407777,,,,,,-0.746034734,,,,,,12.0,19.0,,,80.0,1.0,93.0,23.0,,,10.0,25.0
11_22_0_4110,,,,,0.530167349,-0.854646303,,,,,,-0.635673012,,,,,,13.0,20.0,,,97.0,8.0,106.0,31.0,,,12.0,31.0
11_22_0_4111,male,not hispanic,white,0.0,-0.242350218,-2.307407777,,,,,,-0.166046147,,,,,,12.0,19.0,,,76.0,0.0,84.0,18.0,,,11.0,30.0
11_22_0_4112,,,,,1.055412138,0.046402986,,,,,,-0.067740071,,,,,,11.0,18.0,,,99.0,9.0,106.0,31.0,,,13.0,36.0
11_22_0_4113,,,,,-1.417980798,-2.307407777,,,,,,-2.179055238,,,,,,5.0,11.0,,,76.0,0.0,93.0,23.0,,,7.0,13.0
11_22_0_4114,female,not hispanic,white,1.0,-0.475683922,-1.474209917,,,,,,-1.484197622,,,,,,10.0,17.0,,,83.0,2.0,93.0,23.0,,,10.0,26.0
11_22_0_4115,,,,,0.012153275,-1.088676755,,,,,,-1.779630393,,,,,,9.0,16.0,,,83.0,2.0,105.0,30.0,,,8.0,18.0
11_22_0_4116,male,not hispanic,white,0.0,0.235643082,-0.217944722,,,,,,0.131202242,,,,,,13.0,20.0,,,93.0,6.0,101.0,27.0,,,12.0,31.0
11_22_0_4117,male,hispanic,white,0.0,-0.603377579,-1.678452284,,,,,,-0.682006495,,,,,,11.0,18.0,,,76.0,0.0,83.0,17.0,,,13.0,36.0
11_22_0_4118,,,,,-0.433567644,-0.836458422,,,,,,0.418081659,,,,,,13.0,20.0,,,95.0,7.0,91.0,22.0,,,,
11_22_0_4119,,,,,-0.125308231,-2.002452135,,,,,,-0.05256911,,,,,,9.0,16.0,,,97.0,8.0,104.0,29.0,,,9.0,22.0
11_22_0_4120,,,,,0.136372001,-1.098141082,,,,,,-0.471440977,,,,,,11.0,18.0,,,88.0,4.0,91.0,22.0,,,10.0,24.0
11_22_0_4121,,,,,-0.413968747,-1.160886813,,,,,,-0.777683285,,,,,,13.0,20.0,,,83.0,2.0,91.0,22.0,,,12.0,34.0
11_22_0_4122,female,not hispanic,white,0.0,-0.030855828,-0.58594878,,,,,,0.633817927,,,,,,11.0,18.0,,,133.0,33.0,138.0,60.0,,,16.0,49.0
11_22_0_4123,,,,,-0.664144199,-1.272322433,,,,,,-2.179055238,,,,,,8.0,15.0,,,76.0,0.0,93.0,23.0,,,8.0,16.0
11_22_0_4124,,,,,0.145085691,-1.305127579,,,,,,-0.151930265,,,,,,13.0,20.0,,,83.0,2.0,105.0,30.0,,,11.0,28.0
11_22_0_4125,,,,,-0.072048866,-0.574001881,,,,,,-1.65852146,,,,,,12.0,19.0,,,121.0,24.0,144.0,63.0,,,13.0,36.0
11_22_0_4126,,,,,0.161778868,-0.441899229,,,,,,-0.035247455,,,,,,15.0,21.0,,,99.0,9.0,101.0,27.0,,,14.0,40.0
11_22_0_4127,male,not hispanic,white,0.0,-0.223300691,-0.787254347,,,,,,0.136547055,,,,,,17.0,22.0,,,86.0,3.0,104.0,29.0,,,14.0,41.0
11_22_0_4128,,,,,-0.603377579,-0.487859866,,,,,,-0.503452599,,,,,,12.0,19.0,,,93.0,6.0,93.0,23.0,,,10.0,25.0
11_22_0_4129,,,,,-0.062170058,0.046402986,,,,,,0.038532821,,,,,,17.0,22.0,,,93.0,6.0,113.0,37.0,,,15.0,45.0
11_22_0_4130,,,,,-0.103903334,-0.861174107,,,,,,-1.837842482,,,,,,12.0,19.0,,,105.0,13.0,135.0,57.0,,,8.0,16.0
11_22_0_4131,female,not hispanic,white,1.0,-0.374465894,-0.497544528,,,,,,-0.33389113,,,,,,8.0,14.0,,,91.0,5.0,105.0,30.0,,,11.0,28.0
11_22_0_4132,,,,,-0.615737054,-2.307407777,,,,,,-0.90400803,,,,,,12.0,19.0,,,83.0,2.0,101.0,27.0,,,12.0,33.0
11_22_0_4133,female,not hispanic,black or african american,0.0,0.265781217,-0.682960275,,,,,,-0.32570285,,,,,,11.0,18.0,,,76.0,0.0,93.0,23.0,,,11.0,28.0
11_22_0_4134,male,not hispanic,white,0.0,0.287489266,0.672219561,,,,,,-0.347142758,,,,,,,,,,,,,,,,,
11_22_0_4135,male,not hispanic,black or african american,0.0,-0.317580505,-1.501476797,,,,,,-1.574853748,,,,,,11.0,18.0,,,76.0,0.0,93.0,23.0,,,8.0,17.0
11_22_0_4136,,,,,-0.319280308,-2.307407777,,,,,,-1.164817992,,,,,,12.0,19.0,,,80.0,1.0,93.0,23.0,,,8.0,17.0
11_22_0_4137,male,not hispanic,white,0.0,-0.281696145,-2.307407777,,,,,,-1.169239844,,,,,,10.0,17.0,,,88.0,4.0,103.0,28.0,,,,
11_22_0_4138,,,,,-0.150751981,-0.73534939,,,,,,-1.811099256,,,,,,12.0,19.0,,,88.0,4.0,117.0,41.0,,,9.0,22.0
11_22_0_4139,,,,,-0.496149508,-0.879333114,,,,,,-0.471440977,,,,,,13.0,20.0,,,95.0,7.0,104.0,29.0,,,12.0,34.0
11_22_0_4140,,,,,0.057932181,-1.087932402,,,,,,-0.296887567,,,,,,11.0,18.0,,,93.0,6.0,93.0,23.0,,,12.0,31.0
11_22_0_4141,female,,asian,1.0,-0.031386481,-1.52463616,,,,,,-1.66292283,,,,,,9.0,16.0,,,97.0,8.0,121.0,45.0,,,8.0,15.0
11_22_0_4142,,,,,-1.692586027,-2.307407777,,,,,,-1.811099256,,,,,,7.0,13.0,,,88.0,4.0,91.0,22.0,,,7.0,12.0
11_22_0_4143,male,not hispanic,white,0.0,-0.203748992,-0.545522023,,,,,,1.442505818,,,,,,18.0,23.0,,,97.0,8.0,105.0,30.0,,,17.0,53.0
11_22_0_4144,,,,,-0.196896313,-1.168117591,,,,,,-0.875112199,,,,,,9.0,16.0,,,88.0,4.0,104.0,29.0,,,10.0,24.0
11_22_0_4145,,,,,-0.448813932,-1.321675413,,,,,,-2.179055238,,,,,,11.0,18.0,,,88.0,4.0,101.0,27.0,,,7.0,13.0
11_22_0_4316,,,,,-0.564073076,-1.261068121,-0.337557751,,-0.871384764,,,-0.811036009,,,,,,13.0,20.0,,,76.0,0.0,93.0,23.0,,,10.0,26.0
11_22_0_4317,,,,,-0.278238262,-1.107291555,-1.13355187,,-1.108319833,,,-0.697031779,,,,,,,,,,,,,,,,,
11_22_0_4321,,,,,1.932346647,0.084948865,-0.337557751,,-0.409609536,,,1.259369813,,,,,,17.0,22.0,,,121.0,24.0,142.0,62.0,,,17.0,51.0
11_22_0_4335,,,,,1.349391033,-0.255304144,-0.337557751,,-0.409609536,,,0.232886982,,,,,,15.0,21.0,,,101.0,10.0,138.0,60.0,,,14.0,42.0
11_22_0_4348,,,,,1.623891769,1.027372814,,,,,,-0.503452599,,,,,,,,,,,,,,,,,
11_22_0_4356,,,,,0.091483796,0.850360951,-0.337557751,,-0.409609536,,,0.680719692,,,,,,,,,,,,,,,,,
11_22_0_4362,,,,,-0.585595906,-1.261068121,-1.447924047,,-1.388743791,,,-1.774888747,,,,,,12.0,19.0,,,80.0,1.0,90.0,21.0,,,8.0,16.0
11_22_0_4383,,,,,0.06345142,0.002865021,-0.337557751,,-0.871384764,,,-0.25124572,,,,,,15.0,21.0,,,76.0,0.0,103.0,28.0,,,10.0,25.0
11_22_0_4384,,,,,0.006313184,-0.51546287,,,,,,-1.482458887,,,,,,,,,,,,,,,,,
11_22_0_4385,,,,,0.29344949,-0.478733579,-0.337557751,,-0.409609536,,,0.278852618,,,,,,,,,,,,101.0,27.0,,,,
11_22_0_4386,,,,,1.038832451,-0.14162512,-0.337557751,,-0.409609536,,,-0.132765074,,,,,,17.0,22.0,,,101.0,10.0,103.0,28.0,,,13.0,36.0
11_22_0_4387,,,,,-0.00641643,-0.528988026,-1.13355187,,-0.770671457,,,-0.02964133,,,,,,12.0,19.0,,,76.0,0.0,103.0,28.0,,,12.0,32.0
11_22_0_4388,,,,,0.023664259,-0.896322979,-1.816912109,,-0.871384764,,,-0.712973666,,,,,,,,,,,,,,,,,
11_22_0_4389,,,,,0.068220042,-2.143921705,-1.062494151,,-0.770671457,,,-0.670415593,,,,,,13.0,20.0,,,80.0,1.0,93.0,23.0,,,,
11_22_0_4415,,,,,0.335907495,-0.126290565,-0.426648189,-0.690145528,-0.342302296,,,-0.182033322,,,,,,13.0,20.0,,,93.0,6.0,104.0,29.0,,,13.0,37.0
11_22_0_4420,,,,,-0.05338967,-0.797790017,-0.129983735,-0.338939368,0.180899397,,,0.296843596,,,,,,13.0,20.0,,,125.0,27.0,140.0,61.0,,,14.0,39.0
11_22_0_4448,,,,,1.349391033,0.911055187,-1.317073119,-0.084667129,-0.571496625,,,1.067293927,,,,,,13.0,20.0,,,132.0,32.0,127.0,51.0,,,18.0,58.0
11_22_0_4449,,,,,-0.575428306,-2.613137617,-0.670627165,-1.019447221,-0.637712508,,,-1.49560767,,,,,,,,,,,,,,,,,
11_22_0_4450,,,,,0.109336886,-0.013900137,-1.081375531,-0.540095064,-0.318832229,,,-0.118842033,,,,,,15.0,21.0,,,118.0,22.0,140.0,61.0,,,11.0,30.0
11_22_0_4460,,,,,0.555303171,-0.827417674,0.597684576,-0.995679765,-0.137792889,,,-0.662042256,,,,,,15.0,21.0,,,80.0,1.0,97.0,25.0,,,10.0,25.0
11_22_0_4474,,,,,0.266348496,-0.02627377,-0.442009144,-0.298318749,0.132845695,,,1.124745219,,,,,,17.0,22.0,,,108.0,15.0,,,,,16.0,49.0
11_22_0_4476,,,,,0.94686536,0.087675131,-0.670627165,-0.603430283,-0.474412181,,,-0.118842033,,,,,,15.0,21.0,,,83.0,2.0,108.0,33.0,,,10.0,24.0
11_22_0_4477,,,,,0.621928202,0.383893044,-0.28246833,-0.298318749,0.118741708,,,0.870635899,,,,,,15.0,21.0,,,102.0,11.0,116.0,40.0,,,17.0,53.0
11_22_0_4519,,,,,-0.034994279,-0.860389537,-0.413405355,-0.876238289,-1.630121163,,,-1.08939917,,,,,,9.0,16.0,,,93.0,6.0,114.0,38.0,,,8.0,18.0
33_0_19_1000,female,not hispanic,white,0.0,-0.247829892,-0.394884359,-1.289887799,,,-2.218622435,-1.999348509,-2.006109753,,,,,,,,,,,,,,,,,
33_0_19_1001,male,not hispanic,white,0.0,-0.229833383,-0.634895239,-0.276085204,-1.060504785,-1.598519761,,-1.34071177,,20.0,,27.0,,,,,,,,,,,,,,
33_0_19_1002,male,not hispanic,white,0.0,0.134948056,-0.407376856,-0.979111768,,,-0.923780466,-0.654580148,-1.57185596,,,,,,,,,,,,,,,,,
33_0_19_1003,male,not hispanic,white,0.0,-0.222835569,-1.071785915,-0.276085204,-0.534889289,0.056736095,,-1.661306139,,37.0,,38.0,,,,,,,,,,,,,,
33_0_19_1004,,not hispanic,black or african american,0.0,0.019872665,-1.459871827,-1.178346143,,,-1.30559795,-1.610452783,-0.15397596,,,,,,,,,,,,,,,,,
33_0_19_1005,female,not hispanic,white,0.0,,-0.198608072,,0.190804689,-1.045010786,,,,,,42.0,,,,,,,,,,,,,,
33_0_19_1006,male,not hispanic,white,0.0,0.110205686,-0.23340797,-0.443446929,,,-0.904023908,-0.234733032,-0.418739525,,,,,,,,,,,,,,,,,
33_0_19_1007,male,not hispanic,white,0.0,-0.237524577,-0.356015834,-0.441446689,-0.32746735,-0.826407527,,0.132281316,,44.0,,39.0,,,,,,,,,,,,,,
33_0_19_1008,female,not hispanic,white,0.0,-0.386527528,-2.257350842,0.240805342,,,-0.053530175,-1.518473838,-2.006109753,,,,,,,,,,,,,,,,,
33_0_19_1009,male,not hispanic,white,0.0,0.293039241,-0.997964037,0.004281495,-0.342805771,-0.40938044,,-1.255266611,,37.0,,43.0,,,,,,,,,,,,,,
33_0_19_1010,female,not hispanic,white,0.0,-0.5925496,-2.257350842,-1.306446007,,,-2.169648561,-1.999348509,-2.006109753,,,,,,,,,,,,,,,,,
33_0_19_1016,female,not hispanic,white,0.0,-1.8695606,-1.928098201,-0.397976429,-0.946952943,-1.016871692,,-0.854170204,,35.0,,32.0,,,,,,,,,,,,,,
33_0_19_1017,male,not hispanic,white,0.0,0.104224161,-1.261863346,-0.790678093,,,-1.131693857,-1.362630431,-1.57185596,,,,,,,,,,,,,,,,,
33_0_19_1018,male,not hispanic,white,0.0,-0.402482224,-1.341623346,-0.665868388,-1.253078132,-0.13405806,,-0.94296153,,28.0,,25.0,,,,,,,,,,,,,,
33_0_19_1019,female,not hispanic,white,0.0,-0.999020965,-1.295958779,-0.077960829,,,0.233886098,-1.720242949,-1.57185596,,,,,,,,,,,,,,,,,
33_0_19_1020,female,hispanic,white,0.0,1.343847237,-0.775929238,0.146866922,0.603612989,-0.213877932,,-0.703262519,,53.0,,,,,,,,,,,,,,,,
33_0_19_1028,female,not hispanic,white,0.0,0.618388439,-1.459871827,-0.299388492,,,-1.441377468,-1.453784396,0.123676162,,,,,,,,,,,,,,,,,
33_0_19_1029,male,not hispanic,multi-racial,0.0,0.347521583,-0.896601198,-1.010579927,-2.160636582,-1.10963016,,-1.537882106,,20.0,,32.0,,,,,,,,,,,,,,
33_0_19_1030,female,hispanic,white,0.0,0.565027995,0.078870602,0.732189543,,,-0.811642508,0.198159107,0.405991549,,,,,,,,,,,,,,,,,
33_0_19_1031,male,hispanic,white,0.0,0.293519288,-0.740616203,-0.89459929,,,-0.733485038,-2.05947567,-0.604409167,,,,,,,,,,,,,,,,,
33_0_19_1032,female,not hispanic,white,0.0,-0.221037631,-1.02393041,-0.281991613,-0.555026293,-0.818023379,,-1.352944826,,20.0,,19.0,,,,,,,,,,,,,,
33_0_19_1033,male,not hispanic,white,0.0,0.955977004,-0.806484227,-0.967543605,-0.526634008,-0.874959712,,-0.736535489,,30.0,,29.0,,,,,,,,,,,,,,
33_0_19_1047,female,not hispanic,white,0.0,0.983526343,-0.319130395,-0.549174505,,,0.067800606,-0.034580248,-0.719872322,,,,,,,,,,,,,,,,,
33_0_19_1048,male,not hispanic,white,0.0,0.949463211,-0.467299534,-0.385753018,-0.645279931,-0.500594315,,-0.401157984,,58.0,,41.0,,,,,,,,,,,,,,
33_0_19_1060,female,not hispanic,white,0.0,0.949463211,0.319196931,0.004281495,-0.110100078,0.62769785,,-1.605243011,,51.0,,36.0,,,,,,,,,,,,,,
33_0_19_1061,female,not hispanic,white,0.0,-0.551189116,-0.662591072,-0.356707389,,,-0.990550116,-1.461337309,-1.056604029,,,,,,,,,,,,,,,,,
33_0_19_1062,female,not hispanic,white,0.0,-0.063279368,-0.978529161,-0.80209047,-0.345613103,-0.974361443,,-1.165967728,,33.0,,33.0,,,,,,,,,,,,,,
33_0_19_1063,male,not hispanic,white,0.0,0.061616085,-1.261863346,-1.031786518,,,-0.261087541,-1.1698802,-1.411901971,,,,,,,,,,,,,,,,,
33_0_19_1064,male,not hispanic,white,0.0,0.089468339,-0.408226105,-0.751067462,-0.106648877,0.09141137,,-1.208852015,,44.0,,60.0,,,,,,,,,,,,,,
33_0_19_1065,female,not hispanic,white,0.0,-0.269747815,-0.937429285,-0.883927897,,,-1.174169368,-1.461337309,-1.060426526,,,,,,,,,,,,,,,,,
33_0_19_1066,male,not hispanic,white,0.0,0.955977004,-0.384036747,-0.614427723,-0.020265777,-0.051753346,,-2.617118257,,33.0,,33.0,,,,,,,,,,,,,,
33_0_19_1067,male,not hispanic,white,0.0,-0.405126837,-1.341623346,-1.329234713,-0.128626408,-0.05388607,,-0.558283495,,26.0,,26.0,,,,,,,,,,,,,,
33_0_19_1068,female,not hispanic,white,0.0,0.983526343,0.262739457,0.732189543,,,-0.736631217,-0.085390103,-0.15397596,,,,,,,,,,,,,,,,,
33_0_19_1069,,not hispanic,white,0.0,0.477376373,-1.174660701,-0.566559617,-1.412986559,-0.713496279,,-0.592525784,,39.0,,33.0,,,,,,,,,,,,,,
33_0_19_1073,female,not hispanic,black or african american,0.0,-1.8695606,-2.330603465,-3.575070205,-2.160636582,-3.206010686,,-2.617118257,,25.0,,14.0,,,,,,,,,,,,,,
33_0_19_1074,male,not hispanic,white,0.0,0.983526343,-0.740616203,-0.315019131,,,-0.399119835,-0.401710928,-0.10771654,,,,,,,,,,,,,,,,,
33_0_19_1075,female,not hispanic,white,0.0,,-1.169907547,,0.150482519,-0.540685618,,,,,,31.0,,,,,,,,,,,,,,
33_0_19_1078,male,not hispanic,white,0.0,0.233806393,-0.388232255,-0.977754943,,,-0.381988265,-0.401710928,-0.604409167,,,,,,,,,,,,,,,,,
44_19_0_1000,male,not hispanic,black or african american,0.0,0.401988626,0.672789397,-0.146172319,0.210538031,0.62769785,,0.891388937,,64.0,,43.0,,,,,,,,,,,,,,
44_19_0_1001,female,not hispanic,multi-racial,0.0,0.385793504,-0.267763195,-0.550647186,,,-1.036964682,-0.513312262,-0.276295995,,,,,,,,,,,,,,,,,
44_19_0_1005,,not hispanic,multi-racial,0.0,0.298764402,-1.529714707,-0.673109578,-0.32746735,-0.740321322,,-0.548797994,,39.0,,35.0,,,,,,,,,,,,,,
44_19_0_1006,male,not hispanic,black or african american,0.0,0.983526343,0.519610214,-0.604786414,,,-0.324549392,0.254961321,0.789043143,,,,,,,,,,,,,,,,,
44_19_0_1007,female,not hispanic,multi-racial,1.0,0.949463211,-0.009222795,-0.185287185,0.603612989,0.020181571,,0.891388937,,41.0,,40.0,,,,,,,,,,,,,,
44_19_0_1010,male,not hispanic,white,0.0,0.112162999,-0.144463666,-0.179119722,-0.46619216,0.016059766,,0.699207771,,40.0,,36.0,,,,,,,,,,,,,,
44_19_0_1011,male,hispanic,multi-racial,0.0,0.235378029,-0.816431114,-1.029097537,,,-1.332008255,-0.971415886,-0.566987243,,,,,,,,,,,,,,,,,
44_19_0_1012,female,not hispanic,white,0.0,0.10328998,-0.653880963,-0.276085204,-0.445381192,0.173759258,,-1.075118349,,37.0,,29.0,,,,,,,,,,,,,,
44_19_0_1013,female,not hispanic,white,0.0,0.983526343,-0.51197261,0.349434016,,,0.095152779,0.33312874,-0.276295995,,,,,,,,,,,,,,,,,
44_19_0_1015,female,not hispanic,white,0.0,0.622959971,0.262739457,0.508229942,,,0.490623418,-1.185421252,0.861798817,,,,,,,,,,,,,,,,,
44_19_0_1017,male,not hispanic,black or african american,0.0,0.65325084,0.032887966,-0.098879787,-0.110100078,0.173759258,,-2.11328818,,26.0,,27.0,,,,,,,,,,,,,,
44_19_0_1018,female,not hispanic,black or african american,0.0,1.436016879,-1.007557007,-1.074045459,,,-0.903930722,0.331958427,0.795505199,,,,,,,,,,,,,,,,,
44_19_0_1019,male,not hispanic,white,0.0,0.866750416,0.319196931,-0.872095022,0.311460618,-0.733432191,,-0.691109338,,37.0,,28.0,,,,,,,,,,,,,,
44_19_0_1021,female,not hispanic,black or african american,0.0,0.983526343,0.771194985,0.53080797,,,0.490623418,0.539597405,1.819362263,,,,,,,,,,,,,,,,,
44_19_0_1022,male,not hispanic,white,0.0,-0.749663013,0.672789397,-1.103750137,-0.342805771,-0.141081207,,0.699207771,,48.0,,29.0,,,,,,,,,,,,,,
44_19_0_1023,male,hispanic,white,0.0,0.65862447,-0.479233521,0.13920878,,,0.34349508,0.930087813,0.012410435,,,,,,,,,,,,,,,,,
44_19_0_1024,female,not hispanic,multi-racial,0.0,0.880771119,0.239933399,-1.484454977,-0.373087999,0.514280041,,-1.004685829,,51.0,,26.0,,,,,,,,,,,,,,
44_19_0_1025,female,not hispanic,black or african american,0.0,0.983526343,-0.785651815,-1.273750943,,,-1.13116604,0.403217559,-1.056604029,,,,,,,,,,,,,,,,,
44_19_0_1026,male,hispanic,multi-racial,0.0,0.49667741,-0.775289417,-0.369794467,-1.725138538,0.338828787,,-0.726671939,,33.0,,30.0,,,,,,,,,,,,,,
44_19_0_1027,male,not hispanic,black or african american,0.0,0.983526343,-0.206573088,-1.090310439,,,-0.186118186,-0.469513335,0.557447916,,,,,,,,,,,,,,,,,
44_19_0_1028,female,not hispanic,multi-racial,0.0,0.57703067,-0.629838333,0.120852261,0.603612989,0.684800615,,0.240118489,,33.0,,41.0,,,,,,,,,,,,,,
44_19_0_1031,female,not hispanic,black or african american,0.0,0.618388439,-0.195320506,-0.17589443,,,0.504745884,-0.356286139,-0.058253105,,,,,,,,,,,,,,,,,
44_19_0_1033,female,not hispanic,multi-racial,1.0,1.343847237,-0.634895239,-0.26136762,-0.147026385,-0.304730784,,0.891388937,,50.0,,33.0,,,,,,,,,,,,,,
44_19_0_1034,female,not hispanic,white,0.0,0.620503916,-0.368564092,0.419968654,,,0.43499299,-0.513312262,1.171307884,,,,,,,,,,,,,,,,,
44_19_0_1035,female,not hispanic,white,0.0,0.49667741,-0.192511654,0.628458285,-0.300371727,0.204985568,,0.41654993,,46.0,,65.0,,,,,,,,,,,,,,
44_19_0_1036,female,not hispanic,black or african american,0.0,1.436016879,-0.680640678,-0.71797657,,,-0.909439829,0.764975276,0.14154967,,,,,,,,,,,,,,,,,
44_19_0_1037,female,not hispanic,white,0.0,0.451106122,0.27595723,-0.126789336,-0.479307407,0.412558705,,0.769987808,,43.0,,30.0,,,,,,,,,,,,,,
44_19_0_1038,male,not hispanic,black or african american,0.0,0.231750783,-0.054306304,-0.09241122,,,-0.47137609,-0.553273857,-0.276295995,,,,,,,,,,,,,,,,,
44_19_0_1039,female,not hispanic,multi-racial,0.0,0.607285488,-0.775289417,-0.275206667,-1.18878677,-0.058166403,,0.503049619,,46.0,,40.0,,,,,,,,,,,,,,
44_19_0_1040,male,not hispanic,black or african american,0.0,-0.276716711,-0.487346894,-1.123886326,-2.160636582,-0.909590127,,-0.044225848,,35.0,,26.0,,,,,,,,,,,,,,
44_19_0_1042,female,not hispanic,white,0.0,0.955977004,0.005599338,0.150453232,0.603612989,0.511198173,,0.338537269,,75.0,,42.0,,,,,,,,,,,,,,
44_19_0_1043,male,not hispanic,black or african american,0.0,0.846448253,0.123525671,-0.706601959,,,-0.300658215,0.238760043,-0.91618572,,,,,,,,,,,,,,,,,
55_19_0_1000,female,not hispanic,american indian or alaska native,0.0,-0.063279368,-0.775289417,-0.687812654,-0.56578231,-0.257049244,,-1.356867015,,31.0,,29.0,,,,,,,,,,,,,,
55_19_0_1001,female,not hispanic,white,0.0,-0.883994169,-2.257350842,-0.883589186,,,-0.235439906,-0.982587956,-2.006109753,,,,,,,,,,,,,,,,,
55_19_0_1002,female,hispanic,multi-racial,0.0,0.134262753,-0.913202925,-1.684315423,-0.842796098,-0.354536409,,-0.249212914,,23.0,,21.0,,,,,,,,,,,,,,
55_19_0_1003,male,not hispanic,white,0.0,0.61777393,0.444653166,-1.643268858,,,0.042738775,-0.401710928,-0.701029664,,,,,,,,,,,,,,,,,
55_19_0_1004,female,not hispanic,white,0.0,0.1289356,-1.566410177,0.004281495,-1.289818333,-1.131859601,,-1.153815082,,30.0,,27.0,,,,,,,,,,,,,,
55_19_0_1005,male,hispanic,multi-racial,1.0,0.721443891,0.444653166,-0.456507039,,,-0.301445578,-1.138181991,-1.163312662,,,,,,,,,,,,,,,,,
55_19_0_1006,female,not hispanic,white,0.0,0.663611794,-0.908206884,0.364622375,-0.315606566,0.62769785,,0.094192727,,42.0,,45.0,,,,,,,,,,,,,,
55_19_0_1007,female,not hispanic,white,0.0,-1.635509452,-1.173218837,-0.368454175,,,-0.576778616,-1.720242949,-0.719872322,,,,,,,,,,,,,,,,,
55_19_0_1008,male,not hispanic,white,0.0,-0.144084749,-1.529714707,-0.554532455,-0.985937429,-0.351992989,,-1.186624042,,22.0,,26.0,,,,,,,,,,,,,,
55_19_0_1009,female,not hispanic,white,0.0,-0.065170418,-1.264042844,-1.04201427,,,-0.423437172,-0.077217979,-1.57185596,,,,,,,,,,,,,,,,,
55_19_0_1010,male,not hispanic,white,0.0,1.343847237,-0.634895239,-0.276085204,-1.236536042,0.444346025,,-0.466057605,,65.0,,47.0,,,,,,,,,,,,,,
55_19_0_1011,male,not hispanic,white,0.0,-0.341419418,-0.937429285,0.508229942,,,-0.664297664,-1.043722418,-0.697490925,,,,,,,,,,,,,,,,,
55_19_0_1012,male,not hispanic,multi-racial,0.0,0.49732402,0.005599338,-0.376381575,-0.159102996,-0.154111276,,0.545325594,,33.0,,25.0,,,,,,,,,,,,,,
55_19_0_1013,female,not hispanic,white,0.0,0.65862447,-0.976956506,0.632107298,,,-0.423437172,-1.185421252,-0.38063919,,,,,,,,,,,,,,,,,
55_19_0_1014,female,not hispanic,white,0.0,-0.06316223,-1.672230046,-0.588571613,-2.160636582,-0.248176074,,-1.015581181,,33.0,,34.0,,,,,,,,,,,,,,
55_19_0_1015,male,not hispanic,white,0.0,0.105518434,-0.946056784,-1.047667425,,,-1.441567783,-0.650457033,-2.000937636,,,,,,,,,,,,,,,,,
55_19_0_1016,female,not hispanic,white,0.0,0.18663143,-1.512368559,-0.85734156,-2.160636582,-1.119163685,,-1.453765299,,37.0,,27.0,,,,,,,,,,,,,,
55_19_0_1017,female,not hispanic,white,0.0,0.218527977,-0.682039019,-0.235423885,,,0.34349508,0.03812075,0.543482705,,,,,,,,,,,,,,,,,
55_19_0_1018,female,not hispanic,white,0.0,0.203027655,-0.252491626,0.628458285,-0.466850456,0.386518361,,-0.063081574,,37.0,,35.0,,,,,,,,,,,,,,
55_19_0_1019,male,not hispanic,white,0.0,0.52911715,-0.146374497,-1.61527725,,,-0.659111027,0.548069304,-1.69895842,,,,,,,,,,,,,,,,,
55_19_0_1020,female,not hispanic,white,0.0,0.657474518,-0.030145675,-0.410594251,0.013388174,-0.336597408,,-0.872128736,,53.0,,34.0,,,,,,,,,,,,,,
55_19_0_1021,male,not hispanic,white,0.0,0.074124282,-1.227447492,-0.125606658,,,-0.47137609,-0.556923228,-0.10771654,,,,,,,,,,,,,,,,,
55_19_0_1022,female,not hispanic,white,0.0,-0.16792005,-0.775289417,-0.857420488,-0.451379352,0.365563314,,-0.851052673,,49.0,,39.0,,,,,,,,,,,,,,
55_19_0_1023,male,not hispanic,white,0.0,0.319504935,-0.139793186,0.508229942,,,-0.503737182,-1.610452783,0.14154967,,,,,,,,,,,,,,,,,
55_19_0_1024,female,not hispanic,white,0.0,-0.082975981,-2.330603465,-1.378344678,-2.160636582,-0.423530032,,-0.806111371,,31.0,,22.0,,,,,,,,,,,,,,
55_19_0_1025,female,not hispanic,white,0.0,0.414376455,0.123525671,-0.073165336,,,-0.195676351,-0.054250693,-0.075158011,,,,,,,,,,,,,,,,,
55_19_0_1026,female,not hispanic,white,0.0,0.030426981,-0.70371001,-0.836168429,-0.044471531,-0.128953378,,-1.374592319,,28.0,,23.0,,,,,,,,,,,,,,
55_19_0_1027,male,not hispanic,white,0.0,-0.006724871,-0.357585187,0.732189543,,,-0.195676351,-1.47842446,0.557447916,,,,,,,,,,,,,,,,,
55_19_0_1028,female,not hispanic,white,0.0,0.679232595,-0.030145675,-0.501829004,-0.302177027,-0.565178263,,-1.48558744,,33.0,,36.0,,,,,,,,,,,,,,
55_19_0_1029,male,not hispanic,white,0.0,0.65862447,-1.085008021,-0.637912834,,,-0.6830745,-1.1698802,-0.293516096,,,,,,,,,,,,,,,,,
55_19_0_1030,male,not hispanic,white,0.0,-0.243228744,-0.92353858,-0.892783385,-1.635360299,-1.102310717,,-0.812193545,,34.0,,36.0,,,,,,,,,,,,,,
55_19_0_1031,male,not hispanic,multi-racial,0.0,-1.258602974,-2.257350842,-1.515023559,,,-1.242218005,-0.123268237,-1.57185596,,,,,,,,,,,,,,,,,
55_19_0_1032,female,not hispanic,white,0.0,-1.8695606,-1.341623346,-0.149401514,-1.725138538,-0.206685215,,-1.838259785,,31.0,,32.0,,,,,,,,,,,,,,
55_19_0_1033,female,not hispanic,white,0.0,0.220047282,-0.649698168,-0.162181434,,,-0.528276524,-0.560085398,-1.060426526,,,,,,,,,,,,,,,,,
55_19_0_1034,female,not hispanic,white,0.0,0.354934448,-0.743126331,-0.384445679,-0.22732181,0.20518317,,-0.344874883,,46.0,,36.0,,,,,,,,,,,,,,
55_19_0_1035,female,not hispanic,white,0.0,0.565027995,-1.076657515,-0.521426584,,,-0.669491238,-0.845419853,-0.388018284,,,,,,,,,,,,,,,,,
55_19_0_1036,male,not hispanic,white,0.0,-1.8695606,-1.01940145,0.153919985,-0.947628767,0.378728528,,-2.617118257,,41.0,,34.0,,,,,,,,,,,,,,
55_19_0_1037,female,not hispanic,white,0.0,0.349966217,-1.137637688,-0.471799094,,,-0.576008229,0.061484457,-0.697490925,,,,,,,,,,,,,,,,,
55_19_0_1038,male,not hispanic,white,0.0,0.423968574,-0.81429512,-0.853296611,-0.368117516,0.00380905,,-0.229485385,,40.0,,38.0,,,,,,,,,,,,,,
55_19_0_1039,female,not hispanic,white,0.0,0.618388439,-0.206573088,0.732189543,,,0.910267721,0.939491745,1.417727315,,,,,,,,,,,,,,,,,
55_19_0_1040,female,hispanic,multi-racial,0.0,0.205149452,-0.807650988,-1.031881395,-2.160636582,-0.128953378,,-0.555719296,,42.0,,35.0,,,,,,,,,,,,,,
55_19_0_1041,female,not hispanic,white,0.0,0.183962004,0.262739457,0.327636672,,,-0.210894242,-0.063216404,0.14154967,,,,,,,,,,,,,,,,,
55_19_0_1042,male,not hispanic,white,0.0,-0.412216747,-0.743126331,-3.575070205,-2.160636582,-0.141237589,,-0.883716275,,23.0,,27.0,,,,,,,,,,,,,,
55_19_0_1043,female,not hispanic,white,0.0,0.983526343,-0.687191857,0.284356016,,,0.442204247,-0.130473143,-0.697490925,,,,,,,,,,,,,,,,,
55_19_0_1044,male,not hispanic,white,0.0,0.866750416,0.672789397,-0.479979052,-0.254240733,0.378728528,,-0.242444403,,57.0,,48.0,,,,,,,,,,,,,,
55_19_0_1045,male,not hispanic,white,0.0,0.47812123,-0.43898173,-1.915469774,,,0.181914159,0.246687068,0.743174888,,,,,,,,,,,,,,,,,
55_19_0_1046,female,not hispanic,white,0.0,-1.8695606,-1.529714707,-0.718648778,-2.160636582,-1.732817405,,-1.490434563,,44.0,,36.0,,,,,,,,,,,,,,
55_19_0_1047,female,not hispanic,white,0.0,0.06256473,-1.051406355,-0.197101877,,,-0.81259863,-0.35807174,-0.276295995,,,,,,,,,,,,,,,,,
55_19_0_1048,female,hispanic,multi-racial,0.0,-0.859141331,-1.350265467,-1.586108697,-1.330604038,-2.208331406,,-1.48558744,,19.0,,20.0,,,,,,,,,,,,,,
55_19_0_1049,female,not hispanic,white,0.0,0.289608463,-0.66875575,,,,-0.503345389,-1.27825868,-1.163312662,,,,,,,,,,,,,,,,,
55_19_0_1050,male,not hispanic,white,0.0,-0.285749228,-0.752698577,-0.612472168,-1.228730503,-0.760949513,,-2.323891978,,28.0,,17.0,,,,,,,,,,,,,,
55_19_0_1051,male,not hispanic,white,0.0,-1.635509452,-1.32094998,-0.95045257,,,-0.485590645,-0.082326765,-1.57185596,,,,,,,,,,,,,,,,,
55_19_0_1052,male,hispanic,white,0.0,-0.472958207,-2.330603465,-0.936221335,-2.160636582,-1.495200387,,-0.418170465,,13.0,,18.0,,,,,,,,,,,,,,
55_19_0_1053,male,not hispanic,white,0.0,-0.307381116,-0.813187451,-0.883589186,,,-0.495308783,-1.376164373,-1.530990302,,,,,,,,,,,,,,,,,
55_19_0_1054,female,not hispanic,white,0.0,0.089468339,-0.494674691,-0.964825928,-2.160636582,0.280092441,,-0.183653901,,35.0,,32.0,,,,,,,,,,,,,,
55_19_0_1055,female,not hispanic,white,0.0,0.983526343,-2.257350842,-1.114239573,,,-1.948025505,0.211711019,-0.572619584,,,,,,,,,,,,,,,,,
55_19_0_1056,female,not hispanic,white,0.0,-1.8695606,-1.797950982,-1.025842996,-2.160636582,-0.826407527,,-1.165967728,,18.0,,15.0,,,,,,,,,,,,,,
55_19_0_1057,male,not hispanic,white,0.0,0.983526343,-0.091820686,-0.002135561,,,-0.577936663,-1.32376823,-0.604409167,,,,,,,,,,,,,,,,,
55_19_0_1058,female,not hispanic,white,0.0,0.232313333,-0.760852574,-0.376381575,-1.073825456,-0.506829599,,-1.542097082,,51.0,,34.0,,,,,,,,,,,,,,
55_19_0_1059,female,not hispanic,white,0.0,0.983526343,-0.230016802,-0.312790235,,,-0.576778616,-0.894970145,-0.383953204,,,,,,,,,,,,,,,,,
55_19_0_1060,female,not hispanic,white,0.0,0.479225206,-0.249080259,-0.392799348,-1.208534722,-0.381922967,,0.279413229,,36.0,,28.0,,,,,,,,,,,,,,
55_19_0_1061,,,,,-0.668371976,-1.444640267,-0.347214163,,,0.177024859,-1.320254986,-0.906253167,,,,,,,,,,,,,,,,,
55_19_0_1062,female,not hispanic,white,0.0,0.209039096,-0.832227896,-1.685904481,-1.725138538,-1.255818755,,-1.031160625,,26.0,,28.0,,,,,,,,,,,,,,
55_19_0_1063,female,not hispanic,white,0.0,0.973404148,-0.319130395,-0.647058651,,,-0.503737182,-1.32376823,-0.276295995,,,,,,,,,,,,,,,,,
55_19_0_1064,male,not hispanic,white,0.0,0.703050454,-1.423256403,-0.827537877,-1.224755401,-0.732908096,,0.383843667,,30.0,,26.0,,,,,,,,,,,,,,
55_19_0_1065,female,not hispanic,white,0.0,-1.635509452,-1.136316896,-1.12175363,,,-1.257783349,-1.201371729,-1.060426526,,,,,,,,,,,,,,,,,
55_19_0_1066,male,not hispanic,white,0.0,0.184906408,-0.775289417,-1.713756109,-0.656974425,-0.408570854,,-0.483350797,,33.0,,25.0,,,,,,,,,,,,,,
55_19_0_1067,female,not hispanic,white,0.0,-0.286172313,-0.944479486,-0.300709385,-0.647557529,0.173759258,,-0.95899694,,39.0,,39.0,,,,,,,,,,,,,,
55_19_0_1068,female,not hispanic,white,0.0,0.955977004,-0.084819679,-0.551910058,-1.302675064,-0.454801354,,0.036457956,,29.0,,28.0,,,,,,,,,,,,,,
55_19_0_1069,male,not hispanic,white,0.0,-1.635509452,-2.257350842,-1.100406764,,,-1.225390017,-2.05947567,0.200640469,,,,,,,,,,,,,,,,,
55_21_0_3000,female,not hispanic,white,0.0,,-0.525659796,,-0.769712367,-0.768984743,-0.454260351,-0.901934021,,,,20.0,,,9.0,16.0,,,99.0,9.0,101.0,27.0,,,11.0,28.0
55_21_0_3001,,,,,,-2.255384668,,-1.539457782,-2.506702101,-1.282669982,-1.600387569,,4.0,,,,,,,,,,,,,,,,
55_21_0_3002,,,,,,-2.255384668,,-2.048978015,-1.233989323,-1.06153882,-0.112010629,,2.0,,29.0,,,9.0,16.0,,,76.0,0.0,83.0,17.0,,,12.0,31.0
55_21_0_3003,male,not hispanic,white,0.0,,-0.968490962,,-2.048978015,-1.133781597,-0.568633595,-1.439892175,,10.0,,30.0,,,11.0,18.0,,,91.0,5.0,83.0,17.0,,,9.0,22.0
55_21_0_3005,,,,,,-2.255384668,,,-3.138415299,-1.06153882,,,41.0,,,,,,,,,,,,,,,,
55_21_0_3006,,,,,,-0.340922421,,-2.048978015,-0.630299405,-0.133203217,-0.332245377,,25.0,,29.0,,,10.0,17.0,,,86.0,3.0,90.0,21.0,,,10.0,25.0
55_21_0_3007,,,,,,-1.80978954,,-2.048978015,-1.186274188,-0.617602538,-2.373450344,,34.0,,45.0,,,8.0,15.0,,,76.0,0.0,81.0,16.0,,,10.0,25.0
55_21_0_3008,,,,,,-1.796132528,,-2.048978015,-1.149559792,-1.050871841,-1.600387569,,3.0,,24.0,,,10.0,17.0,,,76.0,0.0,81.0,16.0,,,,
55_21_0_3009,,,,,,-2.255384668,,-2.048978015,-2.175390254,-1.048477533,-0.839073457,,20.0,,17.0,,,8.0,14.0,,,83.0,2.0,88.0,20.0,,,5.0,4.0
55_21_0_3010,,,,,,-0.097854706,,-2.048978015,-0.9872057,-1.29334035,-0.903908063,,50.0,,34.0,,,10.0,17.0,,,104.0,12.0,116.0,40.0,,,11.0,27.0
55_21_0_3011,,,,,,-2.255384668,,-2.048978015,-2.548055765,0.095790987,-1.439892175,,8.0,,19.0,,,5.0,11.0,,,80.0,1.0,83.0,17.0,,,1.0,0.0
55_21_0_3012,female,,multi-racial,1.0,,-1.023893776,,-2.048978015,-0.54726103,-0.208310888,-2.037290756,,48.0,,27.0,,,10.0,17.0,,,91.0,5.0,84.0,18.0,,,10.0,23.0
55_22_0_4000,,,,,0.265113693,0.466403096,-1.520195509,,-1.063267086,,,-1.395600563,,,,,,10.0,17.0,,,107.0,14.0,116.0,40.0,,,9.0,19.0
55_22_0_4001,,,,,-0.392655191,-2.055859847,-1.292964184,-2.137801366,-1.521579017,,,-1.896567952,,,,,,13.0,20.0,,,93.0,6.0,91.0,22.0,,,8.0,17.0
55_22_0_4002,female,not hispanic,white,0.0,0.909690465,0.665966084,-0.661704645,-0.088577101,-0.188504285,,,-0.455365443,,,,,,13.0,20.0,,,93.0,6.0,114.0,38.0,,,12.0,33.0
55_22_0_4003,,,,,-1.626013165,-1.258291983,-1.302719437,-2.137801366,-0.547840669,,,-0.612818952,,,,,,11.0,18.0,,,95.0,7.0,103.0,28.0,,,13.0,38.0
55_22_0_4004,,,,,-0.552693697,-0.725649357,0.687210764,-2.137801366,-0.638352941,,,-0.421217551,,,,,,10.0,17.0,,,80.0,1.0,93.0,23.0,,,11.0,29.0
55_22_0_4005,,,,,0.265113693,-0.974070833,0.687210764,-0.522978569,0.969189435,,,1.050198608,,,,,,15.0,21.0,,,91.0,5.0,103.0,28.0,,,14.0,43.0
55_22_0_4006,,,,,-0.263005817,-0.722505472,-0.337557751,-1.253316301,-0.165420361,,,-1.788532463,,,,,,,,,,,,,,,,,
55_22_0_4007,,,,,-1.626013165,-1.734866166,-1.172659916,-2.137801366,-0.509207249,,,-1.153406179,,,,,,11.0,18.0,,,102.0,11.0,116.0,40.0,,,14.0,41.0
55_22_0_4008,,,,,-0.263005817,-0.54732572,-1.546674324,-2.137801366,-0.993602253,,,-0.257792178,,,,,,13.0,20.0,,,97.0,8.0,123.0,47.0,,,11.0,30.0
55_22_0_4009,,,,,-0.837584276,-0.829101452,,,,,,-1.894424018,,,,,,7.0,13.0,,,76.0,0.0,97.0,25.0,,,8.0,17.0
55_22_0_4010,,,,,0.04728362,-0.668352095,,,,,,-0.096236508,,,,,,13.0,20.0,,,93.0,6.0,101.0,27.0,,,13.0,37.0
55_22_0_4011,,,,,-0.008346406,-0.45436685,,,,,,0.125946583,,,,,,13.0,20.0,,,101.0,10.0,105.0,30.0,,,14.0,42.0
55_22_0_4012,,,,,0.670535841,0.226561611,,,,,,0.325577664,,,,,,12.0,19.0,,,93.0,6.0,108.0,33.0,,,11.0,28.0
55_22_0_4014,,,,,-0.259134914,-0.288823336,,,,,,0.443685072,,,,,,12.0,19.0,,,91.0,5.0,104.0,29.0,,,16.0,48.0
55_22_0_4015,,,,,0.249137273,-0.563908971,,,,,,0.129330589,,,,,,13.0,20.0,,,93.0,6.0,104.0,29.0,,,14.0,41.0
55_22_0_4018,,,,,,,-1.87939335,0.290075222,0.158744882,,,,,,,,,,,,,,,,,,,,
55_22_0_4019,,,,,,-0.15052381,0.647180122,-0.611646378,0.245762013,,,,,,,,,15.0,21.0,,,97.0,8.0,107.0,32.0,,,13.0,35.0
55_22_0_4020,,,,,,-1.394416455,-0.311129462,-0.826902628,-0.380123621,,,,,,,,,12.0,19.0,,,93.0,6.0,104.0,29.0,,,10.0,24.0
55_22_0_4021,,,,,,-1.196680889,-0.859996952,-0.530084322,-0.721878998,,,,,,,,,11.0,18.0,,,93.0,6.0,107.0,32.0,,,12.0,34.0
55_22_0_4024,,,,,,-0.562811664,-0.55018426,-0.334264097,-0.589016505,,,,,,,,,13.0,20.0,,,88.0,4.0,109.0,34.0,,,14.0,40.0
55_22_0_4027,,,,,0.511122666,-0.087259843,,,,,,-0.879442482,,,,,,12.0,19.0,,,95.0,7.0,107.0,32.0,,,14.0,39.0
55_22_0_4028,,,,,1.114953573,0.345509613,,,,,,-0.953629316,,,,,,13.0,20.0,,,111.0,17.0,126.0,50.0,,,15.0,44.0
55_22_0_4029,,,,,-0.103790017,-0.45436685,,,,,,-0.002241775,,,,,,11.0,18.0,,,119.0,23.0,120.0,44.0,,,14.0,40.0
55_22_0_4030,,,,,-0.886153264,-2.307407777,,,,,,-1.745529852,,,,,,8.0,14.0,,,76.0,0.0,93.0,23.0,,,8.0,17.0
55_22_0_4032,,,,,1.27577104,-0.45436685,,,,,,0.150750372,,,,,,10.0,17.0,,,108.0,15.0,110.0,35.0,,,17.0,51.0
55_22_0_4034,,,,,0.185710482,-0.45436685,,,,,,,,,,,,,,,,,,,,,,,
55_22_0_4058,,,,,,-0.510551906,0.126214332,-0.008794221,0.107941965,,,,,,,,,15.0,21.0,,,105.0,13.0,112.0,36.0,,,14.0,41.0
55_22_0_4061,,,,,,-1.014284448,-0.823013712,-0.925570317,-0.993039246,,,,,,,,,12.0,19.0,,,102.0,11.0,122.0,46.0,,,,
55_22_0_4063,female,not hispanic,white,0.0,,-0.202162421,-0.383872218,-0.655018542,-0.455977583,,,,,,,,,17.0,22.0,,,102.0,11.0,120.0,44.0,,,13.0,38.0
55_22_0_4064,,,,,,-0.371756172,0.142971966,0.064561186,0.009504562,,,,,,,,,15.0,21.0,,,110.0,16.0,106.0,31.0,,,18.0,56.0
55_22_0_4066,,,,,0.606891354,0.046402986,,,,,,0.537538615,,,,,,17.0,22.0,,,105.0,13.0,118.0,42.0,,,15.0,47.0
55_22_0_4067,,,,,0.441583452,-0.368203745,,,,,,0.156403383,,,,,,13.0,20.0,,,97.0,8.0,103.0,28.0,,,17.0,51.0
55_22_0_4069,female,not hispanic,white,0.0,0.393682919,-0.970681337,,,,,,-0.01977283,,,,,,11.0,18.0,,,101.0,10.0,104.0,29.0,,,15.0,47.0
55_22_0_4070,,,,,0.573334298,,,,,,,,,,,,,,,,,,,,,,,,
55_22_0_4071,,,,,0.626723809,-0.123108536,,,,,,-0.241255402,,,,,,15.0,21.0,,,113.0,18.0,127.0,51.0,,,14.0,43.0
55_22_0_4072,,,,,0.338210914,-0.72386307,,,,,,-0.721039338,,,,,,11.0,18.0,,,88.0,4.0,112.0,36.0,,,16.0,48.0
55_22_0_4074,,,,,0.083968781,0.089179508,,,,,,-0.420833958,,,,,,15.0,21.0,,,93.0,6.0,108.0,33.0,,,14.0,43.0
55_22_0_4092,,,,,,,,-0.513381129,0.400409597,,,,,,,,,,,,,,,,,,,,
55_22_0_4098,,,,,,-0.137939413,0.213351881,-0.151863713,0.502578737,,,,,,,,,15.0,21.0,,,99.0,9.0,107.0,32.0,,,14.0,40.0
55_22_0_4107,,,,,0.777433717,-2.307407777,,,,,,,,,,,,,,,,,,,,,,,
55_22_0_4205,,,,,,-0.696494762,-1.371821326,-0.923819306,-1.714134336,,,,,,,,,8.0,14.0,,,88.0,4.0,104.0,29.0,,,12.0,33.0
55_22_0_4206,female,not hispanic,white,0.0,,-0.698808995,-0.311540961,0.90980115,0.331342073,,,,,,,,,17.0,22.0,,,95.0,7.0,114.0,38.0,,,,
55_22_0_4209,,,,,,-0.56902528,-1.087020928,-0.756735011,-0.727969482,,,,,,,,,10.0,17.0,,,102.0,11.0,125.0,49.0,,,10.0,24.0
55_22_0_4215,male,not hispanic,white,0.0,-0.259134914,-0.668352095,,,,,,0.235414009,,,,,,10.0,17.0,,,80.0,1.0,99.0,26.0,,,,
55_22_0_4223,,,,,-0.256986185,-0.846136287,-1.886144985,-2.137801366,-1.013721406,,,-1.273130509,,,,,,9.0,16.0,,,83.0,2.0,91.0,22.0,,,9.0,21.0
55_22_0_4224,,,,,,-0.631439941,-0.813795011,-0.023361711,-0.262998747,,,,,,,,,13.0,20.0,,,95.0,7.0,99.0,26.0,,,14.0,43.0
55_22_0_4225,,,,,,-0.636698206,-2.797213341,0.131412416,0.912914054,,,,,,,,,15.0,21.0,,,80.0,1.0,97.0,25.0,,,14.0,40.0
55_22_0_4227,,,,,,-0.696494762,0.647180122,-0.031444113,-0.029322768,,,,,,,,,13.0,20.0,,,111.0,17.0,133.0,56.0,,,17.0,53.0
55_22_0_4228,,,,,,,-2.566035242,-2.137801366,-2.834572416,,,,,,,,,,,,,,,,,,,,
55_22_0_4229,,,,,,-2.315712213,-1.707100093,-2.137801366,-3.375420021,,,,,,,,,3.0,8.0,,,83.0,2.0,93.0,23.0,,,6.0,10.0
55_22_0_4235,male,not hispanic,white,0.0,0.458476283,-0.444545364,,,,,,-0.741556968,,,,,,13.0,20.0,,,97.0,8.0,103.0,28.0,,,11.0,29.0
66_19_0_1000,female,not hispanic,black or african american,0.0,-0.186491148,-1.13767888,-0.230566347,-1.158153068,-1.30694872,,-0.229996553,,40.0,,23.0,,,,,,,,,,,,,,
66_19_0_1001,female,not hispanic,black or african american,0.0,-0.81052869,-1.364569095,-3.02602755,,,-0.499693885,-0.234733032,-0.276295995,,,,,,,,,,,,,,,,,
66_19_0_1002,male,not hispanic,black or african american,0.0,,,-0.686722293,-0.601980043,-1.141245848,-0.040635115,,0.235879591,,30.0,28.0,,,,,,,,,,,,,,
66_19_0_1003,female,not hispanic,black or african american,0.0,-0.140724313,-0.687489809,-0.53694083,-2.160636582,-1.242284305,,0.055411584,,29.0,,25.0,,,,,,,,,,,,,,
66_19_0_1004,female,not hispanic,black or african american,0.0,-1.635509452,-1.358764373,0.223885786,,,-1.356329198,-0.42947295,-1.299753518,,,,,,,,,,,,,,,,,
66_19_0_1005,male,not hispanic,black or african american,0.0,,,-1.03257852,-0.974067994,-1.029295128,-0.922592354,,-1.066195361,,15.0,25.0,,,,,,,,,,,,,,
66_19_0_1006,male,not hispanic,black or african american,0.0,-1.8695606,-2.330603465,-2.2299435,-0.983173197,-1.479518902,,0.380037566,,30.0,,32.0,,,,,,,,,,,,,,
66_19_0_1007,female,not hispanic,black or african american,0.0,-1.255084178,-0.731738881,-1.281983241,,,-1.24196819,0.393894918,0.322314616,,,,,,,,,,,,,,,,,
66_19_0_1008,female,not hispanic,black or african american,0.0,,,-1.135706409,-1.45402371,-1.374612928,-0.741292745,,-1.066195361,,7.0,56.0,,,,,,,,,,,,,,
66_19_0_1010,female,not hispanic,black or african american,0.0,-1.635509452,-1.038861714,-0.929069097,,,-1.009958698,0.396600589,-1.056604029,,,,,,,,,,,,,,,,,
66_19_0_1011,male,not hispanic,black or african american,0.0,,,-1.168396838,-0.525539198,-0.485685923,-0.822398655,,0.191723515,,46.0,45.0,,,,,,,,,,,,,,
66_19_0_1012,male,not hispanic,black or african american,0.0,-0.544189455,-0.828141001,-0.524579558,0.603612989,-0.608423532,,-0.867207187,,25.0,,33.0,,,,,,,,,,,,,,
66_19_0_1013,male,not hispanic,black or african american,0.0,-0.487374836,-1.442075921,-2.463911723,,,-1.95451075,-0.671659366,-0.462645002,,,,,,,,,,,,,,,,,
66_19_0_1014,male,not hispanic,black or african american,0.0,,,-2.290676529,-1.979338673,-3.350855225,-1.213897287,,,,,28.0,,,,,,,,,,,,,,
66_19_0_1015,,,,,-0.657518257,-2.330603465,-0.554532455,-2.160636582,-1.256141552,,-0.824551783,,12.0,,26.0,,,,,,,,,,,,,,
66_19_0_1016,female,not hispanic,black or african american,0.0,-1.635509452,-2.257350842,-2.247747791,,,-2.091544609,-1.440032225,-1.060426526,,,,,,,,,,,,,,,,,
66_19_0_1018,female,not hispanic,multi-racial,0.0,-0.371878951,-2.330603465,-0.859516767,-1.725138538,-1.270945252,,-2.617118257,,26.0,,51.0,,,,,,,,,,,,,,
66_19_0_1019,male,,black or african american,0.0,-1.255902062,-0.948491627,-0.759832106,,,-0.424613506,0.377867833,-0.10771654,,,,,,,,,,,,,,,,,
66_19_0_1020,female,not hispanic,multi-racial,0.0,,,-2.147485941,-1.979338673,-1.754718509,-0.208351837,,-1.066195361,,27.0,37.0,,,,,,,,,,,,,,
66_19_0_1021,male,not hispanic,black or african american,0.0,-1.476117546,-2.330603465,-2.846915313,-2.160636582,-3.065884957,,-0.785154662,,23.0,,42.0,,,,,,,,,,,,,,
66_19_0_1022,female,not hispanic,black or african american,0.0,-0.466513879,-1.405743731,-1.463079256,,,-1.799436415,-1.329521396,-1.57185596,,,,,,,,,,,,,,,,,
66_19_0_1023,male,not hispanic,black or african american,0.0,,,-0.520828006,-0.210854343,-0.911451606,-0.040635115,,0.191723515,,15.0,39.0,,,,,,,,,,,,,,
66_19_0_1025,female,hispanic,,0.0,-1.635509452,-2.257350842,-1.73441458,,,-2.602384212,-2.05947567,-1.57185596,,,,,,,,,,,,,,,,,
66_19_0_1026,female,not hispanic,black or african american,0.0,,,-1.200487566,-1.979338673,-1.90502155,-1.814269354,,-0.406996128,,13.0,22.0,,,,,,,,,,,,,,
66_19_0_1028,male,hispanic,,1.0,-0.997141233,-2.257350842,-2.791028579,,,-1.926259168,0.376383494,-2.006109753,,,,,,,,,,,,,,,,,
66_19_0_1029,female,,black or african american,0.0,,,-1.127247573,-0.953606463,-1.49245813,-1.546115635,,-0.165580424,,6.0,27.0,,,,,,,,,,,,,,
66_19_0_1030,female,,black or african american,0.0,0.694622969,-0.986611966,-0.898129975,-0.356728557,-1.89383131,,-0.94296153,,50.0,,30.0,,,,,,,,,,,,,,
66_19_0_1031,male,not hispanic,black or african american,0.0,-0.257302751,-0.69103426,-0.62492771,,,-0.261477998,0.430245293,-1.530990302,,,,,,,,,,,,,,,,,
66_19_0_1032,female,,,0.0,,,-1.060739896,-0.102624031,-1.233551747,-0.208351837,,-0.839991992,,22.0,33.0,,,,,,,,,,,,,,
66_19_0_1036,female,not hispanic,white,0.0,-1.8695606,-1.946382807,-0.726964197,-2.160636582,-1.05783307,,-0.573952177,,33.0,,24.0,,,,,,,,,,,,,,
66_19_0_1037,male,not hispanic,multi-racial,0.0,-0.669548393,-2.257350842,-1.479871975,,,-2.095783019,-1.184047653,-0.862788476,,,,,,,,,,,,,,,,,
66_19_0_1041,male,not hispanic,black or african american,0.0,,,-1.323405067,-1.979338673,-2.322834217,-1.213897287,,-0.839991992,,50.0,36.0,,,,,,,,,,,,,,
66_19_0_1042,male,not hispanic,black or african american,0.0,-1.249034885,-1.529714707,-0.881163566,-1.251581159,0.233829811,,-0.7090323,,36.0,,34.0,,,,,,,,,,,,,,
66_19_0_1043,female,not hispanic,multi-racial,0.0,-1.008705337,-2.257350842,-0.671256742,,,-0.428800025,-1.611744254,-0.959330864,,,,,,,,,,,,,,,,,
66_19_0_1044,female,not hispanic,black or african american,0.0,,,-2.02523397,-1.979338673,-3.025196093,-1.546115635,,-0.839991992,,26.0,20.0,,,,,,,,,,,,,,
66_19_0_1045,male,not hispanic,white,0.0,-0.801791065,-1.529714707,-1.44899579,-1.043889491,-0.973716186,,-1.854369108,,22.0,,26.0,,,,,,,,,,,,,,
66_19_0_1046,male,,multi-racial,0.0,-0.551189116,-1.184313402,-0.945364131,,,-1.354128264,-1.928996756,-0.604409167,,,,,,,,,,,,,,,,,
66_19_0_1047,male,not hispanic,black or african american,0.0,,,-1.418144935,-0.942988142,-1.498912893,-0.98378898,,-0.406996128,,9.0,26.0,,,,,,,,,,,,,,
66_19_0_1048,male,hispanic,,1.0,0.136185188,-1.295717011,-0.458852256,-0.044471531,-1.418457485,,0.060130634,,50.0,,31.0,,,,,,,,,,,,,,
66_19_0_1049,female,,black or african american,0.0,-0.668371976,-1.195606329,-0.472807262,,,-1.708382302,-0.091182611,-1.060426526,,,,,,,,,,,,,,,,,
66_19_0_1050,female,not hispanic,black or african american,0.0,,,-1.256915881,-1.979338673,-1.339822269,-0.741292745,,-1.570694817,,16.0,33.0,,,,,,,,,,,,,,
66_19_0_1051,male,not hispanic,white,0.0,-0.077682597,-0.928073657,-0.106314677,-0.428430865,-0.301651937,,-0.100934007,,38.0,,36.0,,,,,,,,,,,,,,
66_19_0_1052,male,not hispanic,white,0.0,0.04481131,-0.648123501,-0.268454834,,,-0.606272799,-0.126316046,1.230003614,,,,,,,,,,,,,,,,,
66_19_0_1053,,,black or african american,0.0,,,-1.638331324,-1.668913579,-2.14111369,-1.546115635,,-0.775385156,,6.0,10.0,,,,,,,,,,,,,,
66_19_0_1054,female,not hispanic,black or african american,0.0,-1.8695606,-2.330603465,-2.389487659,-1.725138538,-1.535165987,,-0.04982505,,38.0,,29.0,,,,,,,,,,,,,,
66_19_0_1055,male,not hispanic,multi-racial,0.0,-1.243584163,-2.257350842,-2.160294554,,,-1.316149822,-2.057529377,-2.006109753,,,,,,,,,,,,,,,,,
66_19_0_1056,male,not hispanic,multi-racial,0.0,,,-0.520828006,-0.969426741,-0.75572541,-1.008638836,,-0.406996128,,17.0,26.0,,,,,,,,,,,,,,
66_19_0_1057,male,,black or african american,0.0,-1.8695606,-2.330603465,-2.119261421,-2.160636582,-0.988038883,,-0.103937338,,33.0,,31.0,,,,,,,,,,,,,,
66_19_0_1058,female,not hispanic,white,0.0,-0.819379767,-1.261863346,0.732189543,,,-0.312598289,-0.830991612,-0.223501946,,,,,,,,,,,,,,,,,
66_19_0_1059,male,not hispanic,black or african american,0.0,,,-0.650377899,-0.942266926,-0.128315026,-0.040635115,,-0.406996128,,27.0,29.0,,,,,,,,,,,,,,
66_19_0_1060,female,not hispanic,black or african american,0.0,-1.053174984,-2.330603465,-1.772357453,-2.160636582,-1.282231175,,-1.407562115,,32.0,,33.0,,,,,,,,,,,,,,
66_19_0_1061,male,not hispanic,black or african american,0.0,-1.635509452,-0.388232255,0.284356016,,,-0.676912034,0.930087813,-0.819594653,,,,,,,,,,,,,,,,,
66_19_0_1062,female,,black or african american,0.0,,,-1.923409182,-1.979338673,-1.723492206,-0.787582091,,-1.570694817,,25.0,25.0,,,,,,,,,,,,,,
66_19_0_1063,male,not hispanic,black or african american,0.0,-0.752073222,-1.05896135,-1.40588003,-0.863508839,-1.0119332,,-0.703727066,,38.0,,32.0,,,,,,,,,,,,,,
66_19_0_1064,female,not hispanic,black or african american,0.0,-1.635509452,-0.874521178,-0.619892135,,,-2.424724474,-1.720242949,-1.125944434,,,,,,,,,,,,,,,,,
66_19_0_1065,female,not hispanic,black or african american,0.0,,,-1.305475036,-1.979338673,-1.394582809,-0.98378898,,0.851224518,,18.0,38.0,,,,,,,,,,,,,,
66_19_0_1066,male,not hispanic,black or african american,0.0,-1.8695606,-2.330603465,-1.025842996,-2.160636582,-0.940348478,,0.279413229,,34.0,,40.0,,,,,,,,,,,,,,
66_19_0_1067,male,not hispanic,white,0.0,0.415933541,-1.002679228,-0.125606658,,,-0.053530175,-0.63785609,0.19933105,,,,,,,,,,,,,,,,,
66_19_0_1068,female,not hispanic,black or african american,0.0,-0.108047042,-1.566410177,-1.380390387,-1.289818333,-2.01955399,,-0.57434672,,48.0,,31.0,,,,,,,,,,,,,,
66_19_0_1069,female,not hispanic,black or african american,0.0,-0.390214884,-1.583830037,-0.088615276,,,0.34349508,-1.38602773,-0.255304722,,,,,,,,,,,,,,,,,
66_19_0_1070,male,not hispanic,black or african american,0.0,-1.255902062,-1.679297254,-2.672296855,,,-2.078029173,-0.533974387,-1.57185596,,,,,,,,,,,,,,,,,
66_19_0_1071,female,not hispanic,white,0.0,-0.666693328,-0.659435417,-1.299450512,-1.474019067,-1.287226299,,-0.613902287,,22.0,,32.0,,,,,,,,,,,,,,
66_19_0_1075,female,not hispanic,black or african american,0.0,-0.666693328,-2.330603465,-1.184647917,-2.160636582,-1.971071114,,-0.312781437,,37.0,,34.0,,,,,,,,,,,,,,
66_19_0_1076,male,not hispanic,black or african american,0.0,-1.258602974,-1.311544414,0.508229942,,,-0.689740438,-0.830991612,-1.060426526,,,,,,,,,,,,,,,,,
66_19_0_1080,male,not hispanic,black or african american,0.0,0.618388439,-0.230016802,-1.351286865,,,-1.188874008,-2.05947567,-0.604409167,,,,,,,,,,,,,,,,,
66_19_0_1081,female,not hispanic,white,0.0,-1.8695606,-1.566410177,-1.558144493,-0.832175801,-1.330757769,,0.042524281,,31.0,,34.0,,,,,,,,,,,,,,
66_19_0_1082,male,not hispanic,black or african american,0.0,0.063931442,-0.775289417,0.232299521,-1.21197306,0.378728528,,0.111607868,,36.0,,33.0,,,,,,,,,,,,,,
66_19_0_1084,female,not hispanic,black or african american,0.0,-0.752073222,-1.100830352,-0.799604108,-0.888068657,-0.320246759,,0.303097556,,24.0,,26.0,,,,,,,,,,,,,,
66_19_0_1086,male,not hispanic,multi-racial,0.0,0.65862447,-0.856559988,-0.180276677,,,-0.195676351,0.55501166,0.202997913,,,,,,,,,,,,,,,,,
66_19_0_1087,male,hispanic,multi-racial,0.0,0.041423039,-0.837818192,-1.263438782,,,-0.14240371,-0.63785609,-1.530990302,,,,,,,,,,,,,,,,,
66_19_0_1090,female,not hispanic,black or african american,0.0,-1.635509452,-1.459871827,0.154986961,,,-0.827298975,-0.718014563,-1.060426526,,,,,,,,,,,,,,,,,
66_19_0_1092,male,,black or african american,0.0,-1.635509452,-1.459871827,0.000732293,,,-0.877722351,-1.461337309,-1.056604029,,,,,,,,,,,,,,,,,
66_19_0_1093,female,not hispanic,multi-racial,0.0,1.436016879,-0.530615294,-0.141762276,,,-0.649849051,0.211711019,-0.701029664,,,,,,,,,,,,,,,,,
66_19_0_1098,male,,black or african american,0.0,-0.896240974,-1.651410256,-0.904079238,-2.160636582,-0.697677094,,-0.903731435,,17.0,,21.0,,,,,,,,,,,,,,
66_19_0_1100,male,,multi-racial,0.0,,-2.257350842,-2.603187534,,,-1.073017892,-2.593557871,,,,,,,,,,,,,,,,,,
66_19_0_1105,female,hispanic,black or african american,0.0,0.717542039,0.005599338,-0.126105688,-0.128626408,-0.899908541,,0.072725393,,48.0,,31.0,,,,,,,,,,,,,,
66_19_0_1107,male,not hispanic,black or african american,0.0,-0.423073408,-2.330603465,-1.448393898,-2.160636582,-1.067253674,,-1.537882106,,24.0,,28.0,,,,,,,,,,,,,,
66_19_0_1108,male,not hispanic,multi-racial,0.0,0.156189746,-0.482400915,-1.545333338,,,-1.043410513,-2.324799157,0.184358807,,,,,,,,,,,,,,,,,
66_19_0_1110,male,not hispanic,black or african american,0.0,-1.635509452,-2.257350842,-2.639660471,,,-0.70866167,-1.30459247,-0.418739525,,,,,,,,,,,,,,,,,
66_19_0_1114,male,not hispanic,white,0.0,,,-0.751069297,-1.964122415,-0.099031235,-0.411987307,-1.410951588,-0.581517681,,,,,,,,,,,,,,,,,
66_19_0_1116,female,not hispanic,multi-racial,0.0,0.983526343,0.078870602,-0.812922656,,,-0.503737182,-0.513312262,-0.604409167,,,,,,,,,,,,,,,,,
66_19_0_1118,female,not hispanic,black or african american,0.0,0.263460992,-1.529714707,-0.85734156,-0.302177027,-0.948837255,,-0.824792902,,41.0,,37.0,,,,,,,,,,,,,,
66_19_0_1120,female,hispanic,multi-racial,1.0,-1.8695606,-0.70371001,-0.633358782,-1.635360299,-0.960921479,,-1.648510563,,24.0,,22.0,,,,,,,,,,,,,,
66_19_0_1123,female,not hispanic,black or african american,0.0,,-2.257350842,,,,-1.345362319,-0.009720994,,,,,,,,,,,,,,,,,,
66_19_0_1127,male,not hispanic,white,0.0,,-0.658898433,,-0.895021557,-0.760175438,,,,,,26.0,,,,,,,,,,,,,,
66_19_0_1131,male,not hispanic,black or african american,0.0,-1.635509452,-2.257350842,-1.421760051,,,-1.181074931,-1.999348509,-1.69895842,,,,,,,,,,,,,,,,,
66_19_0_1132,female,,black or african american,0.0,,-0.908855801,,-0.549456599,-0.400341367,,,,,,31.0,,,,,,,,,,,,,,
66_19_0_1134,male,not hispanic,black or african american,1.0,,-2.257350842,,,,-0.984888507,-0.012929197,,,,,,,,,,,,,,,,,,
66_19_0_1135,male,not hispanic,white,0.0,,-0.295910358,,0.190804689,-0.344439889,,,,,,33.0,,,,,,,,,,,,,,
66_19_0_1136,female,not hispanic,black or african american,0.0,-0.496375558,-2.257350842,-1.832365168,,,-1.742740352,-1.197964211,-1.056604029,,,,,,,,,,,,,,,,,
66_19_0_1138,male,not hispanic,black or african american,0.0,-0.222835569,-0.879465109,-0.624078084,-0.368206923,-0.800863717,,-1.091577471,,39.0,,33.0,,,,,,,,,,,,,,
66_19_0_1140,female,not hispanic,asian,0.0,,-0.583031278,,,,0.34349508,0.743763759,,,,,,,,,,,,,,,,,,
66_21_0_3060,,,,,-1.315229362,-2.315712213,-0.701955727,-1.680301324,-1.290638072,-1.114255465,,0.375825002,19.0,,,,,11.0,18.0,,,76.0,0.0,86.0,19.0,,,8.0,18.0
66_21_0_3061,,,,,-0.723503825,,-0.6190039,-2.137801366,-0.7972069,,,-1.896567952,43.0,,35.0,,,13.0,20.0,,,116.0,21.0,128.0,52.0,,,9.0,20.0
66_21_0_3062,,,,,-0.695195613,-1.181907405,-0.162890544,-1.072296788,-1.23412117,-1.36217589,,0.885895611,23.0,,19.0,,,11.0,18.0,,,80.0,1.0,84.0,18.0,,,10.0,25.0
66_21_0_3063,,,,,-1.286511001,-2.315712213,-1.392258106,-2.137801366,-0.537065246,-1.082204984,,-0.727390216,23.0,,,,,8.0,15.0,,,76.0,0.0,81.0,16.0,,,6.0,8.0
66_21_0_3064,,,,,0.262828365,-1.640992613,-1.368045158,-1.363642479,-1.163223487,-0.684674038,,-0.630020561,13.0,,37.0,,,8.0,14.0,,,76.0,0.0,81.0,16.0,,,8.0,16.0
66_21_0_3065,,,,,0.172102067,,-3.113961418,-2.137801366,-1.394677956,,,,1.0,,6.0,,,8.0,15.0,,,76.0,0.0,81.0,16.0,,,1.0,0.0
66_21_0_3066,,,,,-0.594292038,-2.315712213,-1.411637679,-2.137801366,-0.895459063,-1.6054542,,-0.360863441,1.0,,22.0,,,11.0,18.0,,,76.0,0.0,81.0,16.0,,,8.0,16.0
66_21_0_3067,,,,,-1.626013165,,-1.12869979,-1.415165172,-1.761210196,,,,,,20.0,,,10.0,17.0,,,76.0,0.0,81.0,16.0,,,10.0,26.0
66_21_0_3068,,,,,-0.695195613,,-0.410904791,-2.137801366,-0.199308378,,,,36.0,,33.0,,,13.0,20.0,,,83.0,2.0,91.0,22.0,,,11.0,29.0
66_21_0_3069,,,,,-0.54389036,-0.934439408,-0.550755577,-2.137801366,-1.720946933,-1.156273588,,-0.775192837,17.0,,26.0,,,8.0,14.0,,,76.0,0.0,81.0,16.0,,,9.0,19.0
66_21_0_3070,,,,,-1.626013165,-0.861919087,-2.630422661,-2.137801366,-1.122440345,-1.295425369,,-0.118842033,4.0,,19.0,,,11.0,18.0,,,76.0,0.0,81.0,16.0,,,9.0,20.0
66_21_0_3114,,not hispanic,black or african american,0.0,-1.626013165,-2.315712213,-1.077425072,-2.137801366,-1.553218974,-0.933608864,,-1.395600563,3.0,,16.0,,,9.0,16.0,,,83.0,2.0,81.0,16.0,,,8.0,16.0
66_21_0_3115,,,,,-0.992885079,-0.976800368,-0.818733761,-1.023926918,-1.178441713,-0.684674038,,-0.803448236,7.0,,22.0,,,9.0,16.0,,,88.0,4.0,83.0,17.0,,,8.0,18.0
66_21_0_3116,,,,,-0.54389036,-2.315712213,-1.720734374,-2.137801366,-1.881956989,-1.108361534,,-1.896567952,12.0,,30.0,,,9.0,16.0,,,80.0,1.0,88.0,20.0,,,6.0,7.0
66_21_0_3117,female,not hispanic,black or african american,0.0,0.137252829,-1.808020147,-0.467750228,-0.644163159,-0.17704726,-0.114620771,,-1.75881487,13.0,,26.0,,,12.0,19.0,,,83.0,2.0,88.0,20.0,,,10.0,23.0
66_21_0_3118,,,,,-0.54389036,-2.315712213,-1.033654901,-2.137801366,-0.919588586,,,-0.748888013,10.0,,18.0,,,12.0,19.0,,,80.0,1.0,86.0,19.0,,,12.0,32.0
66_21_0_3119,,,,,0.759106062,-0.856675259,0.194920053,-1.303758331,-0.757971485,-0.948353816,,-0.519970525,6.0,,23.0,,,11.0,18.0,,,80.0,1.0,88.0,20.0,,,8.0,15.0
66_21_0_3120,,,,,-1.315229362,-1.23179471,-0.823013712,-2.137801366,-1.416153815,-0.724299335,,-1.75881487,2.0,,14.0,,,,,,,,,,,,,,
66_21_0_3121,,,,,-0.993567972,-0.753968592,-1.144804157,-1.418068649,-1.239371857,-0.919886594,,-0.492674422,2.0,,9.0,,,11.0,18.0,,,86.0,3.0,83.0,17.0,,,10.0,23.0
66_21_0_3122,,,,,-1.626013165,-0.241980842,-0.760689323,-0.793340351,-0.748697969,-0.181897732,,-0.126471796,12.0,,13.0,,,11.0,18.0,,,86.0,3.0,84.0,18.0,,,10.0,26.0
66_21_0_3123,,,,,-1.626013165,-1.110333611,-3.113961418,-2.137801366,-0.658632227,-0.886128777,,-1.73883568,3.0,,29.0,,,8.0,14.0,,,76.0,0.0,83.0,17.0,,,9.0,20.0
66_21_0_3124,,,,,-1.232433413,-1.514798266,-1.869468061,-2.137801366,-1.412066585,0.279967694,,-1.033584163,,,26.0,,,8.0,15.0,,,76.0,0.0,81.0,16.0,,,9.0,22.0
66_21_0_3125,,,,,-0.850007928,-1.38894266,-0.815696561,-1.241520665,-1.264498909,-0.128813561,,-0.972796858,1.0,,1.0,,,,,,,,,,,,,,
66_21_0_3126,,,,,0.211318877,-2.315712213,-2.050043945,-0.906088846,-2.022961375,-1.117933183,,-1.75881487,14.0,,5.0,,,,,,,,,,,,,,
66_21_0_3127,,,,,-1.626013165,-0.976342247,-0.606378969,-2.137801366,-0.835949716,-0.142035086,,0.011416499,8.0,,26.0,,,9.0,16.0,,,91.0,5.0,91.0,22.0,,,10.0,26.0
66_21_0_3128,,,,,-1.626013165,-1.783841554,-0.881676078,0.005642506,-0.267770393,-1.601109611,,0.005296008,27.0,,35.0,,,12.0,19.0,,,91.0,5.0,86.0,19.0,,,9.0,22.0
66_21_0_3129,,,,,-0.691783952,-1.432254437,-0.603932352,-1.629861888,-1.599919371,-0.695221391,,0.108638071,27.0,,26.0,,,9.0,16.0,,,83.0,2.0,90.0,21.0,,,9.0,22.0
66_21_0_3130,,,,,-0.54389036,-2.315712213,-2.021785335,-2.137801366,-2.81246077,-1.333737716,,-1.228042806,3.0,,20.0,,,7.0,13.0,,,76.0,0.0,81.0,16.0,,,8.0,18.0
66_21_0_3131,,,,,-1.626013165,-2.315712213,-0.937645652,-1.655689713,-0.05627117,0.511716054,,0.908753048,24.0,,17.0,,,13.0,20.0,,,93.0,6.0,95.0,24.0,,,12.0,31.0
66_21_0_3132,,,,,-1.626013165,-2.315712213,-0.101643511,-0.776171909,-0.689439116,-1.337719317,,-0.549809,6.0,,24.0,,,11.0,18.0,,,83.0,2.0,88.0,20.0,,,10.0,26.0
66_21_0_3133,,,,,-1.626013165,-2.315712213,-0.316236466,-2.137801366,-0.810917609,-1.570409806,,-1.896567952,36.0,,28.0,,,12.0,19.0,,,97.0,8.0,91.0,22.0,,,12.0,32.0
66_21_0_3134,,,,,-1.626013165,-1.808020147,-3.113961418,,-0.637102931,-1.126000651,,-1.425821026,7.0,,,,,11.0,18.0,,,76.0,0.0,86.0,19.0,,,11.0,27.0
66_21_0_3135,,,,,-1.626013165,-2.315712213,-0.818733761,-2.137801366,-2.085777775,-0.684674038,,-0.607711201,1.0,,27.0,,,,,,,,,,,,,,
66_21_0_3136,,,,,0.408692954,-1.38894266,-1.178894114,-0.974680627,-0.485355374,-0.117984223,,0.235944886,8.0,,26.0,,,9.0,16.0,,,80.0,1.0,83.0,17.0,,,6.0,8.0
66_21_0_3137,,,,,-1.315229362,,-1.403278009,-1.6705905,-2.394742221,,,,8.0,,19.0,,,10.0,17.0,,,76.0,0.0,81.0,16.0,,,7.0,13.0
66_21_0_3138,,,,,-0.509255622,-1.321675413,-2.208488129,-2.137801366,-1.629379032,,,-0.286082589,10.0,,29.0,,,,,,,,,,,,,,
66_21_0_3139,,,,,-1.626013165,-1.381201806,-2.488533203,-1.415165172,-0.115139973,-0.181897732,,-1.425821026,20.0,,21.0,,,17.0,22.0,,,76.0,0.0,86.0,19.0,,,9.0,21.0
66_21_0_3140,,,,,-1.232433413,-2.315712213,-1.271737989,-2.137801366,-2.136042631,-0.308716905,,-1.896567952,19.0,,32.0,,,10.0,17.0,,,76.0,0.0,83.0,17.0,,,8.0,17.0
66_21_0_3141,,,,,-1.226838157,,-1.409111941,-1.220081849,-2.897230835,,,,13.0,,24.0,,,9.0,16.0,,,76.0,0.0,93.0,23.0,,,9.0,20.0
66_21_0_3142,,,,,-1.626013165,-2.315712213,-1.109293586,-2.137801366,-2.368930731,-1.570409806,,-1.395600563,8.0,,29.0,,,10.0,17.0,,,76.0,0.0,81.0,16.0,,,,
66_21_0_3143,,,,,-1.626013165,-1.601518173,-1.363067132,-2.137801366,-1.453119847,-0.727624417,,-1.896567952,8.0,,53.0,,,9.0,16.0,,,83.0,2.0,81.0,16.0,,,12.0,34.0
66_21_0_3144,,,,,-0.661854073,-1.808020147,-0.929492891,-2.137801366,-0.169146788,-0.308716905,,-1.896567952,1.0,,24.0,,,10.0,17.0,,,80.0,1.0,81.0,16.0,,,8.0,15.0
66_21_0_3145,,,,,-1.626013165,-1.697786504,-1.081603463,-2.137801366,-0.896867441,0.046268873,,-0.462461069,18.0,,26.0,,,12.0,19.0,,,76.0,0.0,81.0,16.0,,,7.0,13.0
66_21_0_3146,,,,,,-2.315712213,,,-3.431723116,,,-1.797735195,,,,,,2.0,6.0,,,80.0,1.0,81.0,16.0,,,3.0,1.0
66_21_0_3147,,,,,-1.626013165,-0.908536488,-1.264567202,-2.137801366,-0.706152613,-1.117933183,,-0.236461478,24.0,,35.0,,,10.0,17.0,,,76.0,0.0,83.0,17.0,,,8.0,15.0
66_21_0_3148,,,,,-0.647664019,-2.315712213,-1.861336364,-2.137801366,-1.949659443,-1.082204984,,-1.033584163,2.0,,26.0,,,,,,,,,,,,,,
66_21_0_3149,,,,,-1.232433413,-1.808020147,-1.385020943,-2.137801366,-0.438089246,-0.147378333,,-1.542155476,1.0,,22.0,,,9.0,16.0,,,76.0,0.0,81.0,16.0,,,7.0,13.0
66_21_0_3150,female,,black or african american,0.0,-1.049935118,-0.901875376,-0.973802969,-1.680301324,-1.347431592,-0.161393227,,-0.126471796,36.0,,40.0,,,12.0,19.0,,,88.0,4.0,103.0,28.0,,,13.0,35.0
66_21_0_3151,,,,,-0.54389036,-2.315712213,-0.931769546,-2.137801366,-1.638566287,-0.912318395,,-1.891782464,13.0,,37.0,,,10.0,17.0,,,86.0,3.0,83.0,17.0,,,10.0,23.0
66_21_0_3152,,,,,-1.232433413,-1.808020147,-0.787521168,-2.137801366,-1.457787283,-1.117933183,,-1.542155476,23.0,,25.0,,,,,,,,,,,,,,
66_21_0_3153,,,,,-1.626013165,-2.315712213,-1.920953904,-2.137801366,-1.560608612,-1.859343144,,-1.896567952,7.0,,1.0,,,10.0,17.0,,,76.0,0.0,81.0,16.0,,,8.0,15.0
66_21_0_3154,,,,,-0.328456786,-1.808020147,-0.254198905,-0.818858624,-0.433743706,-1.337719317,,-1.896567952,22.0,,1.0,,,10.0,17.0,,,76.0,0.0,81.0,16.0,,,9.0,20.0
66_21_0_3155,,,,,-1.626013165,-2.315712213,-0.167652777,-2.137801366,-0.809571227,-1.570409806,,-0.39994089,12.0,,22.0,,,8.0,15.0,,,76.0,0.0,81.0,16.0,,,8.0,15.0
66_21_0_3176,male,not hispanic,black or african american,0.0,-0.499891697,-2.315712213,-0.222479797,-0.651319692,-1.350439508,,,-0.812050571,22.0,,33.0,,,11.0,18.0,,,76.0,0.0,88.0,20.0,,,8.0,15.0
66_21_0_3177,,,,,-1.626013165,-1.268895075,-1.121669768,-2.137801366,-1.14698485,-0.503291711,,-0.052903673,9.0,,28.0,,,11.0,18.0,,,80.0,1.0,81.0,16.0,,,9.0,22.0
66_21_0_3178,,,,,-1.626013165,-2.315712213,-0.306521401,-2.137801366,-1.342764231,-0.340564366,,-1.287491067,3.0,,15.0,,,12.0,19.0,,,76.0,0.0,86.0,19.0,,,9.0,20.0
66_21_0_3179,,,,,-0.54389036,-2.099424004,-1.12869979,-2.137801366,-1.856711339,-1.859343144,,-1.788532463,4.0,,26.0,,,9.0,16.0,,,76.0,0.0,81.0,16.0,,,10.0,23.0
66_21_0_3180,male,not hispanic,black or african american,0.0,-1.626013165,-1.808020147,-1.143372943,-2.137801366,-0.949377476,-1.859343144,,-1.033584163,3.0,,17.0,,,8.0,15.0,,,76.0,0.0,81.0,16.0,,,9.0,22.0
66_21_0_3181,,,,,-1.025912638,-0.871406708,-1.548664454,-2.137801366,-1.26252677,-0.923387083,,-0.503416318,8.0,,18.0,,,10.0,17.0,,,76.0,0.0,81.0,16.0,,,9.0,21.0
66_21_0_3182,,,,,-0.265472481,,-1.705290729,-1.680301324,-1.679312016,,,,16.0,,27.0,,,11.0,18.0,,,80.0,1.0,86.0,19.0,,,8.0,16.0
66_21_0_3183,,,,,-1.233391311,,-1.454390584,-2.137801366,-2.51863174,,,,1.0,,31.0,,,8.0,14.0,,,76.0,0.0,81.0,16.0,,,5.0,4.0
66_21_0_3184,,,,,0.286404588,-2.315712213,-1.709514086,-0.776805012,-1.637063673,-1.114255465,,-1.896567952,7.0,,34.0,,,10.0,17.0,,,76.0,0.0,81.0,16.0,,,6.0,10.0
66_21_0_3185,,,,,-0.993567972,-2.315712213,-0.550755577,-2.137801366,-1.413910251,-0.308716905,,-0.118842033,7.0,,10.0,,,9.0,16.0,,,76.0,0.0,83.0,17.0,,,10.0,25.0
66_21_0_3186,,,,,-0.989079954,-0.117183722,-0.445216299,-0.531977158,-0.190658742,0.010137683,,-1.395600563,11.0,,21.0,,,,,,,,,,,,,,
66_21_0_3188,,,,,0.74019877,-2.315712213,-0.545719962,-0.805471687,-1.475709136,-1.078540737,,-1.395600563,11.0,,33.0,,,9.0,16.0,,,76.0,0.0,81.0,16.0,,,6.0,9.0
66_21_0_3189,,,,,-0.434218876,-0.483593428,-0.554857301,-0.5656926,-0.420485784,0.507560289,,-0.220529161,16.0,,33.0,,,8.0,15.0,,,88.0,4.0,90.0,21.0,,,7.0,11.0
66_21_0_3190,,,,,-1.626013165,-2.315712213,-0.229713241,-2.137801366,-0.714913663,-0.535028246,,-1.033584163,36.0,,21.0,,,10.0,17.0,,,80.0,1.0,90.0,21.0,,,8.0,17.0
66_21_0_3191,,,,,-0.804061253,-1.043428303,-1.596621961,-2.137801366,-1.270264819,-0.923387083,,-0.664923542,40.0,,25.0,,,9.0,16.0,,,88.0,4.0,90.0,21.0,,,9.0,21.0
66_21_0_3192,,,,,-1.626013165,-0.770262271,-0.473684833,-0.735096837,0.035355384,-1.337719317,,-0.74430018,6.0,,23.0,,,13.0,20.0,,,91.0,5.0,83.0,17.0,,,9.0,19.0
66_21_0_3193,,,,,-1.626013165,-2.315712213,-1.100172786,-2.137801366,-1.770059832,-0.684674038,,-0.527126872,31.0,,29.0,,,8.0,14.0,,,76.0,0.0,83.0,17.0,,,9.0,22.0
66_21_0_3194,male,hispanic,,1.0,-0.670836838,-1.808020147,-1.458851167,-2.137801366,-2.054851471,-1.082204984,,-1.542155476,37.0,,25.0,,,9.0,16.0,,,91.0,5.0,95.0,24.0,,,8.0,15.0
66_21_0_3195,,,,,-0.691783952,-1.370951408,-0.607959521,-2.137801366,-1.345987293,-0.125344627,,-0.471908852,3.0,,19.0,,,9.0,16.0,,,80.0,1.0,83.0,17.0,,,9.0,19.0
66_21_0_3196,male,,black or african american,0.0,-1.626013165,-2.315712213,-1.063847268,-2.137801366,-0.313375869,-1.116404595,,-0.9931737,29.0,,50.0,,,8.0,15.0,,,91.0,5.0,93.0,23.0,,,8.0,16.0
66_21_0_3269,,,,,,-2.315712213,,,-0.399523452,-1.114255465,,-1.788532463,,,12.0,,,8.0,15.0,,,76.0,0.0,81.0,16.0,,,,
66_21_0_3273,,,,,,-0.945208204,,,0.260362228,0.035103058,,0.022113443,,,31.0,,,13.0,20.0,,,88.0,4.0,120.0,44.0,,,11.0,29.0
66_22_0_4000,,,,,-0.639826756,-1.136062581,,,,,,-1.102609143,,,,,,8.0,15.0,,,80.0,1.0,105.0,30.0,,,8.0,17.0
66_22_0_4001,,,,,-0.671333742,-2.307407777,,,,,,-1.246083893,,,,,,12.0,19.0,,,76.0,0.0,101.0,27.0,,,7.0,14.0
66_22_0_4002,,,,,-0.981696415,-2.307407777,,,,,,-1.150099558,,,,,,10.0,17.0,,,76.0,0.0,97.0,25.0,,,9.0,20.0
66_22_0_4003,,,,,-0.615737054,-2.307407777,,,,,,-1.511387813,,,,,,15.0,21.0,,,80.0,1.0,109.0,34.0,,,7.0,14.0
66_22_0_4004,,,,,-1.24529427,-2.307407777,,,,,,-0.919603459,,,,,,,,,,,,84.0,18.0,,,,
66_22_0_4005,,,,,-1.372423019,-2.307407777,,,,,,-1.779630393,,,,,,9.0,16.0,,,76.0,0.0,106.0,31.0,,,7.0,13.0
66_22_0_4006,female,hispanic,,1.0,-0.435362003,-1.002309695,,,,,,-1.413421427,,,,,,9.0,16.0,,,80.0,1.0,90.0,21.0,,,7.0,13.0
66_22_0_4007,,,,,-0.856606004,-2.307407777,,,,,,-1.743359711,,,,,,8.0,15.0,,,76.0,0.0,84.0,18.0,,,8.0,17.0
66_22_0_4008,,,,,-0.305558584,-1.347699371,,,,,,-0.471730793,,,,,,11.0,18.0,,,86.0,3.0,,,,,10.0,25.0
66_22_0_4009,,,,,0.008515208,-1.331881979,,,,,,-0.552180582,,,,,,11.0,18.0,,,86.0,3.0,104.0,29.0,,,7.0,12.0
66_22_0_4010,,,,,-0.317580505,-1.000671612,,,,,,-0.222079026,,,,,,9.0,16.0,,,86.0,3.0,91.0,22.0,,,12.0,32.0
66_22_0_4011,,,,,-1.612222221,-1.593990884,,,,,,-1.811099256,,,,,,8.0,14.0,,,76.0,0.0,97.0,25.0,,,6.0,7.0
66_22_0_4012,,,,,-0.818690004,-2.307407777,,,,,,-2.179055238,,,,,,3.0,8.0,,,80.0,1.0,91.0,22.0,,,1.0,0.0
66_22_0_4013,,,,,-1.042683223,-2.307407777,,,,,,-2.179055238,,,,,,4.0,9.0,,,76.0,0.0,93.0,23.0,,,8.0,16.0
66_22_0_4014,,,,,-0.978772705,,,,,,,,,,,,,,,,,,,,,,,,
66_22_0_4015,,,,,-0.562169661,-1.63459121,,,,,,-1.851767297,,,,,,10.0,17.0,,,88.0,4.0,104.0,29.0,,,7.0,11.0
66_22_0_4016,,,,,-0.06443596,-1.474209917,,,,,,0.320820347,,,,,,,,,,,,,,,,,
66_22_0_4017,male,not hispanic,black or african american,0.0,-1.461861453,-2.307407777,,,,,,-0.569621107,,,,,,11.0,18.0,,,76.0,0.0,91.0,22.0,,,9.0,19.0
66_22_0_4019,male,not hispanic,black or african american,0.0,-0.594773956,-0.521148817,,,,,,-0.730530487,,,,,,12.0,19.0,,,99.0,9.0,112.0,36.0,,,10.0,23.0
66_22_0_4020,female,not hispanic,black or african american,0.0,-0.884888138,-2.307407777,,,,,,-1.242278348,,,,,,12.0,19.0,,,76.0,0.0,99.0,26.0,,,7.0,11.0
66_22_0_4021,,,,,-0.82602136,-2.307407777,,,,,,-1.511387813,,,,,,12.0,19.0,,,83.0,2.0,99.0,26.0,,,8.0,15.0
66_22_0_4022,,,,,-0.625822292,-1.109986331,,,,,,0.293856184,,,,,,13.0,20.0,,,76.0,0.0,91.0,22.0,,,13.0,35.0
66_22_0_4023,,,,,-1.973400415,-2.307407777,,,,,,-1.837842482,,,,,,8.0,14.0,,,76.0,0.0,90.0,21.0,,,6.0,8.0
66_22_0_4024,,,,,-0.429324027,-1.22727604,,,,,,-0.208314685,,,,,,,,,,,,,,,,,
66_22_0_4025,,,,,-0.741277716,-1.698209111,,,,,,-2.179055238,,,,,,10.0,17.0,,,107.0,14.0,124.0,48.0,,,10.0,24.0
66_22_0_4026,,,,,-1.718181916,-2.307407777,,,,,,,,,,,,,,,,,,,,,,,
66_22_0_4029,,,,,-0.628861851,-2.307407777,,,,,,-0.851828096,,,,,,11.0,18.0,,,86.0,3.0,97.0,25.0,,,9.0,22.0
66_22_0_4031,,,,,-1.973400415,-1.130732032,,,,,,-1.210235057,,,,,,9.0,16.0,,,76.0,0.0,101.0,27.0,,,8.0,16.0
66_22_0_4032,,,,,-0.617099682,-1.284867781,,,,,,-0.887660673,,,,,,8.0,15.0,,,76.0,0.0,84.0,18.0,,,10.0,26.0
66_22_0_4033,,,,,-1.973400415,-2.307407777,,,,,,-1.242278348,,,,,,8.0,15.0,,,80.0,1.0,91.0,22.0,,,,
66_22_0_4034,,,,,-1.02520746,-2.307407777,,,,,,-1.894424018,,,,,,9.0,16.0,,,76.0,0.0,84.0,18.0,,,,
66_22_0_4035,,,,,-1.973400415,-2.307407777,,,,,,-1.837842482,,,,,,11.0,18.0,,,76.0,0.0,101.0,27.0,,,13.0,38.0
66_22_0_4036,,,,,-0.606976125,-2.307407777,,,,,,-2.179055238,,,,,,6.0,12.0,,,93.0,6.0,99.0,26.0,,,,
66_22_0_4037,,,,,-0.617099682,-1.593990884,,,,,,-0.620485301,,,,,,12.0,19.0,,,83.0,2.0,91.0,22.0,,,9.0,22.0
66_22_0_4039,,,,,-1.973400415,-2.307407777,,,,,,-1.576856156,,,,,,10.0,17.0,,,80.0,1.0,90.0,21.0,,,6.0,8.0
66_22_0_4040,,,,,-1.973400415,-2.307407777,,,,,,-1.837842482,,,,,,5.0,11.0,,,76.0,0.0,91.0,22.0,,,,
66_22_0_4041,,,,,-1.973400415,-2.307407777,,,,,,-2.179055238,,,,,,4.0,9.0,,,76.0,0.0,88.0,20.0,,,6.0,7.0
66_22_0_4042,,,,,-1.092971677,-1.298454719,,,,,,-2.179055238,,,,,,,,,,,,,,,,,
66_22_0_4043,,,,,-0.800759016,-1.923149275,,,,,,-0.97723934,,,,,,,,,,,,,,,,,
66_22_0_4044,,,,,-1.973400415,-2.307407777,,,,,,-1.544412108,,,,,,,,,,,,,,,,,
66_22_0_4045,,,,,-1.435084882,-2.307407777,,,,,,-1.511387813,,,,,,,,,,,,,,,,,
66_22_0_4046,,,,,-0.63402403,-1.327094595,,,,,,-0.753931448,,,,,,11.0,18.0,,,95.0,7.0,101.0,27.0,,,9.0,19.0
66_22_0_4047,,,,,-0.589586997,-2.307407777,,,,,,-0.646234924,,,,,,11.0,18.0,,,76.0,0.0,93.0,23.0,,,11.0,29.0
66_22_0_4048,,,,,-1.973400415,-2.307407777,,,,,,,,,,,,5.0,11.0,,,76.0,0.0,105.0,30.0,,,,
66_22_0_4049,female,not hispanic,black or african american,0.0,-1.017673404,-0.82381673,,,,,,-2.179055238,,,,,,7.0,13.0,,,76.0,0.0,95.0,24.0,,,,
66_22_0_4050,,,,,-1.973400415,-2.307407777,,,,,,-2.179055238,,,,,,8.0,15.0,,,76.0,0.0,,,,,,
66_22_0_4051,,,,,-1.973400415,-2.307407777,,,,,,-1.743359711,,,,,,9.0,16.0,,,76.0,0.0,90.0,21.0,,,9.0,20.0
66_22_0_4052,,,,,-1.973400415,-2.307407777,,,,,,-1.625658056,,,,,,1.0,1.0,,,76.0,0.0,90.0,21.0,,,,
66_22_0_4054,,,,,-1.973400415,-2.307407777,,,,,,-0.851828096,,,,,,,,,,,,,,,,,
66_22_0_4055,,,,,-0.674725098,-1.227031843,,,,,,-0.743082173,,,,,,15.0,21.0,,,76.0,0.0,104.0,29.0,,,10.0,23.0
