CODED_ID,SCHOOL_ID,GRADE,GENDER,FNR_STATUS_CODE,FNR_STATUS_DESCRIPTION,SINGLE_ETHNICITY,LEP_CODE,LEP_DESCRIPTION,PRIM_EX_CODE,PRIM_EX,OTHER_EX_CODES,OTHER_EX,GIFTED,ESE,HOMELESS_CODE,HOMELESS_CAUSE,HOMELESS_UNAC_YTH,GIFTED_ELIG,S504,PRIM_HOME_LANG,LNF,PSF,NWF_Letter,NWF_Word,ORF_WC,UnifiedScore,FAST_Equivalent_Score,PR,NCE,Overall_Scale_Score,Phonological_Awareness_Scale_Score,Phonics_Scale_Score,Vocabulary_Scale_Score,FAST_PM3_AchievementLevel,iReady_Spring_Placement
1194123,41,2,M,D,Direct Cert/Free Lunch [D],White,ZZ,Not applicable [ZZ],V,V - Other Health Impaired,"G,H,P","G - Language Impaired,H - Deaf or Hard Of Hearing,P - Autism Spectrum Disorder",N,Y,N,Not homeless [Z],Z - Not homeless,Z,Not 504 Eligible[Z],EN,,,28.0,8.0,12.0,835.0,150.0,36.0,42.5,454.0,,497.0,416.0,Level 2,
1200647,41,2,M,D,Direct Cert/Free Lunch [D],White,ZZ,Not applicable [ZZ],V,V - Other Health Impaired,,,N,Y,N,Not homeless [Z],Z - Not homeless,Z,Not 504 Eligible[Z],EN,,,21.0,7.0,12.0,746.0,119.0,8.0,20.4,393.0,396.0,394.0,395.0,Level 2,1 Grade Level Below
1201297,41,2,F,D,Direct Cert/Free Lunch [D],White,ZZ,Not applicable [ZZ],W,W - Intellectual Disability,"D,G,V","D - Occupational Therapy,G - Language Impaired,V - Other Health Impaired",N,Y,N,Not homeless [Z],Z - Not homeless,Z,Not 504 Eligible[Z],EN,,,,,,683.0,98.0,4.0,13.1,333.0,319.0,336.0,306.0,Level 1,2 Grade Levels Below
1204691,41,2,M,F,Eligible for Free Lunch [F],Other,ZZ,Not applicable [ZZ],W,W - Intellectual Disability,"D,F,G","D - Occupational Therapy,F - Speech Impaired,G - Language Impaired",N,Y,N,Not homeless [Z],Z - Not homeless,Z,Not 504 Eligible[Z],EN,,,0.0,0.0,,584.0,65.0,1.0,1.0,312.0,263.0,303.0,304.0,,2 Grade Levels Below
1205353,41,1,M,D,Direct Cert/Free Lunch [D],Black or African American,ZZ,Not applicable [ZZ],,,,,N,N,N,Not homeless [Z],Z - Not homeless,Z,Not 504 Eligible[Z],EN,59.0,41.0,59.0,17.0,37.0,796.0,136.0,69.0,60.4,414.0,432.0,429.0,389.0,Level 4,Mid or Above Grade Level
1205434,41,2,F,0,Paid Lunch [0],Hispanic,ZZ,Not applicable [ZZ],,,,,N,N,N,Not homeless [Z],Z - Not homeless,Z,Section 504 Eligible + Plan [Y],EN,,,36.0,7.0,37.0,796.0,136.0,23.0,34.4,434.0,454.0,397.0,459.0,Level 2,Early On Grade Level
1205446,41,1,F,0,Paid Lunch [0],Hispanic,ZZ,Not applicable [ZZ],V,V - Other Health Impaired,"F,G,T","F - Speech Impaired,G - Language Impaired,T - Developmentally Delayed",N,Y,N,Not homeless [Z],Z - Not homeless,Z,Not 504 Eligible[Z],EN,38.0,4.0,1.0,0.0,,591.0,67.0,1.0,1.0,359.0,338.0,377.0,337.0,Level 1,1 Grade Level Below
1206233,41,2,M,3,Eligible for Reduced Lunch [3],White,ZZ,Not applicable [ZZ],K,K - Specific Learning Disabled,,,N,Y,N,Not homeless [Z],Z - Not homeless,Z,Not 504 Eligible[Z],EN,,,40.0,8.0,28.0,785.0,133.0,19.0,31.5,399.0,423.0,438.0,357.0,Level 2,Early On Grade Level
1206724,41,2,F,D,Direct Cert/Free Lunch [D],Other,ZZ,Not applicable [ZZ],,,,,N,N,N,Not homeless [Z],Z - Not homeless,Z,Not 504 Eligible[Z],EN,,,77.0,26.0,60.0,930.0,182.0,74.0,63.5,495.0,,509.0,478.0,Level 4,Mid or Above Grade Level
1206737,41,1,F,0,Paid Lunch [0],White,ZZ,Not applicable [ZZ],,,,,N,N,N,Not homeless [Z],Z - Not homeless,Z,Section 504 Eligible + Plan [Y],EN,28.0,26.0,18.0,0.0,1.0,761.0,125.0,53.0,51.6,393.0,392.0,367.0,397.0,Level 2,Mid or Above Grade Level
1207044,41,1,M,0,Paid Lunch [0],White,ZZ,Not applicable [ZZ],,,,,N,N,N,Not homeless [Z],Z - Not homeless,Z,Not 504 Eligible[Z],EN,49.0,44.0,35.0,10.0,21.0,823.0,146.0,78.0,66.3,422.0,458.0,408.0,428.0,Level 5,Mid or Above Grade Level
1207502,41,1,F,D,Direct Cert/Free Lunch [D],Black or African American,ZZ,Not applicable [ZZ],T,T - Developmentally Delayed,"F,G","F - Speech Impaired,G - Language Impaired",N,Y,N,Not homeless [Z],Z - Not homeless,Z,Not 504 Eligible[Z],EN,7.0,0.0,0.0,0.0,0.0,628.0,80.0,5.0,15.4,341.0,322.0,347.0,404.0,Level 1,1 Grade Level Below
1207756,41,1,F,3,Eligible for Reduced Lunch [3],Black or African American,ZZ,Not applicable [ZZ],T,T - Developmentally Delayed,G,G - Language Impaired,N,Y,N,Not homeless [Z],Z - Not homeless,Z,Not 504 Eligible[Z],EN,,,,,,564.0,58.0,1.0,1.0,356.0,380.0,386.0,366.0,Level 1,1 Grade Level Below
1207757,41,1,F,3,Eligible for Reduced Lunch [3],Black or African American,ZZ,Not applicable [ZZ],T,T - Developmentally Delayed,G,G - Language Impaired,N,Y,N,Not homeless [Z],Z - Not homeless,Z,Not 504 Eligible[Z],EN,,,,,,621.0,77.0,5.0,15.4,304.0,313.0,306.0,278.0,Level 1,1 Grade Level Below
1207758,41,1,F,3,Eligible for Reduced Lunch [3],Black or African American,ZZ,Not applicable [ZZ],T,T - Developmentally Delayed,G,G - Language Impaired,N,Y,N,Not homeless [Z],Z - Not homeless,Z,Not 504 Eligible[Z],EN,12.0,0.0,0.0,0.0,,657.0,89.0,9.0,21.8,319.0,321.0,346.0,295.0,Level 1,1 Grade Level Below
1208076,41,1,M,0,Paid Lunch [0],White,ZZ,Not applicable [ZZ],P,P - Autism Spectrum Disorder,"D,G,T","D - Occupational Therapy,G - Language Impaired,T - Developmentally Delayed",N,Y,N,Not homeless [Z],Z - Not homeless,Z,Not 504 Eligible[Z],EN,0.0,0.0,0.0,0.0,,544.0,51.0,1.0,1.0,287.0,263.0,283.0,248.0,,2 Grade Levels Below
1208327,41,2,M,D,Direct Cert/Free Lunch [D],Hispanic,LY,LEP in LEP classes [LY],,,,,N,N,N,Not homeless [Z],Z - Not homeless,Z,Not 504 Eligible[Z],SP,,,,,92.0,864.0,159.0,47.0,48.4,473.0,,477.0,464.0,Level 2,Mid or Above Grade Level
1208442,41,2,M,0,Paid Lunch [0],White,ZZ,Not applicable [ZZ],,,,,Y,N,N,Not homeless [Z],Z - Not homeless,Z,Not 504 Eligible[Z],EN,,,116.0,37.0,132.0,1046.0,221.0,99.0,99.0,549.0,,534.0,593.0,Level 5,Mid or Above Grade Level
1208461,41,2,M,0,Paid Lunch [0],White,ZZ,Not applicable [ZZ],K,K - Specific Learning Disabled,,,N,Y,N,Not homeless [Z],Z - Not homeless,Z,Not 504 Eligible[Z],EN,,,27.0,3.0,19.0,615.0,75.0,3.0,10.4,383.0,353.0,372.0,412.0,Level 1,1 Grade Level Below
1208506,41,2,M,D,Direct Cert/Free Lunch [D],White,ZZ,Not applicable [ZZ],V,V - Other Health Impaired,,,N,Y,N,Not homeless [Z],Z - Not homeless,Z,Not 504 Eligible[Z],EN,,,33.0,10.0,9.0,762.0,125.0,12.0,25.3,436.0,,431.0,432.0,Level 2,
1208845,41,1,M,3,Eligible for Reduced Lunch [3],Hispanic,LY,LEP in LEP classes [LY],,,,,N,N,N,Not homeless [Z],Z - Not homeless,Z,Section 504 Eligible + Plan [Y],SP,12.0,0.0,0.0,0.0,0.0,711.0,108.0,23.0,34.4,339.0,302.0,342.0,317.0,Level 1,1 Grade Level Below
1210187,41,1,M,0,Paid Lunch [0],White,ZZ,Not applicable [ZZ],,,,,N,N,N,Not homeless [Z],Z - Not homeless,Z,Section 504 Eligible + Plan [Y],EN,60.0,27.0,28.0,6.0,67.0,868.0,161.0,89.0,75.8,438.0,416.0,413.0,431.0,Level 5,Mid or Above Grade Level
1210195,41,2,F,F,Eligible for Free Lunch [F],Black or African American,ZZ,Not applicable [ZZ],,,,,N,N,N,Not homeless [Z],Z - Not homeless,Z,Not 504 Eligible[Z],EN,,,45.0,14.0,68.0,887.0,167.0,56.0,53.2,437.0,,447.0,457.0,Level 2,Early On Grade Level
1210309,41,2,M,D,Direct Cert/Free Lunch [D],Other,ZZ,Not applicable [ZZ],,,,,N,N,N,Not homeless [Z],Z - Not homeless,Z,Section 504 Eligible + Plan [Y],EN,,,,,97.0,901.0,172.0,63.0,57.0,445.0,,448.0,443.0,Level 3,Early On Grade Level
1210316,41,2,F,0,Paid Lunch [0],Asian,ZZ,Not applicable [ZZ],,,,,N,N,N,Not homeless [Z],Z - Not homeless,Z,Not 504 Eligible[Z],EN,,,43.0,14.0,49.0,847.0,154.0,40.0,44.7,448.0,,443.0,483.0,Level 3,Early On Grade Level
1210508,41,2,M,0,Paid Lunch [0],White,ZZ,Not applicable [ZZ],,,,,N,N,N,Not homeless [Z],Z - Not homeless,Z,Not 504 Eligible[Z],EN,,,45.0,15.0,31.0,787.0,133.0,20.0,32.3,416.0,,451.0,418.0,Level 2,Mid or Above Grade Level
1210509,41,1,M,D,Direct Cert/Free Lunch [D],Other,ZZ,Not applicable [ZZ],T,T - Developmentally Delayed,,,N,Y,N,Not homeless [Z],Z - Not homeless,Z,Not 504 Eligible[Z],EN,38.0,13.0,9.0,0.0,0.0,735.0,116.0,36.0,42.5,368.0,371.0,390.0,337.0,Level 3,Mid or Above Grade Level
1210602,41,1,M,D,Direct Cert/Free Lunch [D],Hispanic,ZZ,Not applicable [ZZ],V,V - Other Health Impaired,F,F - Speech Impaired,N,Y,N,Not homeless [Z],Z - Not homeless,Z,Not 504 Eligible[Z],EN,19.0,23.0,25.0,4.0,11.0,646.0,86.0,7.0,18.9,381.0,338.0,374.0,340.0,Level 4,Early On Grade Level
1210682,41,2,F,0,Paid Lunch [0],White,ZZ,Not applicable [ZZ],,,,,N,N,N,Not homeless [Z],Z - Not homeless,Z,Not 504 Eligible[Z],EN,,,43.0,12.0,72.0,776.0,130.0,16.0,29.1,465.0,,485.0,468.0,Level 3,1 Grade Level Below
1210723,41,2,F,D,Direct Cert/Free Lunch [D],White,ZZ,Not applicable [ZZ],,,,,N,N,N,Not homeless [Z],Z - Not homeless,Z,Not 504 Eligible[Z],EN,,,102.0,35.0,113.0,954.0,190.0,83.0,70.1,514.0,,550.0,498.0,Level 3,Early On Grade Level
1210751,41,2,M,3,Eligible for Reduced Lunch [3],White,ZZ,Not applicable [ZZ],,,,,Y,N,N,Not homeless [Z],Z - Not homeless,Z,Not 504 Eligible[Z],EN,,,114.0,33.0,60.0,1004.0,207.0,95.0,84.6,495.0,,477.0,489.0,Level 4,Mid or Above Grade Level
1210831,41,2,M,D,Direct Cert/Free Lunch [D],Hispanic,ZZ,Not applicable [ZZ],,,,,N,N,N,Not homeless [Z],Z - Not homeless,Z,Not 504 Eligible[Z],EN,,,59.0,16.0,28.0,847.0,154.0,40.0,44.7,437.0,,465.0,428.0,Level 4,Early On Grade Level
1210840,41,2,F,D,Direct Cert/Free Lunch [D],Asian,ZZ,Tested - not eligible [TZ],,,,,N,N,N,Not homeless [Z],Z - Not homeless,Z,Not 504 Eligible[Z],EN,,,65.0,16.0,60.0,895.0,170.0,60.0,55.3,475.0,,508.0,473.0,Level 3,Mid or Above Grade Level
1210855,41,2,M,0,Paid Lunch [0],White,ZZ,Not applicable [ZZ],,,,,N,N,N,Not homeless [Z],Z - Not homeless,Z,Not 504 Eligible[Z],EN,,,86.0,24.0,71.0,896.0,170.0,60.0,55.3,468.0,,487.0,458.0,Level 3,Mid or Above Grade Level
1210885,41,2,M,0,Paid Lunch [0],White,ZZ,Not applicable [ZZ],,,,,N,N,N,Not homeless [Z],Z - Not homeless,Z,Not 504 Eligible[Z],EN,,,,,121.0,993.0,203.0,93.0,81.1,523.0,,560.0,555.0,Level 5,Mid or Above Grade Level
1210911,41,2,M,D,Direct Cert/Free Lunch [D],White,ZZ,Not applicable [ZZ],,,,,N,N,N,Not homeless [Z],Z - Not homeless,Z,Not 504 Eligible[Z],EN,,,,,89.0,896.0,170.0,60.0,55.3,466.0,,499.0,478.0,Level 4,Early On Grade Level
1210924,41,2,M,0,Paid Lunch [0],White,ZZ,Not applicable [ZZ],,,,,N,N,N,Not homeless [Z],Z - Not homeless,Z,Not 504 Eligible[Z],EN,,,94.0,29.0,81.0,922.0,179.0,71.0,61.7,494.0,,523.0,464.0,Level 4,Mid or Above Grade Level
1210937,41,2,M,D,Direct Cert/Free Lunch [D],Black or African American,ZZ,Not applicable [ZZ],V,V - Other Health Impaired,,,N,Y,N,Not homeless [Z],Z - Not homeless,Z,Not 504 Eligible[Z],EN,,,41.0,10.0,18.0,769.0,127.0,14.0,27.2,406.0,428.0,398.0,381.0,Level 1,1 Grade Level Below
1210938,41,2,M,0,Paid Lunch [0],White,ZZ,Not applicable [ZZ],,,,,N,N,N,Not homeless [Z],Z - Not homeless,Z,Not 504 Eligible[Z],EN,,,73.0,24.0,59.0,936.0,184.0,77.0,65.6,467.0,,470.0,430.0,Level 4,Mid or Above Grade Level
1210950,41,2,F,D,Direct Cert/Free Lunch [D],White,ZZ,Not applicable [ZZ],V,V - Other Health Impaired,K,K - Specific Learning Disabled,N,Y,N,Not homeless [Z],Z - Not homeless,Z,IDEA Eligible & Section 504 Dismissal [Z],EN,,,30.0,7.0,9.0,615.0,75.0,3.0,10.4,375.0,379.0,386.0,331.0,Level 1,2 Grade Levels Below
1210957,41,2,F,0,Paid Lunch [0],Black or African American,ZZ,Not applicable [ZZ],,,,,Y,N,N,Not homeless [Z],Z - Not homeless,Z,Not 504 Eligible[Z],EN,,,102.0,35.0,103.0,979.0,198.0,91.0,78.2,513.0,,537.0,526.0,Level 5,Mid or Above Grade Level
1210971,41,2,M,0,Paid Lunch [0],White,ZZ,Not applicable [ZZ],,,,,N,N,N,Not homeless [Z],Z - Not homeless,Z,Not 504 Eligible[Z],EN,,,44.0,14.0,72.0,887.0,167.0,56.0,53.2,487.0,,487.0,487.0,Level 4,Early On Grade Level
1210977,41,2,F,3,Eligible for Reduced Lunch [3],White,ZZ,Not applicable [ZZ],,,,,N,N,N,Not homeless [Z],Z - Not homeless,Z,Not 504 Eligible[Z],EN,,,110.0,35.0,82.0,942.0,186.0,79.0,67.0,511.0,,576.0,535.0,Level 5,Mid or Above Grade Level
1210998,41,2,F,0,Paid Lunch [0],White,ZZ,Not applicable [ZZ],,,,,N,N,N,Not homeless [Z],Z - Not homeless,Z,Not 504 Eligible[Z],EN,,,45.0,15.0,18.0,904.0,173.0,64.0,57.5,463.0,,482.0,442.0,Level 4,Mid or Above Grade Level
1211014,41,2,M,0,Paid Lunch [0],White,ZZ,Not applicable [ZZ],,,,,N,N,N,Not homeless [Z],Z - Not homeless,Z,Not 504 Eligible[Z],EN,,,76.0,25.0,55.0,876.0,164.0,52.0,51.1,468.0,,510.0,433.0,Level 4,Mid or Above Grade Level
1211017,41,2,M,0,Paid Lunch [0],White,ZZ,Not applicable [ZZ],,,,,N,N,N,Not homeless [Z],Z - Not homeless,Z,Not 504 Eligible[Z],EN,,,,,130.0,1029.0,215.0,98.0,93.3,513.0,,512.0,517.0,Level 5,Mid or Above Grade Level
1211025,41,2,M,0,Paid Lunch [0],White,ZZ,Not applicable [ZZ],,,,,N,N,N,Not homeless [Z],Z - Not homeless,Z,Not 504 Eligible[Z],EN,,,40.0,8.0,57.0,840.0,151.0,38.0,43.6,431.0,,458.0,451.0,Level 2,1 Grade Level Below
1211030,41,2,F,D,Direct Cert/Free Lunch [D],Other,ZZ,Not applicable [ZZ],,,,,Y,N,N,Not homeless [Z],Z - Not homeless,A,Not 504 Eligible[Z],EN,,,,,86.0,925.0,180.0,72.0,62.3,500.0,,547.0,483.0,Level 3,Mid or Above Grade Level
1211037,41,2,M,0,Paid Lunch [0],White,ZZ,Not applicable [ZZ],,,,,N,N,N,Not homeless [Z],Z - Not homeless,Z,Section 504 Eligible + Plan [Y],EN,,,60.0,17.0,63.0,928.0,181.0,74.0,63.5,449.0,,500.0,440.0,Level 3,Early On Grade Level
1211040,41,2,F,0,Paid Lunch [0],White,ZZ,Not applicable [ZZ],,,,,N,N,N,Not homeless [Z],Z - Not homeless,Z,Not 504 Eligible[Z],EN,,,102.0,35.0,100.0,924.0,180.0,72.0,62.3,523.0,,506.0,501.0,Level 4,Mid or Above Grade Level
1211044,41,2,M,0,Paid Lunch [0],White,ZZ,Not applicable [ZZ],V,V - Other Health Impaired,,,N,Y,N,Not homeless [Z],Z - Not homeless,Z,Not 504 Eligible[Z],EN,,,20.0,5.0,13.0,615.0,75.0,3.0,10.4,392.0,447.0,366.0,435.0,Level 1,1 Grade Level Below
1211050,41,2,M,0,Paid Lunch [0],White,ZZ,Not applicable [ZZ],,,,,N,N,N,Not homeless [Z],Z - Not homeless,Z,Not 504 Eligible[Z],EN,,,107.0,34.0,65.0,954.0,190.0,83.0,70.1,491.0,,512.0,457.0,Level 4,Mid or Above Grade Level
1211065,41,2,M,D,Direct Cert/Free Lunch [D],Hispanic,ZZ,Tested - not eligible [TZ],,,,,N,N,N,Not homeless [Z],Z - Not homeless,Z,Not 504 Eligible[Z],SP,,,133.0,41.0,68.0,831.0,148.0,35.0,41.9,487.0,,510.0,432.0,Level 2,Early On Grade Level
1211158,41,2,F,0,Paid Lunch [0],White,ZZ,Not applicable [ZZ],,,,,N,N,N,Not homeless [Z],Z - Not homeless,Z,Section 504 Eligible + Plan [Y],EN,,,45.0,13.0,22.0,821.0,145.0,32.0,40.1,425.0,,436.0,414.0,Level 3,1 Grade Level Below
1211163,41,2,F,0,Paid Lunch [0],White,ZZ,Not applicable [ZZ],,,,,N,N,N,Not homeless [Z],Z - Not homeless,Z,Not 504 Eligible[Z],EN,,,22.0,8.0,18.0,792.0,135.0,21.0,33.0,429.0,,452.0,459.0,Level 2,Early On Grade Level
1211172,41,2,M,0,Paid Lunch [0],White,ZZ,Not applicable [ZZ],,,,,N,N,N,Not homeless [Z],Z - Not homeless,Z,Not 504 Eligible[Z],EN,,,,,145.0,964.0,193.0,86.0,72.8,487.0,,514.0,494.0,Level 5,Mid or Above Grade Level
1211219,41,2,M,0,Paid Lunch [0],White,ZZ,Not applicable [ZZ],,,,,N,N,N,Not homeless [Z],Z - Not homeless,Z,Not 504 Eligible[Z],EN,,,82.0,23.0,84.0,956.0,191.0,84.0,70.9,504.0,,490.0,507.0,Level 5,Mid or Above Grade Level
1211267,41,1,F,0,Paid Lunch [0],Hispanic,ZZ,Tested - not eligible [TZ],,,,,N,N,N,Not homeless [Z],Z - Not homeless,Z,Not 504 Eligible[Z],SP,43.0,34.0,54.0,16.0,34.0,930.0,182.0,96.0,86.9,481.0,446.0,505.0,450.0,Level 5,Mid or Above Grade Level
1211286,41,2,F,D,Direct Cert/Free Lunch [D],Asian,ZZ,Not applicable [ZZ],,,,,N,N,N,Not homeless [Z],Z - Not homeless,Z,Not 504 Eligible[Z],EN,,,32.0,6.0,25.0,615.0,75.0,3.0,10.4,439.0,,473.0,412.0,Level 3,Early On Grade Level
1211329,41,2,M,0,Paid Lunch [0],White,ZZ,Not applicable [ZZ],,,,,N,N,N,Not homeless [Z],Z - Not homeless,Z,Not 504 Eligible[Z],EN,,,,,147.0,1075.0,231.0,99.0,99.0,574.0,,565.0,598.0,Level 5,Mid or Above Grade Level
1211330,41,2,F,0,Paid Lunch [0],White,ZZ,Not applicable [ZZ],,,,,N,N,N,Not homeless [Z],Z - Not homeless,Z,Not 504 Eligible[Z],EN,,,57.0,16.0,77.0,951.0,189.0,82.0,69.3,505.0,,505.0,509.0,Level 4,Mid or Above Grade Level
1211335,41,2,F,D,Direct Cert/Free Lunch [D],Black or African American,ZZ,Not applicable [ZZ],,,,,N,N,N,Not homeless [Z],Z - Not homeless,Z,Not 504 Eligible[Z],EN,,,46.0,14.0,30.0,895.0,170.0,60.0,55.3,459.0,,502.0,468.0,Level 3,Early On Grade Level
1211336,41,2,F,0,Paid Lunch [0],Hispanic,ZZ,Not applicable [ZZ],,,,,N,N,N,Not homeless [Z],Z - Not homeless,Z,Not 504 Eligible[Z],EN,,,31.0,9.0,11.0,839.0,151.0,38.0,43.6,449.0,,485.0,460.0,Level 5,Mid or Above Grade Level
1211371,41,2,M,D,Direct Cert/Free Lunch [D],White,ZZ,Not applicable [ZZ],,,,,N,N,N,Not homeless [Z],Z - Not homeless,Z,Not 504 Eligible[Z],EN,,,45.0,14.0,40.0,842.0,152.0,39.0,44.1,450.0,,519.0,427.0,Level 3,Early On Grade Level
1211451,41,2,M,D,Direct Cert/Free Lunch [D],White,ZZ,Not applicable [ZZ],,,,,N,N,N,Not homeless [Z],Z - Not homeless,Z,Not 504 Eligible[Z],EN,,,79.0,24.0,64.0,893.0,169.0,59.0,54.8,486.0,,494.0,493.0,Level 3,Mid or Above Grade Level
1211481,41,2,F,F,Eligible for Free Lunch [F],Other,ZZ,Not applicable [ZZ],,,,,N,N,N,Not homeless [Z],Z - Not homeless,Z,Not 504 Eligible[Z],EN,,,45.0,13.0,21.0,798.0,137.0,23.0,34.4,423.0,430.0,406.0,434.0,Level 4,Mid or Above Grade Level
1211486,41,2,F,D,Direct Cert/Free Lunch [D],White,ZZ,Not applicable [ZZ],,,,,N,N,N,Not homeless [Z],Z - Not homeless,Z,Not 504 Eligible[Z],EN,,,85.0,24.0,60.0,886.0,167.0,56.0,53.2,476.0,,503.0,459.0,Level 3,Mid or Above Grade Level
1211512,41,2,M,0,Paid Lunch [0],White,ZZ,Not applicable [ZZ],,,,,Y,N,N,Not homeless [Z],Z - Not homeless,Z,Section 504 Eligible + Plan [Y],EN,,,,,121.0,1007.0,208.0,95.0,84.6,518.0,,553.0,555.0,Level 4,Mid or Above Grade Level
1211526,41,2,M,0,Paid Lunch [0],White,ZZ,Not applicable [ZZ],,,,,N,N,N,Not homeless [Z],Z - Not homeless,Z,Not 504 Eligible[Z],EN,,,,,102.0,1058.0,225.0,99.0,99.0,500.0,,528.0,518.0,Level 5,Mid or Above Grade Level
1211567,41,2,F,D,Direct Cert/Free Lunch [D],Hispanic,ZZ,Not applicable [ZZ],,,,,N,N,N,Not homeless [Z],Z - Not homeless,Z,Not 504 Eligible[Z],EN,,,30.0,10.0,15.0,775.0,129.0,16.0,29.1,406.0,,431.0,419.0,Level 2,Early On Grade Level
1211606,41,2,M,D,Direct Cert/Free Lunch [D],White,ZZ,Not applicable [ZZ],,,,,N,N,N,Not homeless [Z],Z - Not homeless,Z,Not 504 Eligible[Z],EN,,,56.0,16.0,65.0,1001.0,206.0,95.0,84.6,512.0,,546.0,520.0,Level 5,Mid or Above Grade Level
1211625,41,2,F,D,Direct Cert/Free Lunch [D],White,ZZ,Not applicable [ZZ],,,,,N,N,N,Not homeless [Z],Z - Not homeless,Z,Not 504 Eligible[Z],EN,,,73.0,24.0,53.0,913.0,176.0,67.0,59.3,494.0,,459.0,487.0,Level 4,Mid or Above Grade Level
1211626,41,1,M,D,Direct Cert/Free Lunch [D],Other,ZZ,Not applicable [ZZ],K,K - Specific Learning Disabled,,,N,Y,N,Not homeless [Z],Z - Not homeless,Z,Not 504 Eligible[Z],EN,16.0,25.0,20.0,5.0,4.0,769.0,127.0,57.0,53.7,369.0,388.0,388.0,370.0,Level 3,Mid or Above Grade Level
1211633,41,2,F,D,Direct Cert/Free Lunch [D],Other,ZZ,Not applicable [ZZ],,,,,N,N,N,Not homeless [Z],Z - Not homeless,Z,Not 504 Eligible[Z],EN,,,91.0,27.0,69.0,962.0,193.0,86.0,72.8,509.0,,514.0,519.0,Level 4,Mid or Above Grade Level
1211692,41,2,F,F,Eligible for Free Lunch [F],Hispanic,LY,LEP in LEP classes [LY],K,K - Specific Learning Disabled,,,N,Y,N,Not homeless [Z],Z - Not homeless,Z,Not 504 Eligible[Z],SP,,,14.0,2.0,2.0,760.0,124.0,12.0,25.3,406.0,398.0,377.0,418.0,Level 1,2 Grade Levels Below
1211811,41,2,F,3,Eligible for Reduced Lunch [3],Hispanic,ZZ,Tested - not eligible [TZ],,,,,N,N,N,Not homeless [Z],Z - Not homeless,Z,Not 504 Eligible[Z],SP,,,117.0,37.0,69.0,921.0,179.0,71.0,61.7,498.0,,523.0,464.0,Level 2,Mid or Above Grade Level
1211929,41,1,F,0,Paid Lunch [0],White,ZZ,Not applicable [ZZ],P,P - Autism Spectrum Disorder,"D,E,G,T","D - Occupational Therapy,E - Physical Therapy,G - Language Impaired,T - Developmentally Delayed",N,Y,N,Not homeless [Z],Z - Not homeless,Z,Not 504 Eligible[Z],EN,,,,,,,,,,295.0,319.0,368.0,292.0,,2 Grade Levels Below
1211959,41,1,F,D,Direct Cert/Free Lunch [D],White,ZZ,Not applicable [ZZ],,,,,N,N,N,Not homeless [Z],Z - Not homeless,Z,Not 504 Eligible[Z],EN,46.0,74.0,58.0,17.0,41.0,781.0,131.0,62.0,56.4,405.0,396.0,392.0,423.0,Level 5,Mid or Above Grade Level
1211960,41,1,M,0,Paid Lunch [0],White,ZZ,Not applicable [ZZ],,,,,N,N,N,Not homeless [Z],Z - Not homeless,Z,Not 504 Eligible[Z],EN,47.0,43.0,26.0,6.0,14.0,947.0,188.0,98.0,93.3,431.0,464.0,432.0,386.0,Level 5,Mid or Above Grade Level
1212065,41,2,M,D,Direct Cert/Free Lunch [D],White,ZZ,Not applicable [ZZ],,,,,N,N,N,Not homeless [Z],Z - Not homeless,Z,Not 504 Eligible[Z],EN,,,44.0,13.0,43.0,615.0,75.0,3.0,10.4,448.0,,475.0,470.0,Level 3,Early On Grade Level
1212092,41,1,M,3,Eligible for Reduced Lunch [3],Hispanic,ZZ,Not applicable [ZZ],,,,,N,N,N,Not homeless [Z],Z - Not homeless,Z,Not 504 Eligible[Z],SP,33.0,26.0,33.0,7.0,11.0,755.0,123.0,50.0,50.0,394.0,384.0,385.0,374.0,Level 3,Mid or Above Grade Level
1212221,41,1,M,0,Paid Lunch [0],White,ZZ,Not applicable [ZZ],,,,,Y,N,N,Not homeless [Z],Z - Not homeless,Z,Not 504 Eligible[Z],EN,73.0,56.0,86.0,28.0,76.0,933.0,183.0,97.0,89.6,479.0,459.0,491.0,511.0,Level 5,Mid or Above Grade Level
1212411,41,1,F,F,Eligible for Free Lunch [F],Black or African American,ZZ,Not applicable [ZZ],,,,,N,N,N,Not homeless [Z],Z - Not homeless,Z,Not 504 Eligible[Z],EN,33.0,48.0,27.0,9.0,20.0,842.0,152.0,83.0,70.1,390.0,374.0,392.0,377.0,Level 3,1 Grade Level Below
1212413,41,1,M,0,Paid Lunch [0],White,ZZ,Not applicable [ZZ],,,,,N,N,N,Not homeless [Z],Z - Not homeless,Z,Not 504 Eligible[Z],EN,47.0,35.0,49.0,16.0,10.0,803.0,139.0,72.0,62.3,431.0,432.0,478.0,424.0,Level 5,Mid or Above Grade Level
1212431,41,2,M,D,Direct Cert/Free Lunch [D],Black or African American,ZZ,Not applicable [ZZ],,,,,N,N,N,Not homeless [Z],Z - Not homeless,Z,Not 504 Eligible[Z],EN,,,25.0,3.0,10.0,760.0,124.0,12.0,25.3,415.0,378.0,412.0,445.0,Level 2,1 Grade Level Below
1212531,41,1,M,D,Direct Cert/Free Lunch [D],White,ZZ,Not applicable [ZZ],,,,,N,N,N,Not homeless [Z],Z - Not homeless,Z,Not 504 Eligible[Z],EN,35.0,64.0,39.0,4.0,11.0,712.0,108.0,24.0,35.1,389.0,394.0,401.0,362.0,Level 2,1 Grade Level Below
1212533,41,1,F,0,Paid Lunch [0],Hispanic,ZZ,Not applicable [ZZ],,,,,N,N,N,Not homeless [Z],Z - Not homeless,Z,Not 504 Eligible[Z],EN,47.0,40.0,36.0,12.0,17.0,848.0,154.0,84.0,70.9,415.0,383.0,406.0,399.0,Level 4,Mid or Above Grade Level
1212571,41,2,F,D,Direct Cert/Free Lunch [D],Other,ZZ,Not applicable [ZZ],,,,,N,N,N,Not homeless [Z],Z - Not homeless,Z,Section 504 Eligible + Plan [Y],EN,,,44.0,7.0,46.0,772.0,128.0,15.0,28.2,467.0,,480.0,502.0,Level 2,Early On Grade Level
1212602,41,2,M,0,Paid Lunch [0],White,ZZ,Not applicable [ZZ],,,,,N,N,N,Not homeless [Z],Z - Not homeless,Z,Not 504 Eligible[Z],EN,,,42.0,12.0,74.0,912.0,176.0,67.0,59.3,464.0,,501.0,428.0,Level 3,Early On Grade Level
1212739,41,1,F,D,Direct Cert/Free Lunch [D],White,ZZ,Not applicable [ZZ],,,,,N,N,N,Not homeless [Z],Z - Not homeless,Z,Not 504 Eligible[Z],EN,30.0,30.0,28.0,2.0,,760.0,124.0,53.0,51.6,394.0,386.0,384.0,400.0,Level 3,1 Grade Level Below
1212825,41,2,F,3,Eligible for Reduced Lunch [3],Black or African American,ZZ,Not applicable [ZZ],,,,,N,N,N,Not homeless [Z],Z - Not homeless,Z,Not 504 Eligible[Z],EN,,,48.0,14.0,20.0,772.0,128.0,15.0,28.2,410.0,,498.0,382.0,Level 1,1 Grade Level Below
1213108,41,2,M,D,Direct Cert/Free Lunch [D],Black or African American,ZZ,Not applicable [ZZ],,,,,N,N,N,Not homeless [Z],Z - Not homeless,Z,Not 504 Eligible[Z],EN,,,20.0,5.0,13.0,923.0,179.0,71.0,61.7,507.0,,524.0,523.0,Level 4,Mid or Above Grade Level
1213209,41,2,F,0,Paid Lunch [0],White,ZZ,Not applicable [ZZ],,,,,N,N,N,Not homeless [Z],Z - Not homeless,Z,Not 504 Eligible[Z],EN,,,57.0,12.0,50.0,873.0,163.0,50.0,50.0,452.0,,467.0,436.0,Level 3,Early On Grade Level
1213721,41,2,M,0,Paid Lunch [0],White,ZZ,Not applicable [ZZ],K,K - Specific Learning Disabled,,,N,Y,N,Not homeless [Z],Z - Not homeless,Z,Not 504 Eligible[Z],EN,,,57.0,17.0,59.0,945.0,187.0,80.0,67.7,479.0,,517.0,466.0,Level 4,Mid or Above Grade Level
1213949,41,1,F,D,Direct Cert/Free Lunch [D],Hispanic,ZZ,Not applicable [ZZ],,,,,N,N,N,Not homeless [Z],Z - Not homeless,Z,Not 504 Eligible[Z],EN,36.0,44.0,43.0,8.0,8.0,794.0,136.0,68.0,59.9,409.0,377.0,394.0,452.0,Level 4,Mid or Above Grade Level
1214209,41,1,M,0,Paid Lunch [0],White,ZZ,Not applicable [ZZ],,,,,N,N,N,Not homeless [Z],Z - Not homeless,Z,Not 504 Eligible[Z],EN,59.0,45.0,53.0,18.0,50.0,905.0,173.0,94.0,82.7,463.0,446.0,483.0,438.0,Level 5,Mid or Above Grade Level
1214256,41,1,M,0,Paid Lunch [0],White,ZZ,Not applicable [ZZ],V,V - Other Health Impaired,"D,G,T","D - Occupational Therapy,G - Language Impaired,T - Developmentally Delayed",N,Y,N,Not homeless [Z],Z - Not homeless,Z,Not 504 Eligible[Z],EN,,,,,,,,,,,,,,,
1214272,41,1,F,0,Paid Lunch [0],Hispanic,ZZ,Not applicable [ZZ],V,V - Other Health Impaired,F,F - Speech Impaired,N,Y,N,Not homeless [Z],Z - Not homeless,Z,Not 504 Eligible[Z],EN,20.0,22.0,0.0,0.0,0.0,686.0,99.0,15.0,28.2,348.0,320.0,350.0,354.0,Level 2,1 Grade Level Below
1214290,41,1,F,D,Direct Cert/Free Lunch [D],Hispanic,ZZ,Not applicable [ZZ],,,,,N,N,N,Not homeless [Z],Z - Not homeless,Z,Not 504 Eligible[Z],EN,28.0,26.0,13.0,3.0,4.0,758.0,124.0,52.0,51.1,414.0,415.0,470.0,429.0,Level 3,Mid or Above Grade Level
1214384,41,2,F,D,Direct Cert/Free Lunch [D],Black or African American,ZZ,Not applicable [ZZ],,,,,N,N,N,Not homeless [Z],Z - Not homeless,Z,Not 504 Eligible[Z],EN,,,92.0,26.0,75.0,914.0,176.0,68.0,59.9,455.0,,469.0,465.0,Level 5,Mid or Above Grade Level
1214736,41,1,M,0,Paid Lunch [0],White,ZZ,Not applicable [ZZ],,,,,N,N,N,Not homeless [Z],Z - Not homeless,Z,Not 504 Eligible[Z],EN,37.0,44.0,43.0,13.0,11.0,747.0,120.0,45.0,47.4,355.0,381.0,357.0,359.0,Level 1,1 Grade Level Below
1214870,41,1,F,0,Paid Lunch [0],White,ZZ,Not applicable [ZZ],,,,,N,N,N,Not homeless [Z],Z - Not homeless,Z,Not 504 Eligible[Z],EN,68.0,62.0,71.0,22.0,23.0,896.0,170.0,93.0,81.1,428.0,461.0,423.0,409.0,Level 5,Mid or Above Grade Level
1214892,41,1,M,D,Direct Cert/Free Lunch [D],Black or African American,ZZ,Not applicable [ZZ],F,F - Speech Impaired,,,N,Y,N,Not homeless [Z],Z - Not homeless,Z,Not 504 Eligible[Z],EN,55.0,44.0,41.0,12.0,8.0,792.0,135.0,67.0,59.3,420.0,378.0,417.0,468.0,Level 4,Mid or Above Grade Level
1214894,41,1,F,0,Paid Lunch [0],White,ZZ,Not applicable [ZZ],,,,,N,N,N,Not homeless [Z],Z - Not homeless,Z,Not 504 Eligible[Z],EN,,,,,,646.0,86.0,7.0,18.9,361.0,373.0,355.0,359.0,Level 3,Early On Grade Level
1214901,41,1,F,F,Eligible for Free Lunch [F],Black or African American,ZZ,Not applicable [ZZ],,,,,N,N,N,Not homeless [Z],Z - Not homeless,Z,Not 504 Eligible[Z],EN,53.0,53.0,46.0,12.0,29.0,924.0,180.0,96.0,86.9,427.0,393.0,414.0,443.0,Level 5,Mid or Above Grade Level
1214903,41,1,F,0,Paid Lunch [0],White,ZZ,Not applicable [ZZ],,,,,Y,N,N,Not homeless [Z],Z - Not homeless,Z,Not 504 Eligible[Z],EN,61.0,45.0,50.0,17.0,77.0,959.0,192.0,98.0,93.3,529.0,509.0,531.0,527.0,Level 5,Mid or Above Grade Level
1214904,41,1,M,0,Paid Lunch [0],Other,ZZ,Not applicable [ZZ],,,,,N,N,N,Not homeless [Z],Z - Not homeless,Z,Not 504 Eligible[Z],EN,42.0,42.0,71.0,24.0,90.0,775.0,129.0,60.0,55.3,417.0,402.0,426.0,366.0,Level 4,Early On Grade Level
1214916,41,1,M,F,Eligible for Free Lunch [F],White,ZZ,Not applicable [ZZ],,,,,N,N,N,Not homeless [Z],Z - Not homeless,Z,Section 504 Eligible + Plan [Y],EN,,,,,,688.0,100.0,16.0,29.1,321.0,339.0,240.0,278.0,Level 2,1 Grade Level Below
1214949,41,1,F,D,Direct Cert/Free Lunch [D],Asian,ZZ,Not applicable [ZZ],,,,,N,N,N,Not homeless [Z],Z - Not homeless,Z,Not 504 Eligible[Z],EN,36.0,35.0,33.0,9.0,1.0,759.0,124.0,52.0,51.1,378.0,397.0,379.0,368.0,Level 2,Early On Grade Level
1214957,41,1,M,0,Paid Lunch [0],White,ZZ,Not applicable [ZZ],,,,,N,N,N,Not homeless [Z],Z - Not homeless,Z,Not 504 Eligible[Z],EN,50.0,44.0,59.0,20.0,18.0,926.0,180.0,96.0,86.9,449.0,446.0,458.0,436.0,Level 5,Mid or Above Grade Level
1214964,41,1,F,D,Direct Cert/Free Lunch [D],White,ZZ,Not applicable [ZZ],,,,,N,N,N,Not homeless [Z],Z - Not homeless,Z,Not 504 Eligible[Z],EN,37.0,48.0,29.0,9.0,7.0,773.0,129.0,59.0,54.8,427.0,411.0,459.0,449.0,Level 3,Early On Grade Level
1214970,41,1,F,D,Direct Cert/Free Lunch [D],Hispanic,ZZ,Not applicable [ZZ],,,,,N,N,N,Not homeless [Z],Z - Not homeless,Z,Not 504 Eligible[Z],EN,14.0,40.0,18.0,3.0,4.0,704.0,105.0,21.0,33.0,390.0,406.0,359.0,386.0,Level 1,Early On Grade Level
1214975,41,1,M,D,Direct Cert/Free Lunch [D],White,ZZ,Not applicable [ZZ],,,,,N,N,N,Not homeless [Z],Z - Not homeless,Z,Not 504 Eligible[Z],EN,5.0,55.0,10.0,0.0,0.0,706.0,106.0,21.0,33.0,358.0,368.0,385.0,348.0,Level 1,1 Grade Level Below
1214979,41,1,F,F,Eligible for Free Lunch [F],Asian,ZZ,Not applicable [ZZ],,,,,Y,N,N,Not homeless [Z],Z - Not homeless,B,Not 504 Eligible[Z],EN,95.0,45.0,74.0,26.0,90.0,889.0,168.0,92.0,79.6,487.0,432.0,515.0,492.0,Level 5,Mid or Above Grade Level
1214982,41,1,F,0,Paid Lunch [0],Hispanic,LY,LEP in LEP classes [LY],,,,,N,N,N,Not homeless [Z],Z - Not homeless,Z,Not 504 Eligible[Z],SP,19.0,32.0,16.0,0.0,1.0,695.0,102.0,18.0,30.7,341.0,313.0,313.0,395.0,Level 1,1 Grade Level Below
1214983,41,1,F,F,Eligible for Free Lunch [F],White,ZZ,Not applicable [ZZ],,,,,N,N,N,Not homeless [Z],Z - Not homeless,Z,Not 504 Eligible[Z],EN,42.0,61.0,64.0,21.0,16.0,808.0,141.0,74.0,63.5,416.0,426.0,422.0,414.0,Level 5,Mid or Above Grade Level
1214987,41,1,F,0,Paid Lunch [0],White,ZZ,Not applicable [ZZ],,,,,N,N,N,Not homeless [Z],Z - Not homeless,Z,Not 504 Eligible[Z],EN,48.0,48.0,35.0,10.0,23.0,799.0,137.0,70.0,61.0,446.0,459.0,470.0,429.0,Level 3,Mid or Above Grade Level
1214998,41,1,F,0,Paid Lunch [0],White,ZZ,Not applicable [ZZ],,,,,N,N,N,Not homeless [Z],Z - Not homeless,Z,Not 504 Eligible[Z],EN,42.0,27.0,49.0,10.0,5.0,803.0,139.0,72.0,62.3,412.0,463.0,383.0,319.0,Level 4,Mid or Above Grade Level
1215028,41,1,M,D,Direct Cert/Free Lunch [D],Hispanic,ZZ,Not applicable [ZZ],,,,,Y,N,N,Not homeless [Z],Z - Not homeless,Z,Not 504 Eligible[Z],EN,77.0,52.0,83.0,25.0,42.0,838.0,151.0,82.0,69.3,435.0,446.0,462.0,433.0,Level 4,Mid or Above Grade Level
1215035,41,1,F,D,Direct Cert/Free Lunch [D],Other,ZZ,Not applicable [ZZ],,,,,N,N,N,Not homeless [Z],Z - Not homeless,Z,Not 504 Eligible[Z],EN,19.0,31.0,1.0,0.0,,761.0,125.0,53.0,51.6,403.0,375.0,390.0,445.0,Level 4,Early On Grade Level
1215040,41,1,F,0,Paid Lunch [0],Other,ZZ,Not applicable [ZZ],,,,,N,N,N,Not homeless [Z],Z - Not homeless,Z,Not 504 Eligible[Z],EN,41.0,33.0,45.0,14.0,14.0,841.0,152.0,82.0,69.3,414.0,449.0,407.0,427.0,Level 4,Mid or Above Grade Level
1215050,41,1,M,0,Paid Lunch [0],White,ZZ,Not applicable [ZZ],,,,,N,N,N,Not homeless [Z],Z - Not homeless,Z,Section 504 Eligible + Plan [Y],EN,66.0,36.0,29.0,8.0,14.0,809.0,141.0,75.0,64.2,424.0,473.0,459.0,422.0,Level 5,Mid or Above Grade Level
1215074,41,1,F,0,Paid Lunch [0],White,ZZ,Not applicable [ZZ],,,,,N,N,N,Not homeless [Z],Z - Not homeless,Z,Not 504 Eligible[Z],EN,,,,,,921.0,179.0,96.0,86.9,465.0,459.0,456.0,449.0,Level 5,Mid or Above Grade Level
1215086,41,1,M,D,Direct Cert/Free Lunch [D],Black or African American,ZZ,Not applicable [ZZ],,,,,N,N,N,Not homeless [Z],Z - Not homeless,Z,Not 504 Eligible[Z],EN,50.0,30.0,41.0,11.0,36.0,785.0,133.0,64.0,57.5,418.0,345.0,424.0,414.0,Level 3,Mid or Above Grade Level
1215089,41,1,M,0,Paid Lunch [0],Hispanic,ZZ,Not applicable [ZZ],,,,,N,N,N,Not homeless [Z],Z - Not homeless,Z,Not 504 Eligible[Z],EN,25.0,32.0,17.0,3.0,7.0,778.0,130.0,61.0,55.9,413.0,458.0,400.0,420.0,Level 4,Early On Grade Level
1215090,41,1,F,D,Direct Cert/Free Lunch [D],Hispanic,ZZ,Not applicable [ZZ],,,,,N,N,N,Not homeless [Z],Not homeless [Z],Z,Not 504 Eligible[Z],EN,43.0,55.0,42.0,13.0,12.0,725.0,112.0,30.0,39.0,376.0,426.0,372.0,359.0,Level 5,Mid or Above Grade Level
1215099,41,1,F,0,Paid Lunch [0],Other,ZZ,Not applicable [ZZ],,,,,N,N,N,Not homeless [Z],Z - Not homeless,Z,Not 504 Eligible[Z],EN,57.0,65.0,44.0,13.0,13.0,787.0,133.0,65.0,58.1,398.0,412.0,385.0,400.0,Level 2,Early On Grade Level
1215100,41,1,F,0,Paid Lunch [0],White,ZZ,Not applicable [ZZ],,,,,N,N,N,Not homeless [Z],Z - Not homeless,Z,Not 504 Eligible[Z],EN,66.0,96.0,44.0,15.0,48.0,897.0,171.0,93.0,81.1,451.0,430.0,398.0,472.0,Level 5,Mid or Above Grade Level
1215127,41,1,M,D,Direct Cert/Free Lunch [D],White,ZZ,Not applicable [ZZ],,,,,N,N,N,Not homeless [Z],Z - Not homeless,Z,Not 504 Eligible[Z],EN,42.0,44.0,55.0,15.0,23.0,746.0,119.0,44.0,46.8,406.0,397.0,409.0,378.0,Level 4,Mid or Above Grade Level
1215148,41,1,M,0,Paid Lunch [0],White,ZZ,Not applicable [ZZ],,,,,N,N,N,Not homeless [Z],Z - Not homeless,Z,Not 504 Eligible[Z],EN,59.0,51.0,56.0,16.0,16.0,766.0,126.0,56.0,53.2,416.0,389.0,399.0,449.0,Level 3,Early On Grade Level
1215207,41,1,M,0,Paid Lunch [0],White,ZZ,Not applicable [ZZ],,,,,N,N,N,Not homeless [Z],Z - Not homeless,Z,Not 504 Eligible[Z],EN,47.0,52.0,56.0,18.0,15.0,768.0,127.0,57.0,53.7,417.0,442.0,417.0,389.0,Level 3,Early On Grade Level
1215224,41,1,F,D,Direct Cert/Free Lunch [D],Hispanic,ZZ,Tested - not eligible [TZ],,,,,N,N,N,Not homeless [Z],Z - Not homeless,Z,Not 504 Eligible[Z],SP,49.0,48.0,33.0,7.0,11.0,778.0,130.0,61.0,55.9,418.0,420.0,436.0,409.0,Level 3,
1215293,41,1,M,D,Direct Cert/Free Lunch [D],Black or African American,ZZ,Not applicable [ZZ],,,,,N,N,N,Not homeless [Z],Z - Not homeless,Z,Not 504 Eligible[Z],EN,64.0,64.0,70.0,21.0,64.0,770.0,128.0,58.0,54.2,423.0,420.0,452.0,378.0,Level 4,Mid or Above Grade Level
1215299,41,1,M,D,Direct Cert/Free Lunch [D],Hispanic,LY,LEP in LEP classes [LY],,,,,N,N,N,Not homeless [Z],Z - Not homeless,Z,Not 504 Eligible[Z],SP,18.0,44.0,41.0,12.0,0.0,744.0,119.0,43.0,46.3,350.0,345.0,394.0,363.0,Level 1,1 Grade Level Below
1215311,41,1,F,0,Paid Lunch [0],White,ZZ,Not applicable [ZZ],,,,,N,N,N,Not homeless [Z],Z - Not homeless,Z,Not 504 Eligible[Z],EN,58.0,52.0,50.0,14.0,33.0,897.0,171.0,93.0,81.1,442.0,473.0,461.0,434.0,Level 4,Mid or Above Grade Level
1215312,41,1,M,0,Paid Lunch [0],Hispanic,ZZ,Not applicable [ZZ],,,,,N,N,N,Not homeless [Z],Z - Not homeless,Z,Not 504 Eligible[Z],EN,50.0,60.0,57.0,15.0,30.0,782.0,132.0,63.0,57.0,403.0,373.0,406.0,403.0,Level 5,Mid or Above Grade Level
1215325,41,1,M,0,Paid Lunch [0],White,ZZ,Not applicable [ZZ],,,,,N,N,N,Not homeless [Z],Z - Not homeless,Z,Not 504 Eligible[Z],EN,44.0,15.0,18.0,0.0,2.0,697.0,103.0,18.0,30.7,366.0,363.0,359.0,353.0,Level 1,1 Grade Level Below
1215338,41,2,M,F,Eligible for Free Lunch [F],Other,ZZ,Not applicable [ZZ],H,H - Deaf or Hard Of Hearing,,,N,Y,N,Not homeless [Z],Z - Not homeless,Z,Not 504 Eligible[Z],EN,,,,,115.0,1003.0,207.0,95.0,84.6,524.0,,524.0,550.0,Level 5,Mid or Above Grade Level
1215340,41,1,F,0,Paid Lunch [0],White,ZZ,Not applicable [ZZ],,,,,N,N,N,Not homeless [Z],Z - Not homeless,Z,Not 504 Eligible[Z],EN,44.0,60.0,46.0,15.0,5.0,788.0,134.0,65.0,58.1,386.0,430.0,387.0,365.0,Level 3,1 Grade Level Below
1215348,41,1,M,0,Paid Lunch [0],White,ZZ,Not applicable [ZZ],,,,,N,N,N,Not homeless [Z],Z - Not homeless,Z,Section 504 Eligible + Plan [Y],EN,48.0,34.0,48.0,16.0,21.0,635.0,82.0,6.0,17.3,397.0,402.0,397.0,386.0,Level 4,Mid or Above Grade Level
1215357,41,1,M,D,Direct Cert/Free Lunch [D],Hispanic,ZZ,Tested - not eligible [TZ],,,,,N,N,N,Not homeless [Z],Z - Not homeless,Z,Not 504 Eligible[Z],SP,48.0,32.0,32.0,8.0,36.0,795.0,136.0,69.0,60.4,454.0,459.0,485.0,408.0,Level 3,Mid or Above Grade Level
1215361,41,1,F,0,Paid Lunch [0],White,ZZ,Not applicable [ZZ],,,,,N,N,N,Not homeless [Z],Z - Not homeless,Z,Not 504 Eligible[Z],EN,36.0,24.0,39.0,12.0,14.0,868.0,161.0,89.0,75.8,443.0,489.0,439.0,451.0,Level 4,Mid or Above Grade Level
1215411,41,1,F,0,Paid Lunch [0],White,ZZ,Not applicable [ZZ],,,,,N,N,N,Not homeless [Z],Z - Not homeless,Z,Section 504 Eligible + Plan [Y],EN,23.0,43.0,7.0,1.0,,771.0,128.0,58.0,54.2,399.0,398.0,364.0,401.0,Level 1,1 Grade Level Below
1215414,41,1,F,D,Direct Cert/Free Lunch [D],White,ZZ,Not applicable [ZZ],,,,,N,N,N,Not homeless [Z],Z - Not homeless,Z,Not 504 Eligible[Z],EN,,,,,,,,,,382.0,355.0,400.0,325.0,Level 1,1 Grade Level Below
1215422,41,1,M,0,Paid Lunch [0],White,ZZ,Not applicable [ZZ],,,,,N,N,N,Not homeless [Z],Z - Not homeless,Z,Not 504 Eligible[Z],EN,62.0,43.0,39.0,11.0,26.0,843.0,152.0,83.0,70.1,455.0,436.0,432.0,477.0,Level 4,Mid or Above Grade Level
1215451,41,1,F,D,Direct Cert/Free Lunch [D],Hispanic,ZZ,Tested - not eligible [TZ],,,,,N,N,N,Not homeless [Z],Z - Not homeless,Z,Not 504 Eligible[Z],SP,40.0,38.0,20.0,5.0,2.0,714.0,109.0,25.0,35.8,419.0,422.0,409.0,401.0,Level 1,Mid or Above Grade Level
1215464,41,1,M,D,Direct Cert/Free Lunch [D],Black or African American,ZZ,Not applicable [ZZ],,,,,N,N,N,Not homeless [Z],Z - Not homeless,Z,Not 504 Eligible[Z],EN,,,,,,785.0,133.0,64.0,57.5,414.0,438.0,379.0,462.0,Level 2,Early On Grade Level
1215467,41,1,F,0,Paid Lunch [0],Hispanic,ZZ,Tested - not eligible [TZ],,,,,N,N,N,Not homeless [Z],Z - Not homeless,Z,Not 504 Eligible[Z],EN,52.0,36.0,57.0,18.0,35.0,831.0,148.0,80.0,67.7,430.0,450.0,421.0,437.0,Level 3,Mid or Above Grade Level
1215472,41,1,M,0,Paid Lunch [0],White,ZZ,Not applicable [ZZ],,,,,N,N,N,Not homeless [Z],Z - Not homeless,Z,Not 504 Eligible[Z],EN,48.0,56.0,49.0,14.0,15.0,725.0,112.0,30.0,39.0,416.0,425.0,412.0,424.0,Level 3,Mid or Above Grade Level
1215482,41,1,F,0,Paid Lunch [0],White,ZZ,Tested - not eligible [TZ],,,,,N,N,N,Not homeless [Z],Z - Not homeless,Z,Not 504 Eligible[Z],FR,74.0,48.0,59.0,19.0,60.0,931.0,182.0,97.0,89.6,443.0,489.0,459.0,430.0,Level 5,Mid or Above Grade Level
1215487,41,1,F,0,Paid Lunch [0],Black or African American,ZZ,Not applicable [ZZ],,,,,N,N,N,Not homeless [Z],Z - Not homeless,Z,Not 504 Eligible[Z],EN,29.0,38.0,25.0,5.0,10.0,810.0,141.0,75.0,64.2,430.0,447.0,393.0,440.0,Level 2,1 Grade Level Below
1215503,41,1,M,0,Paid Lunch [0],White,ZZ,Not applicable [ZZ],,,,,N,N,N,Not homeless [Z],Z - Not homeless,Z,Not 504 Eligible[Z],EN,33.0,51.0,24.0,3.0,1.0,853.0,156.0,85.0,71.8,413.0,415.0,403.0,423.0,Level 2,Early On Grade Level
1215528,41,1,F,D,Direct Cert/Free Lunch [D],Black or African American,ZZ,Not applicable [ZZ],,,,,N,N,N,Not homeless [Z],Z - Not homeless,Z,Not 504 Eligible[Z],EN,29.0,44.0,46.0,15.0,15.0,700.0,104.0,19.0,31.5,361.0,356.0,368.0,366.0,Level 3,1 Grade Level Below
1215534,41,1,M,D,Direct Cert/Free Lunch [D],White,ZZ,Tested - not eligible [TZ],,,,,N,N,N,Not homeless [Z],Z - Not homeless,Z,Not 504 Eligible[Z],SP,68.0,33.0,51.0,13.0,36.0,803.0,139.0,72.0,62.3,421.0,450.0,413.0,397.0,Level 4,Mid or Above Grade Level
1215545,41,1,M,D,Direct Cert/Free Lunch [D],Black or African American,ZZ,Not applicable [ZZ],,,,,N,N,N,Not homeless [Z],Z - Not homeless,Z,Section 504 Eligible + Plan [Y],EN,47.0,64.0,35.0,9.0,5.0,696.0,103.0,18.0,30.7,374.0,398.0,389.0,388.0,Level 1,1 Grade Level Below
1215555,41,1,M,0,Paid Lunch [0],White,ZZ,Not applicable [ZZ],,,,,N,N,N,Not homeless [Z],Z - Not homeless,Z,Not 504 Eligible[Z],EN,59.0,48.0,81.0,24.0,52.0,904.0,173.0,94.0,82.7,466.0,468.0,448.0,475.0,Level 5,Mid or Above Grade Level
1215642,41,1,F,D,Direct Cert/Free Lunch [D],Hispanic,LY,LEP in LEP classes [LY],,,,,N,N,N,Not homeless [Z],Z - Not homeless,Z,Not 504 Eligible[Z],SP,44.0,27.0,20.0,4.0,8.0,741.0,118.0,41.0,45.2,381.0,390.0,364.0,352.0,Level 1,1 Grade Level Below
1215668,41,1,M,0,Paid Lunch [0],White,ZZ,Not applicable [ZZ],,,,,N,N,N,Not homeless [Z],Z - Not homeless,Z,Not 504 Eligible[Z],EN,46.0,56.0,112.0,37.0,56.0,902.0,172.0,94.0,82.7,452.0,412.0,460.0,467.0,Level 3,Mid or Above Grade Level
1215723,41,1,F,D,Direct Cert/Free Lunch [D],White,ZZ,Not applicable [ZZ],,,,,N,N,N,Not homeless [Z],Z - Not homeless,Z,Not 504 Eligible[Z],EN,68.0,56.0,96.0,33.0,61.0,804.0,139.0,73.0,62.9,414.0,401.0,414.0,407.0,Level 4,Mid or Above Grade Level
1215923,41,2,F,D,Direct Cert/Free Lunch [D],White,ZZ,Not applicable [ZZ],T,T - Developmentally Delayed,,,N,Y,N,Not homeless [Z],Z - Not homeless,Z,Not 504 Eligible[Z],EN,,,29.0,8.0,17.0,615.0,75.0,3.0,10.4,449.0,,470.0,430.0,Level 2,1 Grade Level Below
1215958,41,1,F,D,Direct Cert/Free Lunch [D],Other,ZZ,Not applicable [ZZ],,,,,N,N,N,Not homeless [Z],Z - Not homeless,Z,Not 504 Eligible[Z],EN,29.0,30.0,18.0,1.0,2.0,813.0,142.0,76.0,64.9,402.0,377.0,413.0,419.0,Level 3,Mid or Above Grade Level
1216026,41,1,F,D,Direct Cert/Free Lunch [D],Hispanic,ZZ,Not applicable [ZZ],,,,,N,N,N,Not homeless [Z],Z - Not homeless,Z,Not 504 Eligible[Z],EN,27.0,36.0,27.0,6.0,2.0,785.0,133.0,64.0,57.5,414.0,420.0,409.0,389.0,Level 2,Mid or Above Grade Level
1216257,41,1,M,D,Direct Cert/Free Lunch [D],Black or African American,ZZ,Not applicable [ZZ],,,,,N,N,N,Not homeless [Z],Z - Not homeless,Z,Not 504 Eligible[Z],EN,72.0,44.0,59.0,19.0,16.0,799.0,137.0,70.0,61.0,387.0,349.0,432.0,369.0,Level 3,Early On Grade Level
1216384,41,2,F,D,Direct Cert/Free Lunch [D],Asian,ZZ,Not applicable [ZZ],,,,,N,N,N,Not homeless [Z],Not homeless [Z],Z,Not 504 Eligible[Z],EN,,,61.0,13.0,42.0,838.0,151.0,37.0,43.0,457.0,,456.0,440.0,Level 2,Early On Grade Level
1216426,41,1,M,D,Direct Cert/Free Lunch [D],Black or African American,ZZ,Not applicable [ZZ],,,,,N,N,N,Not homeless [Z],Z - Not homeless,Z,Not 504 Eligible[Z],EN,31.0,34.0,3.0,4.0,,808.0,141.0,74.0,63.5,373.0,401.0,391.0,362.0,Level 1,1 Grade Level Below
1216443,41,1,F,D,Direct Cert/Free Lunch [D],Asian,ZZ,Not applicable [ZZ],,,,,N,N,N,Not homeless [Z],Z - Not homeless,Z,Not 504 Eligible[Z],EN,51.0,48.0,43.0,15.0,6.0,784.0,132.0,64.0,57.5,397.0,416.0,373.0,376.0,Level 2,1 Grade Level Below
1216481,41,1,F,0,Paid Lunch [0],Asian,LY,LEP in LEP classes [LY],,,,,N,N,N,Not homeless [Z],Z - Not homeless,Z,Not 504 Eligible[Z],EN,45.0,14.0,20.0,6.0,20.0,780.0,131.0,62.0,56.4,413.0,410.0,396.0,453.0,Level 3,Mid or Above Grade Level
1216617,41,1,F,D,Direct Cert/Free Lunch [D],Black or African American,ZZ,Not applicable [ZZ],,,,,N,N,N,Not homeless [Z],Z - Not homeless,Z,Not 504 Eligible[Z],EN,63.0,35.0,29.0,9.0,12.0,800.0,138.0,71.0,61.7,413.0,434.0,387.0,419.0,Level 3,Mid or Above Grade Level
1217353,41,2,F,D,Direct Cert/Free Lunch [D],Black or African American,ZZ,Not applicable [ZZ],,,,,N,N,N,Not homeless [Z],Z - Not homeless,Z,Not 504 Eligible[Z],EN,,,50.0,15.0,69.0,843.0,152.0,39.0,44.1,479.0,,503.0,485.0,Level 4,Mid or Above Grade Level
1219332,41,1,M,0,Paid Lunch [0],Hispanic,LY,LEP in LEP classes [LY],,,,,N,N,B,Other homelessness causes [N],"N - No, Is homeless but does not meet the definiton of unaccompanied youth",Z,Not 504 Eligible[Z],SP,16.0,0.0,0.0,0.0,0.0,558.0,56.0,1.0,1.0,312.0,332.0,355.0,295.0,Level 1,2 Grade Levels Below
1219965,41,2,M,D,Direct Cert/Free Lunch [D],Black or African American,ZZ,Not applicable [ZZ],K,K - Specific Learning Disabled,,,N,Y,N,Not homeless [Z],Z - Not homeless,Z,Not 504 Eligible[Z],EN,,,18.0,1.0,24.0,615.0,75.0,3.0,10.4,398.0,342.0,425.0,373.0,Level 2,1 Grade Level Below
1220276,41,1,M,0,Paid Lunch [0],White,ZZ,Not applicable [ZZ],,,,,N,N,N,Not homeless [Z],Z - Not homeless,Z,Not 504 Eligible[Z],EN,30.0,56.0,36.0,12.0,7.0,762.0,125.0,54.0,52.1,342.0,365.0,350.0,346.0,Level 1,1 Grade Level Below
1220711,41,1,M,D,Direct Cert/Free Lunch [D],White,ZZ,Not applicable [ZZ],,,,,N,N,N,Not homeless [Z],Z - Not homeless,Z,Not 504 Eligible[Z],EN,31.0,34.0,42.0,13.0,32.0,772.0,128.0,59.0,54.8,401.0,404.0,384.0,390.0,Level 5,Mid or Above Grade Level
1203460,51,2,M,0,Paid Lunch [0],White,ZZ,Not applicable [ZZ],V,V - Other Health Impaired,G,G - Language Impaired,N,Y,N,Not homeless [Z],Z - Not homeless,Z,Not 504 Eligible[Z],EN,,,36.0,12.0,6.0,761.0,125.0,12.0,25.3,420.0,470.0,432.0,388.0,Level 1,Early On Grade Level
1203709,51,2,F,0,Paid Lunch [0],White,ZZ,Not applicable [ZZ],V,V - Other Health Impaired,F,F - Speech Impaired,N,Y,N,Not homeless [Z],Z - Not homeless,Z,Not 504 Eligible[Z],EN,,,,,95.0,939.0,185.0,78.0,66.3,486.0,,492.0,478.0,Level 4,Mid or Above Grade Level
1204689,51,1,M,D,Direct Cert/Free Lunch [D],Black or African American,ZZ,Not applicable [ZZ],K,K - Specific Learning Disabled,D,D - Occupational Therapy,N,Y,N,Not homeless [Z],Z - Not homeless,Z,Not 504 Eligible[Z],EN,50.0,31.0,27.0,5.0,6.0,720.0,111.0,27.0,37.1,371.0,362.0,397.0,354.0,Level 1,1 Grade Level Below
1204693,51,1,M,0,Paid Lunch [0],White,ZZ,Not applicable [ZZ],,,,,N,N,N,Not homeless [Z],Z - Not homeless,Z,Not 504 Eligible[Z],EN,30.0,58.0,47.0,11.0,16.0,805.0,139.0,73.0,62.9,402.0,403.0,482.0,388.0,Level 2,Mid or Above Grade Level
1206256,51,2,F,D,Direct Cert/Free Lunch [D],Black or African American,ZZ,Not applicable [ZZ],,,,,N,N,N,Not homeless [Z],Z - Not homeless,Z,Not 504 Eligible[Z],EN,,,57.0,16.0,62.0,915.0,177.0,68.0,59.9,463.0,,477.0,464.0,Level 4,Early On Grade Level
1206358,51,1,F,0,Paid Lunch [0],Other,ZZ,Not applicable [ZZ],G,G - Language Impaired,F,F - Speech Impaired,N,Y,N,Not homeless [Z],Z - Not homeless,Z,Not 504 Eligible[Z],EN,37.0,41.0,36.0,10.0,7.0,698.0,103.0,19.0,31.5,388.0,412.0,457.0,373.0,Level 3,1 Grade Level Below
1206409,51,2,M,D,Direct Cert/Free Lunch [D],Black or African American,ZZ,Not applicable [ZZ],,,,,N,N,N,Not homeless [Z],Z - Not homeless,Z,Not 504 Eligible[Z],EN,,,33.0,7.0,46.0,869.0,161.0,49.0,49.5,444.0,,475.0,419.0,Level 2,1 Grade Level Below
1206717,51,2,F,D,Direct Cert/Free Lunch [D],White,ZZ,Not applicable [ZZ],K,K - Specific Learning Disabled,,,N,Y,N,Not homeless [Z],Z - Not homeless,Z,Not 504 Eligible[Z],EN,,,103.0,29.0,75.0,880.0,165.0,53.0,51.6,508.0,,511.0,524.0,Level 3,Mid or Above Grade Level
1207027,51,1,M,D,Direct Cert/Free Lunch [D],Hispanic,ZZ,Not applicable [ZZ],,,,,N,N,N,Not homeless [Z],Z - Not homeless,Z,Not 504 Eligible[Z],EN,73.0,57.0,121.0,38.0,65.0,857.0,157.0,86.0,72.8,438.0,418.0,451.0,452.0,Level 4,Mid or Above Grade Level
1207064,51,2,F,0,Paid Lunch [0],Hispanic,ZZ,Tested - not eligible [TZ],,,,,N,N,N,Not homeless [Z],Z - Not homeless,Z,Not 504 Eligible[Z],SP,,,81.0,26.0,59.0,956.0,191.0,84.0,70.9,505.0,,520.0,543.0,Level 4,Mid or Above Grade Level
1207169,51,2,F,0,Paid Lunch [0],Hispanic,ZZ,Tested - not eligible [TZ],K,K - Specific Learning Disabled,,,N,Y,N,Not homeless [Z],Z - Not homeless,Z,Not 504 Eligible[Z],SP,,,37.0,11.0,19.0,809.0,141.0,27.0,37.1,432.0,,459.0,421.0,Level 1,Early On Grade Level
1207426,51,2,M,D,Direct Cert/Free Lunch [D],Other,ZZ,Not applicable [ZZ],,,,,N,N,N,Not homeless [Z],Z - Not homeless,Z,Section 504 Eligible + Plan [Y],EN,,,33.0,8.0,22.0,766.0,126.0,14.0,27.2,433.0,454.0,439.0,431.0,Level 1,1 Grade Level Below
1207457,51,2,M,D,Direct Cert/Free Lunch [D],Hispanic,ZZ,Tested - not eligible [TZ],,,,,Y,N,N,Not homeless [Z],Z - Not homeless,B,Not 504 Eligible[Z],SP,,,,,95.0,981.0,199.0,91.0,78.2,538.0,,572.0,547.0,Level 5,Mid or Above Grade Level
1207656,51,2,F,D,Direct Cert/Free Lunch [D],Black or African American,ZZ,Tested - not eligible [TZ],,,,,N,N,N,Not homeless [Z],Z - Not homeless,Z,Not 504 Eligible[Z],HC,,,56.0,17.0,70.0,917.0,177.0,69.0,60.4,487.0,,475.0,492.0,Level 3,Early On Grade Level
1208270,51,2,F,D,Direct Cert/Free Lunch [D],Other,ZZ,Not applicable [ZZ],,,,,N,N,N,Not homeless [Z],Z - Not homeless,Z,Not 504 Eligible[Z],EN,,,,,87.0,964.0,193.0,86.0,72.8,505.0,,480.0,523.0,Level 4,Mid or Above Grade Level
1208299,51,2,M,0,Paid Lunch [0],White,ZZ,Not applicable [ZZ],,,,,N,N,N,Not homeless [Z],Z - Not homeless,Z,Not 504 Eligible[Z],EN,,,105.0,32.0,60.0,983.0,200.0,91.0,78.2,517.0,,546.0,512.0,Level 4,Mid or Above Grade Level
1208300,51,1,M,D,Direct Cert/Free Lunch [D],Hispanic,LY,LEP in LEP classes [LY],P,P - Autism Spectrum Disorder,G,G - Language Impaired,N,Y,N,Not homeless [Z],Z - Not homeless,Z,Not 504 Eligible[Z],SP,40.0,0.0,0.0,0.0,7.0,750.0,121.0,39.0,44.1,366.0,372.0,323.0,405.0,Level 1,1 Grade Level Below
1208305,51,2,M,0,Paid Lunch [0],White,ZZ,Not applicable [ZZ],,,,,N,N,N,Not homeless [Z],Z - Not homeless,Z,Not 504 Eligible[Z],EN,,,65.0,16.0,72.0,862.0,159.0,46.0,47.9,427.0,,465.0,356.0,Level 4,Early On Grade Level
1208309,51,2,F,0,Paid Lunch [0],Hispanic,ZZ,Tested - not eligible [TZ],,,,,N,N,N,Not homeless [Z],Z - Not homeless,Z,Not 504 Eligible[Z],SP,,,52.0,16.0,31.0,847.0,154.0,40.0,44.7,470.0,,459.0,441.0,Level 3,Mid or Above Grade Level
1208330,51,2,M,0,Paid Lunch [0],White,ZZ,Not applicable [ZZ],,,,,N,N,N,Not homeless [Z],Z - Not homeless,Z,Section 504 Eligible + Plan [Y],EN,,,32.0,10.0,26.0,843.0,152.0,39.0,44.1,452.0,417.0,414.0,443.0,Level 5,Early On Grade Level
1208348,51,2,F,D,Direct Cert/Free Lunch [D],White,ZZ,Not applicable [ZZ],,,,,N,N,N,Not homeless [Z],Z - Not homeless,Z,Not 504 Eligible[Z],EN,,,77.0,22.0,60.0,899.0,171.0,62.0,56.4,490.0,,447.0,494.0,Level 4,Early On Grade Level
1208351,51,2,M,0,Paid Lunch [0],Hispanic,ZZ,Tested - not eligible [TZ],K,K - Specific Learning Disabled,G,G - Language Impaired,N,Y,N,Not homeless [Z],Z - Not homeless,Z,Not 504 Eligible[Z],EN,,,75.0,20.0,39.0,811.0,142.0,28.0,37.7,399.0,,428.0,386.0,Level 1,1 Grade Level Below
1208412,51,1,F,D,Direct Cert/Free Lunch [D],White,ZZ,Not applicable [ZZ],G,G - Language Impaired,F,F - Speech Impaired,N,Y,N,Not homeless [Z],Z - Not homeless,Z,Not 504 Eligible[Z],EN,40.0,30.0,20.0,1.0,3.0,744.0,119.0,43.0,46.3,404.0,385.0,438.0,387.0,Level 3,1 Grade Level Below
1208488,51,2,F,0,Paid Lunch [0],Other,ZZ,Not applicable [ZZ],,,,,N,N,N,Not homeless [Z],Z - Not homeless,Z,Not 504 Eligible[Z],EN,,,83.0,28.0,53.0,933.0,183.0,76.0,64.9,480.0,,472.0,477.0,Level 4,Mid or Above Grade Level
1208541,51,2,F,0,Paid Lunch [0],White,ZZ,Not applicable [ZZ],,,,,N,N,N,Not homeless [Z],Z - Not homeless,Z,Not 504 Eligible[Z],EN,,,,,99.0,913.0,176.0,67.0,59.3,476.0,,525.0,452.0,Level 3,Mid or Above Grade Level
1209016,51,2,M,0,Paid Lunch [0],White,ZZ,Not applicable [ZZ],,,,,N,N,N,Not homeless [Z],Z - Not homeless,Z,Not 504 Eligible[Z],EN,,,55.0,15.0,72.0,843.0,152.0,39.0,44.1,476.0,,471.0,447.0,Level 2,Early On Grade Level
1209181,51,1,F,0,Paid Lunch [0],Hispanic,ZZ,Not applicable [ZZ],,,,,N,N,N,Not homeless [Z],Z - Not homeless,Z,Not 504 Eligible[Z],EN,58.0,54.0,37.0,10.0,42.0,813.0,142.0,76.0,64.9,435.0,424.0,437.0,429.0,Level 4,Mid or Above Grade Level
1209478,51,2,M,0,Paid Lunch [0],White,ZZ,Not applicable [ZZ],,,,,N,N,N,Not homeless [Z],Z - Not homeless,Z,Not 504 Eligible[Z],EN,,,,,89.0,900.0,172.0,62.0,56.4,470.0,,514.0,491.0,Level 3,Mid or Above Grade Level
1210003,51,2,F,0,Paid Lunch [0],White,ZZ,Not applicable [ZZ],,,,,N,N,N,Not homeless [Z],Z - Not homeless,Z,Not 504 Eligible[Z],EN,,,,,97.0,979.0,198.0,91.0,78.2,517.0,,557.0,494.0,Level 4,Mid or Above Grade Level
1210006,51,2,F,0,Paid Lunch [0],Hispanic,ZZ,Not applicable [ZZ],F,F - Speech Impaired,,,N,Y,N,Not homeless [Z],Z - Not homeless,Z,Not 504 Eligible[Z],EN,,,103.0,33.0,77.0,894.0,170.0,59.0,54.8,494.0,,523.0,493.0,Level 4,Mid or Above Grade Level
1210009,51,2,F,0,Paid Lunch [0],Black or African American,ZZ,Not applicable [ZZ],,,,,N,N,N,Not homeless [Z],Z - Not homeless,Z,Not 504 Eligible[Z],EN,,,82.0,21.0,82.0,918.0,178.0,69.0,60.4,491.0,,498.0,462.0,Level 3,Mid or Above Grade Level
1210013,51,2,F,0,Paid Lunch [0],Hispanic,ZZ,Not applicable [ZZ],,,,,N,N,N,Not homeless [Z],Z - Not homeless,Z,Not 504 Eligible[Z],SP,,,58.0,18.0,77.0,884.0,166.0,55.0,52.6,494.0,,537.0,473.0,Level 2,Mid or Above Grade Level
1210016,51,2,M,D,Direct Cert/Free Lunch [D],White,ZZ,Not applicable [ZZ],,,,,N,N,N,Not homeless [Z],Z - Not homeless,Z,Not 504 Eligible[Z],EN,,,,,93.0,948.0,188.0,81.0,68.5,500.0,,508.0,514.0,Level 3,Mid or Above Grade Level
1210210,51,2,M,D,Direct Cert/Free Lunch [D],Black or African American,ZZ,Not applicable [ZZ],,,,,N,N,N,Not homeless [Z],Z - Not homeless,Z,Not 504 Eligible[Z],EN,,,32.0,10.0,14.0,745.0,119.0,8.0,20.4,407.0,377.0,424.0,423.0,Level 1,1 Grade Level Below
1210257,51,2,F,0,Paid Lunch [0],White,ZZ,Not applicable [ZZ],,,,,Y,N,N,Not homeless [Z],Z - Not homeless,Z,Not 504 Eligible[Z],EN,,,,,107.0,1032.0,216.0,98.0,93.3,535.0,,562.0,514.0,Level 5,Mid or Above Grade Level
1210262,51,2,M,D,Direct Cert/Free Lunch [D],Black or African American,ZZ,Tested - not eligible [TZ],K,K - Specific Learning Disabled,G,G - Language Impaired,N,Y,N,Not homeless [Z],Z - Not homeless,Z,Not 504 Eligible[Z],EN,,,121.0,30.0,76.0,805.0,139.0,26.0,36.5,423.0,,479.0,422.0,Level 1,1 Grade Level Below
1210415,51,2,F,D,Direct Cert/Free Lunch [D],Black or African American,ZZ,Not applicable [ZZ],,,,,N,N,N,Not homeless [Z],Z - Not homeless,Z,Not 504 Eligible[Z],EN,,,,,109.0,947.0,188.0,81.0,68.5,503.0,,508.0,504.0,Level 3,Mid or Above Grade Level
1210520,51,2,F,0,Paid Lunch [0],White,ZZ,Not applicable [ZZ],,,,,N,N,N,Not homeless [Z],Z - Not homeless,Z,Section 504 Eligible + Plan [Y],EN,,,143.0,45.0,82.0,1004.0,207.0,95.0,84.6,523.0,,530.0,510.0,Level 5,Mid or Above Grade Level
1210575,51,2,F,0,Paid Lunch [0],Other,ZZ,Not applicable [ZZ],,,,,Y,N,N,Not homeless [Z],Z - Not homeless,Z,Not 504 Eligible[Z],EN,,,,,106.0,1005.0,207.0,95.0,84.6,501.0,,498.0,562.0,Level 5,Mid or Above Grade Level
1210629,51,2,F,0,Paid Lunch [0],White,ZZ,Not applicable [ZZ],,,,,N,N,N,Not homeless [Z],Z - Not homeless,Z,Section 504 Eligible + Plan [Y],EN,,,48.0,16.0,71.0,858.0,157.0,45.0,47.4,466.0,,467.0,422.0,Level 3,Early On Grade Level
1210721,51,2,M,0,Paid Lunch [0],Black or African American,ZZ,Not applicable [ZZ],,,,,N,N,N,Not homeless [Z],Z - Not homeless,Z,Not 504 Eligible[Z],EN,,,,,142.0,1005.0,207.0,95.0,84.6,550.0,,512.0,536.0,Level 4,Mid or Above Grade Level
1210725,51,2,M,D,Direct Cert/Free Lunch [D],Hispanic,ZZ,Not applicable [ZZ],,,,,N,N,N,Not homeless [Z],Z - Not homeless,Z,Not 504 Eligible[Z],EN,,,50.0,12.0,28.0,811.0,142.0,28.0,37.7,437.0,,471.0,416.0,Level 2,Mid or Above Grade Level
1210830,51,2,M,D,Direct Cert/Free Lunch [D],Asian,ZZ,Tested - not eligible [TZ],,,,,N,N,N,Not homeless [Z],Z - Not homeless,Z,Not 504 Eligible[Z],EN,,,51.0,13.0,48.0,864.0,159.0,47.0,48.4,450.0,,493.0,384.0,Level 2,Early On Grade Level
1210878,51,2,M,D,Direct Cert/Free Lunch [D],Hispanic,ZZ,Not applicable [ZZ],F,F - Speech Impaired,,,N,Y,N,Not homeless [Z],Z - Not homeless,Z,Not 504 Eligible[Z],EN,,,43.0,13.0,57.0,888.0,168.0,57.0,53.7,470.0,,454.0,466.0,Level 3,Early On Grade Level
1210880,51,2,M,0,Paid Lunch [0],White,ZZ,Not applicable [ZZ],,,,,Y,N,N,Not homeless [Z],Z - Not homeless,A,Not 504 Eligible[Z],EN,,,110.0,35.0,82.0,1014.0,210.0,96.0,86.9,540.0,,553.0,534.0,Level 5,Mid or Above Grade Level
1210883,51,2,F,D,Direct Cert/Free Lunch [D],White,ZZ,Not applicable [ZZ],K,K - Specific Learning Disabled,G,G - Language Impaired,N,Y,N,Not homeless [Z],Z - Not homeless,Z,Not 504 Eligible[Z],EN,,,77.0,26.0,54.0,782.0,132.0,18.0,30.7,427.0,,446.0,427.0,Level 1,1 Grade Level Below
1210884,51,2,F,0,Paid Lunch [0],Other,ZZ,Not applicable [ZZ],,,,,N,N,N,Not homeless [Z],Z - Not homeless,Z,Not 504 Eligible[Z],EN,,,,,93.0,906.0,174.0,65.0,58.1,474.0,,511.0,478.0,Level 3,Mid or Above Grade Level
1210915,51,2,M,0,Paid Lunch [0],White,ZZ,Not applicable [ZZ],,,,,N,N,N,Not homeless [Z],Z - Not homeless,Z,Not 504 Eligible[Z],EN,,,61.0,19.0,57.0,906.0,174.0,65.0,58.1,486.0,,485.0,546.0,Level 4,1 Grade Level Below
1210927,51,2,F,D,Direct Cert/Free Lunch [D],Hispanic,ZZ,Not applicable [ZZ],,,,,N,N,N,Not homeless [Z],Z - Not homeless,Z,Not 504 Eligible[Z],EN,,,,,138.0,937.0,184.0,77.0,65.6,525.0,,551.0,520.0,Level 5,Mid or Above Grade Level
1210943,51,2,F,0,Paid Lunch [0],Asian,ZZ,Not applicable [ZZ],,,,,N,N,N,Not homeless [Z],Z - Not homeless,Z,Not 504 Eligible[Z],EN,,,65.0,18.0,86.0,907.0,174.0,65.0,58.1,474.0,,464.0,466.0,Level 3,Early On Grade Level
1210954,51,2,M,0,Paid Lunch [0],White,ZZ,Not applicable [ZZ],,,,,Y,N,N,Not homeless [Z],Z - Not homeless,Z,Not 504 Eligible[Z],EN,,,,,127.0,993.0,203.0,93.0,81.1,524.0,,579.0,547.0,Level 5,Mid or Above Grade Level
1211000,51,2,F,0,Paid Lunch [0],White,ZZ,Not applicable [ZZ],,,,,Y,N,N,Not homeless [Z],Z - Not homeless,A,Not 504 Eligible[Z],EN,,,,,90.0,994.0,204.0,93.0,81.1,502.0,,522.0,518.0,Level 5,Mid or Above Grade Level
1211003,51,2,F,0,Paid Lunch [0],White,ZZ,Not applicable [ZZ],,,,,N,N,N,Not homeless [Z],Z - Not homeless,Z,Not 504 Eligible[Z],EN,,,,,103.0,979.0,198.0,91.0,78.2,526.0,,569.0,539.0,Level 4,Mid or Above Grade Level
1211004,51,2,M,D,Direct Cert/Free Lunch [D],Black or African American,ZZ,Not applicable [ZZ],,,,,N,N,N,Not homeless [Z],Z - Not homeless,Z,Not 504 Eligible[Z],EN,,,46.0,10.0,60.0,896.0,170.0,60.0,55.3,460.0,,428.0,546.0,Level 3,Early On Grade Level
1211011,51,2,M,D,Direct Cert/Free Lunch [D],Black or African American,ZZ,Not applicable [ZZ],F,F - Speech Impaired,,,N,Y,N,Not homeless [Z],Z - Not homeless,Z,Not 504 Eligible[Z],EN,,,42.0,11.0,69.0,833.0,149.0,36.0,42.5,410.0,389.0,416.0,414.0,Level 2,1 Grade Level Below
1211018,51,2,M,0,Paid Lunch [0],White,ZZ,Not applicable [ZZ],,,,,N,N,N,Not homeless [Z],Z - Not homeless,Z,Not 504 Eligible[Z],EN,,,44.0,11.0,36.0,830.0,148.0,35.0,41.9,489.0,,510.0,482.0,Level 3,Early On Grade Level
1211023,51,2,F,D,Direct Cert/Free Lunch [D],Black or African American,ZZ,Tested - not eligible [TZ],,,,,N,N,N,Not homeless [Z],Z - Not homeless,Z,Not 504 Eligible[Z],JC,,,48.0,13.0,74.0,959.0,192.0,85.0,71.8,505.0,,530.0,539.0,Level 4,Early On Grade Level
1211032,51,2,F,3,Eligible for Reduced Lunch [3],Other,ZZ,Not applicable [ZZ],K,K - Specific Learning Disabled,,,N,Y,N,Not homeless [Z],Z - Not homeless,Z,Not 504 Eligible[Z],EN,,,30.0,6.0,16.0,784.0,132.0,19.0,31.5,365.0,388.0,211.0,302.0,Level 2,Early On Grade Level
1211046,51,2,F,0,Paid Lunch [0],Hispanic,ZZ,Not applicable [ZZ],,,,,N,N,N,Not homeless [Z],Z - Not homeless,Z,Not 504 Eligible[Z],EN,,,,,125.0,953.0,190.0,83.0,70.1,503.0,,544.0,487.0,Level 4,Mid or Above Grade Level
1211058,51,2,F,D,Direct Cert/Free Lunch [D],Other,ZZ,Not applicable [ZZ],K,K - Specific Learning Disabled,,,N,Y,N,Not homeless [Z],Z - Not homeless,Z,Not 504 Eligible[Z],EN,,,32.0,9.0,30.0,828.0,147.0,34.0,41.3,412.0,475.0,448.0,417.0,Level 2,1 Grade Level Below
1211060,51,2,M,0,Paid Lunch [0],White,ZZ,Not applicable [ZZ],,,,,N,N,N,Not homeless [Z],Z - Not homeless,Z,Not 504 Eligible[Z],EN,,,,,113.0,986.0,201.0,92.0,79.6,499.0,,524.0,512.0,Level 5,Mid or Above Grade Level
1211143,51,2,M,0,Paid Lunch [0],White,ZZ,Not applicable [ZZ],,,,,N,N,N,Not homeless [Z],Z - Not homeless,Z,Not 504 Eligible[Z],EN,,,71.0,22.0,72.0,928.0,181.0,74.0,63.5,519.0,,555.0,494.0,Level 4,Mid or Above Grade Level
1211147,51,2,M,0,Paid Lunch [0],White,ZZ,Not applicable [ZZ],,,,,N,N,N,Not homeless [Z],Z - Not homeless,Z,Not 504 Eligible[Z],EN,,,83.0,26.0,76.0,1000.0,206.0,94.0,82.7,505.0,,546.0,528.0,Level 4,Mid or Above Grade Level
1211151,51,2,M,0,Paid Lunch [0],White,ZZ,Not applicable [ZZ],,,,,N,N,N,Not homeless [Z],Z - Not homeless,Z,Section 504 Eligible + Plan [Y],EN,,,,,89.0,967.0,194.0,87.0,73.7,523.0,,546.0,518.0,Level 5,Mid or Above Grade Level
1211154,51,2,M,D,Direct Cert/Free Lunch [D],White,ZZ,Not applicable [ZZ],,,,,N,N,N,Not homeless [Z],Z - Not homeless,Z,Not 504 Eligible[Z],EN,,,,,100.0,982.0,199.0,91.0,78.2,517.0,,503.0,522.0,Level 4,Mid or Above Grade Level
1211157,51,2,M,F,Eligible for Free Lunch [F],White,ZZ,Not applicable [ZZ],F,F - Speech Impaired,,,N,Y,N,Not homeless [Z],Z - Not homeless,Z,Not 504 Eligible[Z],EN,,,66.0,20.0,40.0,814.0,143.0,29.0,38.3,416.0,,467.0,406.0,Level 4,1 Grade Level Below
1211162,51,2,F,0,Paid Lunch [0],White,ZZ,Not applicable [ZZ],,,,,N,N,N,Not homeless [Z],Z - Not homeless,Z,Not 504 Eligible[Z],EN,,,134.0,43.0,78.0,937.0,184.0,77.0,65.6,493.0,,528.0,490.0,Level 3,Mid or Above Grade Level
1211179,51,2,F,0,Paid Lunch [0],White,ZZ,Not applicable [ZZ],,,,,N,N,N,Not homeless [Z],Z - Not homeless,Z,Not 504 Eligible[Z],EN,,,,,110.0,985.0,200.0,92.0,79.6,512.0,,507.0,497.0,Level 4,Mid or Above Grade Level
1211181,51,2,F,0,Paid Lunch [0],White,ZZ,Not applicable [ZZ],,,,,N,N,N,Not homeless [Z],Z - Not homeless,Z,Not 504 Eligible[Z],EN,,,,,89.0,935.0,184.0,76.0,64.9,488.0,,482.0,516.0,Level 4,Mid or Above Grade Level
1211232,51,2,M,D,Direct Cert/Free Lunch [D],White,ZZ,Not applicable [ZZ],,,,,N,N,N,Not homeless [Z],Not homeless [Z],Z,Not 504 Eligible[Z],EN,,,82.0,23.0,81.0,895.0,170.0,60.0,55.3,477.0,,477.0,467.0,Level 4,Early On Grade Level
1211233,51,2,F,D,Direct Cert/Free Lunch [D],White,ZZ,Not applicable [ZZ],,,,,N,N,N,Not homeless [Z],Z - Not homeless,Z,Not 504 Eligible[Z],EN,,,,,94.0,967.0,194.0,87.0,73.7,512.0,,518.0,489.0,Level 4,Mid or Above Grade Level
1211239,51,2,M,0,Paid Lunch [0],White,ZZ,Not applicable [ZZ],,,,,N,N,N,Not homeless [Z],Z - Not homeless,Z,Not 504 Eligible[Z],EN,,,40.0,10.0,48.0,893.0,169.0,59.0,54.8,460.0,,477.0,413.0,Level 4,Early On Grade Level
1211338,51,2,F,0,Paid Lunch [0],Other,ZZ,Not applicable [ZZ],,,,,N,N,N,Not homeless [Z],Z - Not homeless,Z,Not 504 Eligible[Z],EN,,,,,,946.0,187.0,81.0,68.5,503.0,,492.0,522.0,Level 3,Mid or Above Grade Level
1211399,51,1,M,D,Direct Cert/Free Lunch [D],White,ZZ,Not applicable [ZZ],K,K - Specific Learning Disabled,F,F - Speech Impaired,N,Y,N,Not homeless [Z],Z - Not homeless,Z,Not 504 Eligible[Z],EN,22.0,36.0,21.0,4.0,7.0,615.0,75.0,4.0,13.1,405.0,399.0,433.0,436.0,Level 2,Mid or Above Grade Level
1211411,51,2,F,3,Eligible for Reduced Lunch [3],Black or African American,ZZ,Not applicable [ZZ],,,,,N,N,N,Not homeless [Z],Z - Not homeless,Z,Not 504 Eligible[Z],EN,,,71.0,21.0,67.0,910.0,175.0,66.0,58.7,496.0,,520.0,482.0,Level 3,Mid or Above Grade Level
1211491,51,2,M,D,Direct Cert/Free Lunch [D],White,ZZ,Not applicable [ZZ],,,,,N,N,N,Not homeless [Z],Z - Not homeless,Z,Not 504 Eligible[Z],EN,,6.0,33.0,9.0,32.0,841.0,152.0,38.0,43.6,430.0,,471.0,419.0,Level 3,Early On Grade Level
1211522,51,2,F,0,Paid Lunch [0],White,ZZ,Tested - not eligible [TZ],,,,,N,N,N,Not homeless [Z],Z - Not homeless,Z,Not 504 Eligible[Z],EN,,,55.0,17.0,54.0,886.0,167.0,56.0,53.2,494.0,,535.0,478.0,Level 3,Mid or Above Grade Level
1211659,51,2,F,0,Paid Lunch [0],White,ZZ,Not applicable [ZZ],,,,,N,N,N,Not homeless [Z],Z - Not homeless,Z,Not 504 Eligible[Z],EN,,,25.0,7.0,59.0,933.0,183.0,76.0,64.9,487.0,,472.0,444.0,Level 4,Mid or Above Grade Level
1211675,51,2,F,D,Direct Cert/Free Lunch [D],Other,ZZ,Not applicable [ZZ],,,,,N,N,N,Not homeless [Z],Not homeless [Z],Z,Not 504 Eligible[Z],EN,,,78.0,25.0,33.0,769.0,127.0,14.0,27.2,449.0,,472.0,429.0,Level 2,Mid or Above Grade Level
1211676,51,2,M,D,Direct Cert/Free Lunch [D],White,ZZ,Not applicable [ZZ],,,,,N,N,N,Not homeless [Z],Z - Not homeless,Z,Not 504 Eligible[Z],EN,,,,,90.0,892.0,169.0,58.0,54.2,479.0,,512.0,437.0,Level 3,Mid or Above Grade Level
1211689,51,2,F,D,Direct Cert/Free Lunch [D],Hispanic,ZZ,Not applicable [ZZ],,,,,N,N,N,Not homeless [Z],Z - Not homeless,Z,Not 504 Eligible[Z],EN,,,78.0,24.0,47.0,958.0,191.0,85.0,71.8,487.0,,532.0,469.0,Level 3,Mid or Above Grade Level
1211774,51,2,F,3,Eligible for Reduced Lunch [3],Other,ZZ,Not applicable [ZZ],,,,,N,N,N,Not homeless [Z],Z - Not homeless,Z,Not 504 Eligible[Z],EN,,,51.0,13.0,61.0,950.0,189.0,82.0,69.3,499.0,,521.0,461.0,Level 5,Mid or Above Grade Level
1211822,51,2,F,D,Direct Cert/Free Lunch [D],Black or African American,ZZ,Tested - not eligible [TZ],,,,,N,N,N,Not homeless [Z],Z - Not homeless,Z,Not 504 Eligible[Z],HC,,,38.0,10.0,47.0,828.0,147.0,34.0,41.3,427.0,,426.0,431.0,Level 2,1 Grade Level Below
1211867,51,1,F,0,Paid Lunch [0],White,ZZ,Not applicable [ZZ],,,,,N,N,N,Not homeless [Z],Z - Not homeless,Z,Not 504 Eligible[Z],EN,42.0,45.0,42.0,14.0,42.0,875.0,163.0,90.0,77.0,460.0,446.0,488.0,492.0,Level 4,Mid or Above Grade Level
1211908,51,1,M,D,Direct Cert/Free Lunch [D],Hispanic,ZZ,Not applicable [ZZ],,,,,N,N,N,Not homeless [Z],Z - Not homeless,Z,Not 504 Eligible[Z],EN,26.0,37.0,35.0,2.0,10.0,798.0,137.0,70.0,61.0,415.0,421.0,385.0,405.0,Level 3,Early On Grade Level
1211975,51,1,M,0,Paid Lunch [0],Black or African American,ZZ,Not applicable [ZZ],,,,,Y,N,N,Not homeless [Z],Z - Not homeless,Z,Not 504 Eligible[Z],EN,100.0,60.0,147.0,47.0,118.0,958.0,191.0,98.0,93.3,578.0,509.0,621.0,564.0,Level 5,Mid or Above Grade Level
1212020,51,2,M,0,Paid Lunch [0],Hispanic,ZZ,Not applicable [ZZ],,,,,N,N,N,Not homeless [Z],Z - Not homeless,Z,Not 504 Eligible[Z],EN,,,,,103.0,1022.0,213.0,97.0,89.6,546.0,,520.0,575.0,Level 5,Mid or Above Grade Level
1212073,51,1,M,D,Direct Cert/Free Lunch [D],Black or African American,ZZ,Not applicable [ZZ],,,,,N,N,N,Not homeless [Z],Z - Not homeless,Z,Not 504 Eligible[Z],EN,35.0,43.0,39.0,11.0,7.0,742.0,118.0,41.0,45.2,415.0,433.0,413.0,407.0,Level 5,Mid or Above Grade Level
1212086,51,2,M,D,Direct Cert/Free Lunch [D],Black or African American,ZZ,Not applicable [ZZ],,,,,N,N,B,Other homelessness causes [N],"N - No, Is homeless but does not meet the definiton of unaccompanied youth",Z,Not 504 Eligible[Z],EN,,,34.0,10.0,24.0,772.0,128.0,15.0,28.2,371.0,398.0,383.0,392.0,Level 1,1 Grade Level Below
1212124,51,1,M,0,Paid Lunch [0],White,ZZ,Not applicable [ZZ],,,,,Y,N,N,Not homeless [Z],Z - Not homeless,A,Not 504 Eligible[Z],EN,79.0,53.0,185.0,60.0,94.0,1043.0,220.0,99.0,99.0,520.0,459.0,463.0,607.0,Level 5,Mid or Above Grade Level
1212136,51,1,M,0,Paid Lunch [0],White,ZZ,Not applicable [ZZ],,,,,N,N,N,Not homeless [Z],Z - Not homeless,Z,Not 504 Eligible[Z],EN,55.0,48.0,36.0,10.0,37.0,803.0,139.0,72.0,62.3,411.0,411.0,395.0,415.0,Level 4,Mid or Above Grade Level
1212205,51,2,F,D,Direct Cert/Free Lunch [D],Other,ZZ,Not applicable [ZZ],,,,,N,N,N,Not homeless [Z],Z - Not homeless,Z,Not 504 Eligible[Z],EN,,,62.0,19.0,67.0,882.0,166.0,54.0,52.1,489.0,,511.0,468.0,Level 3,Mid or Above Grade Level
1212239,51,1,M,D,Direct Cert/Free Lunch [D],Hispanic,ZZ,Tested - not eligible [TZ],K,K - Specific Learning Disabled,,,N,Y,N,Not homeless [Z],Z - Not homeless,Z,Not 504 Eligible[Z],SP,22.0,32.0,29.0,6.0,10.0,736.0,116.0,37.0,43.0,402.0,414.0,365.0,389.0,Level 2,1 Grade Level Below
1212576,51,2,F,0,Paid Lunch [0],White,ZZ,Not applicable [ZZ],,,,,N,N,N,Not homeless [Z],Z - Not homeless,Z,Not 504 Eligible[Z],EN,,,,,114.0,971.0,196.0,88.0,74.7,514.0,,521.0,538.0,Level 4,Mid or Above Grade Level
1212623,51,2,M,D,Direct Cert/Free Lunch [D],White,ZZ,Not applicable [ZZ],,,,,N,N,N,Not homeless [Z],Z - Not homeless,Z,Not 504 Eligible[Z],EN,,,,,101.0,931.0,182.0,75.0,64.2,501.0,,506.0,475.0,Level 5,Mid or Above Grade Level
1212714,51,1,M,0,Paid Lunch [0],White,ZZ,Not applicable [ZZ],,,,,N,N,N,Not homeless [Z],Z - Not homeless,Z,Not 504 Eligible[Z],EN,40.0,35.0,45.0,14.0,10.0,749.0,121.0,46.0,47.9,417.0,460.0,426.0,416.0,Level 4,Mid or Above Grade Level
1213144,51,2,F,D,Direct Cert/Free Lunch [D],White,ZZ,Not applicable [ZZ],,,,,N,N,N,Not homeless [Z],Z - Not homeless,Z,Not 504 Eligible[Z],EN,,,58.0,18.0,50.0,899.0,171.0,62.0,56.4,476.0,449.0,410.0,462.0,Level 4,Early On Grade Level
1213440,51,2,M,0,Paid Lunch [0],White,ZZ,Not applicable [ZZ],,,,,N,N,N,Not homeless [Z],Z - Not homeless,Z,Not 504 Eligible[Z],EN,,,73.0,24.0,81.0,996.0,204.0,94.0,82.7,509.0,,523.0,525.0,Level 4,Mid or Above Grade Level
1213614,51,2,M,0,Paid Lunch [0],Black or African American,ZZ,Not applicable [ZZ],V,V - Other Health Impaired,,,N,Y,N,Not homeless [Z],Z - Not homeless,Z,IDEA Eligible & Section 504 Dismissal [Z],EN,,,28.0,5.0,15.0,750.0,121.0,9.0,21.8,356.0,379.0,321.0,389.0,Level 1,2 Grade Levels Below
1213904,51,2,M,D,Direct Cert/Free Lunch [D],White,ZZ,Not applicable [ZZ],,,,,N,N,N,Not homeless [Z],Z - Not homeless,Z,Not 504 Eligible[Z],EN,,,,,124.0,1030.0,216.0,98.0,93.3,535.0,,534.0,555.0,Level 5,Mid or Above Grade Level
1214263,51,1,M,0,Paid Lunch [0],White,ZZ,Not applicable [ZZ],,,,,N,N,N,Not homeless [Z],Z - Not homeless,Z,Not 504 Eligible[Z],EN,85.0,36.0,49.0,8.0,13.0,895.0,170.0,93.0,81.1,425.0,433.0,414.0,474.0,Level 5,Mid or Above Grade Level
1214462,51,1,M,0,Paid Lunch [0],White,ZZ,Not applicable [ZZ],,,,,N,N,N,Not homeless [Z],Z - Not homeless,Z,Not 504 Eligible[Z],EN,52.0,66.0,36.0,12.0,14.0,615.0,75.0,4.0,13.1,431.0,489.0,474.0,404.0,Level 3,Mid or Above Grade Level
1214683,51,1,M,D,Direct Cert/Free Lunch [D],White,ZZ,Not applicable [ZZ],,,,,N,N,N,Not homeless [Z],Z - Not homeless,Z,Not 504 Eligible[Z],EN,65.0,35.0,102.0,35.0,102.0,921.0,179.0,96.0,86.9,488.0,459.0,520.0,521.0,Level 5,Mid or Above Grade Level
1214704,51,1,M,D,Direct Cert/Free Lunch [D],White,ZZ,Not applicable [ZZ],,,,,N,N,N,Not homeless [Z],Z - Not homeless,Z,Not 504 Eligible[Z],EN,31.0,54.0,29.0,7.0,0.0,710.0,107.0,23.0,34.4,416.0,426.0,400.0,403.0,Level 1,1 Grade Level Below
1214768,51,1,F,D,Direct Cert/Free Lunch [D],Hispanic,ZZ,Tested - not eligible [TZ],,,,,N,N,N,Not homeless [Z],Z - Not homeless,Z,Section 504 Eligible + Plan [Y],SP,57.0,39.0,53.0,18.0,45.0,790.0,134.0,66.0,58.7,448.0,441.0,473.0,420.0,Level 5,Mid or Above Grade Level
1214769,51,1,M,0,Paid Lunch [0],White,ZZ,Not applicable [ZZ],,,,,N,N,N,Not homeless [Z],Z - Not homeless,Z,Not 504 Eligible[Z],EN,27.0,23.0,24.0,5.0,4.0,723.0,112.0,29.0,38.3,393.0,407.0,393.0,350.0,Level 1,1 Grade Level Below
1214799,51,1,F,0,Paid Lunch [0],White,ZZ,Not applicable [ZZ],F,F - Speech Impaired,,,N,Y,N,Not homeless [Z],Z - Not homeless,Z,Not 504 Eligible[Z],EN,50.0,67.0,35.0,13.0,23.0,818.0,144.0,77.0,65.6,407.0,431.0,405.0,426.0,Level 5,Mid or Above Grade Level
1214873,51,1,F,0,Paid Lunch [0],White,ZZ,Not applicable [ZZ],,,,,N,N,N,Not homeless [Z],Z - Not homeless,Z,Not 504 Eligible[Z],EN,38.0,38.0,35.0,14.0,14.0,712.0,108.0,24.0,35.1,385.0,387.0,436.0,391.0,Level 5,Mid or Above Grade Level
1214879,51,1,M,D,Direct Cert/Free Lunch [D],Hispanic,ZZ,Not applicable [ZZ],,,,,N,N,N,Not homeless [Z],Z - Not homeless,Z,Section 504 Eligible + Plan [Y],EN,69.0,33.0,71.0,20.0,28.0,838.0,151.0,82.0,69.3,420.0,438.0,439.0,419.0,Level 4,Mid or Above Grade Level
1214911,51,1,F,D,Direct Cert/Free Lunch [D],Hispanic,ZZ,Tested - not eligible [TZ],F,F - Speech Impaired,,,N,Y,N,Not homeless [Z],Z - Not homeless,Z,Not 504 Eligible[Z],SP,48.0,29.0,16.0,2.0,39.0,769.0,127.0,57.0,53.7,423.0,412.0,441.0,430.0,Level 4,Mid or Above Grade Level
1214921,51,1,F,0,Paid Lunch [0],White,ZZ,Not applicable [ZZ],,,,,N,N,N,Not homeless [Z],Z - Not homeless,Z,Not 504 Eligible[Z],EN,39.0,74.0,42.0,15.0,13.0,615.0,75.0,4.0,13.1,426.0,477.0,426.0,390.0,Level 3,Mid or Above Grade Level
1214923,51,1,F,0,Paid Lunch [0],White,ZZ,Not applicable [ZZ],,,,,N,N,N,Not homeless [Z],Z - Not homeless,Z,Not 504 Eligible[Z],EN,49.0,45.0,37.0,9.0,18.0,615.0,75.0,4.0,13.1,441.0,446.0,464.0,458.0,Level 4,Mid or Above Grade Level
1214924,51,1,M,0,Paid Lunch [0],White,ZZ,Not applicable [ZZ],F,F - Speech Impaired,,,N,Y,N,Not homeless [Z],Z - Not homeless,Z,Not 504 Eligible[Z],EN,74.0,61.0,41.0,9.0,11.0,794.0,136.0,68.0,59.9,401.0,408.0,395.0,379.0,Level 4,Mid or Above Grade Level
1214925,51,1,M,3,Eligible for Reduced Lunch [3],Black or African American,ZZ,Not applicable [ZZ],,,,,N,N,N,Not homeless [Z],Z - Not homeless,Z,Not 504 Eligible[Z],EN,62.0,59.0,52.0,13.0,29.0,882.0,166.0,91.0,78.2,438.0,404.0,440.0,445.0,Level 4,Mid or Above Grade Level
1214934,51,1,M,0,Paid Lunch [0],Asian,ZZ,Not applicable [ZZ],,,,,N,N,N,Not homeless [Z],Z - Not homeless,Z,Not 504 Eligible[Z],EN,77.0,56.0,65.0,22.0,67.0,874.0,163.0,90.0,77.0,475.0,509.0,433.0,422.0,Level 5,Mid or Above Grade Level
1214947,51,1,M,0,Paid Lunch [0],White,ZZ,Not applicable [ZZ],,,,,N,N,N,Not homeless [Z],Z - Not homeless,Z,Not 504 Eligible[Z],EN,64.0,48.0,69.0,21.0,39.0,841.0,152.0,82.0,69.3,426.0,473.0,442.0,419.0,Level 5,Mid or Above Grade Level
1214955,51,1,F,3,Eligible for Reduced Lunch [3],Hispanic,ZZ,Tested - not eligible [TZ],,,,,N,N,N,Not homeless [Z],Z - Not homeless,Z,Not 504 Eligible[Z],SP,26.0,51.0,28.0,7.0,6.0,756.0,123.0,50.0,50.0,429.0,413.0,415.0,446.0,Level 1,1 Grade Level Below
1214959,51,1,M,0,Paid Lunch [0],Hispanic,ZZ,Not applicable [ZZ],,,,,N,N,N,Not homeless [Z],Z - Not homeless,Z,Not 504 Eligible[Z],EN,21.0,59.0,30.0,10.0,9.0,812.0,142.0,76.0,64.9,428.0,464.0,438.0,412.0,Level 5,Mid or Above Grade Level
1214968,51,1,M,0,Paid Lunch [0],Hispanic,ZZ,Not applicable [ZZ],,,,,N,N,N,Not homeless [Z],Z - Not homeless,Z,Not 504 Eligible[Z],EN,54.0,42.0,41.0,12.0,24.0,882.0,166.0,91.0,78.2,446.0,431.0,423.0,430.0,Level 5,Mid or Above Grade Level
1214976,51,1,F,0,Paid Lunch [0],White,ZZ,Not applicable [ZZ],,,,,N,N,N,Not homeless [Z],Z - Not homeless,Z,Not 504 Eligible[Z],EN,67.0,48.0,104.0,33.0,70.0,981.0,199.0,99.0,99.0,473.0,489.0,452.0,477.0,Level 5,Mid or Above Grade Level
1214986,51,1,F,3,Eligible for Reduced Lunch [3],Black or African American,ZZ,Not applicable [ZZ],,,,,Y,N,N,Not homeless [Z],Z - Not homeless,Z,Not 504 Eligible[Z],EN,56.0,19.0,84.0,26.0,101.0,972.0,196.0,98.0,93.3,513.0,459.0,526.0,512.0,Level 5,Mid or Above Grade Level
1215018,51,1,M,D,Direct Cert/Free Lunch [D],Hispanic,ZZ,Not applicable [ZZ],,,,,N,N,N,Not homeless [Z],Z - Not homeless,Z,Not 504 Eligible[Z],EN,65.0,25.0,35.0,9.0,8.0,786.0,133.0,64.0,57.5,402.0,435.0,425.0,370.0,Level 2,Mid or Above Grade Level
1215020,51,1,M,0,Paid Lunch [0],White,ZZ,Not applicable [ZZ],,,,,N,N,N,Not homeless [Z],Z - Not homeless,Z,Section 504 Eligible + Plan [Y],EN,79.0,46.0,70.0,23.0,67.0,826.0,147.0,79.0,67.0,456.0,484.0,435.0,462.0,Level 5,Mid or Above Grade Level
1215023,51,1,F,0,Paid Lunch [0],Hispanic,ZZ,Not applicable [ZZ],,,,,N,N,N,Not homeless [Z],Z - Not homeless,Z,Not 504 Eligible[Z],EN,45.0,60.0,36.0,9.0,4.0,803.0,139.0,72.0,62.3,406.0,405.0,371.0,430.0,Level 2,Mid or Above Grade Level
1215025,51,1,M,D,Direct Cert/Free Lunch [D],White,ZZ,Not applicable [ZZ],,,,,N,N,N,Not homeless [Z],Z - Not homeless,Z,Not 504 Eligible[Z],EN,60.0,56.0,30.0,11.0,18.0,756.0,123.0,50.0,50.0,418.0,432.0,485.0,429.0,Level 3,Mid or Above Grade Level
1215033,51,1,F,D,Direct Cert/Free Lunch [D],White,ZZ,Not applicable [ZZ],,,,,N,N,N,Not homeless [Z],Z - Not homeless,Z,Not 504 Eligible[Z],EN,40.0,68.0,36.0,10.0,21.0,794.0,136.0,68.0,59.9,409.0,442.0,410.0,399.0,Level 4,Early On Grade Level
1215036,51,1,F,D,Direct Cert/Free Lunch [D],White,ZZ,Not applicable [ZZ],,,,,N,N,N,Not homeless [Z],Z - Not homeless,Z,Not 504 Eligible[Z],EN,54.0,53.0,23.0,6.0,9.0,813.0,142.0,76.0,64.9,414.0,410.0,439.0,379.0,Level 2,Mid or Above Grade Level
1215044,51,1,M,0,Paid Lunch [0],White,ZZ,Not applicable [ZZ],,,,,N,N,N,Not homeless [Z],Z - Not homeless,Z,Not 504 Eligible[Z],EN,69.0,60.0,68.0,23.0,53.0,862.0,159.0,87.0,73.7,471.0,459.0,512.0,454.0,Level 5,Mid or Above Grade Level
1215049,51,1,M,0,Paid Lunch [0],Hispanic,ZZ,Not applicable [ZZ],,,,,N,N,N,Not homeless [Z],Z - Not homeless,Z,Not 504 Eligible[Z],EN,54.0,56.0,40.0,12.0,33.0,864.0,159.0,88.0,74.7,441.0,459.0,449.0,419.0,Level 5,Mid or Above Grade Level
1215057,51,1,M,F,Eligible for Free Lunch [F],Black or African American,ZZ,Not applicable [ZZ],,,,,N,N,N,Not homeless [Z],Z - Not homeless,Z,Not 504 Eligible[Z],EN,74.0,34.0,34.0,5.0,27.0,890.0,168.0,92.0,79.6,445.0,463.0,431.0,438.0,Level 4,Mid or Above Grade Level
1215083,51,1,M,D,Direct Cert/Free Lunch [D],Black or African American,ZZ,Not applicable [ZZ],,,,,N,N,N,Not homeless [Z],Z - Not homeless,Z,Not 504 Eligible[Z],EN,62.0,35.0,49.0,13.0,5.0,768.0,127.0,57.0,53.7,414.0,411.0,376.0,408.0,Level 3,Early On Grade Level
1215095,51,1,F,0,Paid Lunch [0],White,ZZ,Not applicable [ZZ],,,,,N,N,N,Not homeless [Z],Z - Not homeless,Z,Not 504 Eligible[Z],EN,57.0,52.0,71.0,24.0,50.0,900.0,172.0,94.0,82.7,481.0,509.0,474.0,483.0,Level 5,Mid or Above Grade Level
1215097,51,1,F,D,Direct Cert/Free Lunch [D],Asian,ZZ,Tested - not eligible [TZ],,,,,N,N,N,Not homeless [Z],Z - Not homeless,Z,Not 504 Eligible[Z],VI,63.0,49.0,53.0,18.0,87.0,857.0,157.0,86.0,72.8,458.0,459.0,477.0,453.0,Level 5,Mid or Above Grade Level
1215106,51,1,M,F,Eligible for Free Lunch [F],White,ZZ,Not applicable [ZZ],,,,,N,N,N,Not homeless [Z],Z - Not homeless,Z,Not 504 Eligible[Z],EN,51.0,16.0,89.0,29.0,51.0,857.0,157.0,86.0,72.8,469.0,468.0,458.0,458.0,Level 4,Mid or Above Grade Level
1215123,51,1,F,0,Paid Lunch [0],White,ZZ,Not applicable [ZZ],,,,,N,N,N,Not homeless [Z],Z - Not homeless,Z,Not 504 Eligible[Z],EN,47.0,23.0,113.0,38.0,140.0,998.0,205.0,99.0,99.0,524.0,473.0,579.0,539.0,Level 5,Mid or Above Grade Level
1215133,51,1,M,D,Direct Cert/Free Lunch [D],Black or African American,ZZ,Not applicable [ZZ],,,,,N,N,N,Not homeless [Z],Z - Not homeless,Z,Not 504 Eligible[Z],EN,65.0,47.0,105.0,38.0,84.0,893.0,169.0,93.0,81.1,385.0,347.0,370.0,427.0,Level 5,Mid or Above Grade Level
1215150,51,1,M,0,Paid Lunch [0],White,ZZ,Not applicable [ZZ],,,,,Y,N,N,Not homeless [Z],Z - Not homeless,Z,Not 504 Eligible[Z],EN,63.0,42.0,44.0,10.0,41.0,863.0,159.0,88.0,74.7,442.0,473.0,485.0,432.0,Level 5,Mid or Above Grade Level
1215201,51,1,F,D,Direct Cert/Free Lunch [D],Hispanic,ZZ,Not applicable [ZZ],,,,,N,N,N,Not homeless [Z],Z - Not homeless,Z,Not 504 Eligible[Z],EN,58.0,52.0,49.0,8.0,17.0,906.0,174.0,94.0,82.7,426.0,446.0,434.0,425.0,Level 5,Mid or Above Grade Level
1215214,51,1,M,D,Direct Cert/Free Lunch [D],White,ZZ,Not applicable [ZZ],V,V - Other Health Impaired,,,N,Y,N,Not homeless [Z],Z - Not homeless,Z,Not 504 Eligible[Z],EN,36.0,34.0,31.0,10.0,6.0,733.0,115.0,35.0,41.9,427.0,454.0,440.0,440.0,Level 1,1 Grade Level Below
1215245,51,1,M,0,Paid Lunch [0],White,ZZ,Not applicable [ZZ],,,,,Y,N,N,Not homeless [Z],Z - Not homeless,Z,Not 504 Eligible[Z],EN,43.0,46.0,95.0,29.0,63.0,931.0,182.0,97.0,89.6,489.0,489.0,477.0,484.0,Level 5,Mid or Above Grade Level
1215250,51,1,M,0,Paid Lunch [0],Other,ZZ,Not applicable [ZZ],,,,,N,N,N,Not homeless [Z],Z - Not homeless,Z,Not 504 Eligible[Z],EN,62.0,47.0,67.0,22.0,23.0,743.0,118.0,42.0,45.8,428.0,460.0,427.0,375.0,Level 4,Mid or Above Grade Level
1215308,51,1,F,D,Direct Cert/Free Lunch [D],Black or African American,ZZ,Tested - not eligible [TZ],,,,,N,N,N,Not homeless [Z],Z - Not homeless,Z,Not 504 Eligible[Z],EN,82.0,19.0,56.0,15.0,76.0,848.0,154.0,84.0,70.9,458.0,432.0,455.0,448.0,Level 5,Mid or Above Grade Level
1215358,51,1,M,0,Paid Lunch [0],White,ZZ,Tested - not eligible [TZ],P,P - Autism Spectrum Disorder,"D,X","D - Occupational Therapy,X - Language Therapy (Other)",N,Y,N,Not homeless [Z],Z - Not homeless,Z,Not 504 Eligible[Z],FA,33.0,36.0,30.0,10.0,8.0,743.0,118.0,42.0,45.8,464.0,489.0,445.0,454.0,Level 1,Mid or Above Grade Level
1215359,51,1,F,0,Paid Lunch [0],White,ZZ,Tested - not eligible [TZ],,,,,N,N,N,Not homeless [Z],Z - Not homeless,Z,Not 504 Eligible[Z],FA,28.0,56.0,27.0,7.0,3.0,802.0,138.0,72.0,62.3,415.0,459.0,445.0,397.0,Level 4,Early On Grade Level
1215397,51,1,F,0,Paid Lunch [0],Other,ZZ,Not applicable [ZZ],,,,,N,N,N,Not homeless [Z],Z - Not homeless,Z,Not 504 Eligible[Z],EN,77.0,55.0,105.0,36.0,99.0,810.0,141.0,75.0,64.2,460.0,402.0,480.0,482.0,Level 4,Mid or Above Grade Level
1215415,51,1,F,D,Direct Cert/Free Lunch [D],Hispanic,ZZ,Not applicable [ZZ],V,V - Other Health Impaired,,,N,Y,N,Not homeless [Z],Z - Not homeless,Z,Not 504 Eligible[Z],EN,27.0,37.0,27.0,7.0,6.0,799.0,137.0,70.0,61.0,369.0,343.0,381.0,346.0,Level 3,Early On Grade Level
1215455,51,2,F,0,Paid Lunch [0],White,ZZ,Not applicable [ZZ],F,F - Speech Impaired,,,N,Y,N,Not homeless [Z],Z - Not homeless,Z,Not 504 Eligible[Z],EN,,,48.0,12.0,47.0,778.0,130.0,17.0,29.9,439.0,,500.0,377.0,Level 3,1 Grade Level Below
1215573,51,2,F,0,Paid Lunch [0],Hispanic,ZZ,Not applicable [ZZ],,,,,N,N,N,Not homeless [Z],Z - Not homeless,Z,Not 504 Eligible[Z],EN,,,,,108.0,1028.0,215.0,98.0,93.3,534.0,,590.0,546.0,Level 5,Mid or Above Grade Level
1215613,51,1,M,D,Direct Cert/Free Lunch [D],Black or African American,ZZ,Not applicable [ZZ],,,,,N,N,N,Not homeless [Z],Z - Not homeless,Z,Section 504 Eligible + Plan [Y],EN,56.0,54.0,42.0,13.0,11.0,730.0,114.0,33.0,40.7,413.0,444.0,386.0,348.0,Level 2,1 Grade Level Below
1215615,51,1,F,D,Direct Cert/Free Lunch [D],Asian,ZZ,Tested - not eligible [TZ],F,F - Speech Impaired,,,N,Y,N,Not homeless [Z],Z - Not homeless,Z,Not 504 Eligible[Z],VI,41.0,44.0,29.0,6.0,12.0,754.0,122.0,49.0,49.5,391.0,378.0,411.0,351.0,Level 2,Early On Grade Level
1215644,51,1,M,0,Paid Lunch [0],Hispanic,ZZ,Tested - not eligible [TZ],,,,,N,N,N,Not homeless [Z],Z - Not homeless,Z,Not 504 Eligible[Z],SP,43.0,59.0,59.0,18.0,31.0,780.0,131.0,62.0,56.4,452.0,402.0,472.0,445.0,Level 3,Mid or Above Grade Level
1215730,51,1,F,D,Direct Cert/Free Lunch [D],White,ZZ,Not applicable [ZZ],K,K - Specific Learning Disabled,"F,X","F - Speech Impaired,X - Language Therapy (Other)",N,Y,N,Not homeless [Z],Z - Not homeless,Z,Not 504 Eligible[Z],EN,13.0,20.0,30.0,6.0,1.0,609.0,73.0,2.0,6.7,351.0,313.0,347.0,374.0,Level 1,1 Grade Level Below
1215768,51,1,M,0,Paid Lunch [0],White,ZZ,Not applicable [ZZ],F,F - Speech Impaired,,,N,Y,N,Not homeless [Z],Z - Not homeless,Z,Not 504 Eligible[Z],EN,51.0,32.0,55.0,18.0,10.0,736.0,116.0,37.0,43.0,432.0,435.0,413.0,439.0,Level 3,Early On Grade Level
1215774,51,1,F,3,Eligible for Reduced Lunch [3],Hispanic,ZZ,Tested - not eligible [TZ],,,,,N,N,N,Not homeless [Z],Z - Not homeless,Z,Not 504 Eligible[Z],SP,39.0,42.0,48.0,12.0,5.0,728.0,113.0,32.0,40.1,397.0,372.0,397.0,382.0,Level 2,1 Grade Level Below
1215843,51,2,F,0,Paid Lunch [0],White,ZZ,Not applicable [ZZ],,,,,N,N,N,Not homeless [Z],Z - Not homeless,Z,Not 504 Eligible[Z],EN,,,,,113.0,946.0,187.0,81.0,68.5,487.0,,499.0,515.0,Level 4,Early On Grade Level
1215878,51,1,M,F,Eligible for Free Lunch [F],White,ZZ,Not applicable [ZZ],P,P - Autism Spectrum Disorder,V,V - Other Health Impaired,N,Y,N,Not homeless [Z],Z - Not homeless,Z,Not 504 Eligible[Z],EN,30.0,34.0,100.0,34.0,83.0,961.0,192.0,98.0,93.3,501.0,446.0,518.0,531.0,Level 5,Mid or Above Grade Level
1215969,51,1,M,D,Direct Cert/Free Lunch [D],Other,ZZ,Not applicable [ZZ],F,F - Speech Impaired,,,N,Y,B,P - Pandemic (Major),"N - No, Is homeless but does not meet the definiton of unaccompanied youth",Z,Not 504 Eligible[Z],EN,5.0,0.0,5.0,0.0,0.0,664.0,92.0,10.0,23.0,324.0,359.0,348.0,316.0,Level 1,1 Grade Level Below
1216000,51,1,M,D,Direct Cert/Free Lunch [D],Hispanic,ZZ,Not applicable [ZZ],,,,,N,N,N,Not homeless [Z],Z - Not homeless,Z,Not 504 Eligible[Z],EN,40.0,40.0,38.0,11.0,34.0,825.0,146.0,79.0,67.0,423.0,456.0,424.0,392.0,Level 4,Mid or Above Grade Level
1216036,51,1,M,D,Direct Cert/Free Lunch [D],Hispanic,ZZ,Not applicable [ZZ],,,,,N,N,N,Not homeless [Z],Z - Not homeless,Z,Not 504 Eligible[Z],EN,66.0,55.0,137.0,47.0,74.0,860.0,158.0,87.0,73.7,479.0,418.0,523.0,491.0,Level 5,Mid or Above Grade Level
1216143,51,1,F,D,Direct Cert/Free Lunch [D],Other,ZZ,Not applicable [ZZ],,,,,N,N,N,Not homeless [Z],Z - Not homeless,Z,Not 504 Eligible[Z],EN,52.0,41.0,36.0,10.0,2.0,739.0,117.0,39.0,44.1,394.0,394.0,461.0,336.0,Level 1,1 Grade Level Below
1216176,51,1,F,0,Paid Lunch [0],Hispanic,ZZ,Not applicable [ZZ],,,,,N,N,N,Not homeless [Z],Z - Not homeless,Z,Not 504 Eligible[Z],EN,36.0,30.0,31.0,9.0,7.0,724.0,112.0,29.0,38.3,414.0,425.0,450.0,421.0,Level 3,Early On Grade Level
1216192,51,1,F,0,Paid Lunch [0],Black or African American,LY,LEP in LEP classes [LY],,,,,N,N,N,Not homeless [Z],Z - Not homeless,Z,Not 504 Eligible[Z],HC,50.0,42.0,30.0,8.0,10.0,788.0,134.0,65.0,58.1,384.0,398.0,404.0,345.0,Level 3,1 Grade Level Below
1216237,51,1,M,0,Paid Lunch [0],Hispanic,ZZ,Tested - not eligible [TZ],,,,,N,N,N,Not homeless [Z],Z - Not homeless,Z,Not 504 Eligible[Z],SP,48.0,54.0,69.0,18.0,44.0,860.0,158.0,87.0,73.7,456.0,459.0,453.0,441.0,Level 4,Mid or Above Grade Level
1216342,51,2,M,0,Paid Lunch [0],White,ZZ,Not applicable [ZZ],,,,,N,N,N,Not homeless [Z],Z - Not homeless,Z,Not 504 Eligible[Z],EN,,,,,94.0,948.0,188.0,81.0,68.5,486.0,,483.0,529.0,Level 4,Mid or Above Grade Level
1216538,51,1,F,0,Paid Lunch [0],White,ZZ,Not applicable [ZZ],,,,,N,N,N,Not homeless [Z],Z - Not homeless,Z,Section 504 Eligible + Plan [Y],EN,34.0,54.0,55.0,19.0,11.0,727.0,113.0,26.0,36.5,389.0,397.0,412.0,341.0,Level 2,Early On Grade Level
1216604,51,1,F,D,Direct Cert/Free Lunch [D],Black or African American,ZZ,Not applicable [ZZ],K,K - Specific Learning Disabled,,,N,Y,N,Not homeless [Z],Z - Not homeless,Z,Not 504 Eligible[Z],EN,7.0,36.0,17.0,1.0,1.0,735.0,116.0,36.0,42.5,380.0,378.0,375.0,432.0,Level 1,1 Grade Level Below
1216608,51,2,M,0,Paid Lunch [0],White,ZZ,Not applicable [ZZ],,,,,N,N,N,Not homeless [Z],Z - Not homeless,Z,Section 504 Eligible + Plan [Y],EN,,,,,88.0,908.0,174.0,65.0,58.1,501.0,,512.0,504.0,Level 3,Mid or Above Grade Level
1217335,51,1,M,0,Paid Lunch [0],Hispanic,ZZ,Not applicable [ZZ],,,,,N,N,N,Not homeless [Z],Z - Not homeless,Z,Not 504 Eligible[Z],EN,73.0,48.0,142.0,46.0,94.0,860.0,158.0,87.0,73.7,486.0,540.0,492.0,510.0,Level 5,Mid or Above Grade Level
1217670,51,1,M,D,Direct Cert/Free Lunch [D],Black or African American,ZZ,Not applicable [ZZ],F,F - Speech Impaired,,,N,Y,N,Not homeless [Z],Z - Not homeless,Z,Not 504 Eligible[Z],EN,30.0,64.0,78.0,24.0,52.0,898.0,171.0,93.0,81.1,452.0,383.0,468.0,451.0,Level 5,Mid or Above Grade Level
1218073,51,1,M,D,Direct Cert/Free Lunch [D],White,ZZ,Not applicable [ZZ],,,,,N,N,D,Other homelessness causes [N],"N - No, Is homeless but does not meet the definiton of unaccompanied youth",Z,Not 504 Eligible[Z],EN,32.0,27.0,24.0,4.0,1.0,747.0,120.0,45.0,47.4,402.0,426.0,408.0,372.0,Level 4,Early On Grade Level
1218581,51,1,F,D,Direct Cert/Free Lunch [D],Black or African American,ZZ,Not applicable [ZZ],,,,,Y,N,N,Not homeless [Z],Z - Not homeless,B,Not 504 Eligible[Z],EN,64.0,34.0,38.0,,61.0,864.0,159.0,88.0,74.7,423.0,354.0,422.0,453.0,Level 5,Mid or Above Grade Level
1219723,51,1,F,0,Paid Lunch [0],Hispanic,LY,LEP in LEP classes [LY],,,,,N,N,N,Not homeless [Z],Z - Not homeless,Z,Not 504 Eligible[Z],SP,55.0,52.0,58.0,17.0,16.0,806.0,140.0,74.0,63.5,444.0,432.0,490.0,361.0,Level 4,Mid or Above Grade Level
1220241,51,1,M,0,Paid Lunch [0],White,ZZ,Not applicable [ZZ],F,F - Speech Impaired,,,N,Y,N,Not homeless [Z],Z - Not homeless,Z,Not 504 Eligible[Z],EN,17.0,11.0,22.0,1.0,3.0,668.0,93.0,11.0,24.2,374.0,357.0,354.0,324.0,Level 1,1 Grade Level Below
1220463,51,2,M,0,Paid Lunch [0],Other,ZZ,Not applicable [ZZ],G,G - Language Impaired,"D,F","D - Occupational Therapy,F - Speech Impaired",N,Y,N,Not homeless [Z],Z - Not homeless,Z,Not 504 Eligible[Z],EN,,,14.0,2.0,2.0,751.0,121.0,9.0,21.8,350.0,313.0,334.0,333.0,Level 1,2 Grade Levels Below
1221468,51,1,M,3,Eligible for Reduced Lunch [3],White,ZZ,Not applicable [ZZ],,,,,N,N,N,Not homeless [Z],Z - Not homeless,Z,Not 504 Eligible[Z],EN,24.0,17.0,26.0,6.0,1.0,690.0,101.0,16.0,29.1,399.0,377.0,354.0,405.0,Level 2,1 Grade Level Below
1223536,51,1,F,0,Paid Lunch [0],White,ZZ,Not applicable [ZZ],,,,,N,N,N,Not homeless [Z],Z - Not homeless,Z,Not 504 Eligible[Z],EN,,,,,,,,,,,,,,Level 4,
1204704,61,1,M,D,Direct Cert/Free Lunch [D],White,ZZ,Not applicable [ZZ],F,F - Speech Impaired,L,L - Gifted,Y,Y,N,Not homeless [Z],Z - Not homeless,Z,Not 504 Eligible[Z],EN,37.0,49.0,33.0,10.0,9.0,742.0,118.0,41.0,45.2,425.0,485.0,412.0,419.0,Level 4,Mid or Above Grade Level
1206846,61,2,F,0,Paid Lunch [0],White,ZZ,Not applicable [ZZ],,,,,N,N,N,Not homeless [Z],Z - Not homeless,Z,Not 504 Eligible[Z],EN,,,59.0,16.0,40.0,794.0,136.0,22.0,33.7,439.0,,456.0,442.0,Level 4,Early On Grade Level
1206920,61,1,M,D,Direct Cert/Free Lunch [D],White,ZZ,Not applicable [ZZ],F,F - Speech Impaired,,,N,Y,N,Not homeless [Z],Z - Not homeless,Z,Not 504 Eligible[Z],EN,37.0,30.0,30.0,8.0,15.0,731.0,114.0,34.0,41.3,393.0,366.0,381.0,402.0,Level 2,1 Grade Level Below
1206966,61,2,F,D,Direct Cert/Free Lunch [D],Black or African American,ZZ,Not applicable [ZZ],,,,,N,N,N,Not homeless [Z],Z - Not homeless,Z,Not 504 Eligible[Z],EN,,,43.0,11.0,50.0,907.0,174.0,65.0,58.1,486.0,,470.0,492.0,Level 2,Mid or Above Grade Level
1207263,61,2,M,0,Paid Lunch [0],White,ZZ,Not applicable [ZZ],,,,,N,N,N,Not homeless [Z],Z - Not homeless,Z,Not 504 Eligible[Z],EN,,,54.0,32.0,76.0,993.0,203.0,93.0,81.1,511.0,,524.0,494.0,Level 5,Mid or Above Grade Level
1207316,61,2,M,0,Paid Lunch [0],White,ZZ,Not applicable [ZZ],,,,,Y,N,N,Not homeless [Z],Z - Not homeless,Z,Not 504 Eligible[Z],EN,,,,,90.0,1005.0,207.0,95.0,84.6,520.0,,527.0,536.0,Level 5,Mid or Above Grade Level
1208168,61,2,M,D,Direct Cert/Free Lunch [D],Black or African American,ZZ,Not applicable [ZZ],K,K - Specific Learning Disabled,F,F - Speech Impaired,N,Y,N,Not homeless [Z],Z - Not homeless,Z,Not 504 Eligible[Z],EN,,,37.0,12.0,16.0,615.0,75.0,3.0,10.4,406.0,444.0,418.0,400.0,Level 1,1 Grade Level Below
1208260,61,2,F,D,Direct Cert/Free Lunch [D],White,ZZ,Not applicable [ZZ],,,,,N,N,N,Not homeless [Z],Z - Not homeless,Z,Not 504 Eligible[Z],EN,,,27.0,9.0,11.0,739.0,117.0,7.0,18.9,429.0,,446.0,421.0,Level 1,1 Grade Level Below
1208266,61,2,F,0,Paid Lunch [0],White,ZZ,Not applicable [ZZ],,,,,N,N,N,Not homeless [Z],Z - Not homeless,Z,Not 504 Eligible[Z],EN,,,74.0,25.0,55.0,915.0,177.0,68.0,59.9,475.0,,465.0,499.0,Level 3,Early On Grade Level
1208395,61,2,M,D,Direct Cert/Free Lunch [D],Hispanic,ZZ,Tested - not eligible [TZ],,,,,N,N,N,Not homeless [Z],Z - Not homeless,Z,Not 504 Eligible[Z],SP,,,62.0,20.0,62.0,852.0,155.0,42.0,45.8,464.0,,479.0,437.0,Level 1,1 Grade Level Below
1208427,61,2,M,0,Paid Lunch [0],White,ZZ,Not applicable [ZZ],,,,,N,N,N,Not homeless [Z],Z - Not homeless,Z,Not 504 Eligible[Z],EN,,,,,91.0,1028.0,215.0,98.0,93.3,502.0,,498.0,544.0,Level 5,Mid or Above Grade Level
1208782,61,2,M,D,Direct Cert/Free Lunch [D],Black or African American,ZZ,Not applicable [ZZ],V,V - Other Health Impaired,,,N,Y,N,Not homeless [Z],Z - Not homeless,Z,Not 504 Eligible[Z],EN,,,63.0,20.0,53.0,814.0,143.0,29.0,38.3,444.0,,439.0,439.0,Level 3,1 Grade Level Below
1208898,61,2,M,F,Eligible for Free Lunch [F],Black or African American,ZZ,Not applicable [ZZ],P,P - Autism Spectrum Disorder,"D,G,K","D - Occupational Therapy,G - Language Impaired,K - Specific Learning Disabled",N,Y,N,Not homeless [Z],Z - Not homeless,Z,Not 504 Eligible[Z],EN,,,37.0,12.0,24.0,776.0,130.0,16.0,29.1,427.0,,429.0,441.0,Level 3,1 Grade Level Below
1209185,61,2,M,D,Direct Cert/Free Lunch [D],Black or African American,ZZ,Not applicable [ZZ],,,,,N,N,N,Not homeless [Z],Z - Not homeless,Z,Not 504 Eligible[Z],EN,,,63.0,18.0,38.0,793.0,135.0,22.0,33.7,465.0,,519.0,482.0,Level 2,1 Grade Level Below
1209407,61,2,F,D,Direct Cert/Free Lunch [D],Hispanic,ZZ,Not applicable [ZZ],V,V - Other Health Impaired,,,N,Y,N,Not homeless [Z],Z - Not homeless,Z,Not 504 Eligible[Z],EN,,,51.0,18.0,35.0,832.0,149.0,35.0,41.9,455.0,,500.0,489.0,Level 2,1 Grade Level Below
1210019,61,2,F,3,Eligible for Reduced Lunch [3],Black or African American,ZZ,Not applicable [ZZ],,,,,N,N,N,Not homeless [Z],Z - Not homeless,Z,Not 504 Eligible[Z],EN,,,70.0,21.0,69.0,891.0,169.0,58.0,54.2,486.0,,444.0,499.0,Level 3,Early On Grade Level
1210020,61,2,M,0,Paid Lunch [0],White,ZZ,Tested - not eligible [TZ],,,,,Y,N,N,Not homeless [Z],Z - Not homeless,Z,Not 504 Eligible[Z],EN,,,,,107.0,991.0,203.0,93.0,81.1,506.0,,486.0,545.0,Level 5,Mid or Above Grade Level
1210220,61,2,M,D,Direct Cert/Free Lunch [D],White,ZZ,Not applicable [ZZ],,,,,N,N,N,Not homeless [Z],Z - Not homeless,Z,Not 504 Eligible[Z],EN,,,,,101.0,883.0,166.0,55.0,52.6,487.0,,514.0,455.0,Level 3,Mid or Above Grade Level
1210617,61,2,F,0,Paid Lunch [0],White,ZZ,Not applicable [ZZ],,,,,N,N,N,Not homeless [Z],Z - Not homeless,Z,Not 504 Eligible[Z],EN,,,,,132.0,1017.0,211.0,97.0,89.6,537.0,,577.0,493.0,Level 5,Mid or Above Grade Level
1210720,61,2,F,3,Eligible for Reduced Lunch [3],White,ZZ,Not applicable [ZZ],,,,,N,N,N,Not homeless [Z],Z - Not homeless,Z,Not 504 Eligible[Z],EN,,,40.0,10.0,40.0,882.0,166.0,54.0,52.1,487.0,,460.0,478.0,Level 3,Early On Grade Level
1210749,61,2,F,D,Direct Cert/Free Lunch [D],Hispanic,LY,LEP in LEP classes [LY],,,,,N,N,N,Not homeless [Z],Z - Not homeless,Z,Not 504 Eligible[Z],SP,,,57.0,19.0,25.0,775.0,129.0,16.0,29.1,409.0,363.0,393.0,391.0,Level 1,1 Grade Level Below
1210821,61,2,F,D,Direct Cert/Free Lunch [D],White,ZZ,Not applicable [ZZ],,,,,N,N,N,Not homeless [Z],Z - Not homeless,Z,Not 504 Eligible[Z],EN,,,,,118.0,1033.0,217.0,98.0,93.3,533.0,,557.0,501.0,Level 5,Mid or Above Grade Level
1210910,61,2,F,0,Paid Lunch [0],White,ZZ,Not applicable [ZZ],,,,,N,N,N,Not homeless [Z],Z - Not homeless,Z,Not 504 Eligible[Z],EN,,,,,89.0,955.0,190.0,84.0,70.9,522.0,,550.0,483.0,Level 3,Mid or Above Grade Level
1210912,61,1,M,0,Paid Lunch [0],White,ZZ,Not applicable [ZZ],,,,,N,N,N,Not homeless [Z],Z - Not homeless,Z,Not 504 Eligible[Z],EN,56.0,64.0,40.0,12.0,41.0,789.0,134.0,66.0,58.7,419.0,404.0,435.0,411.0,Level 5,Mid or Above Grade Level
1210932,61,2,F,D,Direct Cert/Free Lunch [D],Other,ZZ,Not applicable [ZZ],,,,,N,N,B,Other homelessness causes [N],"N - No, Is homeless but does not meet the definiton of unaccompanied youth",Z,Not 504 Eligible[Z],EN,,,42.0,12.0,52.0,896.0,170.0,60.0,55.3,465.0,,498.0,455.0,Level 3,Early On Grade Level
1210959,61,2,M,0,Paid Lunch [0],White,ZZ,Not applicable [ZZ],,,,,N,N,N,Not homeless [Z],Z - Not homeless,Z,Not 504 Eligible[Z],EN,,,91.0,26.0,78.0,909.0,175.0,66.0,58.7,461.0,,458.0,459.0,Level 2,1 Grade Level Below
1210965,61,2,F,0,Paid Lunch [0],White,ZZ,Not applicable [ZZ],,,,,N,N,N,Not homeless [Z],Z - Not homeless,Z,Not 504 Eligible[Z],EN,,,102.0,36.0,77.0,993.0,203.0,93.0,81.1,521.0,,509.0,518.0,Level 4,Mid or Above Grade Level
1210985,61,2,M,0,Paid Lunch [0],White,ZZ,Not applicable [ZZ],,,,,N,N,N,Not homeless [Z],Z - Not homeless,Z,Not 504 Eligible[Z],EN,,,,,88.0,846.0,153.0,40.0,44.7,499.0,,537.0,507.0,Level 2,Early On Grade Level
1210987,61,2,F,0,Paid Lunch [0],White,ZZ,Not applicable [ZZ],,,,,N,N,N,Not homeless [Z],Z - Not homeless,Z,Not 504 Eligible[Z],EN,,,,,112.0,908.0,174.0,65.0,58.1,542.0,,607.0,539.0,Level 5,Mid or Above Grade Level
1211015,61,2,M,D,Direct Cert/Free Lunch [D],White,ZZ,Not applicable [ZZ],F,F - Speech Impaired,,,N,Y,N,Not homeless [Z],Z - Not homeless,Z,Not 504 Eligible[Z],EN,,,,,100.0,969.0,195.0,88.0,74.7,495.0,,491.0,505.0,Level 4,Mid or Above Grade Level
1211035,61,2,M,0,Paid Lunch [0],White,ZZ,Not applicable [ZZ],,,,,N,N,N,Not homeless [Z],Z - Not homeless,Z,Section 504 Eligible + Plan [Y],EN,,,44.0,16.0,23.0,785.0,133.0,19.0,31.5,426.0,,456.0,394.0,Level 2,1 Grade Level Below
1211048,61,2,F,D,Direct Cert/Free Lunch [D],Asian,ZZ,Not applicable [ZZ],,,,,N,N,N,Not homeless [Z],Z - Not homeless,Z,Not 504 Eligible[Z],EN,,,106.0,31.0,84.0,889.0,168.0,57.0,53.7,509.0,,522.0,487.0,Level 3,Mid or Above Grade Level
1211075,61,2,F,0,Paid Lunch [0],White,ZZ,Not applicable [ZZ],F,F - Speech Impaired,,,N,Y,N,Not homeless [Z],Z - Not homeless,Z,Not 504 Eligible[Z],EN,,,54.0,18.0,48.0,870.0,162.0,49.0,49.5,486.0,,541.0,471.0,Level 2,Mid or Above Grade Level
1211164,61,2,M,0,Paid Lunch [0],White,ZZ,Not applicable [ZZ],,,,,N,N,N,Not homeless [Z],Z - Not homeless,Z,Section 504 Eligible + Plan [Y],EN,,,62.0,19.0,46.0,869.0,161.0,49.0,49.5,488.0,,538.0,524.0,Level 3,Early On Grade Level
1211208,61,2,M,0,Paid Lunch [0],White,ZZ,Not applicable [ZZ],,,,,N,N,N,Not homeless [Z],Z - Not homeless,Z,Not 504 Eligible[Z],EN,,,106.0,34.0,67.0,934.0,183.0,76.0,64.9,489.0,,583.0,428.0,Level 3,Mid or Above Grade Level
1211259,61,2,M,0,Paid Lunch [0],White,ZZ,Not applicable [ZZ],,,,,N,N,N,Not homeless [Z],Z - Not homeless,Z,Section 504 Eligible + Plan [Y],EN,,,55.0,19.0,30.0,817.0,144.0,30.0,39.0,438.0,,441.0,430.0,Level 3,Early On Grade Level
1211376,61,2,F,0,Paid Lunch [0],White,ZZ,Not applicable [ZZ],,,,,N,N,N,Not homeless [Z],Z - Not homeless,Z,Not 504 Eligible[Z],EN,,,47.0,13.0,67.0,952.0,189.0,83.0,70.1,490.0,,471.0,483.0,Level 4,Mid or Above Grade Level
1211383,61,1,F,D,Direct Cert/Free Lunch [D],Hispanic,LF,Two year followup [LF],T,T - Developmentally Delayed,"F,G","F - Speech Impaired,G - Language Impaired",N,Y,N,Not homeless [Z],Z - Not homeless,Z,Not 504 Eligible[Z],EN,30.0,2.0,12.0,0.0,0.0,675.0,95.0,13.0,26.3,377.0,352.0,362.0,408.0,Level 1,1 Grade Level Below
1211403,61,2,M,0,Paid Lunch [0],Other,ZZ,Not applicable [ZZ],,,,,N,N,N,Not homeless [Z],Z - Not homeless,Z,Not 504 Eligible[Z],EN,,,83.0,28.0,72.0,956.0,191.0,84.0,70.9,495.0,,488.0,466.0,Level 3,Early On Grade Level
1211413,61,2,F,D,Direct Cert/Free Lunch [D],White,ZZ,Not applicable [ZZ],,,,,N,N,N,Not homeless [Z],Z - Not homeless,Z,Not 504 Eligible[Z],EN,,,56.0,19.0,66.0,914.0,176.0,68.0,59.9,498.0,,516.0,499.0,Level 4,Mid or Above Grade Level
1211423,61,2,F,0,Paid Lunch [0],White,ZZ,Not applicable [ZZ],,,,,N,N,N,Not homeless [Z],Z - Not homeless,Z,Not 504 Eligible[Z],EN,,,81.0,21.0,51.0,868.0,161.0,48.0,48.9,475.0,,508.0,431.0,Level 3,1 Grade Level Below
1211429,61,2,F,0,Paid Lunch [0],White,ZZ,Not applicable [ZZ],,,,,N,N,N,Not homeless [Z],Z - Not homeless,Z,Not 504 Eligible[Z],EN,,,131.0,42.0,84.0,964.0,193.0,86.0,72.8,501.0,,515.0,476.0,Level 4,Mid or Above Grade Level
1211492,61,2,M,0,Paid Lunch [0],White,ZZ,Not applicable [ZZ],,,,,N,N,N,Not homeless [Z],Z - Not homeless,Z,Not 504 Eligible[Z],EN,,,,,27.0,864.0,159.0,47.0,48.4,474.0,,486.0,446.0,Level 4,1 Grade Level Below
1211498,61,2,M,3,Eligible for Reduced Lunch [3],Hispanic,ZZ,Tested - not eligible [TZ],,,,,N,N,N,Not homeless [Z],Z - Not homeless,Z,Not 504 Eligible[Z],SP,,,87.0,28.0,53.0,781.0,131.0,18.0,30.7,425.0,,494.0,438.0,Level 2,Early On Grade Level
1211518,61,2,M,0,Paid Lunch [0],Hispanic,ZZ,Not applicable [ZZ],,,,,N,N,N,Not homeless [Z],Z - Not homeless,Z,Not 504 Eligible[Z],EN,,,,,103.0,991.0,203.0,93.0,81.1,520.0,,536.0,492.0,Level 4,Mid or Above Grade Level
1211571,61,2,M,0,Paid Lunch [0],Other,ZZ,Not applicable [ZZ],,,,,N,N,N,Not homeless [Z],Z - Not homeless,Z,Not 504 Eligible[Z],EN,,,67.0,19.0,76.0,862.0,159.0,46.0,47.9,484.0,,480.0,449.0,Level 4,Mid or Above Grade Level
1211634,61,2,M,0,Paid Lunch [0],White,ZZ,Not applicable [ZZ],,,,,N,N,N,Not homeless [Z],Z - Not homeless,Z,Not 504 Eligible[Z],EN,,,,,117.0,943.0,186.0,79.0,67.0,503.0,,520.0,523.0,Level 3,Mid or Above Grade Level
1211641,61,2,M,0,Paid Lunch [0],Hispanic,ZZ,Tested - not eligible [TZ],,,,,N,N,N,Not homeless [Z],Z - Not homeless,Z,Not 504 Eligible[Z],SP,,,,,92.0,948.0,188.0,81.0,68.5,504.0,,531.0,489.0,Level 5,Mid or Above Grade Level
1211694,61,2,M,0,Paid Lunch [0],White,ZZ,Not applicable [ZZ],,,,,Y,N,N,Not homeless [Z],Z - Not homeless,Z,Not 504 Eligible[Z],EN,,,143.0,45.0,77.0,956.0,191.0,84.0,70.9,506.0,,520.0,514.0,Level 5,Mid or Above Grade Level
1211818,61,2,F,3,Eligible for Reduced Lunch [3],Hispanic,ZZ,Not applicable [ZZ],,,,,N,N,N,Not homeless [Z],Z - Not homeless,Z,Not 504 Eligible[Z],EN,,,60.0,18.0,51.0,838.0,151.0,37.0,43.0,498.0,,527.0,495.0,Level 4,Mid or Above Grade Level
1211905,61,2,F,0,Paid Lunch [0],Hispanic,ZZ,Not applicable [ZZ],,,,,N,N,N,Not homeless [Z],Z - Not homeless,Z,Not 504 Eligible[Z],EN,,,,,94.0,997.0,205.0,94.0,82.7,518.0,,507.0,512.0,Level 4,Mid or Above Grade Level
1211997,61,2,F,0,Paid Lunch [0],White,ZZ,Not applicable [ZZ],,,,,N,N,N,Not homeless [Z],Z - Not homeless,Z,Not 504 Eligible[Z],EN,,,65.0,22.0,36.0,897.0,171.0,61.0,55.9,496.0,,502.0,481.0,Level 3,Early On Grade Level
1212080,61,1,M,0,Paid Lunch [0],White,ZZ,Not applicable [ZZ],,,,,N,N,N,Not homeless [Z],Z - Not homeless,Z,Not 504 Eligible[Z],EN,100.0,84.0,166.0,51.0,124.0,903.0,173.0,94.0,82.7,477.0,432.0,482.0,482.0,Level 5,Mid or Above Grade Level
1212088,61,1,M,0,Paid Lunch [0],White,ZZ,Not applicable [ZZ],,,,,N,N,N,Not homeless [Z],Z - Not homeless,Z,Not 504 Eligible[Z],EN,50.0,60.0,44.0,15.0,66.0,909.0,175.0,95.0,84.6,461.0,446.0,466.0,443.0,Level 5,Mid or Above Grade Level
1212098,61,1,M,D,Direct Cert/Free Lunch [D],White,ZZ,Not applicable [ZZ],,,,,N,N,N,Not homeless [Z],Z - Not homeless,Z,Not 504 Eligible[Z],EN,24.0,31.0,16.0,1.0,0.0,825.0,146.0,79.0,67.0,391.0,388.0,380.0,385.0,Level 4,Early On Grade Level
1212099,61,1,M,0,Paid Lunch [0],White,ZZ,Not applicable [ZZ],,,,,N,N,N,Not homeless [Z],Z - Not homeless,Z,Not 504 Eligible[Z],EN,40.0,44.0,35.0,11.0,15.0,740.0,117.0,40.0,44.7,403.0,388.0,405.0,373.0,Level 4,Mid or Above Grade Level
1212106,61,2,M,0,Paid Lunch [0],White,LY,LEP in LEP classes [LY],,,,,N,N,N,Not homeless [Z],Z - Not homeless,Z,Not 504 Eligible[Z],FA,,,112.0,40.0,73.0,833.0,149.0,36.0,42.5,468.0,,465.0,493.0,Level 3,1 Grade Level Below
1212107,61,2,F,D,Direct Cert/Free Lunch [D],White,ZZ,Not applicable [ZZ],,,,,N,N,N,Not homeless [Z],Z - Not homeless,Z,Not 504 Eligible[Z],EN,,,90.0,29.0,77.0,893.0,169.0,59.0,54.8,502.0,,536.0,497.0,Level 3,Early On Grade Level
1212109,61,2,F,0,Paid Lunch [0],White,LA,Completed 2 Year Follow up & Exited ESOL Yrs 3 & 4 Follow up[LA],,,,,N,N,N,Not homeless [Z],Z - Not homeless,Z,Not 504 Eligible[Z],FA,,,61.0,23.0,71.0,947.0,188.0,81.0,68.5,529.0,,507.0,509.0,Level 5,Mid or Above Grade Level
1212113,61,1,F,D,Direct Cert/Free Lunch [D],Black or African American,ZZ,Not applicable [ZZ],,,,,N,N,N,Not homeless [Z],Z - Not homeless,Z,Not 504 Eligible[Z],EN,29.0,52.0,20.0,5.0,13.0,850.0,155.0,84.0,70.9,408.0,425.0,405.0,433.0,Level 4,Early On Grade Level
1212137,61,1,M,D,Direct Cert/Free Lunch [D],Hispanic,ZZ,Not applicable [ZZ],F,F - Speech Impaired,,,N,Y,N,Not homeless [Z],Z - Not homeless,Z,Not 504 Eligible[Z],EN,45.0,43.0,33.0,8.0,9.0,777.0,130.0,61.0,55.9,388.0,399.0,397.0,395.0,Level 2,Early On Grade Level
1212266,61,2,F,0,Paid Lunch [0],White,ZZ,Not applicable [ZZ],,,,,N,N,N,Not homeless [Z],Z - Not homeless,Z,Not 504 Eligible[Z],EN,,,113.0,38.0,67.0,926.0,180.0,73.0,62.9,500.0,,518.0,535.0,Level 4,Mid or Above Grade Level
1212374,61,2,F,0,Paid Lunch [0],White,ZZ,Tested - not eligible [TZ],,,,,N,N,N,Not homeless [Z],Z - Not homeless,Z,Not 504 Eligible[Z],RS,,,,,105.0,942.0,186.0,79.0,67.0,524.0,,576.0,519.0,Level 5,Mid or Above Grade Level
1212447,61,2,M,0,Paid Lunch [0],Hispanic,ZZ,Not applicable [ZZ],,,,,N,N,N,Not homeless [Z],Z - Not homeless,Z,Not 504 Eligible[Z],EN,,,,,118.0,935.0,184.0,76.0,64.9,513.0,,525.0,518.0,Level 4,Mid or Above Grade Level
1212977,61,2,F,0,Paid Lunch [0],White,ZZ,Not applicable [ZZ],,,,,Y,N,N,Not homeless [Z],Z - Not homeless,Z,Section 504 Eligible + Plan [Y],EN,,,,,117.0,1021.0,213.0,97.0,89.6,539.0,,529.0,494.0,Level 5,Mid or Above Grade Level
1212985,61,2,M,0,Paid Lunch [0],White,ZZ,Not applicable [ZZ],,,,,Y,N,N,Not homeless [Z],Z - Not homeless,Z,Not 504 Eligible[Z],EN,,,,,127.0,1037.0,218.0,98.0,93.3,556.0,,581.0,559.0,Level 5,Mid or Above Grade Level
1212987,61,2,F,D,Direct Cert/Free Lunch [D],White,ZZ,Not applicable [ZZ],V,V - Other Health Impaired,,,N,Y,N,Not homeless [Z],Z - Not homeless,Z,Not 504 Eligible[Z],EN,,,33.0,9.0,12.0,758.0,124.0,11.0,24.2,458.0,,536.0,505.0,Level 2,1 Grade Level Below
1212991,61,1,F,F,Eligible for Free Lunch [F],Black or African American,ZZ,Not applicable [ZZ],,,,,N,N,N,Not homeless [Z],Z - Not homeless,Z,Not 504 Eligible[Z],EN,45.0,33.0,19.0,3.0,15.0,801.0,138.0,71.0,61.7,408.0,390.0,403.0,394.0,Level 3,Mid or Above Grade Level
1213131,61,2,F,0,Paid Lunch [0],Hispanic,ZZ,Not applicable [ZZ],F,F - Speech Impaired,,,N,Y,N,Not homeless [Z],Z - Not homeless,Z,Not 504 Eligible[Z],EN,,,69.0,25.0,74.0,954.0,190.0,83.0,70.1,495.0,,467.0,484.0,Level 4,Mid or Above Grade Level
1213151,61,2,M,D,Direct Cert/Free Lunch [D],Hispanic,ZZ,Not applicable [ZZ],,,,,N,N,N,Not homeless [Z],Z - Not homeless,Z,Not 504 Eligible[Z],EN,,,108.0,35.0,72.0,981.0,199.0,91.0,78.2,535.0,,535.0,540.0,Level 4,Mid or Above Grade Level
1213187,61,2,F,0,Paid Lunch [0],White,ZZ,Not applicable [ZZ],,,,,Y,N,N,Not homeless [Z],Z - Not homeless,Z,Not 504 Eligible[Z],EN,,,,,105.0,1055.0,224.0,99.0,99.0,527.0,,529.0,541.0,Level 5,Mid or Above Grade Level
1213352,61,1,F,D,Direct Cert/Free Lunch [D],Black or African American,ZZ,Not applicable [ZZ],,,,,N,N,N,Not homeless [Z],Z - Not homeless,Z,Not 504 Eligible[Z],EN,49.0,47.0,31.0,7.0,8.0,821.0,145.0,78.0,66.3,433.0,425.0,457.0,418.0,Level 4,Mid or Above Grade Level
1213448,61,1,M,D,Direct Cert/Free Lunch [D],Black or African American,ZZ,Not applicable [ZZ],,,,,N,N,N,Not homeless [Z],Z - Not homeless,Z,Section 504 Eligible + Plan [Y],EN,43.0,28.0,54.0,18.0,5.0,834.0,149.0,81.0,68.5,428.0,511.0,391.0,391.0,Level 3,Early On Grade Level
1213469,61,2,M,0,Paid Lunch [0],White,ZZ,Not applicable [ZZ],,,,,N,N,N,Not homeless [Z],Z - Not homeless,Z,Not 504 Eligible[Z],EN,,,,,90.0,925.0,180.0,72.0,62.3,507.0,,512.0,515.0,Level 5,Mid or Above Grade Level
1213497,61,1,F,0,Paid Lunch [0],White,ZZ,Not applicable [ZZ],T,T - Developmentally Delayed,,,N,Y,N,Not homeless [Z],Z - Not homeless,Z,Not 504 Eligible[Z],EN,45.0,48.0,37.0,8.0,35.0,836.0,150.0,81.0,68.5,425.0,425.0,448.0,422.0,Level 5,Mid or Above Grade Level
1213516,61,2,F,D,Direct Cert/Free Lunch [D],Black or African American,ZZ,Not applicable [ZZ],,,,,N,N,N,Not homeless [Z],Z - Not homeless,Z,Not 504 Eligible[Z],EN,,,48.0,15.0,40.0,858.0,157.0,45.0,47.4,408.0,369.0,418.0,406.0,Level 2,Early On Grade Level
1213548,61,2,F,D,Direct Cert/Free Lunch [D],Black or African American,ZZ,Not applicable [ZZ],,,,,N,N,E,Other homelessness causes [N],"N - No, Is homeless but does not meet the definiton of unaccompanied youth",Z,Not 504 Eligible[Z],EN,,,51.0,17.0,63.0,887.0,167.0,56.0,53.2,466.0,,491.0,423.0,Level 3,Mid or Above Grade Level
1213564,61,1,F,D,Direct Cert/Free Lunch [D],Hispanic,LY,LEP in LEP classes [LY],G,G - Language Impaired,F,F - Speech Impaired,N,Y,N,Not homeless [Z],Z - Not homeless,Z,Not 504 Eligible[Z],SP,21.0,18.0,17.0,3.0,0.0,733.0,115.0,35.0,41.9,376.0,372.0,358.0,389.0,Level 1,1 Grade Level Below
1213566,61,2,F,D,Direct Cert/Free Lunch [D],Other,ZZ,Not applicable [ZZ],,,,,N,N,N,Not homeless [Z],Z - Not homeless,Z,Not 504 Eligible[Z],EN,,,,,104.0,906.0,174.0,65.0,58.1,487.0,,503.0,454.0,Level 2,Early On Grade Level
1213580,61,2,M,D,Direct Cert/Free Lunch [D],White,ZZ,Not applicable [ZZ],,,,,N,N,N,Not homeless [Z],Z - Not homeless,Z,Not 504 Eligible[Z],EN,,,,,106.0,964.0,193.0,86.0,72.8,528.0,,555.0,571.0,Level 4,Mid or Above Grade Level
1213612,61,1,F,0,Paid Lunch [0],Hispanic,ZZ,Not applicable [ZZ],,,,,N,N,N,Not homeless [Z],Z - Not homeless,Z,Not 504 Eligible[Z],EN,30.0,31.0,9.0,1.0,0.0,713.0,108.0,24.0,35.1,359.0,360.0,372.0,346.0,Level 1,1 Grade Level Below
1213631,61,2,M,0,Paid Lunch [0],White,ZZ,Not applicable [ZZ],V,V - Other Health Impaired,F,F - Speech Impaired,N,Y,N,Not homeless [Z],Z - Not homeless,Z,Not 504 Eligible[Z],EN,,,47.0,14.0,10.0,746.0,119.0,8.0,20.4,397.0,405.0,361.0,385.0,Level 3,Early On Grade Level
1213782,61,2,M,D,Direct Cert/Free Lunch [D],Other,ZZ,Not applicable [ZZ],,,,,N,N,N,Not homeless [Z],Z - Not homeless,Z,Not 504 Eligible[Z],EN,,,68.0,22.0,38.0,850.0,155.0,42.0,45.8,484.0,,504.0,503.0,Level 2,Early On Grade Level
1213839,61,2,M,0,Paid Lunch [0],Hispanic,ZZ,Tested - not eligible [TZ],,,,,N,N,N,Not homeless [Z],Z - Not homeless,Z,Not 504 Eligible[Z],PR,,,,,93.0,946.0,187.0,81.0,68.5,499.0,,517.0,473.0,Level 4,Mid or Above Grade Level
1213859,61,2,F,D,Direct Cert/Free Lunch [D],Black or African American,ZZ,Not applicable [ZZ],,,,,N,N,N,Not homeless [Z],Z - Not homeless,Z,Not 504 Eligible[Z],EN,,,,,87.0,,,,,489.0,,465.0,533.0,Level 4,Mid or Above Grade Level
1213868,61,2,F,D,Direct Cert/Free Lunch [D],Hispanic,ZZ,Tested - not eligible [TZ],,,,,N,N,N,Not homeless [Z],Z - Not homeless,Z,Not 504 Eligible[Z],SP,,,72.0,23.0,72.0,873.0,163.0,50.0,50.0,494.0,,520.0,458.0,Level 3,Mid or Above Grade Level
1213985,61,2,M,D,Direct Cert/Free Lunch [D],Hispanic,ZZ,Not applicable [ZZ],,,,,N,N,N,Not homeless [Z],Z - Not homeless,Z,Not 504 Eligible[Z],EN,,,62.0,17.0,60.0,885.0,167.0,55.0,52.6,472.0,,497.0,446.0,Level 3,Early On Grade Level
1214229,61,2,M,D,Direct Cert/Free Lunch [D],Hispanic,ZZ,Not applicable [ZZ],,,,,N,N,N,Not homeless [Z],Z - Not homeless,Z,Not 504 Eligible[Z],EN,,,47.0,12.0,33.0,822.0,145.0,32.0,40.1,437.0,,505.0,443.0,Level 2,1 Grade Level Below
1214457,61,2,F,D,Direct Cert/Free Lunch [D],White,ZZ,Not applicable [ZZ],,,,,N,N,B,Other homelessness causes [N],"N - No, Is homeless but does not meet the definiton of unaccompanied youth",Z,Section 504 Eligible + Plan [Y],EN,,,,,1.0,934.0,183.0,76.0,64.9,493.0,,481.0,476.0,Level 3,Early On Grade Level
1214696,61,2,M,D,Direct Cert/Free Lunch [D],Black or African American,ZZ,Not applicable [ZZ],,,,,N,N,E,Other homelessness causes [N],"N - No, Is homeless but does not meet the definiton of unaccompanied youth",Z,Not 504 Eligible[Z],EN,,,,,110.0,985.0,200.0,92.0,79.6,517.0,,534.0,515.0,Level 4,Mid or Above Grade Level
1214898,61,1,F,0,Paid Lunch [0],White,ZZ,Not applicable [ZZ],,,,,N,N,N,Not homeless [Z],Z - Not homeless,Z,Not 504 Eligible[Z],EN,58.0,42.0,60.0,20.0,104.0,949.0,188.0,98.0,93.3,502.0,473.0,489.0,503.0,Level 5,Mid or Above Grade Level
1214965,61,1,F,D,Direct Cert/Free Lunch [D],White,ZZ,Not applicable [ZZ],,,,,N,N,N,Not homeless [Z],Z - Not homeless,Z,Not 504 Eligible[Z],EN,52.0,66.0,42.0,10.0,13.0,840.0,151.0,82.0,69.3,399.0,383.0,390.0,365.0,Level 3,Early On Grade Level
1215081,61,2,M,0,Paid Lunch [0],Other,ZZ,Not applicable [ZZ],F,F - Speech Impaired,,,N,Y,N,Not homeless [Z],Z - Not homeless,Z,Not 504 Eligible[Z],EN,,,,,57.0,852.0,155.0,42.0,45.8,452.0,,482.0,485.0,Level 3,Early On Grade Level
1215193,61,1,M,0,Paid Lunch [0],Hispanic,LY,LEP in LEP classes [LY],,,,,N,N,N,Not homeless [Z],Z - Not homeless,Z,Not 504 Eligible[Z],SP,65.0,35.0,49.0,14.0,107.0,796.0,136.0,69.0,60.4,418.0,374.0,421.0,402.0,Level 4,Early On Grade Level
1215200,61,1,F,0,Paid Lunch [0],White,ZZ,Not applicable [ZZ],,,,,Y,N,N,Not homeless [Z],Z - Not homeless,Z,Not 504 Eligible[Z],EN,60.0,61.0,39.0,10.0,30.0,735.0,116.0,36.0,42.5,436.0,430.0,440.0,415.0,Level 5,Mid or Above Grade Level
1215213,61,1,F,0,Paid Lunch [0],Hispanic,ZZ,Not applicable [ZZ],,,,,N,N,N,Not homeless [Z],Z - Not homeless,Z,Not 504 Eligible[Z],EN,50.0,23.0,49.0,16.0,141.0,952.0,189.0,98.0,93.3,480.0,412.0,452.0,519.0,Level 5,Mid or Above Grade Level
1215220,61,1,M,0,Paid Lunch [0],White,ZZ,Tested - not eligible [TZ],,,,,N,N,N,Not homeless [Z],Z - Not homeless,Z,Not 504 Eligible[Z],EN,66.0,42.0,42.0,14.0,124.0,915.0,177.0,95.0,84.6,481.0,473.0,526.0,491.0,Level 4,Mid or Above Grade Level
1215295,61,1,F,0,Paid Lunch [0],White,ZZ,Not applicable [ZZ],,,,,N,N,N,Not homeless [Z],Z - Not homeless,Z,Not 504 Eligible[Z],EN,70.0,79.0,51.0,20.0,65.0,913.0,176.0,95.0,84.6,472.0,459.0,475.0,412.0,Level 5,Mid or Above Grade Level
1215398,61,1,M,0,Paid Lunch [0],White,ZZ,Not applicable [ZZ],,,,,Y,N,N,Not homeless [Z],Z - Not homeless,Z,Not 504 Eligible[Z],EN,71.0,68.0,61.0,19.0,69.0,911.0,175.0,95.0,84.6,487.0,489.0,496.0,519.0,Level 5,Mid or Above Grade Level
1215404,61,1,M,D,Direct Cert/Free Lunch [D],White,ZZ,Not applicable [ZZ],,,,,N,N,N,Not homeless [Z],Z - Not homeless,Z,Not 504 Eligible[Z],EN,64.0,60.0,24.0,10.0,35.0,782.0,132.0,63.0,57.0,460.0,473.0,455.0,459.0,Level 5,Mid or Above Grade Level
1215462,61,1,M,D,Direct Cert/Free Lunch [D],White,ZZ,Not applicable [ZZ],,,,,N,N,N,Not homeless [Z],Z - Not homeless,Z,Not 504 Eligible[Z],EN,53.0,64.0,42.0,13.0,29.0,851.0,155.0,85.0,71.8,406.0,344.0,398.0,457.0,Level 4,Early On Grade Level
1215480,61,1,F,D,Direct Cert/Free Lunch [D],White,ZZ,Not applicable [ZZ],,,,,N,N,N,Not homeless [Z],Z - Not homeless,Z,Not 504 Eligible[Z],EN,45.0,51.0,21.0,5.0,2.0,769.0,127.0,57.0,53.7,405.0,402.0,383.0,415.0,Level 1,1 Grade Level Below
1215489,61,1,M,0,Paid Lunch [0],White,ZZ,Not applicable [ZZ],,,,,N,N,N,Not homeless [Z],Z - Not homeless,Z,Not 504 Eligible[Z],EN,50.0,56.0,33.0,9.0,15.0,786.0,133.0,64.0,57.5,424.0,418.0,465.0,443.0,Level 5,Mid or Above Grade Level
1215501,61,1,M,0,Paid Lunch [0],White,ZZ,Not applicable [ZZ],F,F - Speech Impaired,,,N,Y,N,Not homeless [Z],Z - Not homeless,Z,Not 504 Eligible[Z],EN,21.0,49.0,31.0,8.0,0.0,761.0,125.0,53.0,51.6,393.0,403.0,365.0,412.0,Level 2,1 Grade Level Below
1215543,61,1,M,D,Direct Cert/Free Lunch [D],White,ZZ,Not applicable [ZZ],F,F - Speech Impaired,,,N,Y,N,Not homeless [Z],Z - Not homeless,Z,Not 504 Eligible[Z],EN,5.0,16.0,5.0,0.0,0.0,694.0,102.0,18.0,30.7,376.0,362.0,358.0,367.0,Level 1,1 Grade Level Below
1215566,61,1,M,0,Paid Lunch [0],White,ZZ,Tested - not eligible [TZ],,,,,N,N,N,Not homeless [Z],Z - Not homeless,Z,Not 504 Eligible[Z],EN,43.0,74.0,45.0,18.0,9.0,725.0,112.0,30.0,39.0,414.0,449.0,395.0,388.0,Level 3,Mid or Above Grade Level
1215569,61,1,F,0,Paid Lunch [0],Asian,ZZ,Not applicable [ZZ],,,,,N,N,N,Not homeless [Z],Z - Not homeless,Z,Not 504 Eligible[Z],EN,38.0,50.0,41.0,13.0,2.0,739.0,117.0,39.0,44.1,402.0,433.0,380.0,394.0,Level 4,Mid or Above Grade Level
1215628,61,1,M,D,Direct Cert/Free Lunch [D],Black or African American,ZZ,Not applicable [ZZ],,,,,N,N,N,Not homeless [Z],Z - Not homeless,Z,Not 504 Eligible[Z],EN,66.0,62.0,45.0,11.0,32.0,864.0,159.0,88.0,74.7,440.0,425.0,453.0,449.0,Level 4,Mid or Above Grade Level
1215629,61,1,F,0,Paid Lunch [0],Hispanic,ZZ,Tested - not eligible [TZ],,,,,N,N,N,Not homeless [Z],Z - Not homeless,Z,Not 504 Eligible[Z],SP,68.0,47.0,22.0,6.0,19.0,781.0,131.0,62.0,56.4,437.0,451.0,451.0,354.0,Level 5,Mid or Above Grade Level
1215658,61,2,F,D,Direct Cert/Free Lunch [D],Black or African American,ZZ,Not applicable [ZZ],,,,,N,N,N,Not homeless [Z],Z - Not homeless,Z,Not 504 Eligible[Z],EN,,,86.0,27.0,59.0,902.0,172.0,63.0,57.0,469.0,,473.0,414.0,Level 3,1 Grade Level Below
1215737,61,1,F,0,Paid Lunch [0],White,ZZ,Not applicable [ZZ],,,,,N,N,N,Not homeless [Z],Z - Not homeless,Z,Not 504 Eligible[Z],EN,17.0,60.0,54.0,14.0,55.0,865.0,160.0,88.0,74.7,467.0,451.0,448.0,394.0,Level 4,Mid or Above Grade Level
1215783,61,1,F,D,Direct Cert/Free Lunch [D],White,ZZ,Not applicable [ZZ],,,,,N,N,N,Not homeless [Z],Z - Not homeless,Z,Section 504 Eligible + Plan [Y],EN,26.0,32.0,23.0,7.0,2.0,757.0,123.0,51.0,50.5,338.0,323.0,408.0,316.0,Level 1,1 Grade Level Below
1215830,61,1,F,D,Direct Cert/Free Lunch [D],Other,ZZ,Not applicable [ZZ],,,,,N,N,B,Other homelessness causes [N],"N - No, Is homeless but does not meet the definiton of unaccompanied youth",Z,Not 504 Eligible[Z],EN,38.0,48.0,19.0,4.0,17.0,734.0,115.0,36.0,42.5,411.0,400.0,392.0,406.0,Level 4,Mid or Above Grade Level
1215853,61,1,M,D,Direct Cert/Free Lunch [D],White,ZZ,Not applicable [ZZ],,,,,N,N,N,Not homeless [Z],Z - Not homeless,Z,Not 504 Eligible[Z],EN,45.0,69.0,35.0,3.0,23.0,731.0,114.0,34.0,41.3,406.0,385.0,406.0,427.0,Level 4,Mid or Above Grade Level
1216043,61,1,M,D,Direct Cert/Free Lunch [D],Other,ZZ,Not applicable [ZZ],,,,,N,N,N,Not homeless [Z],Z - Not homeless,Z,Not 504 Eligible[Z],EN,55.0,60.0,34.0,9.0,19.0,809.0,141.0,75.0,64.2,401.0,407.0,400.0,398.0,Level 4,Mid or Above Grade Level
1216072,61,1,F,D,Direct Cert/Free Lunch [D],Hispanic,ZZ,Tested - not eligible [TZ],,,,,N,N,N,Not homeless [Z],Z - Not homeless,Z,Not 504 Eligible[Z],EN,26.0,50.0,31.0,9.0,1.0,683.0,98.0,14.0,27.2,367.0,354.0,397.0,328.0,Level 1,1 Grade Level Below
1216155,61,1,M,0,Paid Lunch [0],White,ZZ,Not applicable [ZZ],,,,,N,N,N,Not homeless [Z],Z - Not homeless,Z,Not 504 Eligible[Z],EN,35.0,76.0,47.0,13.0,17.0,870.0,162.0,89.0,75.8,423.0,429.0,437.0,422.0,Level 5,Mid or Above Grade Level
1216218,61,1,M,0,Paid Lunch [0],White,ZZ,Not applicable [ZZ],T,T - Developmentally Delayed,,,N,Y,N,Not homeless [Z],Z - Not homeless,Z,Not 504 Eligible[Z],EN,41.0,33.0,23.0,6.0,11.0,809.0,141.0,75.0,64.2,422.0,436.0,440.0,442.0,Level 5,Mid or Above Grade Level
1216347,61,1,M,0,Paid Lunch [0],White,ZZ,Not applicable [ZZ],,,,,N,N,N,Not homeless [Z],Z - Not homeless,Z,Not 504 Eligible[Z],EN,46.0,69.0,29.0,7.0,23.0,877.0,164.0,90.0,77.0,409.0,402.0,471.0,375.0,Level 5,Mid or Above Grade Level
1216355,61,1,M,D,Direct Cert/Free Lunch [D],Hispanic,ZZ,Tested - not eligible [TZ],,,,,N,N,N,Not homeless [Z],Z - Not homeless,Z,Section 504 Eligible + Plan [Y],SP,27.0,28.0,17.0,2.0,0.0,840.0,151.0,82.0,69.3,398.0,385.0,382.0,399.0,Level 3,1 Grade Level Below
1216371,61,1,F,D,Direct Cert/Free Lunch [D],Hispanic,ZZ,Tested - not eligible [TZ],,,,,N,N,N,Not homeless [Z],Z - Not homeless,Z,Not 504 Eligible[Z],SP,28.0,50.0,33.0,10.0,3.0,775.0,129.0,60.0,55.3,395.0,396.0,438.0,374.0,Level 3,Early On Grade Level
1216450,61,1,F,0,Paid Lunch [0],Hispanic,ZZ,Not applicable [ZZ],,,,,N,N,N,Not homeless [Z],Z - Not homeless,Z,Not 504 Eligible[Z],EN,34.0,63.0,53.0,18.0,13.0,785.0,133.0,64.0,57.5,426.0,438.0,439.0,432.0,Level 5,Mid or Above Grade Level
1216494,61,1,F,D,Direct Cert/Free Lunch [D],White,ZZ,Not applicable [ZZ],,,,,N,N,N,Not homeless [Z],Z - Not homeless,Z,Not 504 Eligible[Z],EN,56.0,88.0,36.0,0.0,32.0,825.0,146.0,79.0,67.0,444.0,425.0,438.0,423.0,Level 5,Mid or Above Grade Level
1216519,61,1,M,D,Direct Cert/Free Lunch [D],Hispanic,ZZ,Not applicable [ZZ],,,,,N,N,N,Not homeless [Z],Z - Not homeless,Z,Not 504 Eligible[Z],EN,52.0,60.0,114.0,36.0,55.0,865.0,160.0,88.0,74.7,493.0,459.0,511.0,495.0,Level 5,Mid or Above Grade Level
1216549,61,1,M,0,Paid Lunch [0],White,ZZ,Not applicable [ZZ],,,,,N,N,N,Not homeless [Z],Z - Not homeless,Z,Not 504 Eligible[Z],EN,38.0,26.0,25.0,0.0,4.0,722.0,111.0,28.0,37.7,392.0,442.0,362.0,398.0,Level 4,Early On Grade Level
1216582,61,1,F,D,Direct Cert/Free Lunch [D],Hispanic,ZZ,Not applicable [ZZ],,,,,N,N,N,Not homeless [Z],Z - Not homeless,Z,Not 504 Eligible[Z],EN,43.0,60.0,29.0,9.0,20.0,791.0,135.0,67.0,59.3,414.0,435.0,435.0,408.0,Level 4,Mid or Above Grade Level
1216668,61,1,M,F,Eligible for Free Lunch [F],White,ZZ,Not applicable [ZZ],,,,,N,N,N,Not homeless [Z],Z - Not homeless,Z,Not 504 Eligible[Z],EN,47.0,63.0,59.0,20.0,7.0,768.0,127.0,57.0,53.7,448.0,432.0,493.0,396.0,Level 4,Mid or Above Grade Level
1216680,61,1,F,D,Direct Cert/Free Lunch [D],White,ZZ,Not applicable [ZZ],,,,,Y,N,N,Not homeless [Z],Z - Not homeless,Z,Not 504 Eligible[Z],EN,59.0,69.0,106.0,33.0,93.0,931.0,182.0,97.0,89.6,486.0,446.0,526.0,510.0,Level 5,Mid or Above Grade Level
1216719,61,1,M,D,Direct Cert/Free Lunch [D],Black or African American,ZZ,Not applicable [ZZ],,,,,N,N,N,Not homeless [Z],Z - Not homeless,Z,Section 504 Eligible + Plan [Y],EN,29.0,17.0,15.0,0.0,0.0,685.0,99.0,15.0,28.2,374.0,386.0,380.0,392.0,Level 2,1 Grade Level Below
1216742,61,1,M,F,Eligible for Free Lunch [F],Hispanic,ZZ,Not applicable [ZZ],,,,,N,N,N,Not homeless [Z],Z - Not homeless,Z,Not 504 Eligible[Z],EN,39.0,25.0,25.0,7.0,27.0,761.0,125.0,53.0,51.6,408.0,388.0,408.0,417.0,Level 3,Mid or Above Grade Level
1216753,61,2,M,D,Direct Cert/Free Lunch [D],White,ZZ,Not applicable [ZZ],,,,,N,N,N,Not homeless [Z],Z - Not homeless,Z,Not 504 Eligible[Z],EN,,,,,93.0,877.0,164.0,52.0,51.1,453.0,,471.0,473.0,Level 3,Early On Grade Level
1216756,61,1,M,D,Direct Cert/Free Lunch [D],Hispanic,ZZ,Not applicable [ZZ],,,,,N,N,N,Not homeless [Z],Z - Not homeless,Z,Not 504 Eligible[Z],EN,32.0,19.0,1.0,0.0,0.0,722.0,111.0,28.0,37.7,364.0,364.0,360.0,332.0,Level 2,1 Grade Level Below
1216866,61,1,M,0,Paid Lunch [0],Other,ZZ,Not applicable [ZZ],,,,,N,N,N,Not homeless [Z],Z - Not homeless,Z,Not 504 Eligible[Z],EN,37.0,64.0,24.0,2.0,11.0,770.0,128.0,58.0,54.2,399.0,388.0,401.0,394.0,Level 3,Mid or Above Grade Level
1216915,61,1,F,F,Eligible for Free Lunch [F],Hispanic,LY,LEP in LEP classes [LY],,,,,N,N,B,Other homelessness causes [N],"N - No, Is homeless but does not meet the definiton of unaccompanied youth",Z,Not 504 Eligible[Z],SP,17.0,52.0,19.0,6.0,1.0,707.0,106.0,22.0,33.7,359.0,376.0,317.0,385.0,Level 1,1 Grade Level Below
1217000,61,1,F,0,Paid Lunch [0],Hispanic,ZZ,Tested - not eligible [TZ],,,,,N,N,N,Not homeless [Z],Z - Not homeless,Z,Not 504 Eligible[Z],SP,54.0,58.0,77.0,25.0,43.0,930.0,182.0,96.0,86.9,458.0,489.0,448.0,429.0,Level 4,Mid or Above Grade Level
1217002,61,2,M,0,Paid Lunch [0],White,ZZ,Not applicable [ZZ],,,,,N,N,N,Not homeless [Z],Z - Not homeless,Z,Section 504 Eligible + Plan [Y],EN,,,,,89.0,902.0,172.0,63.0,57.0,466.0,,457.0,453.0,Level 4,Early On Grade Level
1217152,61,1,M,0,Paid Lunch [0],Black or African American,ZZ,Not applicable [ZZ],,,,,N,N,B,Other homelessness causes [N],"N - No, Is homeless but does not meet the definiton of unaccompanied youth",Z,Not 504 Eligible[Z],EN,,,,,,756.0,123.0,43.0,46.3,,,,,Level 4,Mid or Above Grade Level
1217206,61,1,F,F,Eligible for Free Lunch [F],Hispanic,LY,LEP in LEP classes [LY],,,,,N,N,B,Other homelessness causes [N],"N - No, Is homeless but does not meet the definiton of unaccompanied youth",Z,Not 504 Eligible[Z],SP,,,,,,,,,,,,,,,
1217237,61,1,M,D,Direct Cert/Free Lunch [D],Hispanic,ZZ,Not applicable [ZZ],F,F - Speech Impaired,,,N,Y,N,Not homeless [Z],Z - Not homeless,Z,Not 504 Eligible[Z],EN,34.0,31.0,23.0,4.0,0.0,739.0,117.0,39.0,44.1,400.0,440.0,383.0,364.0,Level 3,Early On Grade Level
1217250,61,1,F,D,Direct Cert/Free Lunch [D],Hispanic,LY,LEP in LEP classes [LY],,,,,N,N,B,Other homelessness causes [N],"N - No, Is homeless but does not meet the definiton of unaccompanied youth",Z,Not 504 Eligible[Z],SP,26.0,15.0,23.0,5.0,0.0,645.0,85.0,7.0,18.9,384.0,400.0,437.0,370.0,Level 1,1 Grade Level Below
1217311,61,1,F,D,Direct Cert/Free Lunch [D],White,ZZ,Not applicable [ZZ],,,,,N,N,B,Other homelessness causes [N],"N - No, Is homeless but does not meet the definiton of unaccompanied youth",Z,Not 504 Eligible[Z],EN,35.0,68.0,26.0,4.0,9.0,720.0,111.0,27.0,37.1,397.0,418.0,443.0,352.0,Level 2,Early On Grade Level
1217440,61,1,F,D,Direct Cert/Free Lunch [D],Black or African American,ZZ,Not applicable [ZZ],,,,,N,N,N,Not homeless [Z],Z - Not homeless,Z,Not 504 Eligible[Z],EN,27.0,3.0,10.0,1.0,0.0,740.0,117.0,40.0,44.7,387.0,402.0,345.0,408.0,Level 2,1 Grade Level Below
1217460,61,1,F,D,Direct Cert/Free Lunch [D],Black or African American,ZZ,Not applicable [ZZ],,,,,N,N,N,Not homeless [Z],Z - Not homeless,Z,Not 504 Eligible[Z],EN,38.0,34.0,38.0,12.0,9.0,810.0,141.0,75.0,64.2,409.0,416.0,439.0,450.0,Level 4,Mid or Above Grade Level
1217533,61,1,M,D,Direct Cert/Free Lunch [D],White,ZZ,Not applicable [ZZ],,,,,N,N,N,Not homeless [Z],Z - Not homeless,Z,Not 504 Eligible[Z],EN,4.0,31.0,3.0,0.0,0.0,666.0,92.0,11.0,24.2,374.0,408.0,395.0,334.0,Level 1,1 Grade Level Below
1217705,61,1,F,D,Direct Cert/Free Lunch [D],Hispanic,LY,LEP in LEP classes [LY],K,K - Specific Learning Disabled,,,N,Y,N,Not homeless [Z],Z - Not homeless,Z,Not 504 Eligible[Z],SP,14.0,6.0,8.0,1.0,0.0,703.0,105.0,20.0,32.3,339.0,325.0,345.0,343.0,Level 2,1 Grade Level Below
1217707,61,1,M,D,Direct Cert/Free Lunch [D],Black or African American,ZZ,Not applicable [ZZ],,,,,N,N,N,Not homeless [Z],Z - Not homeless,Z,Not 504 Eligible[Z],EN,27.0,37.0,19.0,0.0,4.0,719.0,110.0,27.0,37.1,398.0,382.0,371.0,443.0,Level 4,Mid or Above Grade Level
1217828,61,1,M,0,Paid Lunch [0],Other,ZZ,Not applicable [ZZ],,,,,N,N,N,Not homeless [Z],Z - Not homeless,Z,Not 504 Eligible[Z],EN,68.0,38.0,54.0,18.0,77.0,878.0,164.0,90.0,77.0,471.0,459.0,454.0,481.0,Level 5,Mid or Above Grade Level
1217967,61,1,M,0,Paid Lunch [0],White,ZZ,Not applicable [ZZ],F,F - Speech Impaired,,,N,Y,N,Not homeless [Z],Z - Not homeless,Z,Not 504 Eligible[Z],EN,48.0,52.0,27.0,5.0,7.0,781.0,131.0,62.0,56.4,413.0,431.0,403.0,409.0,Level 3,Early On Grade Level
1218091,61,2,M,D,Direct Cert/Free Lunch [D],Hispanic,ZZ,Not applicable [ZZ],,,,,N,N,N,Not homeless [Z],Z - Not homeless,Z,Not 504 Eligible[Z],EN,,,,,104.0,946.0,187.0,81.0,68.5,492.0,,521.0,498.0,Level 3,Mid or Above Grade Level
1218222,61,1,M,D,Direct Cert/Free Lunch [D],Asian,ZZ,Not applicable [ZZ],,,,,N,N,N,Not homeless [Z],Z - Not homeless,Z,Section 504 Eligible + Plan [Y],EN,18.0,29.0,12.0,0.0,9.0,723.0,112.0,29.0,38.3,418.0,431.0,426.0,435.0,Level 1,Early On Grade Level
1218303,61,2,F,0,Paid Lunch [0],Hispanic,ZZ,Not applicable [ZZ],,,,,N,N,N,Not homeless [Z],Z - Not homeless,Z,Not 504 Eligible[Z],EN,,,,,108.0,961.0,192.0,85.0,71.8,500.0,,462.0,516.0,Level 5,Early On Grade Level
1219047,61,2,F,3,Eligible for Reduced Lunch [3],Hispanic,LY,LEP in LEP classes [LY],,,,,N,N,N,Not homeless [Z],Z - Not homeless,Z,Not 504 Eligible[Z],SP,,,,,94.0,885.0,167.0,55.0,52.6,499.0,,498.0,486.0,Level 2,Mid or Above Grade Level
1219125,61,1,F,0,Paid Lunch [0],White,ZZ,Not applicable [ZZ],,,,,N,N,N,Not homeless [Z],Z - Not homeless,Z,Not 504 Eligible[Z],EN,52.0,73.0,32.0,9.0,19.0,757.0,123.0,51.0,50.5,417.0,451.0,384.0,415.0,Level 3,Mid or Above Grade Level
1219403,61,1,M,0,Paid Lunch [0],White,ZZ,Not applicable [ZZ],,,,,N,N,N,Not homeless [Z],Z - Not homeless,Z,Not 504 Eligible[Z],EN,50.0,30.0,23.0,5.0,12.0,837.0,150.0,81.0,68.5,447.0,489.0,459.0,449.0,Level 4,Mid or Above Grade Level
1219810,61,2,M,0,Paid Lunch [0],White,ZZ,Not applicable [ZZ],F,F - Speech Impaired,,,N,Y,N,Not homeless [Z],Z - Not homeless,Z,Not 504 Eligible[Z],EN,,,58.0,18.0,54.0,857.0,157.0,44.0,46.8,428.0,,452.0,440.0,Level 5,1 Grade Level Below
1219952,61,2,F,D,Direct Cert/Free Lunch [D],Black or African American,ZZ,Not applicable [ZZ],,,,,N,N,N,Not homeless [Z],Z - Not homeless,Z,Not 504 Eligible[Z],EN,,,71.0,22.0,58.0,847.0,154.0,40.0,44.7,417.0,,472.0,395.0,Level 3,1 Grade Level Below
1220105,61,1,F,0,Paid Lunch [0],White,ZZ,Not applicable [ZZ],,,,,N,N,N,Not homeless [Z],Z - Not homeless,Z,Section 504 Eligible + Plan [Y],EN,46.0,32.0,98.0,31.0,78.0,936.0,184.0,97.0,89.6,519.0,459.0,514.0,533.0,Level 5,Mid or Above Grade Level
1220162,61,1,F,0,Paid Lunch [0],White,ZZ,Not applicable [ZZ],,,,,N,N,N,Not homeless [Z],Z - Not homeless,Z,Not 504 Eligible[Z],EN,64.0,54.0,60.0,19.0,51.0,895.0,170.0,93.0,81.1,465.0,428.0,464.0,405.0,Level 5,Mid or Above Grade Level
1220383,61,1,F,0,Paid Lunch [0],White,ZZ,Not applicable [ZZ],,,,,N,N,N,Not homeless [Z],Z - Not homeless,Z,Not 504 Eligible[Z],EN,44.0,52.0,24.0,4.0,5.0,742.0,118.0,41.0,45.2,385.0,405.0,394.0,391.0,Level 1,1 Grade Level Below
1220386,61,1,M,0,Paid Lunch [0],White,ZZ,Not applicable [ZZ],,,,,N,N,N,Not homeless [Z],Z - Not homeless,Z,Not 504 Eligible[Z],EN,43.0,42.0,31.0,7.0,3.0,721.0,111.0,28.0,37.7,412.0,447.0,384.0,436.0,Level 1,1 Grade Level Below
1222730,61,2,M,0,Paid Lunch [0],White,ZZ,Not applicable [ZZ],,,,,N,N,N,Not homeless [Z],Z - Not homeless,Z,Not 504 Eligible[Z],EN,,,,,,,,,,,,,,Level 3,1 Grade Level Below
1222734,61,2,F,F,Eligible for Free Lunch [F],Hispanic,ZZ,Tested - not eligible [TZ],,,,,N,N,E,Other homelessness causes [N],"N - No, Is homeless but does not meet the definiton of unaccompanied youth",Z,Not 504 Eligible[Z],SP,,,,,,,,,,,,,,Level 3,Mid or Above Grade Level
1223623,61,1,M,F,Eligible for Free Lunch [F],Hispanic,ZZ,Not applicable [ZZ],,,,,N,N,B,Other homelessness causes [N],"N - No, Is homeless but does not meet the definiton of unaccompanied youth",Z,Not 504 Eligible[Z],EN,,,,,,,,,,,,,,Level 2,
1202422,101,2,M,D,Direct Cert/Free Lunch [D],Hispanic,LF,Two year followup [LF],K,K - Specific Learning Disabled,"F,G","F - Speech Impaired,G - Language Impaired",N,Y,N,Not homeless [Z],Z - Not homeless,Z,Not 504 Eligible[Z],SP,,,32.0,10.0,12.0,777.0,130.0,17.0,29.9,449.0,,470.0,460.0,Level 2,1 Grade Level Below
1203783,101,2,F,D,Direct Cert/Free Lunch [D],Hispanic,LY,LEP in LEP classes [LY],,,,,N,N,N,Not homeless [Z],Z - Not homeless,Z,Not 504 Eligible[Z],SP,,,,,,615.0,75.0,1.0,1.0,348.0,331.0,361.0,327.0,Level 1,2 Grade Levels Below
1203916,101,2,M,D,Direct Cert/Free Lunch [D],White,LY,LEP in LEP classes [LY],,,,,N,N,N,Not homeless [Z],Z - Not homeless,Z,Not 504 Eligible[Z],SP,,,38.0,3.0,22.0,802.0,138.0,25.0,35.8,413.0,383.0,412.0,381.0,Level 2,1 Grade Level Below
1203970,101,2,M,0,Paid Lunch [0],Hispanic,LY,LEP in LEP classes [LY],,,,,N,N,N,Not homeless [Z],Z - Not homeless,Z,Not 504 Eligible[Z],EN,,,45.0,13.0,50.0,830.0,148.0,35.0,41.9,440.0,,515.0,463.0,Level 2,Early On Grade Level
1204697,101,2,F,0,Paid Lunch [0],White,ZZ,Not applicable [ZZ],,,,,N,N,N,Not homeless [Z],Z - Not homeless,Z,Not 504 Eligible[Z],EN,,,,,94.0,829.0,148.0,34.0,41.3,502.0,,526.0,495.0,Level 4,Mid or Above Grade Level
1205625,101,2,F,F,Eligible for Free Lunch [F],Hispanic,LY,LEP in LEP classes [LY],K,K - Specific Learning Disabled,,,N,Y,N,Not homeless [Z],Z - Not homeless,Z,Not 504 Eligible[Z],SP,,,,,,615.0,75.0,3.0,10.4,411.0,,443.0,394.0,Level 1,1 Grade Level Below
1205728,101,2,M,D,Direct Cert/Free Lunch [D],Black or African American,ZZ,Not applicable [ZZ],V,V - Other Health Impaired,,,N,Y,N,Not homeless [Z],Z - Not homeless,Z,Not 504 Eligible[Z],EN,,,33.0,13.0,,836.0,150.0,37.0,43.0,408.0,370.0,412.0,425.0,Level 4,1 Grade Level Below
1205882,101,2,F,D,Direct Cert/Free Lunch [D],Hispanic,LY,LEP in LEP classes [LY],K,K - Specific Learning Disabled,,,N,Y,N,Not homeless [Z],Z - Not homeless,Z,Not 504 Eligible[Z],SP,,,54.0,8.0,29.0,805.0,139.0,26.0,36.5,415.0,,431.0,414.0,Level 1,1 Grade Level Below
1206242,101,1,F,D,Direct Cert/Free Lunch [D],Hispanic,LY,LEP in LEP classes [LY],,,,,N,N,N,Not homeless [Z],Z - Not homeless,Z,Not 504 Eligible[Z],SP,16.0,20.0,28.0,5.0,0.0,758.0,124.0,52.0,51.1,397.0,419.0,386.0,345.0,Level 2,Early On Grade Level
1206360,101,2,M,D,Direct Cert/Free Lunch [D],Hispanic,LY,LEP in LEP classes [LY],F,F - Speech Impaired,,,N,Y,N,Not homeless [Z],Z - Not homeless,Z,Not 504 Eligible[Z],SP,,,30.0,6.0,17.0,615.0,75.0,3.0,10.4,422.0,412.0,402.0,354.0,Level 2,1 Grade Level Below
1206367,101,1,F,D,Direct Cert/Free Lunch [D],Hispanic,LY,LEP in LEP classes [LY],,,,,N,N,N,Not homeless [Z],Z - Not homeless,Z,Not 504 Eligible[Z],SP,19.0,16.0,17.0,3.0,2.0,764.0,126.0,55.0,52.6,378.0,361.0,385.0,394.0,Level 1,1 Grade Level Below
1206596,101,2,M,D,Direct Cert/Free Lunch [D],Hispanic,LY,LEP in LEP classes [LY],,,,,N,N,B,Other homelessness causes [N],"N - No, Is homeless but does not meet the definiton of unaccompanied youth",Z,Not 504 Eligible[Z],SP,,,40.0,10.0,5.0,615.0,75.0,3.0,10.4,371.0,389.0,367.0,328.0,Level 1,2 Grade Levels Below
1206598,101,1,M,D,Direct Cert/Free Lunch [D],Hispanic,ZZ,Not applicable [ZZ],T,T - Developmentally Delayed,G,G - Language Impaired,N,Y,N,Not homeless [Z],Z - Not homeless,Z,Not 504 Eligible[Z],SP,33.0,23.0,34.0,9.0,25.0,768.0,127.0,57.0,53.7,369.0,382.0,384.0,345.0,Level 3,Mid or Above Grade Level
1207345,101,1,M,D,Direct Cert/Free Lunch [D],Hispanic,ZZ,Not applicable [ZZ],P,P - Autism Spectrum Disorder,"D,G","D - Occupational Therapy,G - Language Impaired",N,Y,N,Not homeless [Z],Z - Not homeless,Z,Not 504 Eligible[Z],SP,0.0,0.0,0.0,0.0,,500.0,36.0,1.0,1.0,262.0,299.0,234.0,263.0,Level 1,
1207435,101,2,M,D,Direct Cert/Free Lunch [D],Hispanic,LY,LEP in LEP classes [LY],F,F - Speech Impaired,,,N,Y,B,Other homelessness causes [N],"N - No, Is homeless but does not meet the definiton of unaccompanied youth",Z,Not 504 Eligible[Z],SP,,,29.0,9.0,27.0,782.0,132.0,18.0,30.7,432.0,,438.0,419.0,Level 2,Early On Grade Level
1207543,101,2,M,D,Direct Cert/Free Lunch [D],Hispanic,LY,LEP in LEP classes [LY],K,K - Specific Learning Disabled,F,F - Speech Impaired,N,Y,B,Other homelessness causes [N],"N - No, Is homeless but does not meet the definiton of unaccompanied youth",Z,Not 504 Eligible[Z],SP,,,23.0,4.0,6.0,615.0,75.0,3.0,10.4,386.0,368.0,395.0,411.0,Level 1,2 Grade Levels Below
1207716,101,1,M,D,Direct Cert/Free Lunch [D],Hispanic,LY,LEP in LEP classes [LY],T,T - Developmentally Delayed,F,F - Speech Impaired,N,Y,N,Not homeless [Z],Z - Not homeless,Z,Not 504 Eligible[Z],SP,11.0,15.0,24.0,2.0,2.0,651.0,87.0,8.0,20.4,357.0,388.0,330.0,297.0,Level 1,1 Grade Level Below
1207842,101,2,M,0,Paid Lunch [0],Hispanic,LY,LEP in LEP classes [LY],,,,,N,N,N,Not homeless [Z],Z - Not homeless,Z,Section 504 Eligible + Plan [Y],SP,,,70.0,17.0,22.0,789.0,134.0,20.0,32.3,396.0,382.0,392.0,406.0,Level 5,1 Grade Level Below
1207857,101,2,M,D,Direct Cert/Free Lunch [D],Hispanic,LY,LEP in LEP classes [LY],K,K - Specific Learning Disabled,,,N,Y,N,Not homeless [Z],Z - Not homeless,Z,Not 504 Eligible[Z],SP,,,50.0,14.0,16.0,755.0,123.0,10.0,23.0,372.0,380.0,384.0,370.0,Level 1,2 Grade Levels Below
1207860,101,2,M,D,Direct Cert/Free Lunch [D],Hispanic,LY,LEP in LEP classes [LY],K,K - Specific Learning Disabled,"F,G","F - Speech Impaired,G - Language Impaired",N,Y,N,Not homeless [Z],Z - Not homeless,Z,Not 504 Eligible[Z],SP,,,47.0,11.0,28.0,742.0,118.0,7.0,18.9,390.0,396.0,407.0,375.0,Level 1,2 Grade Levels Below
1207908,101,2,M,D,Direct Cert/Free Lunch [D],Hispanic,ZZ,Tested - not eligible [TZ],,,,,N,N,N,Not homeless [Z],Z - Not homeless,Z,Not 504 Eligible[Z],SP,,,62.0,16.0,63.0,934.0,183.0,76.0,64.9,488.0,,466.0,491.0,Level 4,Early On Grade Level
1208094,101,2,F,D,Direct Cert/Free Lunch [D],Hispanic,ZZ,Tested - not eligible [TZ],,,,,N,N,N,Not homeless [Z],Z - Not homeless,Z,Not 504 Eligible[Z],EN,,,,,107.0,959.0,192.0,85.0,71.8,536.0,,558.0,509.0,Level 4,Mid or Above Grade Level
1208162,101,1,M,D,Direct Cert/Free Lunch [D],Hispanic,LY,LEP in LEP classes [LY],,,,,N,N,B,Other homelessness causes [N],"N - No, Is homeless but does not meet the definiton of unaccompanied youth",Z,Not 504 Eligible[Z],SP,32.0,11.0,24.0,4.0,4.0,727.0,113.0,31.0,39.6,399.0,400.0,413.0,330.0,Level 1,1 Grade Level Below
1208429,101,2,M,3,Eligible for Reduced Lunch [3],Hispanic,ZZ,Tested - not eligible [TZ],,,,,N,N,N,Not homeless [Z],Z - Not homeless,Z,Not 504 Eligible[Z],SP,,,60.0,18.0,50.0,866.0,160.0,48.0,48.9,500.0,,528.0,519.0,Level 4,Early On Grade Level
1208441,101,2,F,D,Direct Cert/Free Lunch [D],Hispanic,ZZ,Tested - not eligible [TZ],,,,,N,N,N,Not homeless [Z],Z - Not homeless,Z,Not 504 Eligible[Z],SP,,,43.0,13.0,12.0,615.0,75.0,3.0,10.4,408.0,411.0,385.0,431.0,Level 2,1 Grade Level Below
1208485,101,2,F,0,Paid Lunch [0],Hispanic,ZZ,Tested - not eligible [TZ],,,,,N,N,N,Not homeless [Z],Z - Not homeless,Z,Not 504 Eligible[Z],SP,,,24.0,6.0,13.0,615.0,75.0,3.0,10.4,434.0,,463.0,446.0,Level 1,1 Grade Level Below
1208688,101,2,F,0,Paid Lunch [0],Hispanic,ZZ,Tested - not eligible [TZ],,,,,Y,N,N,Not homeless [Z],Z - Not homeless,Z,Not 504 Eligible[Z],SP,,,125.0,39.0,78.0,1042.0,220.0,98.0,93.3,561.0,,537.0,567.0,Level 5,Mid or Above Grade Level
1209380,101,2,M,D,Direct Cert/Free Lunch [D],Hispanic,LY,LEP in LEP classes [LY],,,,,N,N,N,Not homeless [Z],Not homeless [Z],Z,Not 504 Eligible[Z],SP,,,78.0,19.0,40.0,816.0,143.0,30.0,39.0,415.0,,438.0,410.0,Level 2,1 Grade Level Below
1209474,101,2,M,D,Direct Cert/Free Lunch [D],White,LY,LEP in LEP classes [LY],K,K - Specific Learning Disabled,K,K - Specific Learning Disabled,N,Y,N,Not homeless [Z],Z - Not homeless,Z,Not 504 Eligible[Z],SP,,,34.0,7.0,30.0,825.0,146.0,33.0,40.7,398.0,382.0,396.0,392.0,Level 2,2 Grade Levels Below
1209578,101,2,M,3,Eligible for Reduced Lunch [3],Hispanic,ZZ,Not applicable [ZZ],,,,,N,N,N,Not homeless [Z],Z - Not homeless,Z,Not 504 Eligible[Z],EN,,,56.0,16.0,39.0,855.0,156.0,43.0,46.3,442.0,435.0,392.0,458.0,Level 2,Early On Grade Level
1209629,101,2,F,0,Paid Lunch [0],Hispanic,ZZ,Tested - not eligible [TZ],,,,,N,N,N,Not homeless [Z],Z - Not homeless,Z,Not 504 Eligible[Z],EN,,,46.0,14.0,32.0,850.0,155.0,42.0,45.8,423.0,,444.0,416.0,Level 3,Early On Grade Level
1209692,101,2,F,D,Direct Cert/Free Lunch [D],Hispanic,LA,Completed 2 Year Follow up & Exited ESOL Yrs 3 & 4 Follow up[LA],,,,,N,N,N,Not homeless [Z],Z - Not homeless,Z,Not 504 Eligible[Z],SP,,,,,96.0,941.0,186.0,79.0,67.0,504.0,,535.0,460.0,Level 4,Mid or Above Grade Level
1209965,101,2,F,0,Paid Lunch [0],Hispanic,ZZ,Tested - not eligible [TZ],,,,,Y,N,N,Not homeless [Z],Z - Not homeless,Z,Not 504 Eligible[Z],SP,,,76.0,23.0,69.0,926.0,180.0,73.0,62.9,511.0,,501.0,525.0,Level 4,Mid or Above Grade Level
1209966,101,2,M,D,Direct Cert/Free Lunch [D],Hispanic,ZZ,Tested - not eligible [TZ],F,F - Speech Impaired,,,N,Y,N,Not homeless [Z],Z - Not homeless,Z,Not 504 Eligible[Z],EN,,,36.0,6.0,50.0,854.0,156.0,43.0,46.3,483.0,,571.0,487.0,Level 3,Early On Grade Level
1209967,101,2,F,D,Direct Cert/Free Lunch [D],Hispanic,ZZ,Tested - not eligible [TZ],,,,,N,N,N,Not homeless [Z],Not homeless [Z],Z,Not 504 Eligible[Z],SP,,,67.0,19.0,52.0,883.0,166.0,55.0,52.6,470.0,,468.0,444.0,Level 4,Mid or Above Grade Level
1209970,101,2,F,D,Direct Cert/Free Lunch [D],Hispanic,ZZ,Not applicable [ZZ],,,,,N,N,N,Not homeless [Z],Z - Not homeless,Z,Not 504 Eligible[Z],EN,,,39.0,9.0,15.0,757.0,123.0,11.0,24.2,415.0,,431.0,421.0,Level 1,1 Grade Level Below
1209971,101,2,F,D,Direct Cert/Free Lunch [D],White,LY,LEP in LEP classes [LY],,,,,N,N,N,Not homeless [Z],Z - Not homeless,Z,Not 504 Eligible[Z],SP,,,45.0,14.0,13.0,766.0,126.0,14.0,27.2,421.0,430.0,409.0,434.0,Level 1,1 Grade Level Below
1209972,101,2,M,D,Direct Cert/Free Lunch [D],Hispanic,ZZ,Tested - not eligible [TZ],,,,,N,N,N,Not homeless [Z],Z - Not homeless,Z,Not 504 Eligible[Z],SP,,,105.0,35.0,62.0,875.0,163.0,51.0,50.5,507.0,,558.0,434.0,Level 3,Mid or Above Grade Level
1209973,101,2,M,D,Direct Cert/Free Lunch [D],Hispanic,LY,LEP in LEP classes [LY],,,,,N,N,N,Not homeless [Z],Z - Not homeless,Z,Not 504 Eligible[Z],SP,,,37.0,5.0,25.0,789.0,134.0,20.0,32.3,426.0,,429.0,413.0,Level 2,1 Grade Level Below
1209974,101,2,F,D,Direct Cert/Free Lunch [D],Hispanic,LY,LEP in LEP classes [LY],,,,,N,N,N,Not homeless [Z],Z - Not homeless,Z,Not 504 Eligible[Z],SP,,,120.0,39.0,82.0,897.0,171.0,61.0,55.9,494.0,,516.0,455.0,Level 3,Mid or Above Grade Level
1209975,101,2,M,F,Eligible for Free Lunch [F],Hispanic,LY,LEP in LEP classes [LY],,,,,N,N,B,Other homelessness causes [N],"N - No, Is homeless but does not meet the definiton of unaccompanied youth",Z,Not 504 Eligible[Z],SP,,,43.0,12.0,45.0,798.0,137.0,23.0,34.4,431.0,,421.0,437.0,Level 2,Early On Grade Level
1209987,101,1,M,D,Direct Cert/Free Lunch [D],Hispanic,LY,LEP in LEP classes [LY],K,K - Specific Learning Disabled,,,N,Y,N,Not homeless [Z],Z - Not homeless,Z,Section 504 Eligible + No Plan [Y],EN,23.0,23.0,29.0,2.0,0.0,720.0,111.0,27.0,37.1,399.0,358.0,393.0,384.0,Level 2,1 Grade Level Below
1209989,101,2,F,D,Direct Cert/Free Lunch [D],Hispanic,LY,LEP in LEP classes [LY],,,,,N,N,N,Not homeless [Z],Z - Not homeless,Z,Not 504 Eligible[Z],SP,,,30.0,7.0,16.0,813.0,142.0,29.0,38.3,425.0,434.0,395.0,433.0,Level 2,1 Grade Level Below
1209990,101,2,M,D,Direct Cert/Free Lunch [D],White,ZZ,Not applicable [ZZ],,,,,N,N,N,Not homeless [Z],Z - Not homeless,Z,Not 504 Eligible[Z],EN,,,,,95.0,917.0,177.0,69.0,60.4,477.0,,485.0,500.0,Level 3,Mid or Above Grade Level
1209991,101,2,M,D,Direct Cert/Free Lunch [D],Hispanic,LY,LEP in LEP classes [LY],,,,,N,N,N,Not homeless [Z],Z - Not homeless,Z,Not 504 Eligible[Z],EN,,,31.0,7.0,9.0,745.0,119.0,8.0,20.4,394.0,,430.0,391.0,Level 1,1 Grade Level Below
1209992,101,2,F,D,Direct Cert/Free Lunch [D],Hispanic,ZZ,Tested - not eligible [TZ],,,,,N,N,N,Not homeless [Z],Z - Not homeless,Z,Not 504 Eligible[Z],SP,,,,,94.0,877.0,164.0,52.0,51.1,517.0,,532.0,492.0,Level 4,Mid or Above Grade Level
1210082,101,2,F,D,Direct Cert/Free Lunch [D],Hispanic,LY,LEP in LEP classes [LY],,,,,N,N,N,Not homeless [Z],Z - Not homeless,Z,Not 504 Eligible[Z],SP,,,115.0,35.0,54.0,895.0,170.0,60.0,55.3,472.0,,532.0,468.0,Level 3,Early On Grade Level
1210084,101,2,M,3,Eligible for Reduced Lunch [3],Hispanic,LY,LEP in LEP classes [LY],,,,,N,N,N,Not homeless [Z],Z - Not homeless,Z,Not 504 Eligible[Z],SP,,,44.0,9.0,16.0,762.0,125.0,12.0,25.3,394.0,368.0,384.0,425.0,Level 2,1 Grade Level Below
1210085,101,2,F,0,Paid Lunch [0],Hispanic,ZZ,Tested - not eligible [TZ],,,,,N,N,N,Not homeless [Z],Z - Not homeless,Z,Not 504 Eligible[Z],SP,,,109.0,28.0,57.0,805.0,139.0,26.0,36.5,460.0,,502.0,462.0,Level 2,Early On Grade Level
1210086,101,2,M,0,Paid Lunch [0],Hispanic,LY,LEP in LEP classes [LY],,,,,N,N,N,Not homeless [Z],Z - Not homeless,Z,Not 504 Eligible[Z],SP,,,23.0,7.0,9.0,738.0,117.0,7.0,18.9,401.0,410.0,385.0,380.0,Level 1,2 Grade Levels Below
1210131,101,2,M,D,Direct Cert/Free Lunch [D],Hispanic,LY,LEP in LEP classes [LY],,,,,N,N,N,Not homeless [Z],Z - Not homeless,Z,Not 504 Eligible[Z],SP,,,38.0,11.0,11.0,748.0,120.0,9.0,21.8,415.0,455.0,393.0,413.0,Level 1,2 Grade Levels Below
1210135,101,2,F,D,Direct Cert/Free Lunch [D],Hispanic,LY,LEP in LEP classes [LY],,,,,N,N,N,Not homeless [Z],Z - Not homeless,Z,Section 504 Eligible + Plan [Y],SP,,,80.0,21.0,61.0,842.0,152.0,39.0,44.1,424.0,,458.0,446.0,Level 2,Early On Grade Level
1210146,101,2,F,D,Direct Cert/Free Lunch [D],Hispanic,LY,LEP in LEP classes [LY],K,K - Specific Learning Disabled,,,N,Y,N,Not homeless [Z],Z - Not homeless,Z,Not 504 Eligible[Z],SP,,,22.0,5.0,7.0,748.0,120.0,9.0,21.8,387.0,353.0,364.0,431.0,Level 1,1 Grade Level Below
1210446,101,1,M,0,Paid Lunch [0],White,ZZ,Not applicable [ZZ],F,F - Speech Impaired,,,N,Y,N,Not homeless [Z],Z - Not homeless,Z,Not 504 Eligible[Z],EN,22.0,5.0,14.0,2.0,0.0,734.0,115.0,36.0,42.5,351.0,347.0,324.0,329.0,Level 1,1 Grade Level Below
1210492,101,2,M,0,Paid Lunch [0],Other,ZZ,Not applicable [ZZ],,,,,Y,N,N,Not homeless [Z],Z - Not homeless,Z,Not 504 Eligible[Z],EN,,,,,111.0,1012.0,210.0,96.0,86.9,516.0,,509.0,529.0,Level 5,Mid or Above Grade Level
1210501,101,2,F,F,Eligible for Free Lunch [F],Hispanic,LY,LEP in LEP classes [LY],K,K - Specific Learning Disabled,,,N,Y,D,Other homelessness causes [N],"N - No, Is homeless but does not meet the definiton of unaccompanied youth",Z,Not 504 Eligible[Z],SP,,,37.0,10.0,10.0,615.0,75.0,3.0,10.4,370.0,368.0,389.0,375.0,Level 1,2 Grade Levels Below
1210514,101,2,M,D,Direct Cert/Free Lunch [D],Hispanic,LY,LEP in LEP classes [LY],,,,,N,N,N,Not homeless [Z],Z - Not homeless,Z,Not 504 Eligible[Z],SP,,,46.0,14.0,58.0,910.0,175.0,66.0,58.7,459.0,,465.0,440.0,Level 3,Early On Grade Level
1210616,101,2,F,0,Paid Lunch [0],Hispanic,LY,LEP in LEP classes [LY],,,,,N,N,N,Not homeless [Z],Not homeless [Z],Z,Not 504 Eligible[Z],SP,,,58.0,18.0,20.0,770.0,128.0,15.0,28.2,411.0,,447.0,329.0,Level 1,1 Grade Level Below
1210638,101,1,F,D,Direct Cert/Free Lunch [D],Hispanic,ZZ,Tested - not eligible [TZ],,,,,N,N,N,Not homeless [Z],Z - Not homeless,Z,Not 504 Eligible[Z],SP,24.0,7.0,56.0,17.0,18.0,802.0,138.0,72.0,62.3,400.0,459.0,464.0,384.0,Level 2,Mid or Above Grade Level
1210648,101,2,M,D,Direct Cert/Free Lunch [D],Hispanic,LY,LEP in LEP classes [LY],,,,,N,N,N,Not homeless [Z],Z - Not homeless,Z,Not 504 Eligible[Z],SP,,,38.0,12.0,23.0,767.0,127.0,14.0,27.2,396.0,388.0,387.0,383.0,Level 1,1 Grade Level Below
1210739,101,1,M,D,Direct Cert/Free Lunch [D],Hispanic,LY,LEP in LEP classes [LY],,,,,N,N,N,Not homeless [Z],Z - Not homeless,Z,Not 504 Eligible[Z],SP,10.0,7.0,11.0,1.0,0.0,718.0,110.0,26.0,36.5,369.0,317.0,368.0,385.0,Level 1,1 Grade Level Below
1211170,101,2,M,0,Paid Lunch [0],White,ZZ,Not applicable [ZZ],,,,,N,N,N,Not homeless [Z],Z - Not homeless,Z,Not 504 Eligible[Z],EN,,,47.0,13.0,22.0,764.0,126.0,13.0,26.3,440.0,,469.0,427.0,Level 2,1 Grade Level Below
1211699,101,1,F,D,Direct Cert/Free Lunch [D],Hispanic,ZZ,Tested - not eligible [TZ],,,,,N,N,N,Not homeless [Z],Z - Not homeless,Z,Not 504 Eligible[Z],SP,31.0,38.0,34.0,11.0,3.0,758.0,124.0,52.0,51.1,413.0,445.0,392.0,415.0,Level 5,Mid or Above Grade Level
1211838,101,1,M,0,Paid Lunch [0],Hispanic,LY,LEP in LEP classes [LY],,,,,N,N,N,Not homeless [Z],Z - Not homeless,Z,Not 504 Eligible[Z],SP,35.0,25.0,25.0,2.0,7.0,726.0,113.0,31.0,39.6,397.0,408.0,427.0,377.0,Level 3,Early On Grade Level
1211936,101,1,F,D,Direct Cert/Free Lunch [D],Hispanic,LY,LEP in LEP classes [LY],,,,,N,N,N,Not homeless [Z],Z - Not homeless,Z,Not 504 Eligible[Z],SP,5.0,12.0,16.0,2.0,0.0,633.0,81.0,6.0,17.3,349.0,364.0,353.0,327.0,Level 1,Early On Grade Level
1211940,101,1,M,D,Direct Cert/Free Lunch [D],Hispanic,ZZ,Tested - not eligible [TZ],F,F - Speech Impaired,,,N,Y,N,Not homeless [Z],Z - Not homeless,Z,Not 504 Eligible[Z],SP,15.0,3.0,17.0,1.0,0.0,724.0,112.0,29.0,38.3,400.0,415.0,361.0,412.0,Level 1,1 Grade Level Below
1211942,101,1,M,D,Direct Cert/Free Lunch [D],Hispanic,ZZ,Not applicable [ZZ],,,,,N,N,N,Not homeless [Z],Z - Not homeless,Z,Not 504 Eligible[Z],EN,54.0,21.0,39.0,10.0,10.0,716.0,109.0,25.0,35.8,391.0,376.0,371.0,407.0,Level 3,Early On Grade Level
1211943,101,1,M,D,Direct Cert/Free Lunch [D],Hispanic,LY,LEP in LEP classes [LY],,,,,N,N,N,Not homeless [Z],Z - Not homeless,Z,Not 504 Eligible[Z],SP,17.0,9.0,18.0,1.0,0.0,730.0,114.0,33.0,40.7,383.0,380.0,390.0,345.0,Level 1,1 Grade Level Below
1211950,101,1,M,3,Eligible for Reduced Lunch [3],Hispanic,ZZ,Tested - not eligible [TZ],,,,,N,N,N,Not homeless [Z],Z - Not homeless,Z,Not 504 Eligible[Z],SP,22.0,34.0,36.0,11.0,4.0,792.0,135.0,67.0,59.3,405.0,353.0,412.0,475.0,Level 2,1 Grade Level Below
1211998,101,2,F,D,Direct Cert/Free Lunch [D],Hispanic,LY,LEP in LEP classes [LY],,,,,N,N,N,Not homeless [Z],Z - Not homeless,Z,Not 504 Eligible[Z],SP,,,77.0,26.0,62.0,843.0,152.0,39.0,44.1,464.0,,478.0,467.0,Level 2,Mid or Above Grade Level
1212002,101,1,F,D,Direct Cert/Free Lunch [D],Hispanic,ZZ,Tested - not eligible [TZ],,,,,N,N,N,Not homeless [Z],Z - Not homeless,Z,Not 504 Eligible[Z],SP,25.0,26.0,21.0,5.0,2.0,746.0,119.0,44.0,46.8,406.0,402.0,378.0,397.0,Level 2,Early On Grade Level
1212003,101,1,M,0,Paid Lunch [0],Hispanic,ZZ,Tested - not eligible [TZ],,,,,N,N,N,Not homeless [Z],Z - Not homeless,Z,Not 504 Eligible[Z],SP,26.0,31.0,14.0,1.0,1.0,651.0,87.0,8.0,20.4,379.0,375.0,383.0,331.0,Level 1,1 Grade Level Below
1212011,101,1,F,0,Paid Lunch [0],White,ZZ,Not applicable [ZZ],,,,,N,N,N,Not homeless [Z],Z - Not homeless,Z,Not 504 Eligible[Z],EN,34.0,37.0,32.0,10.0,9.0,828.0,147.0,79.0,67.0,412.0,399.0,395.0,436.0,Level 5,Mid or Above Grade Level
1212082,101,2,M,0,Paid Lunch [0],Hispanic,ZZ,Not applicable [ZZ],,,,,N,N,N,Not homeless [Z],Z - Not homeless,Z,Not 504 Eligible[Z],EN,,,55.0,16.0,56.0,769.0,127.0,14.0,27.2,410.0,,459.0,409.0,Level 3,Early On Grade Level
1212114,101,1,M,D,Direct Cert/Free Lunch [D],Hispanic,ZZ,Tested - not eligible [TZ],,,,,Y,N,N,Not homeless [Z],Z - Not homeless,Z,Not 504 Eligible[Z],SP,53.0,38.0,110.0,38.0,67.0,952.0,189.0,98.0,93.3,459.0,459.0,461.0,439.0,Level 3,Mid or Above Grade Level
1212116,101,1,M,0,Paid Lunch [0],Hispanic,ZZ,Tested - not eligible [TZ],,,,,N,N,N,Not homeless [Z],Z - Not homeless,Z,Not 504 Eligible[Z],SP,48.0,33.0,25.0,8.0,19.0,887.0,167.0,92.0,79.6,430.0,451.0,431.0,455.0,Level 4,Mid or Above Grade Level
1212117,101,1,F,0,Paid Lunch [0],Hispanic,ZZ,Tested - not eligible [TZ],,,,,N,N,N,Not homeless [Z],Z - Not homeless,Z,Not 504 Eligible[Z],SP,50.0,25.0,83.0,23.0,54.0,859.0,158.0,87.0,73.7,449.0,442.0,425.0,445.0,Level 4,Mid or Above Grade Level
1212118,101,1,F,D,Direct Cert/Free Lunch [D],Hispanic,ZZ,Tested - not eligible [TZ],,,,,N,N,N,Not homeless [Z],Z - Not homeless,Z,Not 504 Eligible[Z],SP,38.0,33.0,42.0,14.0,5.0,705.0,106.0,21.0,33.0,391.0,391.0,364.0,412.0,Level 2,1 Grade Level Below
1212160,101,1,F,D,Direct Cert/Free Lunch [D],Hispanic,LY,LEP in LEP classes [LY],,,,,N,N,N,Not homeless [Z],Z - Not homeless,Z,Not 504 Eligible[Z],SP,32.0,20.0,18.0,3.0,4.0,760.0,124.0,53.0,51.6,377.0,389.0,421.0,393.0,Level 4,Mid or Above Grade Level
1212206,101,1,M,D,Direct Cert/Free Lunch [D],Hispanic,LY,LEP in LEP classes [LY],T,T - Developmentally Delayed,,,N,Y,N,Not homeless [Z],Z - Not homeless,Z,Not 504 Eligible[Z],SP,0.0,0.0,0.0,0.0,0.0,586.0,65.0,1.0,1.0,412.0,414.0,405.0,427.0,Level 1,1 Grade Level Below
1212208,101,1,M,D,Direct Cert/Free Lunch [D],Hispanic,ZZ,Tested - not eligible [TZ],,,,,N,N,N,Not homeless [Z],Z - Not homeless,Z,Not 504 Eligible[Z],SP,29.0,17.0,29.0,8.0,9.0,740.0,117.0,40.0,44.7,403.0,396.0,395.0,392.0,Level 2,Early On Grade Level
1212246,101,2,M,F,Eligible for Free Lunch [F],Hispanic,ZZ,Tested - not eligible [TZ],,,,,N,N,N,Not homeless [Z],Z - Not homeless,Z,Not 504 Eligible[Z],EN,,,35.0,9.0,9.0,758.0,124.0,11.0,24.2,410.0,434.0,415.0,427.0,Level 2,1 Grade Level Below
1212261,101,2,M,0,Paid Lunch [0],Hispanic,ZZ,Tested - not eligible [TZ],,,,,Y,N,N,Not homeless [Z],Z - Not homeless,Z,Not 504 Eligible[Z],EN,,,112.0,35.0,127.0,924.0,180.0,72.0,62.3,535.0,,530.0,517.0,Level 4,Mid or Above Grade Level
1212276,101,1,F,D,Direct Cert/Free Lunch [D],Hispanic,LY,LEP in LEP classes [LY],,,,,N,N,N,Not homeless [Z],Z - Not homeless,Z,Not 504 Eligible[Z],SP,49.0,34.0,42.0,10.0,4.0,783.0,132.0,63.0,57.0,391.0,437.0,442.0,365.0,Level 2,Early On Grade Level
1212284,101,1,F,0,Paid Lunch [0],White,ZZ,Not applicable [ZZ],,,,,N,N,N,Not homeless [Z],Z - Not homeless,Z,Not 504 Eligible[Z],EN,2.0,24.0,4.0,1.0,0.0,748.0,120.0,45.0,47.4,415.0,418.0,408.0,441.0,Level 1,1 Grade Level Below
1212285,101,1,F,D,Direct Cert/Free Lunch [D],Hispanic,ZZ,Tested - not eligible [TZ],,,,,N,N,N,Not homeless [Z],Z - Not homeless,Z,Not 504 Eligible[Z],SP,35.0,13.0,33.0,8.0,5.0,643.0,85.0,7.0,18.9,353.0,350.0,362.0,324.0,Level 2,1 Grade Level Below
1212288,101,1,M,D,Direct Cert/Free Lunch [D],Hispanic,ZZ,Tested - not eligible [TZ],,,,,N,N,N,Not homeless [Z],Z - Not homeless,Z,Not 504 Eligible[Z],SP,34.0,21.0,32.0,9.0,7.0,740.0,117.0,40.0,44.7,396.0,397.0,396.0,416.0,Level 4,Mid or Above Grade Level
1212311,101,2,F,D,Direct Cert/Free Lunch [D],Hispanic,LY,LEP in LEP classes [LY],,,,,N,N,N,Not homeless [Z],Z - Not homeless,Z,Not 504 Eligible[Z],SP,,,43.0,13.0,38.0,794.0,136.0,22.0,33.7,429.0,452.0,406.0,430.0,Level 2,Early On Grade Level
1212397,101,1,F,D,Direct Cert/Free Lunch [D],Hispanic,LY,LEP in LEP classes [LY],,,,,N,N,N,Not homeless [Z],Z - Not homeless,Z,Not 504 Eligible[Z],SP,25.0,30.0,25.0,7.0,4.0,675.0,95.0,13.0,26.3,387.0,381.0,421.0,363.0,Level 1,1 Grade Level Below
1212406,101,1,M,D,Direct Cert/Free Lunch [D],Hispanic,ZZ,Tested - not eligible [TZ],,,,,N,N,N,Not homeless [Z],Z - Not homeless,Z,Not 504 Eligible[Z],SP,10.0,18.0,10.0,0.0,0.0,698.0,103.0,19.0,31.5,398.0,411.0,328.0,431.0,Level 1,1 Grade Level Below
1212407,101,1,F,D,Direct Cert/Free Lunch [D],Hispanic,LY,LEP in LEP classes [LY],,,,,N,N,N,Not homeless [Z],Z - Not homeless,Z,Not 504 Eligible[Z],SP,24.0,7.0,18.0,2.0,0.0,696.0,103.0,18.0,30.7,365.0,350.0,332.0,385.0,Level 1,1 Grade Level Below
1212410,101,1,F,D,Direct Cert/Free Lunch [D],Hispanic,ZZ,Tested - not eligible [TZ],,,,,N,N,N,Not homeless [Z],Z - Not homeless,Z,Not 504 Eligible[Z],SP,31.0,29.0,19.0,2.0,,761.0,125.0,53.0,51.6,412.0,412.0,448.0,433.0,Level 3,Early On Grade Level
1212416,101,1,F,D,Direct Cert/Free Lunch [D],White,ZZ,Not applicable [ZZ],,,,,N,N,N,Not homeless [Z],Z - Not homeless,Z,Not 504 Eligible[Z],EN,59.0,45.0,47.0,14.0,7.0,724.0,112.0,29.0,38.3,389.0,420.0,435.0,311.0,Level 2,Early On Grade Level
1212444,101,2,F,D,Direct Cert/Free Lunch [D],Hispanic,LY,LEP in LEP classes [LY],K,K - Specific Learning Disabled,G,G - Language Impaired,N,Y,N,Not homeless [Z],Not homeless [Z],Z,Not 504 Eligible[Z],SP,,,11.0,1.0,1.0,762.0,125.0,12.0,25.3,350.0,328.0,374.0,332.0,Level 1,1 Grade Level Below
1212455,101,2,F,D,Direct Cert/Free Lunch [D],Black or African American,ZZ,Not applicable [ZZ],,,,,N,N,N,Not homeless [Z],Z - Not homeless,Z,Not 504 Eligible[Z],EN,,,53.0,14.0,59.0,883.0,166.0,55.0,52.6,433.0,397.0,414.0,454.0,Level 2,1 Grade Level Below
1212466,101,1,M,D,Direct Cert/Free Lunch [D],Hispanic,LY,LEP in LEP classes [LY],,,,,N,N,N,Not homeless [Z],Z - Not homeless,Z,Not 504 Eligible[Z],SP,20.0,18.0,35.0,6.0,2.0,742.0,118.0,41.0,45.2,393.0,380.0,404.0,376.0,Level 3,Mid or Above Grade Level
1212467,101,1,F,D,Direct Cert/Free Lunch [D],Black or African American,ZZ,Not applicable [ZZ],,,,,N,N,N,Not homeless [Z],Z - Not homeless,Z,Not 504 Eligible[Z],EN,49.0,31.0,37.0,11.0,9.0,735.0,116.0,36.0,42.5,372.0,388.0,389.0,356.0,Level 3,1 Grade Level Below
1212468,101,1,F,0,Paid Lunch [0],Hispanic,ZZ,Tested - not eligible [TZ],,,,,N,N,N,Not homeless [Z],Z - Not homeless,Z,Not 504 Eligible[Z],SP,28.0,24.0,36.0,10.0,8.0,773.0,129.0,59.0,54.8,383.0,366.0,330.0,409.0,Level 3,Mid or Above Grade Level
1212477,101,1,F,D,Direct Cert/Free Lunch [D],Hispanic,LY,LEP in LEP classes [LY],,,,,N,N,N,Not homeless [Z],Z - Not homeless,Z,Not 504 Eligible[Z],SP,21.0,13.0,21.0,4.0,0.0,689.0,100.0,16.0,29.1,361.0,293.0,410.0,348.0,Level 1,1 Grade Level Below
1212499,101,2,F,D,Direct Cert/Free Lunch [D],Hispanic,LY,LEP in LEP classes [LY],,,,,N,N,N,Not homeless [Z],Z - Not homeless,Z,Not 504 Eligible[Z],EN,,,33.0,11.0,7.0,750.0,121.0,9.0,21.8,373.0,327.0,356.0,450.0,Level 1,2 Grade Levels Below
1212638,101,2,F,D,Direct Cert/Free Lunch [D],Other,ZZ,Not applicable [ZZ],,,,,N,N,N,Not homeless [Z],Z - Not homeless,Z,Not 504 Eligible[Z],EN,,,,,94.0,948.0,188.0,81.0,68.5,514.0,,537.0,538.0,Level 3,Mid or Above Grade Level
1212733,101,1,M,0,Paid Lunch [0],Hispanic,LY,LEP in LEP classes [LY],,,,,N,N,N,Not homeless [Z],Z - Not homeless,Z,Not 504 Eligible[Z],SP,3.0,29.0,27.0,4.0,0.0,679.0,97.0,14.0,27.2,382.0,391.0,371.0,353.0,Level 1,1 Grade Level Below
1212734,101,1,M,D,Direct Cert/Free Lunch [D],Hispanic,ZZ,Tested - not eligible [TZ],,,,,N,N,N,Not homeless [Z],Z - Not homeless,Z,Not 504 Eligible[Z],SP,20.0,24.0,13.0,2.0,1.0,742.0,118.0,41.0,45.2,374.0,384.0,350.0,393.0,Level 2,1 Grade Level Below
1212738,101,1,F,D,Direct Cert/Free Lunch [D],Hispanic,ZZ,Not applicable [ZZ],T,T - Developmentally Delayed,"D,F","D - Occupational Therapy,F - Speech Impaired",N,Y,N,Not homeless [Z],Z - Not homeless,Z,Not 504 Eligible[Z],EN,19.0,0.0,22.0,0.0,,766.0,126.0,56.0,53.2,387.0,391.0,350.0,398.0,Level 3,1 Grade Level Below
1212814,101,2,F,D,Direct Cert/Free Lunch [D],Hispanic,ZZ,Tested - not eligible [TZ],,,,,N,N,N,Not homeless [Z],Z - Not homeless,Z,Not 504 Eligible[Z],SP,,,59.0,20.0,42.0,842.0,152.0,39.0,44.1,460.0,,471.0,489.0,Level 2,Early On Grade Level
1212916,101,2,M,D,Direct Cert/Free Lunch [D],Hispanic,LY,LEP in LEP classes [LY],,,,,N,N,N,Not homeless [Z],Z - Not homeless,Z,Not 504 Eligible[Z],SP,,,47.0,12.0,32.0,755.0,123.0,10.0,23.0,412.0,440.0,404.0,449.0,Level 1,1 Grade Level Below
1212917,101,2,M,D,Direct Cert/Free Lunch [D],Hispanic,LY,LEP in LEP classes [LY],,,,,N,N,B,Other homelessness causes [N],"N - No, Is homeless but does not meet the definiton of unaccompanied youth",Z,Not 504 Eligible[Z],SP,,,30.0,4.0,28.0,809.0,141.0,27.0,37.1,451.0,,456.0,419.0,Level 3,Mid or Above Grade Level
1212921,101,2,F,D,Direct Cert/Free Lunch [D],Hispanic,ZZ,Tested - not eligible [TZ],,,,,N,N,N,Not homeless [Z],Z - Not homeless,Z,Not 504 Eligible[Z],SP,,,105.0,32.0,99.0,968.0,195.0,88.0,74.7,511.0,,579.0,424.0,Level 5,Mid or Above Grade Level
1212923,101,2,F,D,Direct Cert/Free Lunch [D],Hispanic,LY,LEP in LEP classes [LY],,,,,N,N,N,Not homeless [Z],Z - Not homeless,Z,Not 504 Eligible[Z],SP,,,37.0,8.0,13.0,737.0,116.0,7.0,18.9,393.0,420.0,398.0,380.0,Level 1,2 Grade Levels Below
1212925,101,2,M,F,Eligible for Free Lunch [F],Hispanic,LY,LEP in LEP classes [LY],,,,,N,N,N,Not homeless [Z],Z - Not homeless,Z,Not 504 Eligible[Z],SP,,,43.0,13.0,44.0,872.0,162.0,50.0,50.0,479.0,,506.0,476.0,Level 2,Early On Grade Level
1212926,101,2,M,0,Paid Lunch [0],Hispanic,LY,LEP in LEP classes [LY],,,,,N,N,N,Not homeless [Z],Z - Not homeless,Z,Not 504 Eligible[Z],SP,,,45.0,15.0,42.0,916.0,177.0,69.0,60.4,494.0,,504.0,464.0,Level 4,Mid or Above Grade Level
1212927,101,2,F,D,Direct Cert/Free Lunch [D],Hispanic,LY,LEP in LEP classes [LY],,,,,N,N,N,Not homeless [Z],Not homeless [Z],Z,Not 504 Eligible[Z],SP,,,43.0,13.0,19.0,778.0,130.0,17.0,29.9,414.0,,451.0,390.0,Level 1,1 Grade Level Below
1212929,101,2,M,0,Paid Lunch [0],Black or African American,ZZ,Not applicable [ZZ],P,P - Autism Spectrum Disorder,"D,D,G","D - Occupational Therapy,D - Occupational Therapy,G - Language Impaired",N,Y,N,Not homeless [Z],Not homeless [Z],Z,Not 504 Eligible[Z],SP,23.0,0.0,0.0,0.0,,615.0,75.0,3.0,10.4,363.0,371.0,391.0,329.0,Level 1,
1212931,101,2,F,3,Eligible for Reduced Lunch [3],Hispanic,ZZ,Tested - not eligible [TZ],,,,,N,N,N,Not homeless [Z],Z - Not homeless,Z,Not 504 Eligible[Z],SP,,,,,82.0,860.0,158.0,45.0,47.4,450.0,,460.0,451.0,Level 2,1 Grade Level Below
1212975,101,1,M,D,Direct Cert/Free Lunch [D],Hispanic,LY,LEP in LEP classes [LY],T,T - Developmentally Delayed,,,N,Y,N,Not homeless [Z],Z - Not homeless,Z,Not 504 Eligible[Z],SP,42.0,23.0,37.0,8.0,12.0,742.0,118.0,41.0,45.2,377.0,353.0,372.0,350.0,Level 4,1 Grade Level Below
1212976,101,2,M,D,Direct Cert/Free Lunch [D],Hispanic,LY,LEP in LEP classes [LY],,,,,N,N,N,Not homeless [Z],Z - Not homeless,Z,Not 504 Eligible[Z],SP,,,123.0,36.0,120.0,935.0,184.0,76.0,64.9,507.0,,523.0,533.0,Level 2,Mid or Above Grade Level
1212978,101,2,M,D,Direct Cert/Free Lunch [D],Hispanic,LY,LEP in LEP classes [LY],,,,,N,N,N,Not homeless [Z],Z - Not homeless,Z,Not 504 Eligible[Z],SP,,,82.0,23.0,77.0,923.0,179.0,71.0,61.7,483.0,,563.0,480.0,Level 2,Early On Grade Level
1212979,101,2,F,F,Eligible for Free Lunch [F],Hispanic,LY,LEP in LEP classes [LY],,,,,N,N,N,Not homeless [Z],Z - Not homeless,Z,Not 504 Eligible[Z],SP,,,84.0,24.0,55.0,883.0,166.0,55.0,52.6,466.0,,493.0,420.0,Level 3,Mid or Above Grade Level
1212980,101,2,F,D,Direct Cert/Free Lunch [D],Hispanic,LA,Completed 2 Year Follow up & Exited ESOL Yrs 3 & 4 Follow up[LA],,,,,N,N,N,Not homeless [Z],Z - Not homeless,Z,Not 504 Eligible[Z],SP,,,,,90.0,953.0,190.0,83.0,70.1,513.0,,531.0,509.0,Level 4,Mid or Above Grade Level
1212983,101,2,F,D,Direct Cert/Free Lunch [D],White,ZZ,Not applicable [ZZ],,,,,N,N,N,Not homeless [Z],Not homeless [Z],Z,Not 504 Eligible[Z],EN,,,57.0,17.0,52.0,804.0,139.0,25.0,35.8,486.0,,553.0,479.0,Level 3,Early On Grade Level
1213138,101,2,M,D,Direct Cert/Free Lunch [D],Hispanic,LY,LEP in LEP classes [LY],,,,,N,N,N,Not homeless [Z],Not homeless [Z],Z,Not 504 Eligible[Z],SP,,,44.0,14.0,17.0,790.0,134.0,21.0,33.0,410.0,346.0,406.0,398.0,Level 1,1 Grade Level Below
1213485,101,2,F,D,Direct Cert/Free Lunch [D],Hispanic,LY,LEP in LEP classes [LY],,,,,N,N,N,Not homeless [Z],Not homeless [Z],Z,Not 504 Eligible[Z],SP,,,80.0,21.0,61.0,861.0,158.0,46.0,47.9,457.0,,431.0,444.0,Level 2,1 Grade Level Below
1213679,101,2,M,0,Paid Lunch [0],Hispanic,LY,LEP in LEP classes [LY],,,,,N,N,N,Not homeless [Z],Z - Not homeless,Z,Not 504 Eligible[Z],SP,,,51.0,12.0,16.0,615.0,75.0,3.0,10.4,386.0,389.0,357.0,373.0,Level 1,1 Grade Level Below
1213687,101,2,M,D,Direct Cert/Free Lunch [D],Hispanic,ZZ,Not applicable [ZZ],,,,,N,N,N,Not homeless [Z],Z - Not homeless,Z,Not 504 Eligible[Z],EN,,,48.0,12.0,25.0,819.0,144.0,31.0,39.6,457.0,,508.0,488.0,Level 3,1 Grade Level Below
1213738,101,2,M,0,Paid Lunch [0],Hispanic,ZZ,Not applicable [ZZ],,,,,N,N,N,Not homeless [Z],Z - Not homeless,Z,Not 504 Eligible[Z],EN,,,,,116.0,952.0,189.0,83.0,70.1,515.0,,580.0,557.0,Level 5,Mid or Above Grade Level
1213986,101,1,M,D,Direct Cert/Free Lunch [D],Hispanic,LY,LEP in LEP classes [LY],T,T - Developmentally Delayed,,,N,Y,N,Not homeless [Z],Z - Not homeless,Z,Not 504 Eligible[Z],SP,36.0,14.0,29.0,1.0,,656.0,89.0,9.0,21.8,373.0,415.0,358.0,386.0,Level 3,1 Grade Level Below
1214131,101,1,M,0,Paid Lunch [0],White,ZZ,Not applicable [ZZ],T,T - Developmentally Delayed,"F,G","F - Speech Impaired,G - Language Impaired",N,Y,N,Not homeless [Z],Z - Not homeless,Z,Not 504 Eligible[Z],EN,8.0,0.0,9.0,0.0,,673.0,95.0,12.0,25.3,375.0,319.0,380.0,450.0,Level 3,1 Grade Level Below
1215779,101,1,M,D,Direct Cert/Free Lunch [D],Hispanic,LY,LEP in LEP classes [LY],,,,,N,N,N,Not homeless [Z],Z - Not homeless,Z,Not 504 Eligible[Z],SP,9.0,3.0,21.0,2.0,0.0,693.0,102.0,17.0,29.9,394.0,371.0,377.0,417.0,Level 1,1 Grade Level Below
1215841,101,1,F,D,Direct Cert/Free Lunch [D],Hispanic,ZZ,Not applicable [ZZ],P,P - Autism Spectrum Disorder,"G,T","G - Language Impaired,T - Developmentally Delayed",N,Y,N,Not homeless [Z],Z - Not homeless,Z,Not 504 Eligible[Z],EN,0.0,0.0,0.0,0.0,,544.0,51.0,1.0,1.0,275.0,299.0,242.0,277.0,Level 1,
1215861,101,1,F,D,Direct Cert/Free Lunch [D],Hispanic,LY,LEP in LEP classes [LY],F,F - Speech Impaired,,,N,Y,N,Not homeless [Z],Z - Not homeless,Z,Not 504 Eligible[Z],SP,5.0,5.0,5.0,0.0,0.0,819.0,144.0,77.0,65.6,339.0,339.0,332.0,338.0,Level 1,Early On Grade Level
1215913,101,1,M,3,Eligible for Reduced Lunch [3],Other,ZZ,Not applicable [ZZ],,,,,N,N,N,Not homeless [Z],Z - Not homeless,Z,Not 504 Eligible[Z],EN,,,,,,720.0,111.0,27.0,37.1,346.0,361.0,371.0,361.0,Level 2,1 Grade Level Below
1216141,101,1,M,F,Eligible for Free Lunch [F],Hispanic,ZZ,Tested - not eligible [TZ],,,,,N,N,N,Not homeless [Z],Z - Not homeless,Z,Not 504 Eligible[Z],SP,24.0,56.0,39.0,7.0,7.0,809.0,141.0,75.0,64.2,427.0,412.0,457.0,442.0,Level 3,Mid or Above Grade Level
1216217,101,1,M,D,Direct Cert/Free Lunch [D],Hispanic,LY,LEP in LEP classes [LY],,,,,N,N,N,Not homeless [Z],Z - Not homeless,Z,Not 504 Eligible[Z],SP,8.0,1.0,23.0,4.0,1.0,733.0,115.0,35.0,41.9,349.0,375.0,391.0,337.0,Level 1,1 Grade Level Below
1216296,101,1,F,D,Direct Cert/Free Lunch [D],Hispanic,LY,LEP in LEP classes [LY],,,,,N,N,N,Not homeless [Z],Z - Not homeless,Z,Not 504 Eligible[Z],SP,23.0,40.0,42.0,10.0,4.0,844.0,153.0,83.0,70.1,428.0,419.0,411.0,453.0,Level 5,Mid or Above Grade Level
1216359,101,1,M,D,Direct Cert/Free Lunch [D],Black or African American,ZZ,Not applicable [ZZ],V,V - Other Health Impaired,F,F - Speech Impaired,N,Y,N,Not homeless [Z],Z - Not homeless,Z,Not 504 Eligible[Z],EN,20.0,11.0,18.0,1.0,,708.0,107.0,22.0,33.7,362.0,398.0,341.0,380.0,Level 3,1 Grade Level Below
1216495,101,1,F,D,Direct Cert/Free Lunch [D],Hispanic,LY,LEP in LEP classes [LY],,,,,N,N,B,Other homelessness causes [N],"N - No, Is homeless but does not meet the definiton of unaccompanied youth",Z,Not 504 Eligible[Z],SP,35.0,30.0,24.0,3.0,4.0,750.0,121.0,47.0,48.4,380.0,405.0,387.0,387.0,Level 3,Mid or Above Grade Level
1216569,101,1,M,F,Eligible for Free Lunch [F],Hispanic,LY,LEP in LEP classes [LY],,,,,N,N,N,Not homeless [Z],Z - Not homeless,Z,Not 504 Eligible[Z],SP,8.0,14.0,10.0,0.0,0.0,717.0,110.0,26.0,36.5,327.0,388.0,246.0,295.0,Level 1,
1216650,101,1,M,0,Paid Lunch [0],Hispanic,ZZ,Tested - not eligible [TZ],,,,,N,N,N,Not homeless [Z],Z - Not homeless,Z,Section 504 Eligible + Plan [Y],SP,32.0,58.0,23.0,5.0,3.0,726.0,113.0,31.0,39.6,389.0,306.0,378.0,394.0,Level 3,Early On Grade Level
1216674,101,1,M,F,Eligible for Free Lunch [F],Hispanic,LY,LEP in LEP classes [LY],F,F - Speech Impaired,,,N,Y,N,Not homeless [Z],Z - Not homeless,Z,Not 504 Eligible[Z],SP,0.0,0.0,11.0,0.0,0.0,611.0,74.0,2.0,6.7,330.0,326.0,384.0,298.0,Level 1,1 Grade Level Below
1216678,101,1,F,0,Paid Lunch [0],Hispanic,LY,LEP in LEP classes [LY],,,,,N,N,N,Not homeless [Z],Z - Not homeless,Z,Not 504 Eligible[Z],SP,3.0,15.0,19.0,2.0,0.0,741.0,118.0,41.0,45.2,342.0,319.0,337.0,374.0,Level 1,1 Grade Level Below
1216683,101,1,F,D,Direct Cert/Free Lunch [D],Hispanic,LY,LEP in LEP classes [LY],,,,,N,N,N,Not homeless [Z],Z - Not homeless,Z,Not 504 Eligible[Z],SP,14.0,15.0,14.0,1.0,0.0,740.0,117.0,40.0,44.7,380.0,364.0,386.0,343.0,Level 2,1 Grade Level Below
1216684,101,1,M,0,Paid Lunch [0],Hispanic,LY,LEP in LEP classes [LY],,,,,N,N,N,Not homeless [Z],Z - Not homeless,Z,Not 504 Eligible[Z],SP,13.0,36.0,13.0,2.0,2.0,709.0,107.0,23.0,34.4,389.0,366.0,382.0,343.0,Level 3,1 Grade Level Below
1216694,101,1,M,D,Direct Cert/Free Lunch [D],Hispanic,LY,LEP in LEP classes [LY],,,,,N,N,N,Not homeless [Z],Z - Not homeless,Z,Not 504 Eligible[Z],SP,17.0,11.0,5.0,0.0,0.0,720.0,111.0,27.0,37.1,363.0,318.0,368.0,385.0,Level 1,1 Grade Level Below
1216698,101,1,F,0,Paid Lunch [0],Hispanic,LY,LEP in LEP classes [LY],,,,,N,N,N,Not homeless [Z],Z - Not homeless,Z,Not 504 Eligible[Z],SP,8.0,24.0,33.0,9.0,5.0,675.0,95.0,13.0,26.3,336.0,385.0,359.0,322.0,Level 1,Early On Grade Level
1216700,101,1,M,F,Eligible for Free Lunch [F],Hispanic,LY,LEP in LEP classes [LY],,,,,N,N,N,Not homeless [Z],Z - Not homeless,Z,Not 504 Eligible[Z],SP,1.0,9.0,23.0,4.0,0.0,696.0,103.0,18.0,30.7,341.0,369.0,358.0,359.0,Level 1,1 Grade Level Below
1216701,101,1,M,D,Direct Cert/Free Lunch [D],Hispanic,LY,LEP in LEP classes [LY],,,,,N,N,N,Not homeless [Z],Z - Not homeless,Z,Not 504 Eligible[Z],SP,48.0,56.0,41.0,11.0,14.0,843.0,152.0,83.0,70.1,407.0,408.0,392.0,365.0,Level 3,1 Grade Level Below
1216702,101,1,M,0,Paid Lunch [0],Hispanic,ZZ,Tested - not eligible [TZ],,,,,N,N,N,Not homeless [Z],Z - Not homeless,Z,Not 504 Eligible[Z],SP,10.0,13.0,20.0,4.0,,717.0,110.0,26.0,36.5,383.0,361.0,343.0,410.0,Level 1,1 Grade Level Below
1216717,101,1,F,D,Direct Cert/Free Lunch [D],Hispanic,ZZ,Not applicable [ZZ],,,,,N,N,N,Not homeless [Z],Z - Not homeless,Z,Not 504 Eligible[Z],EN,28.0,31.0,20.0,0.0,6.0,759.0,124.0,52.0,51.1,416.0,405.0,409.0,449.0,Level 3,Early On Grade Level
1216755,101,1,M,D,Direct Cert/Free Lunch [D],Asian,ZZ,Not applicable [ZZ],,,,,N,N,N,Not homeless [Z],Z - Not homeless,Z,Not 504 Eligible[Z],EN,38.0,23.0,36.0,4.0,,752.0,122.0,48.0,48.9,399.0,361.0,418.0,418.0,Level 1,1 Grade Level Below
1216802,101,1,M,D,Direct Cert/Free Lunch [D],Hispanic,ZZ,Tested - not eligible [TZ],,,,,N,N,N,Not homeless [Z],Z - Not homeless,Z,Not 504 Eligible[Z],SP,19.0,20.0,26.0,2.0,,719.0,110.0,27.0,37.1,400.0,418.0,366.0,396.0,Level 1,Early On Grade Level
1216806,101,1,M,D,Direct Cert/Free Lunch [D],Hispanic,LY,LEP in LEP classes [LY],,,,,N,N,N,Not homeless [Z],Z - Not homeless,Z,Not 504 Eligible[Z],SP,17.0,28.0,10.0,1.0,0.0,797.0,137.0,70.0,61.0,400.0,391.0,403.0,391.0,Level 1,Mid or Above Grade Level
1216809,101,1,F,D,Direct Cert/Free Lunch [D],Hispanic,LY,LEP in LEP classes [LY],,,,,N,N,N,Not homeless [Z],Z - Not homeless,Z,Not 504 Eligible[Z],SP,9.0,27.0,19.0,4.0,3.0,750.0,121.0,47.0,48.4,392.0,402.0,438.0,377.0,Level 1,Early On Grade Level
1216810,101,1,M,D,Direct Cert/Free Lunch [D],Hispanic,ZZ,Tested - not eligible [TZ],,,,,N,N,N,Not homeless [Z],Z - Not homeless,Z,Not 504 Eligible[Z],SP,54.0,26.0,35.0,8.0,30.0,823.0,146.0,78.0,66.3,391.0,398.0,402.0,419.0,Level 4,Mid or Above Grade Level
1216811,101,1,M,0,Paid Lunch [0],Hispanic,LY,LEP in LEP classes [LY],,,,,N,N,N,Not homeless [Z],Z - Not homeless,Z,Not 504 Eligible[Z],SP,45.0,20.0,40.0,8.0,19.0,781.0,131.0,62.0,56.4,435.0,479.0,427.0,405.0,Level 5,Mid or Above Grade Level
1217331,101,1,M,D,Direct Cert/Free Lunch [D],Hispanic,LY,LEP in LEP classes [LY],,,,,N,N,N,Not homeless [Z],Z - Not homeless,Z,Not 504 Eligible[Z],EN,1.0,19.0,19.0,1.0,0.0,747.0,120.0,45.0,47.4,384.0,376.0,348.0,400.0,Level 1,1 Grade Level Below
1217340,101,1,F,F,Eligible for Free Lunch [F],Hispanic,ZZ,Tested - not eligible [TZ],,,,,N,N,N,Not homeless [Z],Z - Not homeless,Z,Not 504 Eligible[Z],EN,39.0,33.0,33.0,11.0,5.0,795.0,136.0,69.0,60.4,398.0,402.0,413.0,405.0,Level 2,Early On Grade Level
1217354,101,1,M,D,Direct Cert/Free Lunch [D],Hispanic,ZZ,Tested - not eligible [TZ],,,,,N,N,N,Not homeless [Z],Z - Not homeless,Z,Not 504 Eligible[Z],SP,32.0,35.0,30.0,10.0,0.0,752.0,122.0,48.0,48.9,406.0,430.0,395.0,394.0,Level 1,Mid or Above Grade Level
1217620,101,1,F,D,Direct Cert/Free Lunch [D],Hispanic,LY,LEP in LEP classes [LY],,,,,N,N,N,Not homeless [Z],Z - Not homeless,Z,Not 504 Eligible[Z],SP,46.0,56.0,24.0,6.0,5.0,738.0,117.0,39.0,44.1,414.0,414.0,457.0,398.0,Level 2,Early On Grade Level
1217724,101,1,M,D,Direct Cert/Free Lunch [D],White,ZZ,Not applicable [ZZ],,,,,N,N,N,Not homeless [Z],Z - Not homeless,Z,Not 504 Eligible[Z],EN,66.0,39.0,47.0,16.0,59.0,903.0,173.0,94.0,82.7,454.0,425.0,449.0,434.0,Level 5,Mid or Above Grade Level
1218026,101,1,M,D,Direct Cert/Free Lunch [D],Black or African American,ZZ,Not applicable [ZZ],,,,,N,N,N,Not homeless [Z],Z - Not homeless,Z,Not 504 Eligible[Z],EN,12.0,26.0,16.0,3.0,,692.0,101.0,17.0,29.9,397.0,393.0,377.0,417.0,Level 1,1 Grade Level Below
1218128,101,1,M,D,Direct Cert/Free Lunch [D],Hispanic,LY,LEP in LEP classes [LY],,,,,N,N,N,Not homeless [Z],Z - Not homeless,Z,Not 504 Eligible[Z],SP,33.0,11.0,30.0,7.0,9.0,784.0,132.0,64.0,57.5,385.0,370.0,375.0,395.0,Level 3,Early On Grade Level
1218714,101,2,F,F,Eligible for Free Lunch [F],Hispanic,LY,LEP in LEP classes [LY],,,,,N,N,N,Not homeless [Z],Z - Not homeless,Z,Not 504 Eligible[Z],SP,,,55.0,17.0,39.0,751.0,121.0,9.0,21.8,413.0,,428.0,419.0,Level 1,1 Grade Level Below
1219132,101,1,M,F,Eligible for Free Lunch [F],Hispanic,LY,LEP in LEP classes [LY],F,F - Speech Impaired,,,N,Y,B,Other homelessness causes [N],"N - No, Is homeless but does not meet the definiton of unaccompanied youth",Z,Not 504 Eligible[Z],SP,2.0,0.0,0.0,0.0,,645.0,85.0,7.0,18.9,306.0,371.0,318.0,256.0,Level 1,1 Grade Level Below
1220096,101,2,F,0,Paid Lunch [0],Hispanic,LY,LEP in LEP classes [LY],,,,,N,N,N,Not homeless [Z],Z - Not homeless,Z,Not 504 Eligible[Z],SP,,,29.0,6.0,6.0,802.0,138.0,25.0,35.8,367.0,366.0,405.0,388.0,Level 1,1 Grade Level Below
1220215,101,1,M,F,Eligible for Free Lunch [F],White,ZZ,Not applicable [ZZ],F,F - Speech Impaired,,,N,Y,N,Not homeless [Z],Z - Not homeless,Z,Not 504 Eligible[Z],EN,20.0,25.0,17.0,0.0,0.0,740.0,117.0,40.0,44.7,370.0,443.0,378.0,338.0,Level 1,1 Grade Level Below
1220498,101,2,M,D,Direct Cert/Free Lunch [D],Hispanic,ZZ,Not applicable [ZZ],,,,,N,N,N,Not homeless [Z],Z - Not homeless,Z,Not 504 Eligible[Z],EN,,,21.0,5.0,4.0,615.0,75.0,3.0,10.4,409.0,394.0,357.0,408.0,Level 1,1 Grade Level Below
1221063,101,2,F,D,Direct Cert/Free Lunch [D],Black or African American,ZZ,Not applicable [ZZ],,,,,N,N,N,Not homeless [Z],Z - Not homeless,Z,Not 504 Eligible[Z],EN,,,85.0,23.0,75.0,888.0,168.0,57.0,53.7,462.0,,474.0,473.0,Level 3,Mid or Above Grade Level
1221065,101,1,F,D,Direct Cert/Free Lunch [D],Black or African American,ZZ,Not applicable [ZZ],,,,,N,N,N,Not homeless [Z],Z - Not homeless,Z,Not 504 Eligible[Z],EN,65.0,30.0,115.0,38.0,79.0,832.0,149.0,80.0,67.7,468.0,418.0,594.0,473.0,Level 4,Mid or Above Grade Level
1221350,101,1,M,F,Eligible for Free Lunch [F],Hispanic,LY,LEP in LEP classes [LY],,,,,N,N,B,Other homelessness causes [N],"N - No, Is homeless but does not meet the definiton of unaccompanied youth",Z,Not 504 Eligible[Z],SP,4.0,2.0,0.0,0.0,,594.0,68.0,1.0,1.0,323.0,360.0,318.0,265.0,Level 1,1 Grade Level Below
1222468,101,1,M,D,Direct Cert/Free Lunch [D],White,ZZ,Not applicable [ZZ],,,,,N,N,N,Not homeless [Z],Z - Not homeless,Z,Not 504 Eligible[Z],EN,,,,,,,,,,,,,,Level 1,1 Grade Level Below
1222520,101,1,M,F,Eligible for Free Lunch [F],Hispanic,LY,LEP in LEP classes [LY],,,,,N,N,B,Other homelessness causes [N],"N - No, Is homeless but does not meet the definiton of unaccompanied youth",Z,Not 504 Eligible[Z],SP,,,,,,,,,,,,,,Level 1,2 Grade Levels Below
1222563,101,2,F,F,Eligible for Free Lunch [F],Hispanic,LY,LEP in LEP classes [LY],,,,,N,N,B,Other homelessness causes [N],"N - No, Is homeless but does not meet the definiton of unaccompanied youth",Z,Not 504 Eligible[Z],SP,,,,,,,,,,,,,,Level 1,2 Grade Levels Below
1200417,121,1,F,D,Direct Cert/Free Lunch [D],Hispanic,ZZ,Not applicable [ZZ],,,,,N,N,N,Not homeless [Z],Z - Not homeless,Z,Not 504 Eligible[Z],EN,47.0,43.0,28.0,9.0,4.0,711.0,108.0,23.0,34.4,415.0,437.0,408.0,370.0,Level 2,1 Grade Level Below
1203764,121,2,M,F,Eligible for Free Lunch [F],White,ZZ,Not applicable [ZZ],P,P - Autism Spectrum Disorder,"D,F,G","D - Occupational Therapy,F - Speech Impaired,G - Language Impaired",N,Y,N,Not homeless [Z],Z - Not homeless,Z,Not 504 Eligible[Z],EN,,,,,,915.0,177.0,68.0,59.9,490.0,,492.0,452.0,Level 5,Early On Grade Level
1204694,121,2,M,0,Paid Lunch [0],White,ZZ,Not applicable [ZZ],V,V - Other Health Impaired,"D,F","D - Occupational Therapy,F - Speech Impaired",N,Y,N,Not homeless [Z],Z - Not homeless,Z,Not 504 Eligible[Z],EN,,,,,,907.0,174.0,65.0,58.1,450.0,,477.0,461.0,Level 4,Mid or Above Grade Level
1205990,121,2,M,3,Eligible for Reduced Lunch [3],White,ZZ,Not applicable [ZZ],,,,,N,N,N,Not homeless [Z],Z - Not homeless,Z,Not 504 Eligible[Z],EN,,,,,,911.0,175.0,67.0,59.3,501.0,,508.0,480.0,Level 4,Mid or Above Grade Level
1206088,121,2,F,D,Direct Cert/Free Lunch [D],White,ZZ,Not applicable [ZZ],,,,,Y,N,N,Not homeless [Z],Z - Not homeless,Z,Not 504 Eligible[Z],EN,,,,,,957.0,191.0,84.0,70.9,495.0,,506.0,486.0,Level 3,Early On Grade Level
1206419,121,2,M,D,Direct Cert/Free Lunch [D],White,ZZ,Not applicable [ZZ],,,,,Y,N,N,Not homeless [Z],Z - Not homeless,B,Not 504 Eligible[Z],EN,,,,,,985.0,200.0,92.0,79.6,524.0,,526.0,508.0,Level 5,
1206622,121,2,M,0,Paid Lunch [0],Hispanic,ZZ,Tested - not eligible [TZ],,,,,N,N,N,Not homeless [Z],Z - Not homeless,Z,Not 504 Eligible[Z],SP,,,,,,899.0,171.0,62.0,56.4,461.0,,456.0,442.0,Level 4,Early On Grade Level
1206806,121,2,M,D,Direct Cert/Free Lunch [D],White,ZZ,Not applicable [ZZ],V,V - Other Health Impaired,,,N,Y,N,Not homeless [Z],Z - Not homeless,Z,Not 504 Eligible[Z],EN,,,,,,940.0,185.0,78.0,66.3,490.0,,504.0,468.0,Level 3,Mid or Above Grade Level
1207510,121,2,F,0,Paid Lunch [0],White,ZZ,Not applicable [ZZ],,,,,N,N,N,Not homeless [Z],Z - Not homeless,Z,Not 504 Eligible[Z],EN,,,,,,796.0,136.0,23.0,34.4,425.0,,445.0,390.0,Level 1,1 Grade Level Below
1207530,121,2,M,D,Direct Cert/Free Lunch [D],Black or African American,ZZ,Not applicable [ZZ],P,P - Autism Spectrum Disorder,"F,G","F - Speech Impaired,G - Language Impaired",N,Y,N,Not homeless [Z],Z - Not homeless,Z,Not 504 Eligible[Z],EN,,,,,,901.0,172.0,63.0,57.0,470.0,,512.0,492.0,Level 2,Mid or Above Grade Level
1207609,121,2,M,D,Direct Cert/Free Lunch [D],White,ZZ,Not applicable [ZZ],V,V - Other Health Impaired,F,F - Speech Impaired,N,Y,N,Not homeless [Z],Z - Not homeless,Z,Not 504 Eligible[Z],EN,,,,,,615.0,75.0,3.0,10.4,422.0,456.0,438.0,413.0,Level 1,1 Grade Level Below
1207714,121,2,M,D,Direct Cert/Free Lunch [D],Black or African American,ZZ,Not applicable [ZZ],K,K - Specific Learning Disabled,F,F - Speech Impaired,N,Y,N,Not homeless [Z],Z - Not homeless,Z,Not 504 Eligible[Z],EN,,,,,,741.0,118.0,7.0,18.9,397.0,385.0,351.0,421.0,Level 1,2 Grade Levels Below
1208073,121,2,M,0,Paid Lunch [0],White,ZZ,Not applicable [ZZ],,,,,N,N,N,Not homeless [Z],Z - Not homeless,Z,Section 504 Eligible + Plan [Y],EN,,,,,,761.0,125.0,12.0,25.3,388.0,466.0,379.0,403.0,Level 3,1 Grade Level Below
1208202,121,2,F,0,Paid Lunch [0],White,ZZ,Not applicable [ZZ],,,,,N,N,N,Not homeless [Z],Z - Not homeless,Z,Not 504 Eligible[Z],EN,,,,,,896.0,170.0,60.0,55.3,474.0,,436.0,469.0,Level 3,Mid or Above Grade Level
1208278,121,1,F,D,Direct Cert/Free Lunch [D],Hispanic,ZZ,Not applicable [ZZ],G,G - Language Impaired,,,N,Y,N,Not homeless [Z],Z - Not homeless,Z,Not 504 Eligible[Z],EN,13.0,25.0,28.0,1.0,0.0,755.0,123.0,50.0,50.0,372.0,299.0,335.0,420.0,Level 2,1 Grade Level Below
1208350,121,2,M,D,Direct Cert/Free Lunch [D],White,ZZ,Not applicable [ZZ],,,,,N,N,N,Not homeless [Z],Z - Not homeless,Z,Not 504 Eligible[Z],EN,,,,,,840.0,151.0,38.0,43.6,482.0,,491.0,486.0,Level 3,Early On Grade Level
1208532,121,2,F,0,Paid Lunch [0],Black or African American,ZZ,Not applicable [ZZ],,,,,N,N,N,Not homeless [Z],Z - Not homeless,Z,Not 504 Eligible[Z],EN,,,,,,957.0,191.0,84.0,70.9,517.0,,522.0,523.0,Level 4,Mid or Above Grade Level
1208585,121,2,M,D,Direct Cert/Free Lunch [D],Other,ZZ,Not applicable [ZZ],,,,,N,N,N,Not homeless [Z],Z - Not homeless,Z,Section 504 Eligible + Plan [Y],EN,,,,,,923.0,179.0,71.0,61.7,472.0,,514.0,457.0,Level 4,Early On Grade Level
1208965,121,2,M,F,Eligible for Free Lunch [F],White,ZZ,Not applicable [ZZ],,,,,N,N,N,Not homeless [Z],Not homeless [Z],Z,Section 504 Eligible + Plan [Y],EN,,,,,,860.0,158.0,45.0,47.4,472.0,,521.0,475.0,Level 2,1 Grade Level Below
1209003,121,2,F,F,Eligible for Free Lunch [F],White,ZZ,Not applicable [ZZ],,,,,N,N,N,Not homeless [Z],Z - Not homeless,Z,Not 504 Eligible[Z],EN,,,,,,840.0,151.0,38.0,43.6,451.0,,427.0,461.0,Level 3,1 Grade Level Below
1209146,121,2,F,D,Direct Cert/Free Lunch [D],White,ZZ,Not applicable [ZZ],,,,,N,N,N,Not homeless [Z],Z - Not homeless,Z,Not 504 Eligible[Z],EN,,,,,,935.0,184.0,76.0,64.9,477.0,,424.0,464.0,Level 3,
1209453,121,2,F,D,Direct Cert/Free Lunch [D],Other,ZZ,Not applicable [ZZ],F,F - Speech Impaired,,,N,Y,N,Not homeless [Z],Z - Not homeless,Z,Not 504 Eligible[Z],EN,,,,,,765.0,126.0,13.0,26.3,408.0,361.0,359.0,466.0,Level 1,2 Grade Levels Below
1210037,121,2,M,D,Direct Cert/Free Lunch [D],Black or African American,ZZ,Not applicable [ZZ],,,,,N,N,N,Not homeless [Z],Z - Not homeless,Z,Not 504 Eligible[Z],EN,,,,,,918.0,178.0,69.0,60.4,484.0,,488.0,456.0,Level 3,Mid or Above Grade Level
1210421,121,1,M,3,Eligible for Reduced Lunch [3],White,ZZ,Not applicable [ZZ],F,F - Speech Impaired,,,N,Y,N,Not homeless [Z],Z - Not homeless,Z,Not 504 Eligible[Z],EN,31.0,16.0,2.0,6.0,5.0,774.0,129.0,59.0,54.8,384.0,386.0,387.0,356.0,Level 2,1 Grade Level Below
1210465,121,2,M,0,Paid Lunch [0],White,ZZ,Not applicable [ZZ],F,F - Speech Impaired,L,L - Gifted,Y,Y,N,Not homeless [Z],Z - Not homeless,A,Not 504 Eligible[Z],EN,,,,,,759.0,124.0,12.0,25.3,423.0,458.0,439.0,412.0,Level 1,1 Grade Level Below
1210800,121,1,F,D,Direct Cert/Free Lunch [D],Hispanic,ZZ,Not applicable [ZZ],T,T - Developmentally Delayed,G,G - Language Impaired,N,Y,N,Not homeless [Z],Z - Not homeless,Z,Not 504 Eligible[Z],SP,8.0,18.0,18.0,2.0,0.0,675.0,95.0,13.0,26.3,350.0,363.0,363.0,359.0,Level 2,1 Grade Level Below
1211063,121,1,F,D,Direct Cert/Free Lunch [D],White,ZZ,Not applicable [ZZ],,,,,N,N,N,Not homeless [Z],Z - Not homeless,Z,Not 504 Eligible[Z],EN,33.0,38.0,26.0,0.0,0.0,692.0,101.0,17.0,29.9,397.0,356.0,399.0,380.0,Level 1,1 Grade Level Below
1211496,121,1,F,0,Paid Lunch [0],White,ZZ,Not applicable [ZZ],,,,,N,N,N,Not homeless [Z],Z - Not homeless,Z,Not 504 Eligible[Z],EN,58.0,52.0,74.0,28.0,39.0,896.0,170.0,93.0,81.1,463.0,489.0,449.0,439.0,Level 4,Mid or Above Grade Level
1211511,121,2,F,D,Direct Cert/Free Lunch [D],Hispanic,ZZ,Not applicable [ZZ],,,,,N,N,N,Not homeless [Z],Z - Not homeless,Z,Not 504 Eligible[Z],EN,,,,,,929.0,182.0,74.0,63.5,510.0,,502.0,483.0,Level 3,Early On Grade Level
1211661,121,1,M,D,Direct Cert/Free Lunch [D],Black or African American,ZZ,Not applicable [ZZ],T,T - Developmentally Delayed,"D,F,G","D - Occupational Therapy,F - Speech Impaired,G - Language Impaired",N,Y,N,Not homeless [Z],Z - Not homeless,Z,Not 504 Eligible[Z],EN,,,,,,660.0,90.0,10.0,23.0,367.0,384.0,369.0,352.0,Level 3,1 Grade Level Below
1211904,121,1,M,D,Direct Cert/Free Lunch [D],White,ZZ,Not applicable [ZZ],T,T - Developmentally Delayed,"F,G","F - Speech Impaired,G - Language Impaired",N,Y,N,Not homeless [Z],Z - Not homeless,Z,Not 504 Eligible[Z],EN,,,,,,821.0,145.0,78.0,66.3,366.0,366.0,370.0,376.0,Level 1,1 Grade Level Below
1211927,121,1,F,0,Paid Lunch [0],White,ZZ,Not applicable [ZZ],,,,,N,N,N,Not homeless [Z],Z - Not homeless,Z,Not 504 Eligible[Z],EN,49.0,57.0,38.0,13.0,25.0,815.0,143.0,76.0,64.9,432.0,423.0,420.0,456.0,Level 4,Mid or Above Grade Level
1211988,121,1,M,D,Direct Cert/Free Lunch [D],White,ZZ,Not applicable [ZZ],,,,,N,N,N,Not homeless [Z],Z - Not homeless,Z,Not 504 Eligible[Z],EN,14.0,56.0,25.0,0.0,0.0,776.0,130.0,60.0,55.3,403.0,421.0,342.0,417.0,Level 1,1 Grade Level Below
1212041,121,1,M,D,Direct Cert/Free Lunch [D],White,ZZ,Not applicable [ZZ],F,F - Speech Impaired,,,N,Y,N,Not homeless [Z],Z - Not homeless,Z,Not 504 Eligible[Z],EN,41.0,29.0,36.0,12.0,4.0,738.0,117.0,39.0,44.1,410.0,403.0,403.0,489.0,Level 2,1 Grade Level Below
1212042,121,1,F,D,Direct Cert/Free Lunch [D],White,ZZ,Not applicable [ZZ],,,,,N,N,N,Not homeless [Z],Z - Not homeless,Z,Not 504 Eligible[Z],EN,39.0,33.0,37.0,11.0,8.0,801.0,138.0,71.0,61.7,416.0,431.0,378.0,462.0,Level 3,1 Grade Level Below
1212165,121,1,F,D,Direct Cert/Free Lunch [D],White,ZZ,Not applicable [ZZ],,,,,N,N,N,Not homeless [Z],Z - Not homeless,Z,Not 504 Eligible[Z],EN,58.0,47.0,50.0,8.0,19.0,784.0,132.0,64.0,57.5,424.0,428.0,436.0,427.0,Level 3,Mid or Above Grade Level
1212252,121,2,F,3,Eligible for Reduced Lunch [3],Black or African American,ZZ,Not applicable [ZZ],,,,,N,N,N,Not homeless [Z],Z - Not homeless,Z,Not 504 Eligible[Z],EN,,,,,,937.0,184.0,77.0,65.6,461.0,,452.0,474.0,Level 5,Mid or Above Grade Level
1212278,121,1,F,F,Eligible for Free Lunch [F],Hispanic,LY,LEP in LEP classes [LY],,,,,N,N,N,Not homeless [Z],Z - Not homeless,Z,Not 504 Eligible[Z],SP,2.0,10.0,4.0,1.0,0.0,695.0,102.0,18.0,30.7,387.0,376.0,371.0,365.0,Level 2,1 Grade Level Below
1212279,121,1,F,D,Direct Cert/Free Lunch [D],White,ZZ,Not applicable [ZZ],,,,,N,N,N,Not homeless [Z],Z - Not homeless,Z,Not 504 Eligible[Z],EN,39.0,44.0,36.0,10.0,12.0,818.0,144.0,77.0,65.6,415.0,425.0,416.0,451.0,Level 3,Early On Grade Level
1212355,121,2,F,D,Direct Cert/Free Lunch [D],Black or African American,ZZ,Not applicable [ZZ],,,,,N,N,N,Not homeless [Z],Z - Not homeless,Z,Not 504 Eligible[Z],EN,,,,,,937.0,184.0,77.0,65.6,508.0,,498.0,540.0,Level 5,Mid or Above Grade Level
1212402,121,2,F,0,Paid Lunch [0],Asian,ZZ,Not applicable [ZZ],,,,,N,N,N,Not homeless [Z],Z - Not homeless,Z,Not 504 Eligible[Z],EN,,,,,,956.0,191.0,84.0,70.9,516.0,,554.0,463.0,Level 4,
1212403,121,1,M,0,Paid Lunch [0],Asian,ZZ,Not applicable [ZZ],,,,,N,N,N,Not homeless [Z],Z - Not homeless,Z,Not 504 Eligible[Z],EN,63.0,56.0,58.0,19.0,26.0,762.0,125.0,54.0,52.1,418.0,345.0,466.0,421.0,Level 4,Mid or Above Grade Level
1212479,121,1,M,D,Direct Cert/Free Lunch [D],White,ZZ,Not applicable [ZZ],,,,,N,N,N,Not homeless [Z],Z - Not homeless,Z,Not 504 Eligible[Z],EN,,,,,,,,,,,,,,Level 2,1 Grade Level Below
1212482,121,2,F,D,Direct Cert/Free Lunch [D],White,ZZ,Not applicable [ZZ],,,,,N,N,N,Not homeless [Z],Z - Not homeless,Z,Not 504 Eligible[Z],EN,,,,,,853.0,156.0,43.0,46.3,440.0,,453.0,462.0,Level 2,1 Grade Level Below
1212509,121,1,F,D,Direct Cert/Free Lunch [D],White,ZZ,Not applicable [ZZ],,,,,N,N,N,Not homeless [Z],Z - Not homeless,Z,Not 504 Eligible[Z],EN,33.0,44.0,31.0,9.0,4.0,770.0,128.0,58.0,54.2,361.0,362.0,383.0,346.0,Level 1,1 Grade Level Below
1212565,121,1,M,D,Direct Cert/Free Lunch [D],White,ZZ,Not applicable [ZZ],,,,,N,N,N,Not homeless [Z],Z - Not homeless,Z,Not 504 Eligible[Z],EN,33.0,33.0,34.0,9.0,35.0,859.0,158.0,87.0,73.7,421.0,389.0,447.0,473.0,Level 5,Mid or Above Grade Level
1213240,121,1,M,D,Direct Cert/Free Lunch [D],Black or African American,ZZ,Not applicable [ZZ],,,,,N,N,N,Not homeless [Z],Not homeless [Z],Z,Not 504 Eligible[Z],EN,45.0,30.0,29.0,8.0,1.0,665.0,92.0,11.0,24.2,358.0,338.0,379.0,324.0,Level 1,1 Grade Level Below
1213255,121,2,M,0,Paid Lunch [0],White,ZZ,Not applicable [ZZ],,,,,N,N,N,Not homeless [Z],Z - Not homeless,Z,Section 504 Eligible + Plan [Y],EN,,,,,,789.0,134.0,20.0,32.3,423.0,,449.0,411.0,Level 1,1 Grade Level Below
1213272,121,2,M,D,Direct Cert/Free Lunch [D],White,ZZ,Not applicable [ZZ],T,T - Developmentally Delayed,,,N,Y,N,Not homeless [Z],Z - Not homeless,Z,Not 504 Eligible[Z],EN,,,,,,808.0,141.0,27.0,37.1,405.0,,467.0,386.0,Level 1,1 Grade Level Below
1213307,121,2,M,D,Direct Cert/Free Lunch [D],White,ZZ,Not applicable [ZZ],,,,,N,N,N,Not homeless [Z],Z - Not homeless,Z,Not 504 Eligible[Z],EN,,,,,,806.0,140.0,26.0,36.5,429.0,,499.0,421.0,Level 2,1 Grade Level Below
1213927,121,2,F,D,Direct Cert/Free Lunch [D],White,ZZ,Not applicable [ZZ],V,V - Other Health Impaired,"D,E,F","D - Occupational Therapy,E - Physical Therapy,F - Speech Impaired",N,Y,N,Not homeless [Z],Z - Not homeless,Z,Not 504 Eligible[Z],EN,,,,,,804.0,139.0,25.0,35.8,427.0,,422.0,421.0,Level 4,1 Grade Level Below
1214613,121,1,M,D,Direct Cert/Free Lunch [D],White,ZZ,Not applicable [ZZ],,,,,N,N,N,Not homeless [Z],Z - Not homeless,Z,Not 504 Eligible[Z],EN,69.0,31.0,23.0,8.0,20.0,798.0,137.0,70.0,61.0,416.0,453.0,392.0,408.0,Level 3,Mid or Above Grade Level
1215029,121,2,M,D,Direct Cert/Free Lunch [D],Hispanic,ZZ,Tested - not eligible [TZ],P,P - Autism Spectrum Disorder,"F,V","F - Speech Impaired,V - Other Health Impaired",N,Y,N,Not homeless [Z],Z - Not homeless,Z,Not 504 Eligible[Z],EN,,,6.0,0.0,4.0,615.0,75.0,3.0,10.4,371.0,348.0,376.0,363.0,Level 1,2 Grade Levels Below
1215142,121,1,M,D,Direct Cert/Free Lunch [D],Other,ZZ,Not applicable [ZZ],,,,,N,N,N,Not homeless [Z],Z - Not homeless,Z,Not 504 Eligible[Z],EN,40.0,44.0,23.0,9.0,22.0,839.0,151.0,82.0,69.3,434.0,459.0,474.0,401.0,Level 4,Mid or Above Grade Level
1215266,121,1,F,D,Direct Cert/Free Lunch [D],Black or African American,LY,LEP in LEP classes [LY],,,,,N,N,B,Other homelessness causes [N],"N - No, Is homeless but does not meet the definiton of unaccompanied youth",Z,Not 504 Eligible[Z],PR,42.0,30.0,36.0,10.0,8.0,769.0,127.0,57.0,53.7,371.0,404.0,380.0,358.0,Level 3,Early On Grade Level
1215488,121,1,M,D,Direct Cert/Free Lunch [D],White,ZZ,Not applicable [ZZ],,,,,N,N,N,Not homeless [Z],Z - Not homeless,Z,Not 504 Eligible[Z],EN,32.0,30.0,10.0,2.0,0.0,677.0,96.0,13.0,26.3,398.0,407.0,385.0,416.0,Level 1,1 Grade Level Below
1215562,121,1,M,0,Paid Lunch [0],Black or African American,ZZ,Tested - not eligible [TZ],,,,,N,N,N,Not homeless [Z],Z - Not homeless,Z,Not 504 Eligible[Z],ZF,9.0,29.0,17.0,3.0,0.0,730.0,114.0,33.0,40.7,354.0,374.0,337.0,350.0,Level 1,1 Grade Level Below
1215785,121,1,F,D,Direct Cert/Free Lunch [D],Black or African American,ZZ,Not applicable [ZZ],,,,,N,N,N,Not homeless [Z],Z - Not homeless,Z,Not 504 Eligible[Z],EN,71.0,57.0,56.0,19.0,9.0,834.0,149.0,81.0,68.5,442.0,459.0,456.0,437.0,Level 4,Mid or Above Grade Level
1215885,121,1,F,F,Eligible for Free Lunch [F],White,ZZ,Not applicable [ZZ],F,F - Speech Impaired,,,N,Y,N,Not homeless [Z],Z - Not homeless,Z,Not 504 Eligible[Z],EN,13.0,0.0,32.0,10.0,0.0,696.0,103.0,18.0,30.7,388.0,389.0,362.0,357.0,Level 1,1 Grade Level Below
1215888,121,1,M,3,Eligible for Reduced Lunch [3],White,ZZ,Not applicable [ZZ],,,,,N,N,N,Not homeless [Z],Z - Not homeless,Z,Not 504 Eligible[Z],EN,23.0,48.0,25.0,3.0,1.0,753.0,122.0,48.0,48.9,377.0,370.0,376.0,376.0,Level 1,1 Grade Level Below
1215987,121,1,F,D,Direct Cert/Free Lunch [D],White,ZZ,Not applicable [ZZ],,,,,N,N,N,Not homeless [Z],Z - Not homeless,Z,Not 504 Eligible[Z],EN,64.0,50.0,66.0,11.0,23.0,823.0,146.0,78.0,66.3,424.0,451.0,461.0,394.0,Level 4,Mid or Above Grade Level
1216418,121,1,F,D,Direct Cert/Free Lunch [D],Black or African American,ZZ,Not applicable [ZZ],,,,,N,N,B,Other homelessness causes [N],"N - No, Is homeless but does not meet the definiton of unaccompanied youth",Z,Section 504 Eligible + Plan [Y],EN,22.0,59.0,20.0,2.0,2.0,724.0,112.0,29.0,38.3,372.0,374.0,353.0,346.0,Level 4,Early On Grade Level
1216421,121,1,M,D,Direct Cert/Free Lunch [D],White,ZZ,Not applicable [ZZ],,,,,N,N,N,Not homeless [Z],Z - Not homeless,Z,Not 504 Eligible[Z],EN,31.0,40.0,19.0,5.0,7.0,770.0,128.0,58.0,54.2,380.0,398.0,397.0,305.0,Level 2,Early On Grade Level
1216463,121,1,M,0,Paid Lunch [0],White,ZZ,Not applicable [ZZ],,,,,N,N,N,Not homeless [Z],Z - Not homeless,Z,Not 504 Eligible[Z],EN,45.0,31.0,39.0,10.0,9.0,799.0,137.0,70.0,61.0,414.0,419.0,360.0,431.0,Level 4,Mid or Above Grade Level
1216467,121,1,M,D,Direct Cert/Free Lunch [D],Black or African American,ZZ,Not applicable [ZZ],,,,,N,N,N,Not homeless [Z],Z - Not homeless,Z,Not 504 Eligible[Z],EN,53.0,28.0,48.0,9.0,18.0,786.0,133.0,64.0,57.5,405.0,396.0,428.0,396.0,Level 3,Mid or Above Grade Level
1216514,121,1,M,0,Paid Lunch [0],Other,ZZ,Not applicable [ZZ],,,,,N,N,N,Not homeless [Z],Z - Not homeless,Z,Not 504 Eligible[Z],EN,53.0,36.0,59.0,20.0,37.0,867.0,161.0,88.0,74.7,472.0,473.0,462.0,452.0,Level 5,Mid or Above Grade Level
1216522,121,1,F,D,Direct Cert/Free Lunch [D],Other,ZZ,Not applicable [ZZ],,,,,N,N,B,Other homelessness causes [N],"N - No, Is homeless but does not meet the definiton of unaccompanied youth",Z,Not 504 Eligible[Z],EN,58.0,36.0,43.0,15.0,48.0,852.0,155.0,85.0,71.8,498.0,489.0,472.0,499.0,Level 5,
1216581,121,1,M,D,Direct Cert/Free Lunch [D],Black or African American,ZZ,Not applicable [ZZ],,,,,N,N,N,Not homeless [Z],Z - Not homeless,Z,Not 504 Eligible[Z],EN,60.0,40.0,40.0,12.0,18.0,812.0,142.0,76.0,64.9,436.0,489.0,449.0,394.0,Level 4,Mid or Above Grade Level
1216599,121,1,M,D,Direct Cert/Free Lunch [D],Black or African American,LY,LEP in LEP classes [LY],,,,,N,N,N,Not homeless [Z],Z - Not homeless,Z,Not 504 Eligible[Z],EN,50.0,7.0,25.0,7.0,39.0,767.0,127.0,56.0,53.2,434.0,414.0,463.0,436.0,Level 4,Mid or Above Grade Level
1216745,121,1,M,D,Direct Cert/Free Lunch [D],Black or African American,ZZ,Not applicable [ZZ],,,,,N,N,N,Not homeless [Z],Z - Not homeless,Z,Section 504 Eligible + Plan [Y],EN,31.0,12.0,21.0,8.0,5.0,715.0,109.0,25.0,35.8,366.0,385.0,352.0,383.0,Level 2,1 Grade Level Below
1216767,121,1,M,D,Direct Cert/Free Lunch [D],Black or African American,ZZ,Not applicable [ZZ],,,,,N,N,N,Not homeless [Z],Z - Not homeless,Z,Not 504 Eligible[Z],EN,59.0,44.0,103.0,35.0,63.0,941.0,186.0,97.0,89.6,497.0,473.0,469.0,495.0,Level 5,Mid or Above Grade Level
1216841,121,1,M,D,Direct Cert/Free Lunch [D],Native Hawaiian or Other Pacific Islander,ZZ,Not applicable [ZZ],,,,,N,N,N,Not homeless [Z],Z - Not homeless,Z,Not 504 Eligible[Z],EN,,,,,,,,,,,,,,Level 1,1 Grade Level Below
1216970,121,2,M,0,Paid Lunch [0],Hispanic,ZZ,Not applicable [ZZ],,,,,N,N,N,Not homeless [Z],Z - Not homeless,Z,Section 504 Eligible + Plan [Y],EN,,,,,,615.0,75.0,3.0,10.4,452.0,,471.0,444.0,Level 4,Early On Grade Level
1217225,121,1,M,3,Eligible for Reduced Lunch [3],Black or African American,LY,LEP in LEP classes [LY],T,T - Developmentally Delayed,,,N,Y,N,Not homeless [Z],Z - Not homeless,Z,Not 504 Eligible[Z],HC,,,,,,772.0,128.0,59.0,54.8,332.0,331.0,367.0,338.0,Level 1,1 Grade Level Below
1217303,121,2,M,0,Paid Lunch [0],White,ZZ,Not applicable [ZZ],,,,,N,N,N,Not homeless [Z],Z - Not homeless,Z,Not 504 Eligible[Z],EN,,,,,,794.0,136.0,22.0,33.7,426.0,,438.0,431.0,Level 3,Early On Grade Level
1217344,121,1,F,0,Paid Lunch [0],White,ZZ,Not applicable [ZZ],,,,,N,N,N,Not homeless [Z],Z - Not homeless,Z,Not 504 Eligible[Z],EN,46.0,69.0,44.0,13.0,10.0,774.0,129.0,59.0,54.8,419.0,438.0,450.0,431.0,Level 2,Mid or Above Grade Level
1217633,121,1,M,D,Direct Cert/Free Lunch [D],Hispanic,ZZ,Not applicable [ZZ],,,,,N,N,N,Not homeless [Z],Z - Not homeless,Z,Not 504 Eligible[Z],EN,,,,,,754.0,122.0,49.0,49.5,388.0,380.0,378.0,422.0,Level 2,1 Grade Level Below
1217635,121,2,F,D,Direct Cert/Free Lunch [D],White,ZZ,Not applicable [ZZ],F,F - Speech Impaired,,,N,Y,N,Not homeless [Z],Z - Not homeless,Z,Not 504 Eligible[Z],EN,,,,,,741.0,118.0,7.0,18.9,408.0,393.0,445.0,407.0,Level 1,1 Grade Level Below
1217647,121,1,F,0,Paid Lunch [0],White,ZZ,Not applicable [ZZ],,,,,N,N,N,Not homeless [Z],Z - Not homeless,Z,Not 504 Eligible[Z],EN,,,,,,783.0,132.0,63.0,57.0,415.0,396.0,403.0,414.0,Level 4,Early On Grade Level
1217651,121,1,F,0,Paid Lunch [0],Hispanic,ZZ,Not applicable [ZZ],,,,,N,N,N,Not homeless [Z],Z - Not homeless,Z,Not 504 Eligible[Z],EN,55.0,56.0,54.0,13.0,45.0,965.0,194.0,98.0,93.3,469.0,473.0,451.0,471.0,Level 5,Mid or Above Grade Level
1217801,121,2,M,D,Direct Cert/Free Lunch [D],White,ZZ,Not applicable [ZZ],P,P - Autism Spectrum Disorder,"D,G","D - Occupational Therapy,G - Language Impaired",N,Y,N,Not homeless [Z],Z - Not homeless,Z,Not 504 Eligible[Z],EN,,,,,,775.0,129.0,16.0,29.1,447.0,,454.0,437.0,Level 1,2 Grade Levels Below
1218039,121,1,M,D,Direct Cert/Free Lunch [D],White,ZZ,Not applicable [ZZ],,,,,N,N,N,Not homeless [Z],Z - Not homeless,Z,Not 504 Eligible[Z],EN,28.0,34.0,9.0,3.0,2.0,733.0,115.0,35.0,41.9,340.0,320.0,355.0,358.0,,Early On Grade Level
1218220,121,2,F,0,Paid Lunch [0],White,ZZ,Not applicable [ZZ],,,,,N,N,N,Not homeless [Z],Z - Not homeless,Z,Not 504 Eligible[Z],EN,,,,,,753.0,122.0,10.0,23.0,410.0,439.0,367.0,434.0,Level 1,1 Grade Level Below
1219684,121,1,F,F,Eligible for Free Lunch [F],Black or African American,LY,LEP in LEP classes [LY],,,,,N,N,B,Other homelessness causes [N],"N - No, Is homeless but does not meet the definiton of unaccompanied youth",Z,Not 504 Eligible[Z],HC,3.0,2.0,4.0,0.0,0.0,589.0,66.0,1.0,1.0,370.0,381.0,329.0,389.0,Level 1,1 Grade Level Below
1220702,121,1,M,0,Paid Lunch [0],White,ZZ,Tested - not eligible [TZ],P,P - Autism Spectrum Disorder,"D,G","D - Occupational Therapy,G - Language Impaired",N,Y,N,Not homeless [Z],Z - Not homeless,Z,Not 504 Eligible[Z],PR,,,,,,870.0,162.0,89.0,75.8,,,,,,2 Grade Levels Below
1221245,121,1,F,D,Direct Cert/Free Lunch [D],Hispanic,ZZ,Not applicable [ZZ],,,,,N,N,N,Not homeless [Z],Z - Not homeless,Z,Not 504 Eligible[Z],EN,43.0,16.0,17.0,5.0,48.0,877.0,164.0,90.0,77.0,432.0,437.0,419.0,426.0,Level 5,Mid or Above Grade Level
1221265,121,2,M,D,Direct Cert/Free Lunch [D],Hispanic,ZZ,Not applicable [ZZ],,,,,N,N,N,Not homeless [Z],Z - Not homeless,Z,Not 504 Eligible[Z],EN,,,,,,774.0,129.0,16.0,29.1,398.0,423.0,363.0,395.0,Level 1,2 Grade Levels Below
1221944,121,2,M,0,Paid Lunch [0],White,ZZ,Not applicable [ZZ],,,,,N,N,N,Not homeless [Z],Z - Not homeless,Z,Section 504 Eligible + Plan [Y],EN,,,,,,,,,,,,,,Level 3,Early On Grade Level
1221967,121,2,M,0,Paid Lunch [0],White,ZZ,Not applicable [ZZ],,,,,N,N,N,Not homeless [Z],Z - Not homeless,Z,Section 504 Eligible + Plan [Y],EN,,,,,,,,,,490.0,,522.0,508.0,Level 3,1 Grade Level Below
1222311,121,2,F,D,Direct Cert/Free Lunch [D],Black or African American,ZZ,Not applicable [ZZ],,,,,N,N,N,Not homeless [Z],Z - Not homeless,Z,Not 504 Eligible[Z],EN,,,,,,,,,,,,,,Level 2,Early On Grade Level
1222490,121,2,F,D,Direct Cert/Free Lunch [D],Hispanic,ZZ,Not applicable [ZZ],,,,,N,N,N,Not homeless [Z],Z - Not homeless,Z,Not 504 Eligible[Z],EN,,,,,,,,,,,,,,Level 4,Mid or Above Grade Level
1203858,131,2,M,D,Direct Cert/Free Lunch [D],Black or African American,ZZ,Not applicable [ZZ],J,J - Emotional/Behavioral Disabl,,,N,Y,N,Not homeless [Z],Z - Not homeless,Z,Not 504 Eligible[Z],EN,,,,,,761.0,125.0,12.0,25.3,454.0,459.0,470.0,548.0,Level 2,2 Grade Levels Below
1204189,131,1,F,D,Direct Cert/Free Lunch [D],Other,ZZ,Not applicable [ZZ],P,P - Autism Spectrum Disorder,"D,G","D - Occupational Therapy,G - Language Impaired",N,Y,N,Not homeless [Z],Z - Not homeless,Z,Not 504 Eligible[Z],EN,,,,,,580.0,63.0,1.0,1.0,336.0,347.0,328.0,346.0,,
1204686,131,2,M,D,Direct Cert/Free Lunch [D],Hispanic,ZZ,Not applicable [ZZ],P,P - Autism Spectrum Disorder,F,F - Speech Impaired,N,Y,N,Not homeless [Z],Z - Not homeless,Z,Not 504 Eligible[Z],EN,,,,,,,,,,424.0,,441.0,450.0,Level 1,1 Grade Level Below
1206394,131,1,M,F,Eligible for Free Lunch [F],Black or African American,ZZ,Not applicable [ZZ],T,T - Developmentally Delayed,"D,G","D - Occupational Therapy,G - Language Impaired",N,Y,N,Not homeless [Z],Z - Not homeless,Z,Not 504 Eligible[Z],ZF,,,,,,,,,,,,,,,
1209782,131,2,M,D,Direct Cert/Free Lunch [D],Black or African American,ZZ,Not applicable [ZZ],W,W - Intellectual Disability,"D,G","D - Occupational Therapy,G - Language Impaired",N,Y,N,Not homeless [Z],Z - Not homeless,Z,Not 504 Eligible[Z],EN,,,,,,,,,,,,,,,
1211601,131,2,M,D,Direct Cert/Free Lunch [D],Hispanic,ZZ,Not applicable [ZZ],V,V - Other Health Impaired,J,J - Emotional/Behavioral Disabl,N,Y,N,Not homeless [Z],Z - Not homeless,Z,Not 504 Eligible[Z],EN,,,,,,825.0,146.0,33.0,40.7,423.0,403.0,427.0,428.0,Level 2,Early On Grade Level
1213224,131,2,M,D,Direct Cert/Free Lunch [D],Hispanic,ZZ,Not applicable [ZZ],P,P - Autism Spectrum Disorder,G,G - Language Impaired,N,Y,N,Not homeless [Z],Z - Not homeless,Z,Not 504 Eligible[Z],EN,,,,,,600.0,70.0,1.0,1.0,,,,,,
1214160,131,1,F,D,Direct Cert/Free Lunch [D],Hispanic,ZZ,Not applicable [ZZ],V,V - Other Health Impaired,G,G - Language Impaired,N,Y,N,Not homeless [Z],Z - Not homeless,Z,Not 504 Eligible[Z],SP,,,,,,,,,,,,,,Level 1,
1200809,141,1,F,D,Direct Cert/Free Lunch [D],Black or African American,ZZ,Not applicable [ZZ],,,,,N,N,N,Not homeless [Z],Z - Not homeless,Z,Section 504 Eligible + Plan [Y],EN,60.0,27.0,83.0,22.0,65.0,813.0,142.0,71.0,61.7,398.0,388.0,406.0,446.0,Level 3,Early On Grade Level
1201370,141,2,M,0,Paid Lunch [0],Asian,ZZ,Not applicable [ZZ],P,P - Autism Spectrum Disorder,"D,F,G","D - Occupational Therapy,F - Speech Impaired,G - Language Impaired",N,Y,N,Not homeless [Z],Z - Not homeless,Z,Not 504 Eligible[Z],EN,,,,,,,,,,339.0,362.0,362.0,332.0,Level 1,Mid or Above Grade Level
1204089,141,2,M,D,Direct Cert/Free Lunch [D],White,ZZ,Not applicable [ZZ],T,T - Developmentally Delayed,G,G - Language Impaired,N,Y,N,Not homeless [Z],Z - Not homeless,Z,Not 504 Eligible[Z],SP,,,,,,678.0,96.0,3.0,10.4,357.0,359.0,380.0,337.0,Level 1,2 Grade Levels Below
1204312,141,2,M,D,Direct Cert/Free Lunch [D],Hispanic,ZZ,Not applicable [ZZ],T,T - Developmentally Delayed,"D,G,T","D - Occupational Therapy,G - Language Impaired,T - Developmentally Delayed",N,Y,N,Not homeless [Z],Z - Not homeless,Z,Not 504 Eligible[Z],SP,,,,,,,,,,269.0,299.0,218.0,248.0,Level 1,2 Grade Levels Below
1204313,141,2,M,D,Direct Cert/Free Lunch [D],Hispanic,ZZ,Not applicable [ZZ],T,T - Developmentally Delayed,"D,G,T","D - Occupational Therapy,G - Language Impaired,T - Developmentally Delayed",N,Y,N,Not homeless [Z],Z - Not homeless,Z,Not 504 Eligible[Z],SP,,,,,,756.0,123.0,9.0,21.8,309.0,289.0,340.0,278.0,Level 1,2 Grade Levels Below
1204397,141,2,F,D,Direct Cert/Free Lunch [D],Black or African American,ZZ,Not applicable [ZZ],,,,,N,N,B,Other homelessness causes [N],"N - No, Is homeless but does not meet the definiton of unaccompanied youth",Z,Not 504 Eligible[Z],EN,,,40.0,10.0,15.0,745.0,119.0,7.0,18.9,381.0,376.0,393.0,393.0,Level 1,1 Grade Level Below
1204699,141,1,M,0,Paid Lunch [0],Hispanic,LY,LEP in LEP classes [LY],T,T - Developmentally Delayed,G,G - Language Impaired,N,Y,N,Not homeless [Z],Z - Not homeless,Z,Not 504 Eligible[Z],SP,33.0,33.0,36.0,6.0,11.0,704.0,105.0,18.0,30.7,353.0,350.0,375.0,361.0,Level 3,Mid or Above Grade Level
1204703,141,2,M,F,Eligible for Free Lunch [F],Hispanic,ZZ,Not applicable [ZZ],T,T - Developmentally Delayed,G,G - Language Impaired,N,Y,N,Not homeless [Z],Z - Not homeless,Z,Not 504 Eligible[Z],SP,,,,,,814.0,143.0,26.0,36.5,334.0,347.0,326.0,290.0,Level 1,2 Grade Levels Below
1204723,141,2,M,D,Direct Cert/Free Lunch [D],White,ZZ,Not applicable [ZZ],T,T - Developmentally Delayed,,,N,Y,N,Not homeless [Z],Z - Not homeless,Z,Not 504 Eligible[Z],EN,,,40.0,10.0,17.0,758.0,124.0,10.0,23.0,406.0,382.0,388.0,460.0,Level 1,1 Grade Level Below
1205832,141,2,F,D,Direct Cert/Free Lunch [D],White,ZZ,Not applicable [ZZ],G,G - Language Impaired,,,N,Y,N,Not homeless [Z],Z - Not homeless,Z,Not 504 Eligible[Z],EN,,,60.0,17.0,53.0,773.0,129.0,14.0,27.2,416.0,392.0,410.0,393.0,Level 3,1 Grade Level Below
1206007,141,1,F,3,Eligible for Reduced Lunch [3],Hispanic,ZZ,Tested - not eligible [TZ],T,T - Developmentally Delayed,G,G - Language Impaired,N,Y,N,Not homeless [Z],Z - Not homeless,Z,Not 504 Eligible[Z],SP,,,,,,816.0,143.0,73.0,62.9,354.0,339.0,336.0,322.0,Level 4,Mid or Above Grade Level
1206122,141,2,M,D,Direct Cert/Free Lunch [D],Black or African American,ZZ,Not applicable [ZZ],T,T - Developmentally Delayed,"F,G","F - Speech Impaired,G - Language Impaired",N,Y,N,Not homeless [Z],Z - Not homeless,Z,Not 504 Eligible[Z],EN,,,,,,709.0,107.0,4.0,13.1,364.0,382.0,361.0,338.0,Level 2,2 Grade Levels Below
1206383,141,2,M,D,Direct Cert/Free Lunch [D],Black or African American,ZZ,Not applicable [ZZ],,,,,N,N,N,Not homeless [Z],Not homeless [Z],Z,Section 504 Eligible + Plan [Y],EN,,,44.0,14.0,11.0,779.0,131.0,15.0,28.2,401.0,451.0,414.0,401.0,Level 1,1 Grade Level Below
1206391,141,1,M,D,Direct Cert/Free Lunch [D],White,ZZ,Not applicable [ZZ],T,T - Developmentally Delayed,"F,G","F - Speech Impaired,G - Language Impaired",N,Y,N,Not homeless [Z],Z - Not homeless,Z,Not 504 Eligible[Z],EN,32.0,23.0,26.0,0.0,1.0,722.0,111.0,24.0,35.1,372.0,420.0,342.0,337.0,Level 2,1 Grade Level Below
1206395,141,2,F,D,Direct Cert/Free Lunch [D],Hispanic,LY,LEP in LEP classes [LY],,,,,N,N,N,Not homeless [Z],Z - Not homeless,Z,Not 504 Eligible[Z],SP,,,21.0,5.0,17.0,746.0,119.0,7.0,18.9,397.0,410.0,367.0,376.0,Level 1,1 Grade Level Below
1206597,141,2,M,D,Direct Cert/Free Lunch [D],Hispanic,ZZ,Tested - not eligible [TZ],T,T - Developmentally Delayed,G,G - Language Impaired,N,Y,N,Not homeless [Z],Not homeless [Z],Z,Not 504 Eligible[Z],EN,,,1.0,0.0,1.0,757.0,123.0,9.0,21.8,353.0,347.0,325.0,354.0,Level 1,2 Grade Levels Below
1207180,141,2,M,0,Paid Lunch [0],White,ZZ,Not applicable [ZZ],V,V - Other Health Impaired,F,F - Speech Impaired,N,Y,N,Not homeless [Z],Z - Not homeless,Z,Not 504 Eligible[Z],EN,,,78.0,21.0,66.0,903.0,173.0,60.0,55.3,463.0,,458.0,459.0,Level 4,Early On Grade Level
1207211,141,2,M,0,Paid Lunch [0],Hispanic,ZZ,Tested - not eligible [TZ],,,,,N,N,N,Not homeless [Z],Z - Not homeless,Z,Not 504 Eligible[Z],PR,,,27.0,8.0,8.0,768.0,127.0,12.0,25.3,423.0,429.0,409.0,430.0,Level 2,1 Grade Level Below
1207262,141,1,M,D,Direct Cert/Free Lunch [D],Hispanic,LF,Two year followup [LF],,,,,N,N,N,Not homeless [Z],Z - Not homeless,Z,Not 504 Eligible[Z],SP,36.0,31.0,58.0,18.0,45.0,803.0,139.0,67.0,59.3,404.0,381.0,426.0,371.0,Level 4,Mid or Above Grade Level
1207278,141,2,F,D,Direct Cert/Free Lunch [D],White,ZZ,Not applicable [ZZ],,,,,N,N,N,Not homeless [Z],Z - Not homeless,Z,Not 504 Eligible[Z],EN,,,34.0,8.0,29.0,807.0,140.0,23.0,34.4,432.0,,457.0,425.0,Level 2,Early On Grade Level
1207284,141,1,M,D,Direct Cert/Free Lunch [D],White,ZZ,Not applicable [ZZ],P,P - Autism Spectrum Disorder,G,G - Language Impaired,N,Y,N,Not homeless [Z],Z - Not homeless,Z,Not 504 Eligible[Z],EN,,,,,,841.0,152.0,80.0,67.7,290.0,326.0,253.0,284.0,Level 1,2 Grade Levels Below
1207307,141,2,F,D,Direct Cert/Free Lunch [D],Hispanic,ZZ,Tested - not eligible [TZ],,,,,N,N,N,Not homeless [Z],Z - Not homeless,Z,Not 504 Eligible[Z],SP,,,18.0,6.0,8.0,746.0,119.0,7.0,18.9,420.0,,446.0,423.0,Level 3,1 Grade Level Below
1207488,141,1,M,0,Paid Lunch [0],Hispanic,ZZ,Not applicable [ZZ],,,,,N,N,N,Not homeless [Z],Z - Not homeless,Z,Not 504 Eligible[Z],SP,20.0,29.0,28.0,8.0,1.0,734.0,115.0,30.0,39.0,407.0,416.0,394.0,423.0,Level 2,1 Grade Level Below
1207586,141,2,M,0,Paid Lunch [0],White,ZZ,Not applicable [ZZ],,,,,N,N,N,Not homeless [Z],Z - Not homeless,Z,Section 504 Eligible + Plan [Y],EN,,,37.0,8.0,15.0,844.0,153.0,37.0,43.0,415.0,414.0,391.0,449.0,Level 3,Early On Grade Level
1207646,141,1,M,0,Paid Lunch [0],White,ZZ,Not applicable [ZZ],P,P - Autism Spectrum Disorder,"G,T","G - Language Impaired,T - Developmentally Delayed",N,Y,N,Not homeless [Z],Z - Not homeless,Z,Not 504 Eligible[Z],EN,,,,,,746.0,119.0,37.0,43.0,361.0,372.0,377.0,316.0,Level 5,1 Grade Level Below
1208075,141,2,F,D,Direct Cert/Free Lunch [D],White,ZZ,Not applicable [ZZ],T,T - Developmentally Delayed,G,G - Language Impaired,N,Y,B,Other homelessness causes [N],"N - No, Is homeless but does not meet the definiton of unaccompanied youth",Z,Not 504 Eligible[Z],EN,,,90.0,27.0,86.0,891.0,169.0,55.0,52.6,454.0,,445.0,427.0,Level 2,Early On Grade Level
1208077,141,1,M,0,Paid Lunch [0],White,ZZ,Not applicable [ZZ],T,T - Developmentally Delayed,,,N,Y,N,Not homeless [Z],Z - Not homeless,Z,Not 504 Eligible[Z],EN,2.0,1.0,0.0,0.0,0.0,707.0,106.0,19.0,31.5,358.0,358.0,319.0,369.0,Level 3,1 Grade Level Below
1208288,141,2,F,D,Direct Cert/Free Lunch [D],Black or African American,ZZ,Not applicable [ZZ],T,T - Developmentally Delayed,"E,G","E - Physical Therapy,G - Language Impaired",N,Y,N,Not homeless [Z],Z - Not homeless,Z,Not 504 Eligible[Z],EN,,,,,,,,,,,,,,Level 1,
1208358,141,2,F,D,Direct Cert/Free Lunch [D],Hispanic,ZZ,Not applicable [ZZ],T,T - Developmentally Delayed,"G,H","G - Language Impaired,H - Deaf or Hard Of Hearing",N,Y,N,Not homeless [Z],Z - Not homeless,Z,Not 504 Eligible[Z],EN,,,,,,847.0,154.0,38.0,43.6,308.0,352.0,307.0,268.0,Level 1,2 Grade Levels Below
1208406,141,2,F,D,Direct Cert/Free Lunch [D],Hispanic,LF,Two year followup [LF],,,,,N,N,N,Not homeless [Z],Z - Not homeless,Z,Not 504 Eligible[Z],EN,,,54.0,16.0,35.0,866.0,160.0,45.0,47.4,463.0,,436.0,461.0,Level 2,1 Grade Level Below
1208417,141,2,M,D,Direct Cert/Free Lunch [D],Black or African American,ZZ,Not applicable [ZZ],,,,,N,N,N,Not homeless [Z],Z - Not homeless,Z,Not 504 Eligible[Z],EN,,,172.0,51.0,82.0,952.0,189.0,81.0,68.5,516.0,,509.0,518.0,Level 4,Mid or Above Grade Level
1208689,141,2,M,0,Paid Lunch [0],White,LY,LEP in LEP classes [LY],T,T - Developmentally Delayed,,,N,Y,N,Not homeless [Z],Z - Not homeless,Z,Not 504 Eligible[Z],SP,,,53.0,11.0,16.0,768.0,127.0,12.0,25.3,392.0,430.0,369.0,400.0,Level 2,1 Grade Level Below
1208854,141,1,M,D,Direct Cert/Free Lunch [D],Black or African American,ZZ,Not applicable [ZZ],,,,,N,N,N,Not homeless [Z],Z - Not homeless,Z,Not 504 Eligible[Z],EN,26.0,25.0,30.0,0.0,8.0,791.0,135.0,61.0,55.9,345.0,341.0,415.0,322.0,Level 2,Early On Grade Level
1209506,141,2,F,D,Direct Cert/Free Lunch [D],Hispanic,LF,Two year followup [LF],,,,,N,N,N,Not homeless [Z],Z - Not homeless,Z,Section 504 Eligible + Plan [Y],SP,,,47.0,11.0,38.0,824.0,146.0,29.0,38.3,430.0,,445.0,445.0,Level 3,1 Grade Level Below
1209638,141,2,M,D,Direct Cert/Free Lunch [D],Hispanic,ZZ,Not applicable [ZZ],V,V - Other Health Impaired,,,N,Y,B,Other homelessness causes [N],"N - No, Is homeless but does not meet the definiton of unaccompanied youth",Z,Not 504 Eligible[Z],EN,,,12.0,2.0,8.0,810.0,141.0,24.0,35.1,405.0,437.0,360.0,434.0,Level 1,2 Grade Levels Below
1209770,141,1,M,D,Direct Cert/Free Lunch [D],White,ZZ,Not applicable [ZZ],,,,,N,N,N,Not homeless [Z],Z - Not homeless,Z,Not 504 Eligible[Z],EN,,,,,,713.0,108.0,21.0,33.0,405.0,369.0,335.0,487.0,Level 1,1 Grade Level Below
1210002,141,2,M,D,Direct Cert/Free Lunch [D],White,ZZ,Not applicable [ZZ],,,,,N,N,N,Not homeless [Z],Z - Not homeless,Z,Not 504 Eligible[Z],EN,,,27.0,5.0,14.0,774.0,129.0,14.0,27.2,408.0,414.0,391.0,460.0,Level 3,1 Grade Level Below
1210133,141,2,M,0,Paid Lunch [0],Hispanic,LY,LEP in LEP classes [LY],,,,,N,N,N,Not homeless [Z],Z - Not homeless,Z,Not 504 Eligible[Z],SP,,,32.0,10.0,3.0,615.0,75.0,3.0,10.4,369.0,370.0,347.0,367.0,Level 1,2 Grade Levels Below
1210143,141,2,M,D,Direct Cert/Free Lunch [D],White,ZZ,Not applicable [ZZ],F,F - Speech Impaired,L,L - Gifted,Y,Y,B,Other homelessness causes [N],"N - No, Is homeless but does not meet the definiton of unaccompanied youth",Z,Not 504 Eligible[Z],EN,,,125.0,39.0,146.0,1067.0,228.0,99.0,99.0,539.0,,528.0,566.0,Level 5,Mid or Above Grade Level
1210183,141,2,M,D,Direct Cert/Free Lunch [D],White,ZZ,Not applicable [ZZ],,,,,N,N,N,Not homeless [Z],Z - Not homeless,Z,Not 504 Eligible[Z],EN,,,55.0,16.0,35.0,859.0,158.0,42.0,45.8,425.0,,458.0,409.0,Level 3,Early On Grade Level
1210217,141,2,F,D,Direct Cert/Free Lunch [D],White,ZZ,Not applicable [ZZ],,,,,N,N,N,Not homeless [Z],Z - Not homeless,Z,Section 504 Eligible + Plan [Y],EN,,,34.0,7.0,23.0,829.0,148.0,31.0,39.6,454.0,480.0,398.0,433.0,Level 3,1 Grade Level Below
1210223,141,2,M,F,Eligible for Free Lunch [F],Black or African American,ZZ,Not applicable [ZZ],,,,,N,N,N,Not homeless [Z],Z - Not homeless,Z,Not 504 Eligible[Z],EN,,,55.0,15.0,50.0,824.0,146.0,29.0,38.3,397.0,410.0,398.0,389.0,Level 2,1 Grade Level Below
1210292,141,2,F,D,Direct Cert/Free Lunch [D],Hispanic,LY,LEP in LEP classes [LY],,,,,N,N,N,Not homeless [Z],Z - Not homeless,Z,Section 504 Eligible + Plan [Y],SP,,,30.0,8.0,33.0,790.0,134.0,18.0,30.7,412.0,405.0,386.0,469.0,Level 1,1 Grade Level Below
1210423,141,1,F,D,Direct Cert/Free Lunch [D],White,ZZ,Not applicable [ZZ],V,V - Other Health Impaired,"F,G","F - Speech Impaired,G - Language Impaired",N,Y,N,Not homeless [Z],Z - Not homeless,Z,Not 504 Eligible[Z],EN,,,,,,,,,,362.0,361.0,378.0,376.0,Level 3,1 Grade Level Below
1210551,141,2,M,0,Paid Lunch [0],Other,ZZ,Not applicable [ZZ],,,,,N,N,N,Not homeless [Z],Z - Not homeless,Z,Section 504 Eligible + Plan [Y],EN,,,32.0,10.0,8.0,745.0,119.0,7.0,18.9,413.0,458.0,420.0,406.0,Level 4,Mid or Above Grade Level
1210585,141,2,F,0,Paid Lunch [0],White,LY,LEP in LEP classes [LY],,,K,K - Specific Learning Disabled,N,N,N,Not homeless [Z],Z - Not homeless,Z,Not 504 Eligible[Z],SP,,,31.0,9.0,12.0,759.0,124.0,10.0,23.0,396.0,359.0,423.0,387.0,Level 1,2 Grade Levels Below
1210732,141,2,M,D,Direct Cert/Free Lunch [D],Hispanic,LY,LEP in LEP classes [LY],,,,,N,N,N,Not homeless [Z],Z - Not homeless,Z,Not 504 Eligible[Z],SP,,,57.0,17.0,99.0,837.0,150.0,34.0,41.3,471.0,,491.0,476.0,Level 2,Mid or Above Grade Level
1210745,141,2,M,D,Direct Cert/Free Lunch [D],Hispanic,ZZ,Not applicable [ZZ],,,,,N,N,N,Not homeless [Z],Z - Not homeless,Z,Not 504 Eligible[Z],EN,,,45.0,14.0,25.0,792.0,135.0,19.0,31.5,429.0,,461.0,380.0,Level 1,1 Grade Level Below
1210838,141,2,F,D,Direct Cert/Free Lunch [D],Hispanic,ZZ,Not applicable [ZZ],,,,,N,N,N,Not homeless [Z],Z - Not homeless,Z,Not 504 Eligible[Z],EN,,,32.0,6.0,46.0,827.0,147.0,34.0,41.3,413.0,390.0,403.0,449.0,Level 2,1 Grade Level Below
1211194,141,2,M,D,Direct Cert/Free Lunch [D],Hispanic,ZZ,Not applicable [ZZ],,,,,N,N,N,Not homeless [Z],Z - Not homeless,Z,Section 504 Eligible + Plan [Y],EN,,,35.0,11.0,31.0,759.0,124.0,10.0,23.0,422.0,,456.0,422.0,Level 2,Early On Grade Level
1211196,141,2,M,D,Direct Cert/Free Lunch [D],Other,ZZ,Not applicable [ZZ],V,V - Other Health Impaired,,,N,Y,N,Not homeless [Z],Z - Not homeless,Z,Not 504 Eligible[Z],EN,,,33.0,11.0,16.0,758.0,124.0,10.0,23.0,410.0,412.0,406.0,383.0,Level 2,1 Grade Level Below
1211311,141,1,F,D,Direct Cert/Free Lunch [D],Black or African American,ZZ,Not applicable [ZZ],H,H - Deaf or Hard Of Hearing,"G,T","G - Language Impaired,T - Developmentally Delayed",N,Y,N,Not homeless [Z],Z - Not homeless,Z,Not 504 Eligible[Z],EN,,,,,,615.0,75.0,2.0,6.7,313.0,359.0,353.0,260.0,Level 1,2 Grade Levels Below
1211318,141,2,M,D,Direct Cert/Free Lunch [D],Hispanic,LY,LEP in LEP classes [LY],,,,,N,N,N,Not homeless [Z],Z - Not homeless,Z,Not 504 Eligible[Z],SP,,,89.0,28.0,38.0,823.0,146.0,29.0,38.3,413.0,,475.0,361.0,Level 2,Mid or Above Grade Level
1211353,141,2,M,D,Direct Cert/Free Lunch [D],Hispanic,ZZ,Not applicable [ZZ],,,,,N,N,N,Not homeless [Z],Z - Not homeless,Z,Not 504 Eligible[Z],EN,,,133.0,41.0,96.0,831.0,148.0,32.0,40.1,509.0,,552.0,487.0,Level 3,Mid or Above Grade Level
1211354,141,2,M,D,Direct Cert/Free Lunch [D],White,ZZ,Not applicable [ZZ],,,,,N,N,N,Not homeless [Z],Z - Not homeless,Z,Not 504 Eligible[Z],EN,,,57.0,19.0,50.0,817.0,144.0,27.0,37.1,430.0,469.0,401.0,420.0,Level 3,1 Grade Level Below
1211502,141,1,M,D,Direct Cert/Free Lunch [D],White,ZZ,Not applicable [ZZ],,,,,N,N,N,Not homeless [Z],Z - Not homeless,Z,Not 504 Eligible[Z],EN,40.0,23.0,86.0,29.0,41.0,789.0,134.0,61.0,55.9,411.0,401.0,424.0,415.0,Level 4,Early On Grade Level
1211713,141,2,M,D,Direct Cert/Free Lunch [D],Black or African American,LY,LEP in LEP classes [LY],,,,,N,N,N,Not homeless [Z],Z - Not homeless,Z,Not 504 Eligible[Z],EN,,,33.0,9.0,9.0,745.0,119.0,7.0,18.9,401.0,,427.0,372.0,Level 2,Mid or Above Grade Level
1211741,141,2,F,0,Paid Lunch [0],White,ZZ,Not applicable [ZZ],,,,,N,N,N,Not homeless [Z],Z - Not homeless,Z,Not 504 Eligible[Z],EN,,,77.0,25.0,72.0,923.0,179.0,69.0,60.4,469.0,,461.0,451.0,Level 2,Early On Grade Level
1211781,141,1,M,D,Direct Cert/Free Lunch [D],Black or African American,ZZ,Not applicable [ZZ],V,V - Other Health Impaired,,,N,Y,N,Not homeless [Z],Z - Not homeless,Z,Not 504 Eligible[Z],EN,37.0,30.0,42.0,13.0,0.0,660.0,90.0,8.0,20.4,379.0,398.0,395.0,389.0,Level 2,1 Grade Level Below
1211797,141,1,F,D,Direct Cert/Free Lunch [D],White,ZZ,Not applicable [ZZ],P,P - Autism Spectrum Disorder,G,G - Language Impaired,N,Y,N,Not homeless [Z],Z - Not homeless,Z,Not 504 Eligible[Z],EN,,,,,,,,,,408.0,382.0,378.0,488.0,Level 1,2 Grade Levels Below
1211810,141,2,F,D,Direct Cert/Free Lunch [D],Other,ZZ,Not applicable [ZZ],,,,,N,N,N,Not homeless [Z],Z - Not homeless,Z,Not 504 Eligible[Z],EN,,,85.0,24.0,99.0,862.0,159.0,43.0,46.3,484.0,,532.0,496.0,Level 2,Early On Grade Level
1211814,141,1,M,D,Direct Cert/Free Lunch [D],Hispanic,ZZ,Not applicable [ZZ],,,,,N,N,N,Not homeless [Z],Z - Not homeless,Z,Not 504 Eligible[Z],EN,63.0,55.0,54.0,12.0,34.0,861.0,158.0,84.0,70.9,390.0,431.0,393.0,413.0,Level 5,Mid or Above Grade Level
1211972,141,1,M,0,Paid Lunch [0],Hispanic,ZZ,Tested - not eligible [TZ],,,,,N,N,N,Not homeless [Z],Z - Not homeless,Z,Section 504 Eligible + Plan [Y],EN,4.0,16.0,14.0,1.0,0.0,827.0,147.0,79.0,67.0,373.0,366.0,387.0,366.0,Level 1,1 Grade Level Below
1211992,141,1,M,3,Eligible for Reduced Lunch [3],Hispanic,ZZ,Not applicable [ZZ],T,T - Developmentally Delayed,"F,G","F - Speech Impaired,G - Language Impaired",N,Y,N,Not homeless [Z],Z - Not homeless,Z,Not 504 Eligible[Z],EN,,,,,,815.0,143.0,72.0,62.3,330.0,339.0,379.0,316.0,Level 2,1 Grade Level Below
1212096,141,1,F,0,Paid Lunch [0],White,ZZ,Not applicable [ZZ],,,,,N,N,N,Not homeless [Z],Z - Not homeless,Z,Not 504 Eligible[Z],EN,40.0,43.0,28.0,8.0,8.0,787.0,133.0,60.0,55.3,409.0,433.0,433.0,377.0,Level 3,Early On Grade Level
1212123,141,1,M,D,Direct Cert/Free Lunch [D],Hispanic,ZZ,Not applicable [ZZ],,,,,N,N,N,Not homeless [Z],Z - Not homeless,Z,Not 504 Eligible[Z],SP,26.0,0.0,11.0,1.0,0.0,708.0,107.0,19.0,31.5,334.0,343.0,347.0,353.0,Level 1,1 Grade Level Below
1212210,141,2,M,D,Direct Cert/Free Lunch [D],Hispanic,LY,LEP in LEP classes [LY],,,,,N,N,N,Not homeless [Z],Z - Not homeless,Z,Not 504 Eligible[Z],SP,,,85.0,22.0,92.0,942.0,186.0,77.0,65.6,487.0,,507.0,459.0,Level 3,Mid or Above Grade Level
1212243,141,2,F,D,Direct Cert/Free Lunch [D],White,ZZ,Not applicable [ZZ],,,,,N,N,N,Not homeless [Z],Z - Not homeless,Z,Section 504 Eligible + Plan [Y],EN,,,46.0,9.0,21.0,766.0,126.0,12.0,25.3,406.0,,437.0,408.0,Level 2,1 Grade Level Below
1212248,141,2,F,D,Direct Cert/Free Lunch [D],White,LY,LEP in LEP classes [LY],,,,,N,N,N,Not homeless [Z],Z - Not homeless,Z,Not 504 Eligible[Z],EN,,,31.0,8.0,15.0,615.0,75.0,1.0,1.0,432.0,441.0,412.0,444.0,Level 1,1 Grade Level Below
1212272,141,2,M,D,Direct Cert/Free Lunch [D],Hispanic,LY,LEP in LEP classes [LY],,,,,N,N,N,Not homeless [Z],Not homeless [Z],Z,Not 504 Eligible[Z],SP,,,19.0,5.0,9.0,768.0,127.0,12.0,25.3,406.0,389.0,409.0,384.0,Level 2,1 Grade Level Below
1212294,141,2,F,D,Direct Cert/Free Lunch [D],Hispanic,LY,LEP in LEP classes [LY],,,,,N,N,N,Not homeless [Z],Z - Not homeless,Z,Not 504 Eligible[Z],SP,,,47.0,15.0,19.0,799.0,137.0,21.0,33.0,405.0,,422.0,368.0,Level 2,1 Grade Level Below
1212348,141,2,F,D,Direct Cert/Free Lunch [D],Black or African American,ZZ,Not applicable [ZZ],,,,,N,N,N,Not homeless [Z],Z - Not homeless,Z,Not 504 Eligible[Z],EN,,,59.0,13.0,63.0,817.0,144.0,27.0,37.1,449.0,,463.0,401.0,Level 1,1 Grade Level Below
1212495,141,2,F,0,Paid Lunch [0],White,ZZ,Not applicable [ZZ],,,,,N,N,N,Not homeless [Z],Z - Not homeless,Z,Not 504 Eligible[Z],EN,,,67.0,19.0,65.0,925.0,180.0,70.0,61.0,469.0,,452.0,492.0,Level 5,Mid or Above Grade Level
1212506,141,2,F,D,Direct Cert/Free Lunch [D],White,ZZ,Not applicable [ZZ],,,,,N,N,B,Other homelessness causes [N],"N - No, Is homeless but does not meet the definiton of unaccompanied youth",Z,Not 504 Eligible[Z],EN,,,44.0,14.0,50.0,803.0,139.0,22.0,33.7,458.0,,489.0,478.0,Level 3,Early On Grade Level
1212570,141,2,M,0,Paid Lunch [0],White,ZZ,Not applicable [ZZ],,,,,N,N,N,Not homeless [Z],Z - Not homeless,Z,Not 504 Eligible[Z],EN,,,82.0,27.0,86.0,908.0,174.0,63.0,57.0,499.0,,528.0,545.0,Level 4,Mid or Above Grade Level
1212573,141,2,F,F,Eligible for Free Lunch [F],Hispanic,ZZ,Not applicable [ZZ],,,,,N,N,N,Not homeless [Z],Z - Not homeless,Z,Not 504 Eligible[Z],EN,,,65.0,20.0,56.0,944.0,187.0,78.0,66.3,490.0,,508.0,489.0,Level 4,Mid or Above Grade Level
1212574,141,2,M,0,Paid Lunch [0],Black or African American,LY,LEP in LEP classes [LY],,,,,N,N,N,Not homeless [Z],Z - Not homeless,Z,Not 504 Eligible[Z],HC,,,48.0,14.0,45.0,743.0,118.0,7.0,18.9,419.0,,449.0,412.0,Level 2,1 Grade Level Below
1212587,141,1,F,D,Direct Cert/Free Lunch [D],Black or African American,ZZ,Not applicable [ZZ],,,,,N,N,N,Not homeless [Z],Z - Not homeless,Z,Not 504 Eligible[Z],EN,6.0,15.0,8.0,2.0,3.0,697.0,103.0,16.0,29.1,358.0,356.0,362.0,334.0,Level 1,1 Grade Level Below
1212655,141,2,F,D,Direct Cert/Free Lunch [D],Black or African American,ZZ,Not applicable [ZZ],G,G - Language Impaired,,,N,Y,N,Not homeless [Z],Z - Not homeless,Z,Not 504 Eligible[Z],EN,,,59.0,17.0,46.0,794.0,136.0,19.0,31.5,375.0,361.0,396.0,361.0,Level 1,1 Grade Level Below
1212662,141,2,F,D,Direct Cert/Free Lunch [D],White,ZZ,Not applicable [ZZ],,,,,N,N,N,Not homeless [Z],Z - Not homeless,Z,Not 504 Eligible[Z],EN,,,53.0,17.0,66.0,853.0,156.0,40.0,44.7,441.0,,484.0,433.0,Level 3,Early On Grade Level
1212767,141,2,F,D,Direct Cert/Free Lunch [D],White,ZZ,Not applicable [ZZ],,,,,N,N,N,Not homeless [Z],Z - Not homeless,Z,Not 504 Eligible[Z],EN,,,80.0,25.0,62.0,923.0,179.0,69.0,60.4,467.0,,489.0,484.0,Level 4,Mid or Above Grade Level
1212782,141,2,M,D,Direct Cert/Free Lunch [D],Other,ZZ,Not applicable [ZZ],,,,,N,N,N,Not homeless [Z],Z - Not homeless,Z,Section 504 Eligible + Plan [Y],EN,,,30.0,8.0,12.0,615.0,75.0,1.0,1.0,428.0,,423.0,437.0,Level 2,Mid or Above Grade Level
1212786,141,2,F,D,Direct Cert/Free Lunch [D],Hispanic,ZZ,Tested - not eligible [TZ],,,,,N,N,N,Not homeless [Z],Z - Not homeless,Z,IDEA Eligible & Section 504 Dismissal [Z],SP,,,114.0,37.0,114.0,926.0,180.0,70.0,61.0,502.0,,467.0,524.0,Level 4,Mid or Above Grade Level
1212802,141,2,F,D,Direct Cert/Free Lunch [D],Hispanic,LY,LEP in LEP classes [LY],,,,,N,N,N,Not homeless [Z],Z - Not homeless,Z,Section 504 Eligible + Plan [Y],SP,,,47.0,15.0,37.0,793.0,135.0,19.0,31.5,422.0,423.0,410.0,422.0,Level 3,1 Grade Level Below
1212879,141,2,F,D,Direct Cert/Free Lunch [D],Hispanic,ZZ,Not applicable [ZZ],,,,,N,N,N,Not homeless [Z],Z - Not homeless,Z,Not 504 Eligible[Z],EN,,,56.0,17.0,66.0,913.0,176.0,65.0,58.1,470.0,,442.0,497.0,Level 2,Early On Grade Level
1212895,141,2,M,D,Direct Cert/Free Lunch [D],Other,ZZ,Not applicable [ZZ],,,,,N,N,N,Not homeless [Z],Z - Not homeless,Z,Not 504 Eligible[Z],EN,,,32.0,7.0,51.0,776.0,130.0,14.0,27.2,423.0,,431.0,402.0,Level 2,1 Grade Level Below
1212911,141,2,M,D,Direct Cert/Free Lunch [D],Hispanic,ZZ,Not applicable [ZZ],,,,,N,N,N,Not homeless [Z],Z - Not homeless,Z,Not 504 Eligible[Z],EN,,,47.0,11.0,82.0,856.0,157.0,41.0,45.2,490.0,,509.0,502.0,Level 2,1 Grade Level Below
1212918,141,2,M,0,Paid Lunch [0],White,LY,LEP in LEP classes [LY],,,,,N,N,N,Not homeless [Z],Z - Not homeless,Z,Not 504 Eligible[Z],PR,,,95.0,30.0,62.0,925.0,180.0,70.0,61.0,477.0,,497.0,498.0,Level 4,Early On Grade Level
1212920,141,2,M,0,Paid Lunch [0],White,LY,LEP in LEP classes [LY],,,,,N,N,N,Not homeless [Z],Z - Not homeless,Z,Not 504 Eligible[Z],PR,,,37.0,9.0,37.0,815.0,143.0,26.0,36.5,440.0,,485.0,392.0,Level 3,1 Grade Level Below
1212993,141,1,M,D,Direct Cert/Free Lunch [D],Other,ZZ,Not applicable [ZZ],,,,,N,N,N,Not homeless [Z],Z - Not homeless,Z,Not 504 Eligible[Z],EN,42.0,54.0,24.0,7.0,4.0,793.0,135.0,62.0,56.4,409.0,422.0,445.0,421.0,Level 2,Early On Grade Level
1213078,141,1,M,0,Paid Lunch [0],White,ZZ,Not applicable [ZZ],T,T - Developmentally Delayed,,,N,Y,N,Not homeless [Z],Z - Not homeless,Z,Not 504 Eligible[Z],EN,29.0,46.0,30.0,8.0,4.0,732.0,115.0,35.0,41.9,408.0,433.0,370.0,384.0,Level 2,Early On Grade Level
1213097,141,1,F,D,Direct Cert/Free Lunch [D],Black or African American,ZZ,Not applicable [ZZ],T,T - Developmentally Delayed,"D,G","D - Occupational Therapy,G - Language Impaired",N,Y,N,Not homeless [Z],Z - Not homeless,Z,Not 504 Eligible[Z],EN,,,,,,615.0,75.0,2.0,6.7,380.0,423.0,414.0,335.0,Level 2,Mid or Above Grade Level
1213143,141,2,M,D,Direct Cert/Free Lunch [D],Black or African American,ZZ,Not applicable [ZZ],,,,,N,N,N,Not homeless [Z],Z - Not homeless,Z,Not 504 Eligible[Z],EN,,,29.0,7.0,15.0,756.0,123.0,9.0,21.8,423.0,,452.0,441.0,Level 1,1 Grade Level Below
1213367,141,2,M,D,Direct Cert/Free Lunch [D],White,ZZ,Not applicable [ZZ],,,,,N,N,N,Not homeless [Z],Z - Not homeless,Z,Section 504 Eligible + Plan [Y],EN,,,22.0,2.0,33.0,859.0,158.0,42.0,45.8,476.0,,454.0,515.0,Level 4,Early On Grade Level
1213376,141,1,M,D,Direct Cert/Free Lunch [D],White,ZZ,Not applicable [ZZ],,,,,N,N,N,Not homeless [Z],Z - Not homeless,Z,Not 504 Eligible[Z],EN,45.0,32.0,17.0,3.0,7.0,719.0,110.0,23.0,34.4,372.0,381.0,359.0,358.0,Level 1,1 Grade Level Below
1213382,141,2,F,D,Direct Cert/Free Lunch [D],Hispanic,ZZ,Not applicable [ZZ],,,,,N,N,B,Other homelessness causes [N],"N - No, Is homeless but does not meet the definiton of unaccompanied youth",Z,Not 504 Eligible[Z],EN,,,85.0,24.0,88.0,889.0,168.0,54.0,52.1,490.0,,451.0,459.0,Level 2,Mid or Above Grade Level
1213384,141,2,F,D,Direct Cert/Free Lunch [D],Black or African American,ZZ,Not applicable [ZZ],,,,,N,N,N,Not homeless [Z],Z - Not homeless,Z,Not 504 Eligible[Z],EN,,,42.0,14.0,16.0,769.0,127.0,12.0,25.3,344.0,351.0,379.0,317.0,Level 2,Early On Grade Level
1213386,141,1,M,D,Direct Cert/Free Lunch [D],Black or African American,ZZ,Not applicable [ZZ],,,,,N,N,N,Not homeless [Z],Z - Not homeless,Z,Not 504 Eligible[Z],EN,16.0,35.0,32.0,9.0,3.0,731.0,114.0,28.0,37.7,383.0,419.0,392.0,393.0,Level 2,Early On Grade Level
1213538,141,2,F,D,Direct Cert/Free Lunch [D],Black or African American,ZZ,Not applicable [ZZ],,,,,N,N,N,Not homeless [Z],Z - Not homeless,Z,Not 504 Eligible[Z],EN,,,24.0,6.0,14.0,615.0,75.0,1.0,1.0,394.0,411.0,375.0,358.0,Level 1,1 Grade Level Below
1213641,141,1,M,D,Direct Cert/Free Lunch [D],Hispanic,LY,LEP in LEP classes [LY],,,,,N,N,N,Not homeless [Z],Z - Not homeless,Z,Not 504 Eligible[Z],SP,11.0,29.0,21.0,1.0,1.0,677.0,96.0,11.0,24.2,367.0,331.0,388.0,350.0,Level 1,1 Grade Level Below
1213767,141,2,M,D,Direct Cert/Free Lunch [D],Hispanic,LY,LEP in LEP classes [LY],,,,,N,N,N,Not homeless [Z],Z - Not homeless,Z,Not 504 Eligible[Z],SP,,,143.0,45.0,110.0,902.0,172.0,60.0,55.3,471.0,,508.0,426.0,Level 5,Mid or Above Grade Level
1213775,141,2,M,0,Paid Lunch [0],White,ZZ,Not applicable [ZZ],,,,,N,N,N,Not homeless [Z],Z - Not homeless,Z,Not 504 Eligible[Z],EN,,,23.0,7.0,7.0,615.0,75.0,1.0,1.0,397.0,377.0,373.0,407.0,Level 1,2 Grade Levels Below
1213776,141,2,F,0,Paid Lunch [0],White,ZZ,Not applicable [ZZ],,,,,N,N,N,Not homeless [Z],Z - Not homeless,Z,Not 504 Eligible[Z],EN,,,34.0,10.0,6.0,785.0,133.0,17.0,29.9,420.0,432.0,393.0,428.0,Level 1,1 Grade Level Below
1213884,141,1,M,0,Paid Lunch [0],Hispanic,ZZ,Not applicable [ZZ],,,,,N,N,N,Not homeless [Z],Z - Not homeless,Z,Not 504 Eligible[Z],EN,,,,,,,,,,,,,,Level 3,
1213988,141,2,F,D,Direct Cert/Free Lunch [D],Black or African American,ZZ,Not applicable [ZZ],,,,,N,N,N,Not homeless [Z],Z - Not homeless,Z,Not 504 Eligible[Z],EN,,,35.0,11.0,46.0,827.0,147.0,30.0,39.0,435.0,436.0,410.0,440.0,Level 2,Early On Grade Level
1214092,141,2,F,D,Direct Cert/Free Lunch [D],Hispanic,LY,LEP in LEP classes [LY],,,,,N,N,N,Not homeless [Z],Z - Not homeless,Z,Not 504 Eligible[Z],SP,,,9.0,3.0,12.0,785.0,133.0,17.0,29.9,420.0,403.0,439.0,422.0,Level 2,1 Grade Level Below
1214099,141,2,M,D,Direct Cert/Free Lunch [D],Hispanic,LY,LEP in LEP classes [LY],,,,,N,N,N,Not homeless [Z],Z - Not homeless,Z,Not 504 Eligible[Z],SP,,,25.0,5.0,11.0,780.0,131.0,16.0,29.1,383.0,402.0,381.0,361.0,Level 1,1 Grade Level Below
1214101,141,2,F,F,Eligible for Free Lunch [F],Hispanic,LY,LEP in LEP classes [LY],K,K - Specific Learning Disabled,G,G - Language Impaired,N,Y,N,Not homeless [Z],Z - Not homeless,Z,Not 504 Eligible[Z],SP,,,36.0,10.0,33.0,615.0,75.0,1.0,1.0,391.0,399.0,415.0,361.0,Level 1,1 Grade Level Below
1214173,141,2,M,D,Direct Cert/Free Lunch [D],Hispanic,ZZ,Not applicable [ZZ],,,,,N,N,N,Not homeless [Z],Z - Not homeless,Z,Not 504 Eligible[Z],EN,,,44.0,14.0,62.0,818.0,144.0,27.0,37.1,459.0,,485.0,509.0,Level 2,Mid or Above Grade Level
1214188,141,1,F,0,Paid Lunch [0],Other,ZZ,Not applicable [ZZ],,,,,N,N,N,Not homeless [Z],Z - Not homeless,Z,Not 504 Eligible[Z],EN,49.0,52.0,51.0,16.0,27.0,847.0,154.0,81.0,68.5,408.0,397.0,395.0,414.0,Level 4,Mid or Above Grade Level
1214193,141,2,F,D,Direct Cert/Free Lunch [D],White,ZZ,Not applicable [ZZ],,,,,N,N,N,Not homeless [Z],Z - Not homeless,Z,Section 504 Eligible + Plan [Y],EN,,,25.0,7.0,16.0,774.0,129.0,14.0,27.2,449.0,,478.0,447.0,Level 5,1 Grade Level Below
1214237,141,2,F,0,Paid Lunch [0],White,ZZ,Not applicable [ZZ],,,,,N,N,N,Not homeless [Z],Z - Not homeless,Z,Not 504 Eligible[Z],EN,,,129.0,38.0,109.0,930.0,182.0,72.0,62.3,486.0,,476.0,460.0,Level 4,Mid or Above Grade Level
1214361,141,1,M,D,Direct Cert/Free Lunch [D],White,ZZ,Not applicable [ZZ],,,,,N,N,N,Not homeless [Z],Z - Not homeless,Z,Not 504 Eligible[Z],EN,28.0,31.0,39.0,13.0,2.0,729.0,114.0,27.0,37.1,407.0,378.0,385.0,422.0,Level 3,Mid or Above Grade Level
1214385,141,1,M,0,Paid Lunch [0],White,ZZ,Not applicable [ZZ],T,T - Developmentally Delayed,G,G - Language Impaired,N,Y,N,Not homeless [Z],Z - Not homeless,Z,Not 504 Eligible[Z],EN,,,,,,755.0,123.0,43.0,46.3,285.0,313.0,303.0,207.0,Level 2,Mid or Above Grade Level
1214392,141,2,F,F,Eligible for Free Lunch [F],White,ZZ,Not applicable [ZZ],,,,,N,N,N,Not homeless [Z],Not homeless [Z],Z,Not 504 Eligible[Z],EN,,,50.0,16.0,40.0,882.0,166.0,51.0,50.5,456.0,,492.0,430.0,Level 4,Mid or Above Grade Level
1214395,141,2,M,0,Paid Lunch [0],Black or African American,ZZ,Tested - not eligible [TZ],,,,,N,N,N,Not homeless [Z],Z - Not homeless,Z,Not 504 Eligible[Z],EN,,,78.0,24.0,57.0,940.0,185.0,76.0,64.9,489.0,,492.0,480.0,Level 3,Mid or Above Grade Level
1214569,141,2,F,3,Eligible for Reduced Lunch [3],White,ZZ,Not applicable [ZZ],,,,,N,N,N,Not homeless [Z],Z - Not homeless,Z,Section 504 Eligible + Plan [Y],EN,,,,,,,,,,,,,,Level 3,Mid or Above Grade Level
1214689,141,2,F,0,Paid Lunch [0],Other,ZZ,Not applicable [ZZ],,,,,N,N,N,Not homeless [Z],Z - Not homeless,Z,Not 504 Eligible[Z],EN,,,85.0,24.0,89.0,1016.0,211.0,96.0,86.9,499.0,,451.0,499.0,Level 4,Mid or Above Grade Level
1214989,141,2,F,D,Direct Cert/Free Lunch [D],Black or African American,ZZ,Not applicable [ZZ],,,,,N,N,N,Not homeless [Z],Z - Not homeless,Z,Not 504 Eligible[Z],EN,,,81.0,24.0,70.0,896.0,170.0,57.0,53.7,485.0,,489.0,453.0,Level 3,Mid or Above Grade Level
1214990,141,2,M,D,Direct Cert/Free Lunch [D],Black or African American,ZZ,Not applicable [ZZ],,,,,N,N,N,Not homeless [Z],Z - Not homeless,Z,Not 504 Eligible[Z],EN,,,51.0,11.0,24.0,786.0,133.0,17.0,29.9,415.0,,442.0,407.0,Level 2,1 Grade Level Below
1214991,141,2,M,D,Direct Cert/Free Lunch [D],Black or African American,ZZ,Not applicable [ZZ],,,,,N,N,N,Not homeless [Z],Z - Not homeless,Z,Not 504 Eligible[Z],EN,,,61.0,16.0,62.0,831.0,148.0,32.0,40.1,434.0,442.0,418.0,442.0,Level 2,1 Grade Level Below
1215064,141,1,M,D,Direct Cert/Free Lunch [D],Hispanic,LY,LEP in LEP classes [LY],,,,,N,N,N,Not homeless [Z],Z - Not homeless,Z,Not 504 Eligible[Z],SP,13.0,29.0,16.0,4.0,7.0,717.0,110.0,22.0,33.7,382.0,397.0,409.0,371.0,Level 2,Early On Grade Level
1215102,141,2,M,D,Direct Cert/Free Lunch [D],White,ZZ,Not applicable [ZZ],P,P - Autism Spectrum Disorder,"D,F,G","D - Occupational Therapy,F - Speech Impaired,G - Language Impaired",N,Y,N,Not homeless [Z],Z - Not homeless,Z,Not 504 Eligible[Z],EN,,,,,,,,,,333.0,324.0,362.0,371.0,Level 1,2 Grade Levels Below
1215120,141,1,F,D,Direct Cert/Free Lunch [D],White,ZZ,Not applicable [ZZ],,,,,N,N,N,Not homeless [Z],Z - Not homeless,Z,Not 504 Eligible[Z],EN,61.0,15.0,58.0,18.0,89.0,768.0,127.0,50.0,50.0,457.0,451.0,453.0,441.0,Level 5,Mid or Above Grade Level
1215130,141,1,F,D,Direct Cert/Free Lunch [D],Black or African American,ZZ,Tested - not eligible [TZ],,,,,N,N,N,Not homeless [Z],Z - Not homeless,Z,Not 504 Eligible[Z],ZF,51.0,33.0,41.0,13.0,35.0,819.0,144.0,74.0,63.5,386.0,367.0,407.0,377.0,Level 4,Mid or Above Grade Level
1215208,141,1,F,D,Direct Cert/Free Lunch [D],White,ZZ,Not applicable [ZZ],,,,,N,N,N,Not homeless [Z],Z - Not homeless,Z,Not 504 Eligible[Z],EN,29.0,41.0,30.0,8.0,8.0,736.0,116.0,31.0,39.6,398.0,386.0,384.0,393.0,Level 3,Mid or Above Grade Level
1215241,141,1,M,0,Paid Lunch [0],White,ZZ,Not applicable [ZZ],,,,,N,N,N,Not homeless [Z],Z - Not homeless,Z,Not 504 Eligible[Z],EN,40.0,20.0,44.0,13.0,3.0,746.0,119.0,37.0,43.0,416.0,449.0,403.0,438.0,Level 3,Early On Grade Level
1215344,141,1,F,D,Direct Cert/Free Lunch [D],Black or African American,ZZ,Not applicable [ZZ],,,,,N,N,N,Not homeless [Z],Z - Not homeless,Z,Not 504 Eligible[Z],EN,28.0,24.0,22.0,0.0,3.0,709.0,107.0,19.0,31.5,378.0,358.0,371.0,350.0,Level 2,1 Grade Level Below
1215440,141,1,M,0,Paid Lunch [0],White,ZZ,Not applicable [ZZ],,,,,N,N,N,Not homeless [Z],Z - Not homeless,Z,Not 504 Eligible[Z],EN,40.0,28.0,39.0,13.0,4.0,740.0,117.0,33.0,40.7,397.0,411.0,395.0,398.0,Level 1,Early On Grade Level
1215473,141,1,M,F,Eligible for Free Lunch [F],Hispanic,LY,LEP in LEP classes [LY],,,,,N,N,N,Not homeless [Z],Z - Not homeless,Z,Not 504 Eligible[Z],SP,36.0,53.0,52.0,12.0,18.0,817.0,144.0,73.0,62.9,427.0,459.0,421.0,417.0,Level 4,Mid or Above Grade Level
1215500,141,2,M,F,Eligible for Free Lunch [F],Black or African American,ZZ,Not applicable [ZZ],,,,,N,N,B,Other homelessness causes [N],"N - No, Is homeless but does not meet the definiton of unaccompanied youth",Z,Not 504 Eligible[Z],EN,,,39.0,8.0,27.0,851.0,155.0,39.0,44.1,422.0,434.0,395.0,447.0,Level 3,1 Grade Level Below
1215526,141,1,F,D,Direct Cert/Free Lunch [D],Other,ZZ,Not applicable [ZZ],,,,,N,N,N,Not homeless [Z],Z - Not homeless,Z,Not 504 Eligible[Z],EN,49.0,40.0,92.0,29.0,93.0,875.0,163.0,88.0,74.7,473.0,418.0,497.0,472.0,Level 5,Mid or Above Grade Level
1215550,141,1,M,D,Direct Cert/Free Lunch [D],White,ZZ,Not applicable [ZZ],,,,,N,N,N,Not homeless [Z],Z - Not homeless,Z,Not 504 Eligible[Z],EN,26.0,36.0,20.0,2.0,0.0,728.0,113.0,27.0,37.1,393.0,423.0,409.0,335.0,Level 1,2 Grade Levels Below
1215582,141,1,M,D,Direct Cert/Free Lunch [D],White,ZZ,Not applicable [ZZ],,,,,N,N,N,Not homeless [Z],Z - Not homeless,Z,Not 504 Eligible[Z],EN,37.0,25.0,25.0,1.0,9.0,768.0,127.0,50.0,50.0,397.0,403.0,391.0,377.0,Level 3,Mid or Above Grade Level
1215590,141,1,M,D,Direct Cert/Free Lunch [D],White,ZZ,Not applicable [ZZ],,,,,N,N,N,Not homeless [Z],Z - Not homeless,Z,Not 504 Eligible[Z],EN,57.0,33.0,69.0,23.0,47.0,977.0,198.0,98.0,93.3,461.0,459.0,485.0,468.0,Level 5,Mid or Above Grade Level
1215608,141,1,M,D,Direct Cert/Free Lunch [D],Black or African American,ZZ,Not applicable [ZZ],,,,,N,N,N,Not homeless [Z],Z - Not homeless,Z,Not 504 Eligible[Z],EN,16.0,39.0,12.0,2.0,0.0,741.0,118.0,34.0,41.3,394.0,391.0,379.0,410.0,Level 1,1 Grade Level Below
1215670,141,1,M,D,Direct Cert/Free Lunch [D],Black or African American,ZZ,Not applicable [ZZ],P,P - Autism Spectrum Disorder,G,G - Language Impaired,N,Y,N,Not homeless [Z],Z - Not homeless,Z,Not 504 Eligible[Z],EN,48.0,40.0,37.0,11.0,21.0,753.0,122.0,41.0,45.2,393.0,389.0,417.0,382.0,Level 3,Mid or Above Grade Level
1215681,141,1,F,D,Direct Cert/Free Lunch [D],Hispanic,LY,LEP in LEP classes [LY],T,T - Developmentally Delayed,"D,F,G","D - Occupational Therapy,F - Speech Impaired,G - Language Impaired",N,Y,N,Not homeless [Z],Z - Not homeless,Z,Not 504 Eligible[Z],SP,18.0,0.0,,17.0,0.0,592.0,67.0,1.0,1.0,347.0,351.0,343.0,341.0,Level 1,1 Grade Level Below
1215691,141,1,M,0,Paid Lunch [0],White,ZZ,Not applicable [ZZ],,,,,N,N,N,Not homeless [Z],Z - Not homeless,Z,Not 504 Eligible[Z],EN,54.0,56.0,41.0,13.0,6.0,762.0,125.0,47.0,48.4,410.0,385.0,401.0,400.0,Level 4,Mid or Above Grade Level
1215828,141,1,F,0,Paid Lunch [0],White,ZZ,Not applicable [ZZ],,,,,N,N,N,Not homeless [Z],Z - Not homeless,Z,Not 504 Eligible[Z],EN,54.0,47.0,56.0,17.0,72.0,824.0,146.0,76.0,64.9,423.0,373.0,402.0,425.0,Level 5,Mid or Above Grade Level
1215942,141,2,M,D,Direct Cert/Free Lunch [D],White,ZZ,Not applicable [ZZ],F,F - Speech Impaired,,,N,Y,N,Not homeless [Z],Z - Not homeless,Z,Not 504 Eligible[Z],EN,,,62.0,20.0,54.0,889.0,168.0,54.0,52.1,486.0,,523.0,523.0,Level 4,Mid or Above Grade Level
1215945,141,1,F,D,Direct Cert/Free Lunch [D],White,ZZ,Not applicable [ZZ],,,,,N,N,N,Not homeless [Z],Z - Not homeless,Z,Not 504 Eligible[Z],EN,39.0,54.0,42.0,0.0,0.0,704.0,105.0,18.0,30.7,380.0,407.0,368.0,351.0,Level 3,Early On Grade Level
1215968,141,1,M,D,Direct Cert/Free Lunch [D],Hispanic,LY,LEP in LEP classes [LY],,,,,N,N,N,Not homeless [Z],Z - Not homeless,Z,Not 504 Eligible[Z],SP,8.0,33.0,18.0,3.0,0.0,750.0,121.0,39.0,44.1,356.0,386.0,360.0,346.0,Level 2,Early On Grade Level
1215996,141,1,M,D,Direct Cert/Free Lunch [D],White,ZZ,Not applicable [ZZ],F,F - Speech Impaired,,,N,Y,N,Not homeless [Z],Z - Not homeless,Z,Not 504 Eligible[Z],EN,27.0,44.0,40.0,12.0,6.0,800.0,138.0,65.0,58.1,412.0,407.0,375.0,428.0,Level 1,1 Grade Level Below
1216033,141,1,M,D,Direct Cert/Free Lunch [D],Other,ZZ,Not applicable [ZZ],,,,,N,N,N,Not homeless [Z],Z - Not homeless,Z,Not 504 Eligible[Z],EN,32.0,32.0,44.0,15.0,3.0,796.0,136.0,64.0,57.5,415.0,428.0,420.0,413.0,Level 3,Mid or Above Grade Level
1216045,141,1,M,D,Direct Cert/Free Lunch [D],Black or African American,ZZ,Not applicable [ZZ],,,,,N,N,N,Not homeless [Z],Z - Not homeless,Z,Not 504 Eligible[Z],EN,33.0,22.0,25.0,1.0,3.0,769.0,127.0,51.0,50.5,378.0,359.0,361.0,394.0,Level 2,Early On Grade Level
1216048,141,1,F,0,Paid Lunch [0],Hispanic,ZZ,Not applicable [ZZ],,,,,N,N,N,Not homeless [Z],Z - Not homeless,Z,Not 504 Eligible[Z],EN,71.0,56.0,72.0,24.0,50.0,941.0,186.0,97.0,89.6,445.0,428.0,478.0,413.0,Level 5,Mid or Above Grade Level
1216186,141,1,F,D,Direct Cert/Free Lunch [D],Black or African American,ZZ,Not applicable [ZZ],,,,,N,N,N,Not homeless [Z],Z - Not homeless,Z,Not 504 Eligible[Z],EN,33.0,35.0,22.0,0.0,5.0,789.0,134.0,61.0,55.9,398.0,365.0,408.0,424.0,Level 3,Early On Grade Level
1216208,141,1,F,D,Direct Cert/Free Lunch [D],Hispanic,LY,LEP in LEP classes [LY],,,,,N,N,N,Not homeless [Z],Z - Not homeless,Z,Not 504 Eligible[Z],SP,14.0,26.0,9.0,1.0,7.0,756.0,123.0,43.0,46.3,385.0,325.0,374.0,403.0,Level 3,1 Grade Level Below
1216232,141,1,F,D,Direct Cert/Free Lunch [D],Black or African American,ZZ,Not applicable [ZZ],,,,,N,N,N,Not homeless [Z],Z - Not homeless,Z,Not 504 Eligible[Z],EN,45.0,44.0,38.0,0.0,8.0,783.0,132.0,58.0,54.2,401.0,395.0,409.0,411.0,Level 3,Mid or Above Grade Level
1216389,141,1,M,D,Direct Cert/Free Lunch [D],Other,ZZ,Not applicable [ZZ],,,,,N,N,N,Not homeless [Z],Z - Not homeless,Z,Not 504 Eligible[Z],EN,36.0,33.0,27.0,9.0,8.0,768.0,127.0,50.0,50.0,390.0,379.0,415.0,350.0,Level 3,Mid or Above Grade Level
1216437,141,1,F,D,Direct Cert/Free Lunch [D],Black or African American,ZZ,Not applicable [ZZ],,,,,N,N,N,Not homeless [Z],Z - Not homeless,Z,Not 504 Eligible[Z],EN,33.0,28.0,24.0,8.0,4.0,771.0,128.0,52.0,51.1,400.0,386.0,358.0,463.0,Level 2,1 Grade Level Below
1216440,141,1,F,D,Direct Cert/Free Lunch [D],Hispanic,ZZ,Not applicable [ZZ],,,,,N,N,N,Not homeless [Z],Z - Not homeless,Z,Not 504 Eligible[Z],EN,43.0,40.0,67.0,22.0,85.0,858.0,157.0,84.0,70.9,474.0,425.0,459.0,526.0,Level 5,Mid or Above Grade Level
1216441,141,1,F,0,Paid Lunch [0],Hispanic,ZZ,Not applicable [ZZ],,,,,N,N,N,Not homeless [Z],Z - Not homeless,Z,Not 504 Eligible[Z],EN,35.0,27.0,26.0,7.0,8.0,773.0,129.0,53.0,51.6,414.0,422.0,408.0,437.0,Level 5,Mid or Above Grade Level
1216446,141,1,F,D,Direct Cert/Free Lunch [D],White,ZZ,Not applicable [ZZ],,,,,N,N,N,Not homeless [Z],Z - Not homeless,Z,Not 504 Eligible[Z],EN,7.0,31.0,3.0,0.0,0.0,721.0,111.0,24.0,35.1,385.0,391.0,358.0,337.0,Level 2,Early On Grade Level
1216473,141,1,M,D,Direct Cert/Free Lunch [D],Other,ZZ,Not applicable [ZZ],,,,,N,N,N,Not homeless [Z],Z - Not homeless,Z,Not 504 Eligible[Z],EN,10.0,36.0,23.0,1.0,0.0,721.0,111.0,24.0,35.1,380.0,357.0,360.0,454.0,Level 1,1 Grade Level Below
1216477,141,1,M,3,Eligible for Reduced Lunch [3],White,ZZ,Not applicable [ZZ],,,,,N,N,N,Not homeless [Z],Z - Not homeless,Z,Not 504 Eligible[Z],EN,49.0,39.0,55.0,0.0,12.0,819.0,144.0,74.0,63.5,423.0,424.0,455.0,454.0,Level 3,Mid or Above Grade Level
1216525,141,1,F,D,Direct Cert/Free Lunch [D],Other,ZZ,Not applicable [ZZ],,,,,N,N,N,Not homeless [Z],Z - Not homeless,Z,Not 504 Eligible[Z],EN,29.0,42.0,16.0,4.0,2.0,717.0,110.0,22.0,33.7,382.0,384.0,393.0,389.0,Level 2,1 Grade Level Below
1216603,141,1,F,D,Direct Cert/Free Lunch [D],Hispanic,LY,LEP in LEP classes [LY],,,,,N,N,N,Not homeless [Z],Z - Not homeless,Z,Section 504 Eligible + Plan [Y],SP,23.0,36.0,23.0,5.0,0.0,660.0,90.0,8.0,20.4,362.0,382.0,380.0,297.0,Level 1,1 Grade Level Below
1216619,141,1,M,0,Paid Lunch [0],Hispanic,ZZ,Not applicable [ZZ],,,,,N,N,N,Not homeless [Z],Z - Not homeless,Z,Not 504 Eligible[Z],EN,75.0,53.0,76.0,3.0,41.0,850.0,155.0,82.0,69.3,410.0,422.0,424.0,423.0,Level 5,Mid or Above Grade Level
1216667,141,2,M,F,Eligible for Free Lunch [F],White,ZZ,Not applicable [ZZ],,,,,N,N,N,Not homeless [Z],Z - Not homeless,Z,Not 504 Eligible[Z],EN,,,141.0,44.0,99.0,987.0,201.0,91.0,78.2,518.0,,535.0,535.0,Level 4,Mid or Above Grade Level
1216670,141,1,F,F,Eligible for Free Lunch [F],White,ZZ,Not applicable [ZZ],F,F - Speech Impaired,,,N,Y,N,Not homeless [Z],Z - Not homeless,Z,Not 504 Eligible[Z],EN,29.0,14.0,26.0,8.0,1.0,759.0,124.0,45.0,47.4,403.0,368.0,395.0,441.0,Level 3,1 Grade Level Below
1216752,141,1,M,D,Direct Cert/Free Lunch [D],Black or African American,ZZ,Not applicable [ZZ],,,,,N,N,N,Not homeless [Z],Z - Not homeless,Z,Not 504 Eligible[Z],EN,45.0,38.0,25.0,5.0,3.0,748.0,120.0,38.0,43.6,372.0,377.0,389.0,363.0,Level 1,Early On Grade Level
1216763,141,1,F,D,Direct Cert/Free Lunch [D],Hispanic,LY,LEP in LEP classes [LY],,,,,N,N,N,Not homeless [Z],Z - Not homeless,Z,Not 504 Eligible[Z],ZF,18.0,2.0,17.0,0.0,0.0,723.0,112.0,25.0,35.8,345.0,371.0,329.0,354.0,Level 1,1 Grade Level Below
1216783,141,2,F,F,Eligible for Free Lunch [F],Hispanic,LY,LEP in LEP classes [LY],,,,,N,N,N,Not homeless [Z],Z - Not homeless,Z,Not 504 Eligible[Z],SP,,,45.0,15.0,17.0,775.0,129.0,14.0,27.2,411.0,397.0,416.0,394.0,Level 2,1 Grade Level Below
1216784,141,1,F,F,Eligible for Free Lunch [F],Hispanic,LY,LEP in LEP classes [LY],,,,,N,N,N,Not homeless [Z],Z - Not homeless,Z,Not 504 Eligible[Z],SP,40.0,45.0,28.0,8.0,21.0,778.0,130.0,56.0,53.2,407.0,402.0,484.0,342.0,Level 3,Mid or Above Grade Level
1216789,141,2,F,D,Direct Cert/Free Lunch [D],White,ZZ,Not applicable [ZZ],,,,,N,N,N,Not homeless [Z],Z - Not homeless,Z,Not 504 Eligible[Z],EN,,,42.0,14.0,59.0,912.0,176.0,64.0,57.5,464.0,,490.0,372.0,Level 4,Early On Grade Level
1216801,141,1,F,D,Direct Cert/Free Lunch [D],Hispanic,LY,LEP in LEP classes [LY],,,,,N,N,N,Not homeless [Z],Z - Not homeless,Z,Not 504 Eligible[Z],SP,12.0,41.0,17.0,1.0,2.0,770.0,128.0,52.0,51.1,404.0,412.0,423.0,394.0,Level 3,Mid or Above Grade Level
1216852,141,1,M,D,Direct Cert/Free Lunch [D],Hispanic,ZZ,Not applicable [ZZ],,,,,N,N,N,Not homeless [Z],Z - Not homeless,Z,Not 504 Eligible[Z],EN,13.0,30.0,26.0,5.0,2.0,751.0,121.0,40.0,44.7,370.0,338.0,401.0,275.0,Level 1,1 Grade Level Below
1216989,141,2,M,0,Paid Lunch [0],Asian,LY,LEP in LEP classes [LY],,,,,N,N,N,Not homeless [Z],Z - Not homeless,Z,Not 504 Eligible[Z],EN,,,52.0,13.0,21.0,773.0,129.0,14.0,27.2,372.0,354.0,378.0,334.0,Level 1,1 Grade Level Below
1217001,141,1,F,D,Direct Cert/Free Lunch [D],White,ZZ,Not applicable [ZZ],,,,,N,N,N,Not homeless [Z],Z - Not homeless,Z,Section 504 Eligible + Plan [Y],EN,16.0,29.0,15.0,3.0,0.0,727.0,113.0,26.0,36.5,409.0,386.0,370.0,445.0,Level 1,1 Grade Level Below
1217148,141,1,M,D,Direct Cert/Free Lunch [D],Black or African American,LY,LEP in LEP classes [LY],,,,,N,N,N,Not homeless [Z],Z - Not homeless,Z,Not 504 Eligible[Z],ZF,46.0,36.0,37.0,23.0,24.0,678.0,96.0,11.0,24.2,379.0,396.0,382.0,346.0,Level 2,1 Grade Level Below
1217184,141,1,M,D,Direct Cert/Free Lunch [D],White,ZZ,Not applicable [ZZ],,,,,N,N,N,Not homeless [Z],Z - Not homeless,Z,Not 504 Eligible[Z],EN,25.0,32.0,21.0,7.0,4.0,753.0,122.0,41.0,45.2,387.0,358.0,358.0,387.0,Level 3,1 Grade Level Below
1217216,141,1,M,D,Direct Cert/Free Lunch [D],White,ZZ,Not applicable [ZZ],,,,,N,N,N,Not homeless [Z],Z - Not homeless,Z,Not 504 Eligible[Z],EN,1.0,17.0,6.0,0.0,0.0,667.0,93.0,9.0,21.8,397.0,382.0,377.0,458.0,Level 1,1 Grade Level Below
1217248,141,1,M,D,Direct Cert/Free Lunch [D],White,ZZ,Not applicable [ZZ],,,,,N,N,N,Not homeless [Z],Z - Not homeless,Z,Not 504 Eligible[Z],EN,16.0,44.0,24.0,0.0,8.0,743.0,118.0,35.0,41.9,406.0,416.0,366.0,453.0,Level 2,Early On Grade Level
1217398,141,1,F,D,Direct Cert/Free Lunch [D],Hispanic,LY,LEP in LEP classes [LY],,,,,N,N,N,Not homeless [Z],Z - Not homeless,Z,Not 504 Eligible[Z],SP,66.0,48.0,68.0,17.0,33.0,886.0,167.0,90.0,77.0,428.0,436.0,436.0,432.0,Level 4,Mid or Above Grade Level
1217525,141,1,M,D,Direct Cert/Free Lunch [D],White,ZZ,Not applicable [ZZ],F,F - Speech Impaired,,,N,Y,N,Not homeless [Z],Z - Not homeless,Z,Not 504 Eligible[Z],EN,46.0,38.0,57.0,0.0,5.0,778.0,130.0,56.0,53.2,416.0,391.0,426.0,428.0,Level 3,Early On Grade Level
1217708,141,1,F,D,Direct Cert/Free Lunch [D],Black or African American,ZZ,Not applicable [ZZ],,,,,N,N,N,Not homeless [Z],Z - Not homeless,Z,Not 504 Eligible[Z],EN,40.0,36.0,32.0,9.0,4.0,763.0,125.0,47.0,48.4,417.0,438.0,438.0,438.0,Level 2,1 Grade Level Below
1217841,141,1,F,D,Direct Cert/Free Lunch [D],Black or African American,ZZ,Not applicable [ZZ],,,,,N,N,N,Not homeless [Z],Z - Not homeless,Z,Not 504 Eligible[Z],EN,33.0,22.0,24.0,6.0,7.0,690.0,101.0,14.0,27.2,361.0,361.0,426.0,321.0,Level 1,1 Grade Level Below
1218028,141,1,F,D,Direct Cert/Free Lunch [D],Hispanic,ZZ,Tested - not eligible [TZ],,,,,N,N,N,Not homeless [Z],Z - Not homeless,Z,Not 504 Eligible[Z],SP,42.0,36.0,42.0,14.0,2.0,859.0,158.0,84.0,70.9,425.0,452.0,416.0,441.0,Level 5,Mid or Above Grade Level
1218046,141,1,F,0,Paid Lunch [0],Hispanic,ZZ,Tested - not eligible [TZ],,,,,N,N,N,Not homeless [Z],Z - Not homeless,Z,Not 504 Eligible[Z],SP,41.0,37.0,39.0,13.0,5.0,849.0,154.0,81.0,68.5,403.0,405.0,386.0,411.0,Level 2,Early On Grade Level
1218239,141,1,F,D,Direct Cert/Free Lunch [D],Hispanic,ZZ,Not applicable [ZZ],,,,,N,N,N,Not homeless [Z],Z - Not homeless,Z,Not 504 Eligible[Z],EN,10.0,17.0,19.0,1.0,0.0,728.0,113.0,27.0,37.1,396.0,388.0,354.0,420.0,Level 1,1 Grade Level Below
1218304,141,1,F,F,Eligible for Free Lunch [F],Hispanic,LY,LEP in LEP classes [LY],,,,,N,N,N,Not homeless [Z],Not homeless [Z],Z,Not 504 Eligible[Z],SP,22.0,3.0,12.0,3.0,0.0,741.0,118.0,34.0,41.3,375.0,400.0,389.0,357.0,Level 3,Early On Grade Level
1218328,141,2,M,F,Eligible for Free Lunch [F],Black or African American,ZZ,Not applicable [ZZ],,,,,N,N,N,Not homeless [Z],Z - Not homeless,Z,Not 504 Eligible[Z],EN,,,,,,,,,,,,,,Level 1,
1218479,141,1,F,F,Eligible for Free Lunch [F],Hispanic,LY,LEP in LEP classes [LY],,,,,N,N,N,Not homeless [Z],Z - Not homeless,Z,Not 504 Eligible[Z],SP,0.0,0.0,0.0,0.0,0.0,602.0,71.0,2.0,6.7,307.0,326.0,217.0,318.0,Level 1,1 Grade Level Below
1218523,141,2,F,D,Direct Cert/Free Lunch [D],White,ZZ,Not applicable [ZZ],,,,,N,N,N,Not homeless [Z],Z - Not homeless,Z,Not 504 Eligible[Z],EN,,,31.0,7.0,22.0,785.0,133.0,17.0,29.9,414.0,405.0,383.0,425.0,Level 1,1 Grade Level Below
1218567,141,2,F,D,Direct Cert/Free Lunch [D],Hispanic,ZZ,Not applicable [ZZ],,,,,N,N,N,Not homeless [Z],Z - Not homeless,Z,Not 504 Eligible[Z],EN,,,27.0,7.0,16.0,790.0,134.0,18.0,30.7,424.0,383.0,402.0,461.0,Level 2,1 Grade Level Below
1218620,141,1,M,F,Eligible for Free Lunch [F],White,ZZ,Not applicable [ZZ],,,,,N,N,N,Not homeless [Z],Z - Not homeless,Z,Not 504 Eligible[Z],EN,30.0,24.0,30.0,8.0,21.0,901.0,172.0,92.0,79.6,417.0,443.0,396.0,469.0,Level 4,Mid or Above Grade Level
1218704,141,1,F,F,Eligible for Free Lunch [F],Other,ZZ,Not applicable [ZZ],,,,,N,N,N,Not homeless [Z],Z - Not homeless,Z,Not 504 Eligible[Z],EN,53.0,34.0,23.0,6.0,16.0,781.0,131.0,57.0,53.7,404.0,404.0,388.0,388.0,Level 3,Early On Grade Level
1218716,141,1,M,F,Eligible for Free Lunch [F],Hispanic,LY,LEP in LEP classes [LY],,,,,N,N,N,Not homeless [Z],Z - Not homeless,Z,Not 504 Eligible[Z],SP,8.0,24.0,7.0,0.0,0.0,621.0,77.0,3.0,10.4,317.0,316.0,333.0,311.0,Level 1,1 Grade Level Below
1218926,141,1,M,D,Direct Cert/Free Lunch [D],Hispanic,LY,LEP in LEP classes [LY],,,,,N,N,N,Not homeless [Z],Z - Not homeless,Z,Not 504 Eligible[Z],SP,0.0,0.0,0.0,0.0,,605.0,72.0,2.0,6.7,296.0,299.0,329.0,271.0,Level 2,1 Grade Level Below
1219113,141,2,F,D,Direct Cert/Free Lunch [D],White,ZZ,Not applicable [ZZ],,,,,N,N,N,Not homeless [Z],Z - Not homeless,Z,Not 504 Eligible[Z],EN,,,24.0,4.0,32.0,931.0,182.0,72.0,62.3,468.0,,466.0,451.0,Level 5,Early On Grade Level
1219238,141,2,M,0,Paid Lunch [0],Hispanic,ZZ,Not applicable [ZZ],,,,,N,N,N,Not homeless [Z],Z - Not homeless,Z,Not 504 Eligible[Z],EN,,,86.0,24.0,50.0,881.0,165.0,51.0,50.5,465.0,,517.0,500.0,Level 3,Early On Grade Level
1219532,141,1,F,D,Direct Cert/Free Lunch [D],Black or African American,ZZ,Not applicable [ZZ],,,,,N,N,N,Not homeless [Z],Z - Not homeless,Z,Not 504 Eligible[Z],EN,28.0,8.0,27.0,4.0,6.0,726.0,113.0,26.0,36.5,381.0,349.0,358.0,389.0,Level 4,1 Grade Level Below
1219732,141,1,F,F,Eligible for Free Lunch [F],White,ZZ,Not applicable [ZZ],,,,,N,N,N,Not homeless [Z],Z - Not homeless,Z,Not 504 Eligible[Z],EN,49.0,29.0,70.0,13.0,48.0,906.0,174.0,93.0,81.1,423.0,433.0,437.0,327.0,Level 4,Mid or Above Grade Level
1220412,141,1,F,0,Paid Lunch [0],Hispanic,LY,LEP in LEP classes [LY],,,,,N,N,N,Not homeless [Z],Z - Not homeless,Z,Not 504 Eligible[Z],SP,0.0,0.0,0.0,0.0,0.0,529.0,46.0,1.0,1.0,302.0,352.0,252.0,304.0,Level 1,1 Grade Level Below
1220531,141,2,M,0,Paid Lunch [0],White,ZZ,Not applicable [ZZ],,,,,N,N,N,Not homeless [Z],Z - Not homeless,Z,Not 504 Eligible[Z],EN,,,18.0,3.0,21.0,752.0,122.0,8.0,20.4,413.0,395.0,399.0,453.0,Level 2,Early On Grade Level
1221362,141,2,M,F,Eligible for Free Lunch [F],Hispanic,LY,LEP in LEP classes [LY],,,,,N,N,N,Not homeless [Z],Z - Not homeless,Z,Not 504 Eligible[Z],SP,,,0.0,0.0,0.0,615.0,75.0,1.0,1.0,345.0,317.0,374.0,346.0,Level 1,2 Grade Levels Below
1221537,141,2,F,D,Direct Cert/Free Lunch [D],White,ZZ,Not applicable [ZZ],,,,,N,N,N,Not homeless [Z],Z - Not homeless,Z,Not 504 Eligible[Z],EN,,,36.0,8.0,56.0,822.0,145.0,29.0,38.3,461.0,,518.0,482.0,Level 3,1 Grade Level Below
1221594,141,2,M,0,Paid Lunch [0],Hispanic,ZZ,Not applicable [ZZ],,,,,N,N,N,Not homeless [Z],Z - Not homeless,Z,Not 504 Eligible[Z],EN,,,43.0,11.0,7.0,777.0,130.0,15.0,28.2,402.0,373.0,366.0,473.0,Level 4,Early On Grade Level
1221866,141,2,M,F,Eligible for Free Lunch [F],Hispanic,LY,LEP in LEP classes [LY],,,,,N,N,N,Not homeless [Z],Z - Not homeless,Z,Not 504 Eligible[Z],SP,,,,,,746.0,119.0,7.0,18.9,350.0,295.0,379.0,357.0,Level 1,1 Grade Level Below
1222065,141,2,F,0,Paid Lunch [0],Hispanic,ZZ,Not applicable [ZZ],,,,,N,N,N,Not homeless [Z],Z - Not homeless,Z,Not 504 Eligible[Z],EN,,,,,,,,,,472.0,,466.0,470.0,Level 3,Early On Grade Level
1222128,141,1,F,F,Eligible for Free Lunch [F],Other,ZZ,Not applicable [ZZ],,,,,N,N,N,Not homeless [Z],Z - Not homeless,Z,Not 504 Eligible[Z],EN,,,,,,,,,,445.0,426.0,428.0,435.0,Level 4,Mid or Above Grade Level
1222156,141,2,M,F,Eligible for Free Lunch [F],White,ZZ,Not applicable [ZZ],,,,,N,N,N,Not homeless [Z],Z - Not homeless,Z,Not 504 Eligible[Z],EN,,,,,,,,,,393.0,359.0,390.0,393.0,Level 1,2 Grade Levels Below
1222165,141,2,F,F,Eligible for Free Lunch [F],Black or African American,ZZ,Tested - not eligible [TZ],T,T - Developmentally Delayed,,,N,Y,N,Not homeless [Z],Z - Not homeless,Z,Not 504 Eligible[Z],HC,,,,,,,,,,429.0,,465.0,385.0,Level 2,1 Grade Level Below
1222252,141,1,M,F,Eligible for Free Lunch [F],Black or African American,LY,LEP in LEP classes [LY],P,P - Autism Spectrum Disorder,G,G - Language Impaired,N,Y,N,Not homeless [Z],Z - Not homeless,Z,Not 504 Eligible[Z],HC,,,,,,,,,,338.0,332.0,358.0,319.0,Level 1,2 Grade Levels Below
1222866,141,1,F,F,Eligible for Free Lunch [F],Hispanic,LY,LEP in LEP classes [LY],,,,,N,N,N,Not homeless [Z],Z - Not homeless,Z,Not 504 Eligible[Z],SP,,,,,,,,,,,,,,Level 2,1 Grade Level Below
1223659,141,1,M,F,Eligible for Free Lunch [F],Hispanic,LY,LEP in LEP classes [LY],,,,,N,N,B,Other homelessness causes [N],"N - No, Is homeless but does not meet the definiton of unaccompanied youth",Z,Not 504 Eligible[Z],SP,,,,,,,,,,,,,,Level 1,
1223733,141,2,M,3,Eligible for Reduced Lunch [3],White,ZZ,Not applicable [ZZ],,,,,N,N,N,Not homeless [Z],Z - Not homeless,Z,Not 504 Eligible[Z],EN,,,,,,,,,,,,,,Level 3,
1200616,151,1,F,D,Direct Cert/Free Lunch [D],Black or African American,ZZ,Not applicable [ZZ],F,F - Speech Impaired,,,N,Y,N,Not homeless [Z],Z - Not homeless,Z,Not 504 Eligible[Z],EN,41.0,15.0,14.0,1.0,2.0,773.0,129.0,59.0,54.8,368.0,370.0,412.0,318.0,Level 3,1 Grade Level Below
1201273,151,2,M,D,Direct Cert/Free Lunch [D],Other,ZZ,Not applicable [ZZ],W,W - Intellectual Disability,"F,X","F - Speech Impaired,X - Language Therapy (Other)",N,Y,B,Other homelessness causes [N],"N - No, Is homeless but does not meet the definiton of unaccompanied youth",Z,Not 504 Eligible[Z],EN,,,1.0,0.0,0.0,744.0,119.0,8.0,20.4,354.0,419.0,292.0,341.0,Level 2,2 Grade Levels Below
1204091,151,2,F,D,Direct Cert/Free Lunch [D],Black or African American,ZZ,Not applicable [ZZ],G,G - Language Impaired,,,N,Y,N,Not homeless [Z],Z - Not homeless,Z,Not 504 Eligible[Z],EN,,,17.0,7.0,71.0,833.0,149.0,36.0,42.5,440.0,,465.0,418.0,Level 1,1 Grade Level Below
1204225,151,2,M,D,Direct Cert/Free Lunch [D],Black or African American,ZZ,Not applicable [ZZ],,,,,N,N,N,Not homeless [Z],Z - Not homeless,Z,Not 504 Eligible[Z],EN,,,27.0,3.0,5.0,748.0,120.0,9.0,21.8,389.0,361.0,373.0,403.0,Level 1,1 Grade Level Below
1206041,151,2,F,D,Direct Cert/Free Lunch [D],Black or African American,ZZ,Not applicable [ZZ],K,K - Specific Learning Disabled,"F,G","F - Speech Impaired,G - Language Impaired",N,Y,N,Not homeless [Z],Z - Not homeless,Z,Not 504 Eligible[Z],EN,,,21.0,5.0,2.0,615.0,75.0,3.0,10.4,398.0,395.0,360.0,411.0,Level 1,2 Grade Levels Below
1206166,151,2,F,D,Direct Cert/Free Lunch [D],Black or African American,ZZ,Not applicable [ZZ],P,P - Autism Spectrum Disorder,G,G - Language Impaired,N,Y,N,Not homeless [Z],Z - Not homeless,Z,Not 504 Eligible[Z],EN,,,98.0,30.0,75.0,911.0,175.0,67.0,59.3,477.0,,477.0,484.0,Level 3,Early On Grade Level
1206439,151,2,M,D,Direct Cert/Free Lunch [D],Hispanic,ZZ,Not applicable [ZZ],,,,,N,N,N,Not homeless [Z],Not homeless [Z],Z,Not 504 Eligible[Z],EN,,,46.0,11.0,35.0,869.0,161.0,49.0,49.5,461.0,,540.0,416.0,Level 3,1 Grade Level Below
1207085,151,2,M,D,Direct Cert/Free Lunch [D],Hispanic,ZZ,Not applicable [ZZ],,,,,N,N,N,Not homeless [Z],Z - Not homeless,Z,Not 504 Eligible[Z],EN,,,51.0,12.0,54.0,817.0,144.0,30.0,39.0,457.0,,459.0,435.0,Level 2,Early On Grade Level
1207322,151,2,M,D,Direct Cert/Free Lunch [D],Hispanic,ZZ,Not applicable [ZZ],T,T - Developmentally Delayed,"F,G","F - Speech Impaired,G - Language Impaired",N,Y,N,Not homeless [Z],Z - Not homeless,Z,Not 504 Eligible[Z],SP,,,9.0,0.0,4.0,737.0,116.0,7.0,18.9,363.0,374.0,351.0,350.0,Level 1,1 Grade Level Below
1208344,151,2,M,D,Direct Cert/Free Lunch [D],Black or African American,ZZ,Not applicable [ZZ],,,,,N,N,B,Other homelessness causes [N],"N - No, Is homeless but does not meet the definiton of unaccompanied youth",Z,Not 504 Eligible[Z],EN,,,38.0,12.0,17.0,788.0,134.0,20.0,32.3,428.0,,482.0,397.0,Level 1,2 Grade Levels Below
1209024,151,2,F,3,Eligible for Reduced Lunch [3],White,ZZ,Not applicable [ZZ],,,,,N,N,N,Not homeless [Z],Z - Not homeless,Z,Not 504 Eligible[Z],EN,,,80.0,25.0,80.0,941.0,186.0,79.0,67.0,514.0,,516.0,512.0,Level 4,Mid or Above Grade Level
1209340,151,2,M,D,Direct Cert/Free Lunch [D],Black or African American,ZZ,Not applicable [ZZ],,,,,N,N,N,Not homeless [Z],Z - Not homeless,Z,Not 504 Eligible[Z],EN,,,18.0,3.0,5.0,738.0,117.0,7.0,18.9,411.0,465.0,405.0,416.0,Level 1,2 Grade Levels Below
1209513,151,2,M,D,Direct Cert/Free Lunch [D],Black or African American,ZZ,Not applicable [ZZ],,,,,N,N,N,Not homeless [Z],Z - Not homeless,Z,Not 504 Eligible[Z],EN,,,45.0,13.0,29.0,836.0,150.0,37.0,43.0,465.0,,496.0,495.0,Level 2,1 Grade Level Below
1210012,151,2,M,D,Direct Cert/Free Lunch [D],Black or African American,ZZ,Not applicable [ZZ],,,,,N,N,N,Not homeless [Z],Z - Not homeless,Z,Section 504 Eligible + Plan [Y],EN,,,21.0,8.0,13.0,615.0,75.0,3.0,10.4,372.0,404.0,395.0,371.0,Level 1,2 Grade Levels Below
1210014,151,2,M,D,Direct Cert/Free Lunch [D],Asian,ZZ,Tested - not eligible [TZ],,,,,N,N,N,Not homeless [Z],Z - Not homeless,Z,Not 504 Eligible[Z],UR,,,67.0,22.0,118.0,968.0,195.0,88.0,74.7,548.0,,519.0,539.0,Level 5,Mid or Above Grade Level
1210018,151,2,M,D,Direct Cert/Free Lunch [D],Other,ZZ,Not applicable [ZZ],,,,,N,N,N,Not homeless [Z],Z - Not homeless,Z,Not 504 Eligible[Z],EN,,,29.0,9.0,25.0,856.0,157.0,44.0,46.8,451.0,,490.0,450.0,Level 3,Early On Grade Level
1210169,151,2,F,D,Direct Cert/Free Lunch [D],Black or African American,ZZ,Not applicable [ZZ],,,,,N,N,N,Not homeless [Z],Z - Not homeless,Z,Not 504 Eligible[Z],EN,,,59.0,19.0,10.0,794.0,136.0,22.0,33.7,427.0,408.0,394.0,452.0,Level 1,1 Grade Level Below
1210184,151,1,F,D,Direct Cert/Free Lunch [D],Black or African American,ZZ,Not applicable [ZZ],,,,,N,N,N,Not homeless [Z],Z - Not homeless,Z,Not 504 Eligible[Z],EN,29.0,8.0,10.0,0.0,0.0,688.0,100.0,16.0,29.1,366.0,377.0,350.0,356.0,Level 1,1 Grade Level Below
1210373,151,2,F,D,Direct Cert/Free Lunch [D],Black or African American,ZZ,Not applicable [ZZ],,,,,N,N,N,Not homeless [Z],Z - Not homeless,Z,Not 504 Eligible[Z],EN,,,27.0,6.0,17.0,759.0,124.0,12.0,25.3,442.0,,460.0,443.0,Level 2,Early On Grade Level
1210374,151,2,M,D,Direct Cert/Free Lunch [D],Hispanic,ZZ,Tested - not eligible [TZ],,,,,N,N,N,Not homeless [Z],Z - Not homeless,Z,Not 504 Eligible[Z],SP,,,54.0,15.0,65.0,948.0,188.0,81.0,68.5,536.0,,552.0,497.0,Level 4,Mid or Above Grade Level
1210456,151,2,F,D,Direct Cert/Free Lunch [D],Other,ZZ,Not applicable [ZZ],,,,,N,N,N,Not homeless [Z],Z - Not homeless,Z,Not 504 Eligible[Z],EN,,,48.0,12.0,11.0,779.0,131.0,17.0,29.9,431.0,,447.0,419.0,Level 2,1 Grade Level Below
1210618,151,1,M,D,Direct Cert/Free Lunch [D],Black or African American,LY,LEP in LEP classes [LY],P,P - Autism Spectrum Disorder,G,G - Language Impaired,N,Y,N,Not homeless [Z],Z - Not homeless,Z,Not 504 Eligible[Z],HC,,,,,,596.0,69.0,1.0,1.0,286.0,283.0,249.0,331.0,Level 1,2 Grade Levels Below
1210740,151,1,M,D,Direct Cert/Free Lunch [D],Other,ZZ,Not applicable [ZZ],,,,,N,N,N,Not homeless [Z],Z - Not homeless,Z,Not 504 Eligible[Z],EN,53.0,23.0,23.0,4.0,19.0,798.0,137.0,70.0,61.0,429.0,459.0,453.0,403.0,Level 4,Mid or Above Grade Level
1210741,151,1,M,0,Paid Lunch [0],Black or African American,ZZ,Not applicable [ZZ],P,P - Autism Spectrum Disorder,G,G - Language Impaired,N,Y,N,Not homeless [Z],Z - Not homeless,Z,Not 504 Eligible[Z],EN,,,,,,568.0,59.0,1.0,1.0,275.0,299.0,288.0,248.0,Level 1,1 Grade Level Below
1211081,151,1,F,D,Direct Cert/Free Lunch [D],Black or African American,ZZ,Not applicable [ZZ],,,,,N,N,N,Not homeless [Z],Z - Not homeless,Z,Not 504 Eligible[Z],EN,25.0,0.0,0.0,0.0,,724.0,112.0,29.0,38.3,386.0,369.0,378.0,414.0,Level 3,1 Grade Level Below
1211303,151,2,F,D,Direct Cert/Free Lunch [D],Black or African American,ZZ,Not applicable [ZZ],,,,,N,N,N,Not homeless [Z],Z - Not homeless,Z,Not 504 Eligible[Z],EN,,,64.0,17.0,49.0,801.0,138.0,24.0,35.1,460.0,,449.0,424.0,Level 2,Early On Grade Level
1211409,151,2,M,F,Eligible for Free Lunch [F],Hispanic,LY,LEP in LEP classes [LY],,,,,N,N,N,Not homeless [Z],Z - Not homeless,Z,Not 504 Eligible[Z],SP,,,68.0,20.0,20.0,767.0,127.0,14.0,27.2,450.0,,437.0,473.0,Level 1,Early On Grade Level
1211420,151,2,F,D,Direct Cert/Free Lunch [D],Black or African American,ZZ,Not applicable [ZZ],,,,,N,N,N,Not homeless [Z],Z - Not homeless,Z,Not 504 Eligible[Z],EN,,,14.0,28.0,79.0,871.0,162.0,50.0,50.0,461.0,,458.0,445.0,Level 1,1 Grade Level Below
1211674,151,2,M,0,Paid Lunch [0],White,ZZ,Not applicable [ZZ],,,,,N,N,N,Not homeless [Z],Z - Not homeless,Z,Not 504 Eligible[Z],EN,,,72.0,23.0,50.0,879.0,165.0,53.0,51.6,453.0,,452.0,472.0,Level 3,Mid or Above Grade Level
1211754,151,1,M,D,Direct Cert/Free Lunch [D],Black or African American,ZZ,Not applicable [ZZ],T,T - Developmentally Delayed,"F,G","F - Speech Impaired,G - Language Impaired",N,Y,N,Not homeless [Z],Z - Not homeless,Z,Not 504 Eligible[Z],EN,34.0,31.0,14.0,1.0,0.0,741.0,118.0,41.0,45.2,393.0,387.0,390.0,384.0,Level 3,1 Grade Level Below
1211861,151,2,F,D,Direct Cert/Free Lunch [D],Black or African American,ZZ,Not applicable [ZZ],,,,,N,N,N,Not homeless [Z],Z - Not homeless,Z,Not 504 Eligible[Z],EN,,,44.0,14.0,62.0,797.0,137.0,23.0,34.4,433.0,,448.0,419.0,Level 2,Early On Grade Level
1211881,151,2,F,D,Direct Cert/Free Lunch [D],White,ZZ,Not applicable [ZZ],F,F - Speech Impaired,,,N,Y,N,Not homeless [Z],Z - Not homeless,Z,Not 504 Eligible[Z],EN,,,27.0,8.0,94.0,940.0,185.0,78.0,66.3,475.0,,459.0,461.0,Level 5,Mid or Above Grade Level
1211939,151,1,F,D,Direct Cert/Free Lunch [D],Black or African American,ZZ,Not applicable [ZZ],,,,,N,N,N,Not homeless [Z],Z - Not homeless,Z,Not 504 Eligible[Z],EN,43.0,44.0,26.0,0.0,0.0,733.0,115.0,35.0,41.9,415.0,448.0,362.0,468.0,Level 3,Early On Grade Level
1211989,151,2,M,D,Direct Cert/Free Lunch [D],Black or African American,ZZ,Not applicable [ZZ],,,,,N,N,N,Not homeless [Z],Z - Not homeless,Z,Not 504 Eligible[Z],EN,,,45.0,12.0,95.0,866.0,160.0,48.0,48.9,514.0,,568.0,506.0,Level 4,Mid or Above Grade Level
1212203,151,2,F,D,Direct Cert/Free Lunch [D],Black or African American,ZZ,Not applicable [ZZ],,,,,N,N,B,Other homelessness causes [N],"N - No, Is homeless but does not meet the definiton of unaccompanied youth",Z,Not 504 Eligible[Z],EN,,,43.0,13.0,26.0,805.0,139.0,26.0,36.5,424.0,412.0,408.0,464.0,Level 2,1 Grade Level Below
1212293,151,1,M,D,Direct Cert/Free Lunch [D],Other,ZZ,Not applicable [ZZ],F,F - Speech Impaired,,,N,Y,N,Not homeless [Z],Z - Not homeless,Z,Not 504 Eligible[Z],EN,13.0,0.0,0.0,0.0,0.0,647.0,86.0,7.0,18.9,375.0,348.0,356.0,389.0,Level 3,1 Grade Level Below
1212306,151,2,M,D,Direct Cert/Free Lunch [D],Hispanic,LY,LEP in LEP classes [LY],,,,,N,N,N,Not homeless [Z],Z - Not homeless,Z,Not 504 Eligible[Z],SP,,,42.0,14.0,59.0,830.0,148.0,35.0,41.9,414.0,,436.0,441.0,Level 3,Early On Grade Level
1212428,151,1,F,D,Direct Cert/Free Lunch [D],Black or African American,ZZ,Not applicable [ZZ],,,,,N,N,N,Not homeless [Z],Z - Not homeless,Z,Not 504 Eligible[Z],EN,18.0,27.0,19.0,3.0,1.0,736.0,116.0,37.0,43.0,403.0,439.0,400.0,428.0,Level 1,1 Grade Level Below
1212430,151,2,M,D,Direct Cert/Free Lunch [D],Hispanic,ZZ,Not applicable [ZZ],,,,,N,N,N,Not homeless [Z],Z - Not homeless,Z,Not 504 Eligible[Z],EN,,,39.0,0.0,5.0,778.0,130.0,17.0,29.9,392.0,399.0,362.0,332.0,Level 1,2 Grade Levels Below
1212484,151,2,F,D,Direct Cert/Free Lunch [D],Black or African American,ZZ,Not applicable [ZZ],,,,,N,N,N,Not homeless [Z],Z - Not homeless,Z,Not 504 Eligible[Z],EN,,,36.0,12.0,5.0,615.0,75.0,3.0,10.4,383.0,326.0,406.0,421.0,Level 1,1 Grade Level Below
1212583,151,2,M,D,Direct Cert/Free Lunch [D],Hispanic,LY,LEP in LEP classes [LY],,,,,N,N,N,Not homeless [Z],Z - Not homeless,Z,Not 504 Eligible[Z],SP,,,48.0,13.0,47.0,764.0,126.0,13.0,26.3,427.0,,471.0,424.0,Level 1,1 Grade Level Below
1212608,151,2,F,D,Direct Cert/Free Lunch [D],Other,ZZ,Not applicable [ZZ],,,,,N,N,B,Other homelessness causes [N],"N - No, Is homeless but does not meet the definiton of unaccompanied youth",Z,Not 504 Eligible[Z],EN,,,45.0,15.0,26.0,805.0,139.0,26.0,36.5,417.0,394.0,392.0,446.0,Level 3,Early On Grade Level
1212619,151,2,M,D,Direct Cert/Free Lunch [D],Black or African American,ZZ,Not applicable [ZZ],,,,,N,N,N,Not homeless [Z],Z - Not homeless,Z,Not 504 Eligible[Z],EN,,,34.0,9.0,14.0,615.0,75.0,3.0,10.4,396.0,,430.0,415.0,Level 1,1 Grade Level Below
1212657,151,1,M,D,Direct Cert/Free Lunch [D],Other,ZZ,Not applicable [ZZ],,,,,N,N,N,Not homeless [Z],Z - Not homeless,Z,Section 504 Eligible + Plan [Y],EN,6.0,8.0,2.0,0.0,0.0,743.0,118.0,42.0,45.8,348.0,344.0,332.0,384.0,Level 3,Mid or Above Grade Level
1212740,151,1,F,D,Direct Cert/Free Lunch [D],Black or African American,ZZ,Not applicable [ZZ],,,,,N,N,N,Not homeless [Z],Z - Not homeless,Z,Not 504 Eligible[Z],EN,32.0,21.0,20.0,0.0,,728.0,113.0,32.0,40.1,396.0,370.0,416.0,365.0,Level 1,1 Grade Level Below
1212743,151,2,F,F,Eligible for Free Lunch [F],Hispanic,LY,LEP in LEP classes [LY],,,,,N,N,N,Not homeless [Z],Z - Not homeless,Z,Not 504 Eligible[Z],SP,,,108.0,28.0,34.0,808.0,141.0,27.0,37.1,385.0,,446.0,359.0,Level 1,1 Grade Level Below
1212784,151,1,F,D,Direct Cert/Free Lunch [D],White,ZZ,Not applicable [ZZ],,,,,N,N,N,Not homeless [Z],Z - Not homeless,Z,Not 504 Eligible[Z],EN,29.0,6.0,0.0,0.0,,693.0,102.0,17.0,29.9,352.0,317.0,340.0,311.0,Level 1,2 Grade Levels Below
1212801,151,2,M,0,Paid Lunch [0],Hispanic,LY,LEP in LEP classes [LY],,,,,N,N,N,Not homeless [Z],Z - Not homeless,Z,Not 504 Eligible[Z],SP,,,32.0,10.0,3.0,749.0,121.0,9.0,21.8,383.0,405.0,381.0,346.0,Level 1,2 Grade Levels Below
1212831,151,1,F,D,Direct Cert/Free Lunch [D],Black or African American,ZZ,Not applicable [ZZ],G,G - Language Impaired,,,N,Y,N,Not homeless [Z],Z - Not homeless,Z,Not 504 Eligible[Z],EN,33.0,3.0,18.0,0.0,,671.0,94.0,12.0,25.3,363.0,392.0,362.0,350.0,Level 1,1 Grade Level Below
1212833,151,2,M,F,Eligible for Free Lunch [F],Hispanic,LY,LEP in LEP classes [LY],,,,,N,N,N,Not homeless [Z],Z - Not homeless,Z,Not 504 Eligible[Z],SP,,,95.0,30.0,83.0,947.0,188.0,81.0,68.5,496.0,,574.0,509.0,Level 3,Mid or Above Grade Level
1213028,151,2,F,D,Direct Cert/Free Lunch [D],Black or African American,ZZ,Not applicable [ZZ],,,,,N,N,N,Not homeless [Z],Z - Not homeless,Z,Not 504 Eligible[Z],EN,,,39.0,9.0,15.0,615.0,75.0,3.0,10.4,409.0,416.0,416.0,388.0,Level 2,1 Grade Level Below
1213031,151,2,F,D,Direct Cert/Free Lunch [D],Hispanic,LY,LEP in LEP classes [LY],,,,,N,N,N,Not homeless [Z],Z - Not homeless,Z,Not 504 Eligible[Z],SP,,,29.0,6.0,8.0,739.0,117.0,7.0,18.9,412.0,413.0,372.0,406.0,Level 1,2 Grade Levels Below
1213098,151,2,M,F,Eligible for Free Lunch [F],Black or African American,ZZ,Not applicable [ZZ],,,,,N,N,N,Not homeless [Z],Z - Not homeless,Z,Not 504 Eligible[Z],EN,,,45.0,15.0,56.0,849.0,154.0,41.0,45.2,484.0,,507.0,472.0,Level 2,Early On Grade Level
1213112,151,2,M,F,Eligible for Free Lunch [F],Hispanic,LY,LEP in LEP classes [LY],,,,,N,N,N,Not homeless [Z],Z - Not homeless,Z,Section 504 Eligible + Plan [Y],SP,,,30.0,15.0,3.0,615.0,75.0,3.0,10.4,399.0,376.0,405.0,420.0,Level 2,1 Grade Level Below
1213139,151,1,F,D,Direct Cert/Free Lunch [D],Hispanic,ZZ,Not applicable [ZZ],,,,,N,N,N,Not homeless [Z],Z - Not homeless,Z,Not 504 Eligible[Z],EN,56.0,64.0,26.0,0.0,3.0,751.0,121.0,47.0,48.4,403.0,418.0,366.0,405.0,Level 2,1 Grade Level Below
1213244,151,2,F,D,Direct Cert/Free Lunch [D],Black or African American,ZZ,Not applicable [ZZ],,,,,N,N,N,Not homeless [Z],Z - Not homeless,Z,Not 504 Eligible[Z],EN,,,30.0,9.0,15.0,765.0,126.0,13.0,26.3,374.0,403.0,374.0,356.0,Level 1,1 Grade Level Below
1213481,151,1,M,D,Direct Cert/Free Lunch [D],White,ZZ,Not applicable [ZZ],,,,,N,N,N,Not homeless [Z],Z - Not homeless,Z,Not 504 Eligible[Z],EN,36.0,31.0,10.0,0.0,1.0,733.0,115.0,35.0,41.9,415.0,405.0,380.0,445.0,Level 1,1 Grade Level Below
1213554,151,1,F,D,Direct Cert/Free Lunch [D],Black or African American,ZZ,Not applicable [ZZ],,,,,N,N,N,Not homeless [Z],Z - Not homeless,Z,Not 504 Eligible[Z],EN,33.0,40.0,14.0,2.0,9.0,750.0,121.0,47.0,48.4,392.0,385.0,415.0,372.0,Level 2,1 Grade Level Below
1213559,151,2,F,D,Direct Cert/Free Lunch [D],Hispanic,ZZ,Tested - not eligible [TZ],,,,,N,N,N,Not homeless [Z],Z - Not homeless,Z,Not 504 Eligible[Z],SP,,,44.0,12.0,45.0,829.0,148.0,34.0,41.3,440.0,,446.0,422.0,Level 2,Early On Grade Level
1213643,151,1,F,D,Direct Cert/Free Lunch [D],Black or African American,ZZ,Not applicable [ZZ],,,,,N,N,N,Not homeless [Z],Z - Not homeless,Z,Not 504 Eligible[Z],EN,41.0,18.0,32.0,0.0,9.0,774.0,129.0,59.0,54.8,398.0,421.0,375.0,408.0,Level 4,1 Grade Level Below
1213665,151,2,M,D,Direct Cert/Free Lunch [D],Black or African American,ZZ,Not applicable [ZZ],,,,,N,N,N,Not homeless [Z],Z - Not homeless,Z,Not 504 Eligible[Z],EN,,,,,,894.0,170.0,59.0,54.8,498.0,,519.0,519.0,Level 4,Early On Grade Level
1213675,151,1,M,D,Direct Cert/Free Lunch [D],Hispanic,LY,LEP in LEP classes [LY],,,,,N,N,N,Not homeless [Z],Z - Not homeless,Z,Not 504 Eligible[Z],SP,23.0,0.0,6.0,2.0,0.0,626.0,79.0,5.0,15.4,370.0,385.0,373.0,391.0,Level 1,1 Grade Level Below
1213747,151,1,F,0,Paid Lunch [0],White,ZZ,Not applicable [ZZ],,,,,N,N,N,Not homeless [Z],Z - Not homeless,Z,Not 504 Eligible[Z],EN,2.0,9.0,8.0,0.0,0.0,704.0,105.0,21.0,33.0,370.0,348.0,349.0,393.0,Level 1,1 Grade Level Below
1213933,151,2,M,D,Direct Cert/Free Lunch [D],Other,ZZ,Not applicable [ZZ],,,,,N,N,N,Not homeless [Z],Z - Not homeless,Z,Not 504 Eligible[Z],EN,,,57.0,16.0,24.0,883.0,166.0,55.0,52.6,475.0,,511.0,459.0,Level 3,Early On Grade Level
1214002,151,2,F,D,Direct Cert/Free Lunch [D],Black or African American,ZZ,Not applicable [ZZ],,,,,N,N,N,Not homeless [Z],Z - Not homeless,Z,Not 504 Eligible[Z],EN,,,26.0,8.0,19.0,742.0,118.0,7.0,18.9,430.0,,470.0,421.0,Level 2,Early On Grade Level
1214049,151,2,M,D,Direct Cert/Free Lunch [D],Black or African American,ZZ,Not applicable [ZZ],,,,,N,N,N,Not homeless [Z],Z - Not homeless,Z,Not 504 Eligible[Z],EN,,,85.0,26.0,64.0,889.0,168.0,57.0,53.7,493.0,,544.0,505.0,Level 3,Mid or Above Grade Level
1214142,151,2,F,D,Direct Cert/Free Lunch [D],Black or African American,ZZ,Not applicable [ZZ],,,,,N,N,N,Not homeless [Z],Z - Not homeless,Z,Not 504 Eligible[Z],EN,,,28.0,4.0,8.0,744.0,119.0,8.0,20.4,400.0,427.0,397.0,413.0,Level 1,1 Grade Level Below
1214159,151,2,M,D,Direct Cert/Free Lunch [D],Hispanic,LY,LEP in LEP classes [LY],,,,,N,N,N,Not homeless [Z],Z - Not homeless,Z,Not 504 Eligible[Z],SP,,,43.0,10.0,57.0,796.0,136.0,23.0,34.4,432.0,,442.0,427.0,Level 3,Early On Grade Level
1214195,151,1,M,D,Direct Cert/Free Lunch [D],Black or African American,ZZ,Not applicable [ZZ],,,,,N,N,N,Not homeless [Z],Z - Not homeless,Z,Not 504 Eligible[Z],EN,,,,,,,,,,,,,,Level 5,Mid or Above Grade Level
1214232,151,1,F,D,Direct Cert/Free Lunch [D],Black or African American,ZZ,Not applicable [ZZ],,,,,N,N,N,Not homeless [Z],Z - Not homeless,Z,Not 504 Eligible[Z],EN,16.0,14.0,13.0,2.0,0.0,683.0,98.0,14.0,27.2,391.0,316.0,435.0,428.0,Level 2,1 Grade Level Below
1214249,151,1,M,D,Direct Cert/Free Lunch [D],Hispanic,LY,LEP in LEP classes [LY],,,,,N,N,N,Not homeless [Z],Z - Not homeless,Z,Not 504 Eligible[Z],SP,70.0,40.0,44.0,15.0,8.0,734.0,115.0,36.0,42.5,322.0,326.0,223.0,292.0,Level 1,1 Grade Level Below
1214268,151,1,F,D,Direct Cert/Free Lunch [D],Black or African American,ZZ,Not applicable [ZZ],,,,,N,N,B,Other homelessness causes [N],"N - No, Is homeless but does not meet the definiton of unaccompanied youth",Z,Not 504 Eligible[Z],EN,47.0,57.0,44.0,3.0,15.0,756.0,123.0,50.0,50.0,410.0,382.0,363.0,408.0,Level 4,Mid or Above Grade Level
1214274,151,1,F,D,Direct Cert/Free Lunch [D],Black or African American,ZZ,Not applicable [ZZ],F,F - Speech Impaired,,,N,Y,N,Not homeless [Z],Z - Not homeless,Z,Not 504 Eligible[Z],EN,14.0,5.0,2.0,0.0,0.0,719.0,110.0,27.0,37.1,386.0,338.0,374.0,399.0,Level 1,1 Grade Level Below
1214294,151,1,M,0,Paid Lunch [0],Other,ZZ,Not applicable [ZZ],,,,,N,N,N,Not homeless [Z],Z - Not homeless,Z,Not 504 Eligible[Z],EN,26.0,18.0,27.0,1.0,0.0,615.0,75.0,4.0,13.1,374.0,380.0,396.0,365.0,Level 1,1 Grade Level Below
1214295,151,1,F,D,Direct Cert/Free Lunch [D],Hispanic,ZZ,Not applicable [ZZ],,,,,N,N,B,Other homelessness causes [N],"N - No, Is homeless but does not meet the definiton of unaccompanied youth",Z,Not 504 Eligible[Z],EN,,,,,,671.0,94.0,12.0,25.3,356.0,338.0,377.0,346.0,Level 1,1 Grade Level Below
1214379,151,1,M,D,Direct Cert/Free Lunch [D],Black or African American,LY,LEP in LEP classes [LY],,,,,N,N,N,Not homeless [Z],Z - Not homeless,Z,Not 504 Eligible[Z],ZF,0.0,0.0,0.0,0.0,0.0,682.0,98.0,14.0,27.2,343.0,379.0,344.0,341.0,Level 1,1 Grade Level Below
1214574,151,1,M,D,Direct Cert/Free Lunch [D],Black or African American,ZZ,Not applicable [ZZ],T,T - Developmentally Delayed,,,N,Y,B,Disaster-Hurricane [H],"N - No, Is homeless but does not meet the definiton of unaccompanied youth",Z,Not 504 Eligible[Z],EN,1.0,5.0,0.0,0.0,0.0,592.0,67.0,1.0,1.0,347.0,394.0,311.0,346.0,Level 3,Mid or Above Grade Level
1214652,151,1,M,D,Direct Cert/Free Lunch [D],Black or African American,ZZ,Not applicable [ZZ],,,,,N,N,E,Other homelessness causes [N],"N - No, Is homeless but does not meet the definiton of unaccompanied youth",Z,Not 504 Eligible[Z],EN,29.0,24.0,28.0,8.0,6.0,731.0,114.0,34.0,41.3,401.0,417.0,380.0,408.0,Level 1,1 Grade Level Below
1214848,151,2,M,D,Direct Cert/Free Lunch [D],Hispanic,LY,LEP in LEP classes [LY],,,,,N,N,N,Not homeless [Z],Z - Not homeless,Z,Not 504 Eligible[Z],SP,,,6.0,0.0,0.0,615.0,75.0,3.0,10.4,363.0,356.0,353.0,389.0,Level 1,2 Grade Levels Below
1215303,151,2,F,D,Direct Cert/Free Lunch [D],White,ZZ,Not applicable [ZZ],,,,,N,N,N,Not homeless [Z],Z - Not homeless,Z,Not 504 Eligible[Z],EN,,,,,,857.0,157.0,44.0,46.8,423.0,,433.0,401.0,Level 2,1 Grade Level Below
1215535,151,1,F,D,Direct Cert/Free Lunch [D],Black or African American,ZZ,Not applicable [ZZ],,,,,N,N,N,Not homeless [Z],Z - Not homeless,Z,Not 504 Eligible[Z],EN,23.0,0.0,0.0,0.0,0.0,657.0,89.0,9.0,21.8,352.0,344.0,367.0,332.0,Level 1,1 Grade Level Below
1215720,151,1,M,D,Direct Cert/Free Lunch [D],Black or African American,ZZ,Not applicable [ZZ],,,,,N,N,N,Not homeless [Z],Z - Not homeless,Z,Not 504 Eligible[Z],EN,24.0,22.0,8.0,3.0,38.0,791.0,135.0,67.0,59.3,443.0,457.0,433.0,425.0,Level 4,Early On Grade Level
1215925,151,2,F,D,Direct Cert/Free Lunch [D],Black or African American,ZZ,Not applicable [ZZ],P,P - Autism Spectrum Disorder,G,G - Language Impaired,N,Y,N,Not homeless [Z],Z - Not homeless,Z,Not 504 Eligible[Z],EN,,,,,,615.0,75.0,3.0,10.4,282.0,313.0,222.0,277.0,Level 1,2 Grade Levels Below
1216199,151,1,F,0,Paid Lunch [0],Black or African American,ZZ,Not applicable [ZZ],,,,,N,N,N,Not homeless [Z],Z - Not homeless,Z,Not 504 Eligible[Z],EN,28.0,13.0,14.0,2.0,0.0,797.0,137.0,70.0,61.0,411.0,430.0,370.0,397.0,Level 2,1 Grade Level Below
1216341,151,1,F,D,Direct Cert/Free Lunch [D],Black or African American,ZZ,Not applicable [ZZ],,,,,N,N,N,Not homeless [Z],Z - Not homeless,Z,Not 504 Eligible[Z],EN,39.0,23.0,5.0,0.0,0.0,755.0,123.0,50.0,50.0,368.0,388.0,418.0,360.0,Level 1,1 Grade Level Below
1216381,151,1,M,F,Eligible for Free Lunch [F],Hispanic,ZZ,Not applicable [ZZ],,,,,N,N,N,Not homeless [Z],Z - Not homeless,Z,Not 504 Eligible[Z],EN,46.0,11.0,7.0,2.0,27.0,782.0,132.0,63.0,57.0,417.0,410.0,446.0,433.0,Level 4,Mid or Above Grade Level
1216383,151,2,F,D,Direct Cert/Free Lunch [D],Asian,LY,LEP in LEP classes [LY],,,,,N,N,N,Not homeless [Z],Z - Not homeless,Z,Not 504 Eligible[Z],EN,,,65.0,15.0,15.0,751.0,121.0,9.0,21.8,400.0,,422.0,392.0,Level 1,1 Grade Level Below
1216478,151,1,M,D,Direct Cert/Free Lunch [D],Black or African American,ZZ,Not applicable [ZZ],,,,,N,N,N,Not homeless [Z],Z - Not homeless,Z,Not 504 Eligible[Z],EN,39.0,56.0,30.0,3.0,4.0,615.0,75.0,4.0,13.1,430.0,515.0,396.0,408.0,Level 2,1 Grade Level Below
1216534,151,1,F,D,Direct Cert/Free Lunch [D],White,ZZ,Not applicable [ZZ],,,,,N,N,N,Not homeless [Z],Z - Not homeless,Z,Not 504 Eligible[Z],EN,57.0,32.0,40.0,12.0,25.0,804.0,139.0,73.0,62.9,438.0,433.0,400.0,451.0,Level 5,Mid or Above Grade Level
1216547,151,1,M,D,Direct Cert/Free Lunch [D],Black or African American,ZZ,Not applicable [ZZ],,,,,N,N,N,Not homeless [Z],Z - Not homeless,Z,Not 504 Eligible[Z],EN,9.0,21.0,28.0,5.0,0.0,716.0,109.0,26.0,36.5,389.0,383.0,393.0,365.0,Level 1,1 Grade Level Below
1216577,151,1,M,D,Direct Cert/Free Lunch [D],Black or African American,ZZ,Not applicable [ZZ],,,,,N,N,N,Not homeless [Z],Z - Not homeless,Z,Not 504 Eligible[Z],EN,18.0,1.0,12.0,2.0,0.0,726.0,113.0,31.0,39.6,377.0,392.0,349.0,386.0,Level 2,1 Grade Level Below
1216584,151,1,F,D,Direct Cert/Free Lunch [D],Black or African American,ZZ,Not applicable [ZZ],,,,,N,N,N,Not homeless [Z],Z - Not homeless,Z,Not 504 Eligible[Z],EN,49.0,12.0,39.0,10.0,65.0,942.0,186.0,97.0,89.6,467.0,464.0,447.0,481.0,Level 5,Mid or Above Grade Level
1216628,151,1,F,D,Direct Cert/Free Lunch [D],Black or African American,ZZ,Not applicable [ZZ],,,,,N,N,N,Not homeless [Z],Z - Not homeless,Z,Not 504 Eligible[Z],EN,30.0,18.0,14.0,0.0,0.0,745.0,119.0,43.0,46.3,381.0,379.0,365.0,407.0,Level 1,1 Grade Level Below
1216629,151,1,F,D,Direct Cert/Free Lunch [D],Black or African American,ZZ,Not applicable [ZZ],,,,,N,N,N,Not homeless [Z],Z - Not homeless,Z,Not 504 Eligible[Z],EN,20.0,18.0,13.0,0.0,1.0,615.0,75.0,4.0,13.1,382.0,387.0,360.0,393.0,Level 1,1 Grade Level Below
1216696,151,1,F,D,Direct Cert/Free Lunch [D],Black or African American,ZZ,Not applicable [ZZ],,,,,N,N,N,Not homeless [Z],Z - Not homeless,Z,Not 504 Eligible[Z],EN,37.0,19.0,20.0,5.0,2.0,728.0,113.0,32.0,40.1,384.0,396.0,371.0,366.0,Level 2,1 Grade Level Below
1216788,151,1,M,D,Direct Cert/Free Lunch [D],Black or African American,ZZ,Not applicable [ZZ],,,,,N,N,N,Not homeless [Z],Z - Not homeless,Z,Not 504 Eligible[Z],EN,16.0,17.0,8.0,2.0,,746.0,119.0,44.0,46.8,399.0,409.0,405.0,402.0,Level 1,1 Grade Level Below
1216819,151,1,F,D,Direct Cert/Free Lunch [D],Hispanic,ZZ,Not applicable [ZZ],,,,,N,N,N,Not homeless [Z],Z - Not homeless,Z,Not 504 Eligible[Z],EN,59.0,41.0,72.0,23.0,38.0,795.0,136.0,69.0,60.4,421.0,399.0,389.0,461.0,Level 4,Early On Grade Level
1216856,151,2,F,D,Direct Cert/Free Lunch [D],Black or African American,ZZ,Not applicable [ZZ],,,,,Y,N,N,Not homeless [Z],Z - Not homeless,Z,Not 504 Eligible[Z],EN,,,53.0,15.0,33.0,843.0,152.0,39.0,44.1,476.0,,518.0,490.0,Level 4,Early On Grade Level
1216894,151,1,M,F,Eligible for Free Lunch [F],Black or African American,ZZ,Not applicable [ZZ],,,,,N,N,N,Not homeless [Z],Z - Not homeless,Z,Not 504 Eligible[Z],EN,62.0,26.0,88.0,26.0,53.0,804.0,139.0,73.0,62.9,445.0,418.0,461.0,425.0,Level 3,Mid or Above Grade Level
1216949,151,1,F,D,Direct Cert/Free Lunch [D],White,ZZ,Not applicable [ZZ],,,,,N,N,N,Not homeless [Z],Z - Not homeless,Z,Not 504 Eligible[Z],EN,26.0,0.0,3.0,4.0,1.0,615.0,75.0,4.0,13.1,368.0,336.0,391.0,321.0,Level 3,Early On Grade Level
1216963,151,1,M,D,Direct Cert/Free Lunch [D],Black or African American,ZZ,Not applicable [ZZ],T,T - Developmentally Delayed,,,N,Y,B,Other homelessness causes [N],"N - No, Is homeless but does not meet the definiton of unaccompanied youth",Z,Not 504 Eligible[Z],EN,11.0,1.0,0.0,0.0,0.0,735.0,116.0,36.0,42.5,342.0,364.0,337.0,332.0,Level 1,1 Grade Level Below
1217046,151,1,F,F,Eligible for Free Lunch [F],Hispanic,LY,LEP in LEP classes [LY],,,,,N,N,N,Not homeless [Z],Z - Not homeless,Z,Not 504 Eligible[Z],SP,8.0,1.0,0.0,0.0,0.0,571.0,60.0,1.0,1.0,323.0,320.0,365.0,298.0,Level 1,1 Grade Level Below
1217066,151,1,F,D,Direct Cert/Free Lunch [D],Black or African American,ZZ,Not applicable [ZZ],,,,,N,N,N,Not homeless [Z],Z - Not homeless,Z,Not 504 Eligible[Z],EN,49.0,39.0,27.0,9.0,14.0,785.0,133.0,59.0,54.8,389.0,369.0,397.0,372.0,Level 4,Mid or Above Grade Level
1217178,151,2,M,0,Paid Lunch [0],White,ZZ,Not applicable [ZZ],,,,,N,N,N,Not homeless [Z],Z - Not homeless,Z,Not 504 Eligible[Z],EN,,,,,,821.0,145.0,32.0,40.1,440.0,,445.0,448.0,Level 4,Early On Grade Level
1217189,151,1,F,D,Direct Cert/Free Lunch [D],Other,ZZ,Not applicable [ZZ],,,,,N,N,N,Not homeless [Z],Z - Not homeless,Z,Not 504 Eligible[Z],EN,23.0,30.0,41.0,12.0,11.0,775.0,129.0,60.0,55.3,399.0,415.0,388.0,402.0,Level 4,1 Grade Level Below
1217345,151,1,M,D,Direct Cert/Free Lunch [D],Black or African American,ZZ,Not applicable [ZZ],F,F - Speech Impaired,,,N,Y,N,Not homeless [Z],Z - Not homeless,Z,Not 504 Eligible[Z],EN,12.0,0.0,0.0,0.0,0.0,626.0,79.0,5.0,15.4,362.0,378.0,360.0,363.0,Level 1,1 Grade Level Below
1217399,151,1,M,3,Eligible for Reduced Lunch [3],Hispanic,LY,LEP in LEP classes [LY],,,,,N,N,N,Not homeless [Z],Z - Not homeless,Z,Not 504 Eligible[Z],SP,51.0,29.0,25.0,10.0,15.0,732.0,115.0,35.0,41.9,412.0,425.0,415.0,410.0,Level 4,Early On Grade Level
1217404,151,1,M,D,Direct Cert/Free Lunch [D],Black or African American,ZZ,Not applicable [ZZ],,,,,N,N,N,Not homeless [Z],Not homeless [Z],Z,Not 504 Eligible[Z],EN,36.0,22.0,3.0,1.0,0.0,779.0,131.0,61.0,55.9,374.0,367.0,406.0,392.0,Level 2,1 Grade Level Below
1217601,151,1,F,D,Direct Cert/Free Lunch [D],White,ZZ,Not applicable [ZZ],,,,,N,N,N,Not homeless [Z],Z - Not homeless,Z,Not 504 Eligible[Z],EN,49.0,30.0,25.0,7.0,12.0,749.0,121.0,46.0,47.9,401.0,402.0,400.0,383.0,Level 3,1 Grade Level Below
1217610,151,1,M,D,Direct Cert/Free Lunch [D],Black or African American,ZZ,Not applicable [ZZ],,,,,N,N,N,Not homeless [Z],Z - Not homeless,Z,Not 504 Eligible[Z],EN,14.0,3.0,0.0,0.0,,683.0,98.0,14.0,27.2,330.0,379.0,351.0,306.0,Level 1,1 Grade Level Below
1217669,151,1,F,D,Direct Cert/Free Lunch [D],Black or African American,ZZ,Not applicable [ZZ],,,,,N,N,N,Not homeless [Z],Z - Not homeless,Z,Not 504 Eligible[Z],EN,15.0,13.0,13.0,2.0,2.0,711.0,108.0,23.0,34.4,365.0,389.0,373.0,319.0,Level 1,1 Grade Level Below
1217923,151,1,M,D,Direct Cert/Free Lunch [D],Other,ZZ,Not applicable [ZZ],,,,,N,N,N,Not homeless [Z],Z - Not homeless,Z,Not 504 Eligible[Z],EN,0.0,2.0,1.0,0.0,0.0,703.0,105.0,20.0,32.3,351.0,361.0,343.0,361.0,Level 1,1 Grade Level Below
1218051,151,1,F,F,Eligible for Free Lunch [F],Black or African American,ZZ,Not applicable [ZZ],,,,,N,N,N,Not homeless [Z],Z - Not homeless,Z,Not 504 Eligible[Z],EN,30.0,25.0,21.0,0.0,0.0,690.0,101.0,16.0,29.1,395.0,427.0,380.0,361.0,Level 4,1 Grade Level Below
1218083,151,1,M,0,Paid Lunch [0],Hispanic,LY,LEP in LEP classes [LY],,,,,N,N,B,Other homelessness causes [N],"N - No, Is homeless but does not meet the definiton of unaccompanied youth",Z,Not 504 Eligible[Z],SP,22.0,11.0,5.0,0.0,4.0,713.0,108.0,24.0,35.1,374.0,364.0,379.0,376.0,Level 1,1 Grade Level Below
1218151,151,2,F,D,Direct Cert/Free Lunch [D],Black or African American,ZZ,Not applicable [ZZ],,,,,N,N,N,Not homeless [Z],Z - Not homeless,Z,Not 504 Eligible[Z],EN,,,,,,615.0,75.0,3.0,10.4,375.0,392.0,365.0,344.0,Level 1,1 Grade Level Below
1218162,151,1,M,D,Direct Cert/Free Lunch [D],Hispanic,ZZ,Not applicable [ZZ],,,,,N,N,N,Not homeless [Z],Z - Not homeless,Z,Not 504 Eligible[Z],EN,39.0,34.0,37.0,10.0,0.0,615.0,75.0,4.0,13.1,396.0,440.0,381.0,403.0,Level 1,1 Grade Level Below
1218165,151,1,F,D,Direct Cert/Free Lunch [D],Black or African American,ZZ,Not applicable [ZZ],,,,,N,N,N,Not homeless [Z],Z - Not homeless,Z,Not 504 Eligible[Z],EN,38.0,4.0,3.0,1.0,0.0,703.0,105.0,20.0,32.3,348.0,343.0,352.0,319.0,Level 2,1 Grade Level Below
1218215,151,2,M,D,Direct Cert/Free Lunch [D],White,ZZ,Not applicable [ZZ],,,,,N,N,N,Not homeless [Z],Z - Not homeless,Z,Not 504 Eligible[Z],EN,,,113.0,33.0,111.0,993.0,203.0,93.0,81.1,490.0,,485.0,492.0,Level 3,Mid or Above Grade Level
1218533,151,1,F,0,Paid Lunch [0],White,ZZ,Not applicable [ZZ],,,,,N,N,N,Not homeless [Z],Z - Not homeless,Z,Not 504 Eligible[Z],EN,18.0,3.0,7.0,1.0,0.0,630.0,80.0,5.0,15.4,345.0,349.0,344.0,368.0,Level 1,1 Grade Level Below
1218640,151,1,F,F,Eligible for Free Lunch [F],Black or African American,ZZ,Not applicable [ZZ],,,,,N,N,B,Other homelessness causes [N],"N - No, Is homeless but does not meet the definiton of unaccompanied youth",Z,Not 504 Eligible[Z],EN,39.0,10.0,22.0,5.0,0.0,615.0,75.0,4.0,13.1,399.0,376.0,417.0,368.0,Level 2,1 Grade Level Below
1219085,151,1,M,F,Eligible for Free Lunch [F],Black or African American,ZZ,Not applicable [ZZ],T,T - Developmentally Delayed,,,N,Y,N,Not homeless [Z],Z - Not homeless,Z,Not 504 Eligible[Z],EN,,,,,,,,,,,,,,Level 1,
1219300,151,1,F,3,Eligible for Reduced Lunch [3],Black or African American,ZZ,Not applicable [ZZ],,,,,N,N,N,Not homeless [Z],Z - Not homeless,Z,Not 504 Eligible[Z],EN,,,,,,,,,,376.0,404.0,394.0,398.0,Level 3,Early On Grade Level
1219564,151,1,M,F,Eligible for Free Lunch [F],Hispanic,LY,LEP in LEP classes [LY],,,,,N,N,N,Not homeless [Z],Z - Not homeless,Z,Not 504 Eligible[Z],SP,1.0,0.0,0.0,0.0,0.0,608.0,73.0,2.0,6.7,305.0,283.0,272.0,263.0,Level 1,1 Grade Level Below
1219647,151,2,M,F,Eligible for Free Lunch [F],Hispanic,LY,LEP in LEP classes [LY],,,,,N,N,N,Not homeless [Z],Z - Not homeless,Z,Not 504 Eligible[Z],SP,,,0.0,0.0,1.0,615.0,75.0,3.0,10.4,317.0,326.0,321.0,263.0,Level 1,2 Grade Levels Below
1219825,151,1,F,0,Paid Lunch [0],Black or African American,ZZ,Not applicable [ZZ],,,,,N,N,N,Not homeless [Z],Z - Not homeless,Z,Not 504 Eligible[Z],EN,28.0,11.0,10.0,1.0,0.0,692.0,101.0,17.0,29.9,349.0,332.0,338.0,368.0,Level 1,1 Grade Level Below
1219874,151,1,F,0,Paid Lunch [0],Black or African American,ZZ,Not applicable [ZZ],,,,,N,N,N,Not homeless [Z],Z - Not homeless,Z,Not 504 Eligible[Z],EN,,,,,,,,,,,,,,Level 1,1 Grade Level Below
1220068,151,2,F,0,Paid Lunch [0],Hispanic,LY,LEP in LEP classes [LY],,,,,N,N,N,Not homeless [Z],Z - Not homeless,Z,Not 504 Eligible[Z],SP,,,76.0,21.0,40.0,749.0,121.0,9.0,21.8,359.0,360.0,413.0,335.0,Level 1,2 Grade Levels Below
1220154,151,1,F,D,Direct Cert/Free Lunch [D],Black or African American,ZZ,Not applicable [ZZ],,,,,N,N,N,Not homeless [Z],Z - Not homeless,Z,Not 504 Eligible[Z],EN,25.0,4.0,14.0,1.0,5.0,727.0,113.0,31.0,39.6,359.0,373.0,402.0,303.0,Level 3,Mid or Above Grade Level
1220439,151,1,F,F,Eligible for Free Lunch [F],Hispanic,LY,LEP in LEP classes [LY],,,,,N,N,N,Not homeless [Z],Z - Not homeless,Z,Not 504 Eligible[Z],SP,8.0,0.0,0.0,0.0,0.0,682.0,98.0,14.0,27.2,345.0,361.0,369.0,316.0,Level 3,1 Grade Level Below
1220477,151,1,M,F,Eligible for Free Lunch [F],Hispanic,LY,LEP in LEP classes [LY],,,,,N,N,N,Not homeless [Z],Z - Not homeless,Z,Not 504 Eligible[Z],SP,0.0,0.0,,,,541.0,50.0,1.0,1.0,307.0,326.0,329.0,272.0,Level 1,2 Grade Levels Below
1220701,151,1,F,D,Direct Cert/Free Lunch [D],Black or African American,ZZ,Not applicable [ZZ],,,,,N,N,N,Not homeless [Z],Z - Not homeless,Z,Not 504 Eligible[Z],EN,19.0,21.0,11.0,0.0,0.0,615.0,75.0,4.0,13.1,409.0,388.0,404.0,381.0,Level 1,1 Grade Level Below
1221019,151,2,M,D,Direct Cert/Free Lunch [D],Hispanic,LY,LEP in LEP classes [LY],,,,,N,N,N,Not homeless [Z],Z - Not homeless,Z,Not 504 Eligible[Z],SP,,,,,,615.0,75.0,3.0,10.4,308.0,268.0,352.0,263.0,Level 1,2 Grade Levels Below
1221423,151,2,F,D,Direct Cert/Free Lunch [D],Black or African American,ZZ,Not applicable [ZZ],,,,,N,N,B,Other homelessness causes [N],"N - No, Is homeless but does not meet the definiton of unaccompanied youth",Z,Section 504 Eligible + Plan [Y],EN,,,30.0,15.0,12.0,615.0,75.0,3.0,10.4,394.0,388.0,374.0,365.0,Level 1,2 Grade Levels Below
1221447,151,2,F,0,Paid Lunch [0],Black or African American,LY,LEP in LEP classes [LY],,,,,N,N,N,Not homeless [Z],Z - Not homeless,Z,Not 504 Eligible[Z],HC,,,15.0,4.0,0.0,615.0,75.0,3.0,10.4,372.0,,422.0,341.0,Level 1,2 Grade Levels Below
1221575,151,2,M,F,Eligible for Free Lunch [F],Hispanic,ZZ,Tested - not eligible [TZ],,,,,N,N,B,Other homelessness causes [N],"N - No, Is homeless but does not meet the definiton of unaccompanied youth",Z,Not 504 Eligible[Z],SP,,,21.0,5.0,21.0,750.0,121.0,9.0,21.8,400.0,397.0,387.0,413.0,Level 3,1 Grade Level Below
1221693,151,2,F,D,Direct Cert/Free Lunch [D],Black or African American,ZZ,Not applicable [ZZ],,,,,N,N,A,Other homelessness causes [N],"N - No, Is homeless but does not meet the definiton of unaccompanied youth",Z,Not 504 Eligible[Z],EN,,,30.0,10.0,11.0,787.0,133.0,20.0,32.3,389.0,356.0,359.0,434.0,Level 1,2 Grade Levels Below
1221722,151,2,M,D,Direct Cert/Free Lunch [D],American Indian or Alaskan Native,ZZ,Not applicable [ZZ],,,,,N,N,N,Not homeless [Z],Z - Not homeless,Z,Not 504 Eligible[Z],EN,,,99.0,31.0,108.0,927.0,181.0,73.0,62.9,509.0,,593.0,539.0,Level 4,Mid or Above Grade Level
1221785,151,1,F,D,Direct Cert/Free Lunch [D],Hispanic,LY,LEP in LEP classes [LY],,,,,N,N,N,Not homeless [Z],Z - Not homeless,Z,Not 504 Eligible[Z],SP,28.0,11.0,61.0,21.0,20.0,745.0,119.0,43.0,46.3,379.0,343.0,385.0,347.0,Level 3,Mid or Above Grade Level
1221799,151,2,M,F,Eligible for Free Lunch [F],Black or African American,ZZ,Not applicable [ZZ],,,,,N,N,N,Not homeless [Z],Z - Not homeless,Z,Not 504 Eligible[Z],EN,,,67.0,18.0,54.0,913.0,176.0,67.0,59.3,451.0,,450.0,449.0,Level 2,1 Grade Level Below
1221971,151,2,M,D,Direct Cert/Free Lunch [D],Hispanic,ZZ,Not applicable [ZZ],,,,,N,N,A,Other homelessness causes [N],"N - No, Is homeless but does not meet the definiton of unaccompanied youth",Z,Not 504 Eligible[Z],EN,,,,,,,,,,463.0,,452.0,494.0,Level 2,1 Grade Level Below
1222339,151,2,F,D,Direct Cert/Free Lunch [D],White,ZZ,Not applicable [ZZ],J,J - Emotional/Behavioral Disabl,"K,V,X","K - Specific Learning Disabled,V - Other Health Impaired,X - Language Therapy (Other)",N,Y,N,Not homeless [Z],Z - Not homeless,Z,Not 504 Eligible[Z],EN,,,,,,,,,,,,,,Level 1,2 Grade Levels Below
1222623,151,1,M,D,Direct Cert/Free Lunch [D],Black or African American,ZZ,Not applicable [ZZ],,,,,N,N,N,Not homeless [Z],Z - Not homeless,Z,Not 504 Eligible[Z],EN,,,,,,,,,,,,,,Level 3,Early On Grade Level
1222654,151,2,F,0,Paid Lunch [0],Hispanic,ZZ,Tested - not eligible [TZ],,,,,N,N,N,Not homeless [Z],Z - Not homeless,Z,Not 504 Eligible[Z],EN,,,,,,,,,,,,,,Level 1,2 Grade Levels Below
1222825,151,2,F,F,Eligible for Free Lunch [F],Black or African American,ZZ,Not applicable [ZZ],,,,,N,N,N,Not homeless [Z],Z - Not homeless,Z,Not 504 Eligible[Z],EN,,,,,,,,,,,,,,Level 1,2 Grade Levels Below
1222881,151,1,M,0,Paid Lunch [0],White,ZZ,Tested - not eligible [TZ],,,,,N,N,N,Not homeless [Z],Z - Not homeless,Z,Not 504 Eligible[Z],SP,,,,,,,,,,,,,,Level 3,Mid or Above Grade Level
1223005,151,1,M,D,Direct Cert/Free Lunch [D],Hispanic,ZZ,Tested - not eligible [TZ],,,,,N,N,N,Not homeless [Z],Z - Not homeless,Z,Not 504 Eligible[Z],SP,,,,,,,,,,,,,,Level 4,Mid or Above Grade Level
1194598,161,2,M,3,Eligible for Reduced Lunch [3],White,ZZ,Not applicable [ZZ],,,,,N,N,N,Not homeless [Z],Z - Not homeless,Z,Not 504 Eligible[Z],EN,,,,,85.0,859.0,158.0,45.0,47.4,503.0,,537.0,479.0,Level 2,Early On Grade Level
1198390,161,2,F,D,Direct Cert/Free Lunch [D],White,ZZ,Tested - not eligible [TZ],,,,,N,N,N,Not homeless [Z],Z - Not homeless,Z,Section 504 Eligible + Plan [Y],SP,,,41.0,2.0,25.0,827.0,147.0,34.0,41.3,430.0,432.0,408.0,444.0,Level 2,Early On Grade Level
1200386,161,2,F,D,Direct Cert/Free Lunch [D],White,ZZ,Not applicable [ZZ],,,,,N,N,N,Not homeless [Z],Z - Not homeless,Z,Not 504 Eligible[Z],EN,,,43.0,11.0,25.0,801.0,138.0,24.0,35.1,447.0,,448.0,453.0,Level 1,1 Grade Level Below
1201525,161,2,M,D,Direct Cert/Free Lunch [D],Hispanic,ZZ,Tested - not eligible [TZ],P,P - Autism Spectrum Disorder,G,G - Language Impaired,N,Y,N,Not homeless [Z],Z - Not homeless,Z,Not 504 Eligible[Z],EN,,,,,,849.0,154.0,41.0,45.2,346.0,327.0,341.0,389.0,Level 1,2 Grade Levels Below
1203811,161,2,F,D,Direct Cert/Free Lunch [D],White,ZZ,Not applicable [ZZ],F,F - Speech Impaired,,,N,Y,N,Not homeless [Z],Z - Not homeless,Z,Not 504 Eligible[Z],EN,,,58.0,16.0,72.0,913.0,176.0,67.0,59.3,471.0,,466.0,461.0,Level 2,Early On Grade Level
1204013,161,2,M,0,Paid Lunch [0],White,ZZ,Not applicable [ZZ],P,P - Autism Spectrum Disorder,"G,G","G - Language Impaired,G - Language Impaired",N,Y,N,Not homeless [Z],Z - Not homeless,Z,Not 504 Eligible[Z],EN,,,,,,861.0,158.0,46.0,47.9,402.0,,431.0,367.0,Level 3,1 Grade Level Below
1204221,161,2,M,D,Direct Cert/Free Lunch [D],Hispanic,ZZ,Not applicable [ZZ],,,,,Y,N,N,Not homeless [Z],Z - Not homeless,B,Section 504 Eligible + Plan [Y],EN,,,59.0,20.0,68.0,893.0,169.0,59.0,54.8,509.0,,551.0,551.0,Level 4,Mid or Above Grade Level
1204314,161,2,M,0,Paid Lunch [0],Hispanic,LF,Two year followup [LF],,,G,G - Language Impaired,N,N,N,Not homeless [Z],Z - Not homeless,Z,Not 504 Eligible[Z],SP,,,63.0,21.0,54.0,887.0,167.0,56.0,53.2,438.0,,457.0,400.0,Level 2,1 Grade Level Below
1204316,161,1,M,D,Direct Cert/Free Lunch [D],Black or African American,ZZ,Not applicable [ZZ],T,T - Developmentally Delayed,"F,G","F - Speech Impaired,G - Language Impaired",N,Y,N,Not homeless [Z],Z - Not homeless,Z,Not 504 Eligible[Z],EN,23.0,22.0,37.0,6.0,0.0,743.0,118.0,42.0,45.8,384.0,383.0,359.0,430.0,Level 3,1 Grade Level Below
1204685,161,1,M,0,Paid Lunch [0],Hispanic,ZZ,Tested - not eligible [TZ],T,T - Developmentally Delayed,"G,T","G - Language Impaired,T - Developmentally Delayed",N,Y,N,Not homeless [Z],Z - Not homeless,Z,Not 504 Eligible[Z],SP,20.0,0.0,0.0,0.0,,612.0,74.0,2.0,6.7,294.0,299.0,248.0,248.0,Level 2,2 Grade Levels Below
1205483,161,2,F,D,Direct Cert/Free Lunch [D],Hispanic,ZZ,Not applicable [ZZ],K,K - Specific Learning Disabled,,,N,Y,N,Not homeless [Z],Z - Not homeless,Z,Not 504 Eligible[Z],EN,,,32.0,10.0,25.0,769.0,127.0,14.0,27.2,430.0,,471.0,437.0,Level 2,1 Grade Level Below
1205744,161,2,M,D,Direct Cert/Free Lunch [D],Black or African American,ZZ,Not applicable [ZZ],G,G - Language Impaired,G,G - Language Impaired,N,Y,N,Not homeless [Z],Z - Not homeless,Z,Not 504 Eligible[Z],EN,,,30.0,6.0,7.0,800.0,138.0,24.0,35.1,478.0,,492.0,462.0,Level 2,1 Grade Level Below
1205929,161,2,F,D,Direct Cert/Free Lunch [D],White,ZZ,Not applicable [ZZ],P,P - Autism Spectrum Disorder,"D,G","D - Occupational Therapy,G - Language Impaired",N,Y,N,Not homeless [Z],Z - Not homeless,Z,Not 504 Eligible[Z],EN,,,65.0,20.0,45.0,872.0,162.0,50.0,50.0,482.0,,424.0,461.0,Level 4,Early On Grade Level
1205987,161,1,F,D,Direct Cert/Free Lunch [D],Hispanic,ZZ,Tested - not eligible [TZ],,,,,N,N,N,Not homeless [Z],Z - Not homeless,Z,Not 504 Eligible[Z],SP,31.0,56.0,22.0,4.0,16.0,759.0,124.0,52.0,51.1,416.0,415.0,380.0,430.0,Level 3,Early On Grade Level
1206028,161,2,F,D,Direct Cert/Free Lunch [D],Hispanic,ZZ,Tested - not eligible [TZ],,,,,N,N,N,Not homeless [Z],Z - Not homeless,Z,Not 504 Eligible[Z],SP,,,36.0,6.0,38.0,919.0,178.0,70.0,61.0,458.0,,470.0,451.0,Level 2,Early On Grade Level
1206738,161,2,F,D,Direct Cert/Free Lunch [D],Black or African American,ZZ,Not applicable [ZZ],,,,,N,N,N,Not homeless [Z],Z - Not homeless,Z,Not 504 Eligible[Z],EN,,,62.0,22.0,59.0,785.0,133.0,19.0,31.5,429.0,,421.0,447.0,Level 2,1 Grade Level Below
1207215,161,1,F,D,Direct Cert/Free Lunch [D],White,ZZ,Not applicable [ZZ],,,,,N,N,N,Not homeless [Z],Z - Not homeless,Z,Section 504 Eligible + Plan [Y],EN,33.0,68.0,39.0,11.0,2.0,743.0,118.0,42.0,45.8,407.0,372.0,398.0,432.0,Level 3,Early On Grade Level
1207218,161,2,M,D,Direct Cert/Free Lunch [D],Hispanic,ZZ,Tested - not eligible [TZ],,,,,N,N,N,Not homeless [Z],Z - Not homeless,Z,Not 504 Eligible[Z],SP,,,74.0,25.0,52.0,836.0,150.0,37.0,43.0,460.0,,498.0,407.0,Level 2,1 Grade Level Below
1207450,161,2,M,D,Direct Cert/Free Lunch [D],White,ZZ,Not applicable [ZZ],,,,,N,N,N,Not homeless [Z],Not homeless [Z],Z,Not 504 Eligible[Z],EN,,,28.0,7.0,12.0,768.0,127.0,14.0,27.2,408.0,,455.0,392.0,Level 1,1 Grade Level Below
1207458,161,2,F,D,Direct Cert/Free Lunch [D],Black or African American,ZZ,Not applicable [ZZ],,,,,N,N,N,Not homeless [Z],Z - Not homeless,Z,Section 504 Eligible + Plan [Y],EN,,,55.0,14.0,47.0,821.0,145.0,32.0,40.1,448.0,,451.0,438.0,Level 2,1 Grade Level Below
1207487,161,1,F,D,Direct Cert/Free Lunch [D],Black or African American,ZZ,Not applicable [ZZ],P,P - Autism Spectrum Disorder,G,G - Language Impaired,N,Y,N,Not homeless [Z],Z - Not homeless,Z,Not 504 Eligible[Z],EN,33.0,3.0,59.0,22.0,12.0,604.0,71.0,2.0,6.7,395.0,349.0,431.0,398.0,Level 5,Early On Grade Level
1207710,161,2,F,D,Direct Cert/Free Lunch [D],Black or African American,ZZ,Not applicable [ZZ],,,,,N,N,N,Not homeless [Z],Z - Not homeless,Z,Not 504 Eligible[Z],EN,,,54.0,14.0,67.0,913.0,176.0,67.0,59.3,512.0,,564.0,524.0,Level 3,Early On Grade Level
1207751,161,1,M,3,Eligible for Reduced Lunch [3],Hispanic,ZZ,Not applicable [ZZ],T,T - Developmentally Delayed,G,G - Language Impaired,N,Y,N,Not homeless [Z],Z - Not homeless,Z,Not 504 Eligible[Z],EN,37.0,0.0,7.0,1.0,0.0,588.0,66.0,1.0,1.0,356.0,328.0,365.0,361.0,Level 3,Early On Grade Level
1207927,161,2,M,D,Direct Cert/Free Lunch [D],Hispanic,ZZ,Not applicable [ZZ],,,,,N,N,N,Not homeless [Z],Z - Not homeless,Z,Not 504 Eligible[Z],EN,,,84.0,28.0,52.0,817.0,144.0,30.0,39.0,451.0,,485.0,475.0,Level 3,Early On Grade Level
1207956,161,2,F,0,Paid Lunch [0],Hispanic,ZZ,Tested - not eligible [TZ],,,,,N,N,N,Not homeless [Z],Z - Not homeless,Z,Not 504 Eligible[Z],SP,,,53.0,14.0,47.0,845.0,153.0,40.0,44.7,427.0,,448.0,407.0,Level 2,1 Grade Level Below
1208025,161,2,M,3,Eligible for Reduced Lunch [3],Hispanic,ZZ,Tested - not eligible [TZ],T,T - Developmentally Delayed,"D,G","D - Occupational Therapy,G - Language Impaired",N,Y,N,Not homeless [Z],Z - Not homeless,Z,Not 504 Eligible[Z],SP,,,5.0,0.0,0.0,769.0,127.0,14.0,27.2,380.0,407.0,368.0,361.0,Level 1,1 Grade Level Below
1208032,161,2,F,D,Direct Cert/Free Lunch [D],Hispanic,LY,LEP in LEP classes [LY],G,G - Language Impaired,"F,G","F - Speech Impaired,G - Language Impaired",N,Y,N,Not homeless [Z],Z - Not homeless,Z,Not 504 Eligible[Z],SP,,,48.0,16.0,29.0,779.0,131.0,17.0,29.9,387.0,372.0,356.0,395.0,Level 1,1 Grade Level Below
1208121,161,2,M,D,Direct Cert/Free Lunch [D],White,ZZ,Not applicable [ZZ],K,K - Specific Learning Disabled,,,N,Y,N,Not homeless [Z],Z - Not homeless,Z,Not 504 Eligible[Z],EN,,,40.0,8.0,17.0,615.0,75.0,3.0,10.4,445.0,,482.0,426.0,Level 1,1 Grade Level Below
1208310,161,2,F,D,Direct Cert/Free Lunch [D],Other,ZZ,Not applicable [ZZ],,,,,N,N,N,Not homeless [Z],Z - Not homeless,Z,Not 504 Eligible[Z],EN,,,43.0,11.0,16.0,840.0,151.0,38.0,43.6,438.0,,501.0,421.0,Level 2,Early On Grade Level
1208311,161,2,F,3,Eligible for Reduced Lunch [3],White,ZZ,Not applicable [ZZ],,,,,N,N,N,Not homeless [Z],Z - Not homeless,Z,Not 504 Eligible[Z],EN,,,57.0,17.0,60.0,935.0,184.0,76.0,64.9,485.0,,483.0,481.0,Level 3,Early On Grade Level
1208411,161,1,M,D,Direct Cert/Free Lunch [D],White,ZZ,Not applicable [ZZ],T,T - Developmentally Delayed,G,G - Language Impaired,N,Y,N,Not homeless [Z],Z - Not homeless,Z,Not 504 Eligible[Z],EN,37.0,50.0,26.0,7.0,10.0,,,,,403.0,383.0,377.0,384.0,Level 3,Mid or Above Grade Level
1208424,161,2,F,3,Eligible for Reduced Lunch [3],Hispanic,ZZ,Tested - not eligible [TZ],,,,,N,N,N,Not homeless [Z],Z - Not homeless,Z,Not 504 Eligible[Z],SP,,,77.0,20.0,83.0,967.0,194.0,87.0,73.7,489.0,,478.0,516.0,Level 3,Early On Grade Level
1208425,161,2,F,F,Eligible for Free Lunch [F],Black or African American,ZZ,Not applicable [ZZ],,,,,N,N,N,Not homeless [Z],Z - Not homeless,Z,Not 504 Eligible[Z],EN,,,,,93.0,1032.0,216.0,98.0,93.3,531.0,,551.0,538.0,Level 5,Mid or Above Grade Level
1208848,161,2,F,D,Direct Cert/Free Lunch [D],Other,ZZ,Not applicable [ZZ],,,,,N,N,N,Not homeless [Z],Z - Not homeless,Z,Not 504 Eligible[Z],EN,,,64.0,16.0,51.0,845.0,153.0,40.0,44.7,446.0,,449.0,426.0,Level 2,
1208876,161,2,F,D,Direct Cert/Free Lunch [D],Black or African American,ZZ,Not applicable [ZZ],,,,,N,N,N,Not homeless [Z],Z - Not homeless,Z,Not 504 Eligible[Z],EN,,,22.0,3.0,17.0,836.0,150.0,37.0,43.0,410.0,,440.0,406.0,Level 1,1 Grade Level Below
1209109,161,2,M,0,Paid Lunch [0],Other,ZZ,Not applicable [ZZ],,,,,N,N,N,Not homeless [Z],Z - Not homeless,Z,Not 504 Eligible[Z],EN,,,40.0,8.0,28.0,809.0,141.0,27.0,37.1,318.0,299.0,249.0,354.0,Level 2,1 Grade Level Below
1209203,161,2,M,D,Direct Cert/Free Lunch [D],Hispanic,ZZ,Not applicable [ZZ],,,,,N,N,N,Not homeless [Z],Z - Not homeless,Z,Section 504 Eligible + Plan [Y],EN,,,44.0,15.0,25.0,826.0,147.0,33.0,40.7,420.0,,425.0,434.0,Level 2,Early On Grade Level
1209477,161,2,F,D,Direct Cert/Free Lunch [D],White,ZZ,Not applicable [ZZ],K,K - Specific Learning Disabled,D,D - Occupational Therapy,N,Y,B,Other homelessness causes [N],"N - No, Is homeless but does not meet the definiton of unaccompanied youth",Z,Not 504 Eligible[Z],EN,,,17.0,5.0,3.0,789.0,134.0,20.0,32.3,412.0,398.0,423.0,430.0,Level 1,2 Grade Levels Below
1210058,161,2,M,D,Direct Cert/Free Lunch [D],Black or African American,ZZ,Not applicable [ZZ],,,,,N,N,N,Not homeless [Z],Z - Not homeless,Z,Not 504 Eligible[Z],EN,,,70.0,21.0,37.0,870.0,162.0,49.0,49.5,459.0,,463.0,447.0,Level 2,1 Grade Level Below
1210093,161,1,M,D,Direct Cert/Free Lunch [D],Hispanic,ZZ,Tested - not eligible [TZ],,,,,N,N,N,Not homeless [Z],Z - Not homeless,Z,Not 504 Eligible[Z],SP,26.0,56.0,71.0,23.0,22.0,807.0,140.0,74.0,63.5,418.0,409.0,421.0,438.0,Level 4,Mid or Above Grade Level
1210179,161,2,F,3,Eligible for Reduced Lunch [3],Black or African American,ZZ,Not applicable [ZZ],T,T - Developmentally Delayed,,,N,Y,N,Not homeless [Z],Z - Not homeless,Z,Not 504 Eligible[Z],EN,,,,,81.0,913.0,176.0,67.0,59.3,484.0,,472.0,488.0,Level 3,Early On Grade Level
1210207,161,2,M,D,Direct Cert/Free Lunch [D],Black or African American,ZZ,Not applicable [ZZ],G,G - Language Impaired,,,N,Y,N,Not homeless [Z],Z - Not homeless,Z,Not 504 Eligible[Z],EN,,,66.0,16.0,48.0,813.0,142.0,29.0,38.3,458.0,,464.0,410.0,Level 2,1 Grade Level Below
1210208,161,2,F,D,Direct Cert/Free Lunch [D],White,ZZ,Not applicable [ZZ],,,,,N,N,N,Not homeless [Z],Z - Not homeless,Z,Not 504 Eligible[Z],EN,,,74.0,25.0,51.0,864.0,159.0,47.0,48.4,451.0,,521.0,398.0,Level 2,
1210216,161,2,M,D,Direct Cert/Free Lunch [D],Other,ZZ,Not applicable [ZZ],F,F - Speech Impaired,,,N,Y,N,Not homeless [Z],Z - Not homeless,Z,Not 504 Eligible[Z],EN,,,83.0,23.0,69.0,905.0,173.0,64.0,57.5,459.0,,449.0,432.0,Level 3,Early On Grade Level
1210219,161,2,F,D,Direct Cert/Free Lunch [D],Black or African American,ZZ,Not applicable [ZZ],,,,,N,N,N,Not homeless [Z],Z - Not homeless,Z,Not 504 Eligible[Z],EN,,,,,86.0,885.0,167.0,55.0,52.6,468.0,,534.0,453.0,Level 3,Early On Grade Level
1210447,161,1,M,3,Eligible for Reduced Lunch [3],White,ZZ,Not applicable [ZZ],T,T - Developmentally Delayed,G,G - Language Impaired,N,Y,N,Not homeless [Z],Z - Not homeless,Z,Not 504 Eligible[Z],EN,0.0,0.0,0.0,0.0,,523.0,44.0,1.0,1.0,360.0,368.0,367.0,363.0,Level 2,Mid or Above Grade Level
1210449,161,2,M,D,Direct Cert/Free Lunch [D],Other,ZZ,Not applicable [ZZ],F,F - Speech Impaired,,,N,Y,N,Not homeless [Z],Z - Not homeless,Z,Not 504 Eligible[Z],EN,,,72.0,21.0,40.0,815.0,143.0,29.0,38.3,456.0,,458.0,446.0,Level 2,Early On Grade Level
1210733,161,1,M,3,Eligible for Reduced Lunch [3],White,ZZ,Not applicable [ZZ],,,,,N,N,N,Not homeless [Z],Z - Not homeless,Z,Section 504 Eligible + Plan [Y],EN,34.0,21.0,26.0,8.0,4.0,731.0,114.0,34.0,41.3,409.0,444.0,379.0,447.0,Level 3,1 Grade Level Below
1210799,161,1,M,3,Eligible for Reduced Lunch [3],White,ZZ,Not applicable [ZZ],T,T - Developmentally Delayed,F,F - Speech Impaired,N,Y,N,Not homeless [Z],Z - Not homeless,Z,Not 504 Eligible[Z],EN,36.0,35.0,29.0,10.0,15.0,752.0,122.0,48.0,48.9,391.0,370.0,382.0,389.0,Level 2,1 Grade Level Below
1210988,161,2,F,D,Direct Cert/Free Lunch [D],Hispanic,ZZ,Tested - not eligible [TZ],,,,,N,N,N,Not homeless [Z],Z - Not homeless,Z,Dismissal from Section 504 [Z],SP,,,,,85.0,975.0,197.0,90.0,77.0,507.0,,509.0,494.0,Level 4,Mid or Above Grade Level
1211073,161,1,F,F,Eligible for Free Lunch [F],Hispanic,LY,LEP in LEP classes [LY],P,P - Autism Spectrum Disorder,G,G - Language Impaired,N,Y,N,Not homeless [Z],Z - Not homeless,Z,Not 504 Eligible[Z],SP,0.0,0.0,0.0,0.0,,666.0,92.0,11.0,24.2,361.0,392.0,352.0,346.0,Level 1,1 Grade Level Below
1211210,161,2,M,0,Paid Lunch [0],Other,ZZ,Not applicable [ZZ],,,,,N,N,N,Not homeless [Z],Z - Not homeless,Z,Not 504 Eligible[Z],EN,,,60.0,20.0,69.0,1002.0,206.0,95.0,84.6,500.0,,500.0,488.0,Level 3,Early On Grade Level
1211312,161,1,F,F,Eligible for Free Lunch [F],Black or African American,ZZ,Not applicable [ZZ],K,K - Specific Learning Disabled,,,N,Y,N,Not homeless [Z],Z - Not homeless,Z,Not 504 Eligible[Z],EN,39.0,50.0,28.0,4.0,3.0,722.0,111.0,28.0,37.7,374.0,372.0,327.0,420.0,Level 2,Early On Grade Level
1211424,161,1,M,F,Eligible for Free Lunch [F],Other,ZZ,Not applicable [ZZ],,,,,N,N,B,Other homelessness causes [N],"N - No, Is homeless but does not meet the definiton of unaccompanied youth",Z,Not 504 Eligible[Z],EN,1.0,27.0,12.0,0.0,,746.0,119.0,44.0,46.8,398.0,389.0,353.0,424.0,Level 4,Mid or Above Grade Level
1211650,161,2,M,D,Direct Cert/Free Lunch [D],Black or African American,ZZ,Not applicable [ZZ],,,,,N,N,N,Not homeless [Z],Z - Not homeless,Z,Not 504 Eligible[Z],EN,,,35.0,7.0,48.0,867.0,161.0,48.0,48.9,454.0,,482.0,396.0,Level 2,1 Grade Level Below
1211655,161,1,M,D,Direct Cert/Free Lunch [D],Black or African American,ZZ,Not applicable [ZZ],,,,,N,N,N,Not homeless [Z],Z - Not homeless,Z,Section 504 Eligible + Plan [Y],EN,53.0,42.0,44.0,14.0,11.0,761.0,125.0,53.0,51.6,419.0,432.0,415.0,403.0,Level 5,Mid or Above Grade Level
1211672,161,1,M,D,Direct Cert/Free Lunch [D],Hispanic,ZZ,Not applicable [ZZ],,,,,N,N,N,Not homeless [Z],Z - Not homeless,Z,Not 504 Eligible[Z],EN,29.0,48.0,44.0,15.0,10.0,717.0,110.0,26.0,36.5,414.0,426.0,427.0,437.0,Level 3,Mid or Above Grade Level
1211681,161,2,F,F,Eligible for Free Lunch [F],Hispanic,ZZ,Tested - not eligible [TZ],,,,,N,N,N,Not homeless [Z],Z - Not homeless,Z,Not 504 Eligible[Z],SP,,,98.0,33.0,67.0,877.0,164.0,52.0,51.1,467.0,,487.0,434.0,Level 2,1 Grade Level Below
1211720,161,2,F,D,Direct Cert/Free Lunch [D],Black or African American,ZZ,Not applicable [ZZ],,,,,N,N,N,Not homeless [Z],Z - Not homeless,Z,Not 504 Eligible[Z],EN,,,83.0,26.0,68.0,879.0,165.0,50.0,50.0,476.0,,456.0,463.0,Level 3,Early On Grade Level
1211795,161,1,M,D,Direct Cert/Free Lunch [D],White,ZZ,Not applicable [ZZ],P,P - Autism Spectrum Disorder,"F,G","F - Speech Impaired,G - Language Impaired",N,Y,N,Not homeless [Z],Z - Not homeless,Z,Not 504 Eligible[Z],EN,22.0,0.0,8.0,0.0,,755.0,123.0,50.0,50.0,352.0,373.0,351.0,350.0,Level 1,Mid or Above Grade Level
1211837,161,2,F,D,Direct Cert/Free Lunch [D],Hispanic,ZZ,Tested - not eligible [TZ],G,G - Language Impaired,,,N,Y,N,Not homeless [Z],Z - Not homeless,Z,Not 504 Eligible[Z],SP,,,32.0,11.0,27.0,825.0,146.0,33.0,40.7,455.0,,503.0,479.0,Level 3,Early On Grade Level
1212076,161,1,F,D,Direct Cert/Free Lunch [D],White,ZZ,Not applicable [ZZ],,,,,N,N,N,Not homeless [Z],Z - Not homeless,Z,Not 504 Eligible[Z],EN,81.0,34.0,37.0,9.0,91.0,798.0,137.0,70.0,61.0,424.0,374.0,407.0,430.0,Level 5,Mid or Above Grade Level
1212077,161,1,M,D,Direct Cert/Free Lunch [D],Hispanic,ZZ,Tested - not eligible [TZ],,,,,N,N,N,Not homeless [Z],Z - Not homeless,Z,Not 504 Eligible[Z],SP,36.0,64.0,41.0,13.0,2.0,746.0,119.0,44.0,46.8,416.0,441.0,417.0,409.0,Level 1,Early On Grade Level
1212078,161,1,F,D,Direct Cert/Free Lunch [D],Other,ZZ,Not applicable [ZZ],,,,,N,N,E,Disaster-Hurricane [H],"N - No, Is homeless but does not meet the definiton of unaccompanied youth",Z,Not 504 Eligible[Z],EN,31.0,48.0,60.0,17.0,72.0,859.0,158.0,87.0,73.7,447.0,446.0,450.0,457.0,Level 5,Mid or Above Grade Level
1212095,161,2,F,D,Direct Cert/Free Lunch [D],White,ZZ,Not applicable [ZZ],,,,,N,N,N,Not homeless [Z],Z - Not homeless,Z,Not 504 Eligible[Z],EN,,,,,110.0,1001.0,206.0,95.0,84.6,556.0,,581.0,523.0,Level 4,Mid or Above Grade Level
1212097,161,1,M,D,Direct Cert/Free Lunch [D],Hispanic,ZZ,Tested - not eligible [TZ],,,,,N,N,N,Not homeless [Z],Z - Not homeless,Z,Not 504 Eligible[Z],SP,60.0,38.0,40.0,10.0,7.0,723.0,112.0,29.0,38.3,368.0,415.0,380.0,341.0,Level 2,1 Grade Level Below
1212135,161,1,F,D,Direct Cert/Free Lunch [D],Hispanic,ZZ,Not applicable [ZZ],,,,,N,N,N,Not homeless [Z],Z - Not homeless,Z,Not 504 Eligible[Z],EN,44.0,52.0,30.0,8.0,4.0,812.0,142.0,76.0,64.9,403.0,411.0,416.0,408.0,Level 4,Mid or Above Grade Level
1212138,161,1,F,3,Eligible for Reduced Lunch [3],Hispanic,ZZ,Not applicable [ZZ],,,,,N,N,N,Not homeless [Z],Z - Not homeless,Z,Not 504 Eligible[Z],EN,15.0,32.0,15.0,2.0,0.0,728.0,113.0,32.0,40.1,388.0,370.0,361.0,386.0,Level 3,Early On Grade Level
1212225,161,2,F,D,Direct Cert/Free Lunch [D],Asian,ZZ,Tested - not eligible [TZ],,,,,N,N,N,Not homeless [Z],Z - Not homeless,Z,Not 504 Eligible[Z],UR,,,169.0,54.0,62.0,926.0,180.0,73.0,62.9,480.0,,504.0,501.0,Level 3,Mid or Above Grade Level
1212313,161,1,F,F,Eligible for Free Lunch [F],Other,ZZ,Not applicable [ZZ],,,,,N,N,N,Not homeless [Z],Z - Not homeless,Z,Not 504 Eligible[Z],EN,38.0,29.0,33.0,9.0,21.0,766.0,126.0,56.0,53.2,392.0,362.0,391.0,406.0,Level 4,Early On Grade Level
1212380,161,1,M,D,Direct Cert/Free Lunch [D],Hispanic,ZZ,Tested - not eligible [TZ],G,G - Language Impaired,K,K - Specific Learning Disabled,N,Y,N,Not homeless [Z],Z - Not homeless,Z,Not 504 Eligible[Z],SP,28.0,18.0,27.0,7.0,1.0,686.0,99.0,15.0,28.2,373.0,348.0,354.0,392.0,Level 2,1 Grade Level Below
1212421,161,2,M,D,Direct Cert/Free Lunch [D],Asian,ZZ,Tested - not eligible [TZ],,,,,Y,N,N,Not homeless [Z],Z - Not homeless,B,Not 504 Eligible[Z],VI,,,,,89.0,995.0,204.0,94.0,82.7,546.0,,578.0,493.0,Level 4,Mid or Above Grade Level
1212436,161,1,M,D,Direct Cert/Free Lunch [D],White,ZZ,Not applicable [ZZ],,,,,N,N,N,Not homeless [Z],Z - Not homeless,Z,Not 504 Eligible[Z],EN,18.0,39.0,28.0,5.0,3.0,746.0,119.0,44.0,46.8,370.0,365.0,401.0,341.0,Level 1,1 Grade Level Below
1212534,161,1,F,F,Eligible for Free Lunch [F],White,ZZ,Not applicable [ZZ],,,,,N,N,N,Not homeless [Z],Z - Not homeless,Z,Not 504 Eligible[Z],EN,51.0,54.0,47.0,14.0,25.0,762.0,125.0,54.0,52.1,423.0,373.0,468.0,455.0,Level 5,Mid or Above Grade Level
1212548,161,1,M,D,Direct Cert/Free Lunch [D],Other,ZZ,Not applicable [ZZ],,,,,N,N,N,Not homeless [Z],Z - Not homeless,Z,Not 504 Eligible[Z],EN,39.0,50.0,52.0,16.0,2.0,740.0,117.0,40.0,44.7,414.0,385.0,411.0,439.0,Level 3,Early On Grade Level
1212549,161,2,M,D,Direct Cert/Free Lunch [D],Hispanic,ZZ,Not applicable [ZZ],,,,,N,N,N,Not homeless [Z],Z - Not homeless,Z,Not 504 Eligible[Z],EN,,,48.0,14.0,19.0,788.0,134.0,20.0,32.3,413.0,407.0,397.0,421.0,Level 3,Early On Grade Level
1212578,161,2,F,D,Direct Cert/Free Lunch [D],Hispanic,ZZ,Not applicable [ZZ],,,,,N,N,N,Not homeless [Z],Z - Not homeless,Z,Not 504 Eligible[Z],EN,,,64.0,19.0,58.0,849.0,154.0,41.0,45.2,443.0,,499.0,434.0,Level 3,Mid or Above Grade Level
1212607,161,2,F,3,Eligible for Reduced Lunch [3],White,ZZ,Not applicable [ZZ],,,,,N,N,N,Not homeless [Z],Z - Not homeless,Z,Not 504 Eligible[Z],EN,,,54.0,18.0,45.0,858.0,157.0,45.0,47.4,472.0,,502.0,423.0,Level 3,Early On Grade Level
1212629,161,2,F,D,Direct Cert/Free Lunch [D],Black or African American,ZZ,Not applicable [ZZ],,,,,N,N,N,Not homeless [Z],Z - Not homeless,Z,Not 504 Eligible[Z],EN,,,65.0,20.0,57.0,869.0,161.0,49.0,49.5,482.0,,531.0,411.0,Level 3,Mid or Above Grade Level
1212660,161,2,F,F,Eligible for Free Lunch [F],Hispanic,ZZ,Tested - not eligible [TZ],,,,,N,N,N,Not homeless [Z],Z - Not homeless,Z,Not 504 Eligible[Z],SP,,,60.0,18.0,26.0,816.0,143.0,30.0,39.0,441.0,,488.0,428.0,Level 2,Early On Grade Level
1212671,161,1,M,D,Direct Cert/Free Lunch [D],Other,ZZ,Not applicable [ZZ],,,,,N,N,E,Other homelessness causes [N],"N - No, Is homeless but does not meet the definiton of unaccompanied youth",Z,Section 504 Eligible + Plan [Y],EN,42.0,52.0,43.0,13.0,4.0,765.0,126.0,55.0,52.6,415.0,413.0,418.0,438.0,,Early On Grade Level
1212698,161,2,M,F,Eligible for Free Lunch [F],Hispanic,ZZ,Not applicable [ZZ],,,,,N,N,N,Not homeless [Z],Z - Not homeless,Z,Not 504 Eligible[Z],EN,,,77.0,26.0,68.0,907.0,174.0,65.0,58.1,492.0,,468.0,488.0,Level 4,Mid or Above Grade Level
1212736,161,1,F,D,Direct Cert/Free Lunch [D],Black or African American,ZZ,Not applicable [ZZ],,,,,N,N,N,Not homeless [Z],Z - Not homeless,Z,Not 504 Eligible[Z],EN,61.0,52.0,56.0,19.0,11.0,794.0,136.0,68.0,59.9,421.0,471.0,391.0,440.0,Level 3,Mid or Above Grade Level
1212741,161,1,M,F,Eligible for Free Lunch [F],White,ZZ,Not applicable [ZZ],F,F - Speech Impaired,,,N,Y,N,Not homeless [Z],Z - Not homeless,Z,Not 504 Eligible[Z],EN,,,,,,,,,,,,,,Level 1,
1212742,161,1,F,0,Paid Lunch [0],Hispanic,ZZ,Not applicable [ZZ],,,,,N,N,N,Not homeless [Z],Z - Not homeless,Z,Not 504 Eligible[Z],EN,72.0,41.0,55.0,16.0,18.0,750.0,121.0,47.0,48.4,389.0,384.0,404.0,338.0,Level 4,Mid or Above Grade Level
1212811,161,2,F,D,Direct Cert/Free Lunch [D],Hispanic,LY,LEP in LEP classes [LY],,,,,N,N,N,Not homeless [Z],Z - Not homeless,Z,Not 504 Eligible[Z],SP,,,70.0,21.0,27.0,791.0,135.0,21.0,33.0,461.0,,521.0,484.0,Level 2,1 Grade Level Below
1212847,161,1,F,D,Direct Cert/Free Lunch [D],Hispanic,LY,LEP in LEP classes [LY],,,,,N,N,N,Not homeless [Z],Z - Not homeless,Z,Not 504 Eligible[Z],SP,48.0,55.0,33.0,9.0,12.0,615.0,75.0,4.0,13.1,385.0,348.0,425.0,367.0,Level 4,1 Grade Level Below
1213092,161,2,M,D,Direct Cert/Free Lunch [D],White,ZZ,Not applicable [ZZ],,,,,N,N,N,Not homeless [Z],Z - Not homeless,Z,Section 504 Eligible + Plan [Y],EN,,,,,104.0,982.0,199.0,91.0,78.2,512.0,,499.0,503.0,Level 4,Mid or Above Grade Level
1213114,161,2,M,3,Eligible for Reduced Lunch [3],Hispanic,ZZ,Tested - not eligible [TZ],,,,,N,N,N,Not homeless [Z],Z - Not homeless,Z,Not 504 Eligible[Z],SP,,,50.0,16.0,51.0,884.0,166.0,55.0,52.6,471.0,,481.0,465.0,Level 2,Early On Grade Level
1213156,161,2,F,D,Direct Cert/Free Lunch [D],White,ZZ,Not applicable [ZZ],,,,,N,N,N,Not homeless [Z],Z - Not homeless,Z,Not 504 Eligible[Z],EN,,,,,141.0,981.0,199.0,91.0,78.2,547.0,,528.0,513.0,Level 5,Mid or Above Grade Level
1213305,161,1,F,0,Paid Lunch [0],White,ZZ,Not applicable [ZZ],,,,,N,N,N,Not homeless [Z],Z - Not homeless,Z,Not 504 Eligible[Z],EN,45.0,67.0,30.0,10.0,8.0,757.0,123.0,51.0,50.5,411.0,435.0,365.0,428.0,Level 4,Mid or Above Grade Level
1213333,161,2,F,D,Direct Cert/Free Lunch [D],White,ZZ,Not applicable [ZZ],,,,,Y,N,N,Not homeless [Z],Z - Not homeless,B,Not 504 Eligible[Z],EN,,,,,149.0,1008.0,208.0,96.0,86.9,566.0,,553.0,544.0,Level 5,Mid or Above Grade Level
1213361,161,2,M,0,Paid Lunch [0],White,ZZ,Not applicable [ZZ],,,,,N,N,N,Not homeless [Z],Z - Not homeless,Z,Not 504 Eligible[Z],EN,,,91.0,28.0,70.0,987.0,201.0,92.0,79.6,486.0,,520.0,507.0,Level 4,Mid or Above Grade Level
1213479,161,1,F,0,Paid Lunch [0],Hispanic,ZZ,Not applicable [ZZ],,,,,N,N,N,Not homeless [Z],Z - Not homeless,Z,Not 504 Eligible[Z],EN,91.0,67.0,162.0,51.0,123.0,925.0,180.0,96.0,86.9,496.0,509.0,495.0,500.0,Level 5,Mid or Above Grade Level
1213610,161,2,F,D,Direct Cert/Free Lunch [D],Hispanic,ZZ,Tested - not eligible [TZ],,,,,N,N,N,Not homeless [Z],Z - Not homeless,Z,Not 504 Eligible[Z],SP,,,86.0,29.0,59.0,868.0,161.0,48.0,48.9,457.0,,490.0,483.0,Level 3,Early On Grade Level
1213640,161,1,M,D,Direct Cert/Free Lunch [D],Black or African American,ZZ,Not applicable [ZZ],,,,,N,N,N,Not homeless [Z],Z - Not homeless,Z,Not 504 Eligible[Z],EN,13.0,27.0,19.0,1.0,2.0,751.0,121.0,47.0,48.4,310.0,283.0,303.0,229.0,Level 3,1 Grade Level Below
1213645,161,1,F,D,Direct Cert/Free Lunch [D],Hispanic,ZZ,Tested - not eligible [TZ],,,,,N,N,N,Not homeless [Z],Z - Not homeless,Z,Not 504 Eligible[Z],EN,65.0,42.0,27.0,6.0,63.0,898.0,171.0,93.0,81.1,425.0,404.0,438.0,445.0,Level 5,Mid or Above Grade Level
1213652,161,2,M,D,Direct Cert/Free Lunch [D],Other,ZZ,Not applicable [ZZ],,,,,N,N,N,Not homeless [Z],Z - Not homeless,Z,Not 504 Eligible[Z],EN,,,,,107.0,915.0,177.0,68.0,59.9,482.0,,520.0,482.0,Level 3,Mid or Above Grade Level
1213706,161,2,F,D,Direct Cert/Free Lunch [D],Other,ZZ,Not applicable [ZZ],,,,,N,N,N,Not homeless [Z],Z - Not homeless,Z,Not 504 Eligible[Z],EN,,,41.0,12.0,62.0,881.0,165.0,54.0,52.1,471.0,,485.0,443.0,Level 2,Mid or Above Grade Level
1213771,161,1,F,D,Direct Cert/Free Lunch [D],Black or African American,ZZ,Not applicable [ZZ],,,,,N,N,N,Not homeless [Z],Z - Not homeless,Z,Not 504 Eligible[Z],EN,42.0,18.0,32.0,10.0,7.0,705.0,106.0,21.0,33.0,412.0,420.0,424.0,416.0,Level 4,Mid or Above Grade Level
1213823,161,2,M,0,Paid Lunch [0],Hispanic,ZZ,Not applicable [ZZ],,,,,N,N,N,Not homeless [Z],Not homeless [Z],Z,Not 504 Eligible[Z],EN,,,,,86.0,906.0,174.0,65.0,58.1,485.0,,519.0,459.0,Level 3,Early On Grade Level
1213834,161,2,M,D,Direct Cert/Free Lunch [D],White,ZZ,Not applicable [ZZ],,,,,N,N,N,Not homeless [Z],Z - Not homeless,Z,Not 504 Eligible[Z],EN,,,60.0,20.0,71.0,912.0,176.0,67.0,59.3,481.0,,487.0,428.0,Level 3,Mid or Above Grade Level
1213836,161,2,F,D,Direct Cert/Free Lunch [D],White,ZZ,Not applicable [ZZ],,,,,N,N,N,Not homeless [Z],Z - Not homeless,Z,Section 504 Eligible + No Plan [Y],EN,,,41.0,9.0,75.0,903.0,173.0,63.0,57.0,458.0,,462.0,485.0,Level 3,Early On Grade Level
1213838,161,2,M,D,Direct Cert/Free Lunch [D],Hispanic,ZZ,Tested - not eligible [TZ],,,,,N,N,N,Not homeless [Z],Z - Not homeless,Z,Not 504 Eligible[Z],PR,,,60.0,21.0,39.0,811.0,142.0,28.0,37.7,470.0,,475.0,453.0,Level 3,Mid or Above Grade Level
1213841,161,1,F,D,Direct Cert/Free Lunch [D],Hispanic,ZZ,Not applicable [ZZ],,,,,N,N,N,Not homeless [Z],Z - Not homeless,Z,Not 504 Eligible[Z],EN,49.0,44.0,38.0,10.0,11.0,718.0,110.0,26.0,36.5,394.0,423.0,418.0,342.0,Level 4,Mid or Above Grade Level
1213871,161,2,M,D,Direct Cert/Free Lunch [D],Black or African American,ZZ,Tested - not eligible [TZ],T,T - Developmentally Delayed,"D,G","D - Occupational Therapy,G - Language Impaired",N,Y,N,Not homeless [Z],Z - Not homeless,Z,Not 504 Eligible[Z],EN,,,74.0,22.0,68.0,851.0,155.0,42.0,45.8,436.0,,453.0,452.0,Level 1,1 Grade Level Below
1214003,161,2,F,3,Eligible for Reduced Lunch [3],White,ZZ,Not applicable [ZZ],,,,,N,N,N,Not homeless [Z],Z - Not homeless,Z,Not 504 Eligible[Z],EN,,,41.0,12.0,9.0,823.0,146.0,32.0,40.1,421.0,460.0,403.0,443.0,Level 3,Mid or Above Grade Level
1214104,161,2,M,D,Direct Cert/Free Lunch [D],Other,ZZ,Not applicable [ZZ],,,,,N,N,A,Other homelessness causes [N],"N - No, Is homeless but does not meet the definiton of unaccompanied youth",Z,Not 504 Eligible[Z],EN,,,40.0,9.0,48.0,841.0,152.0,38.0,43.6,443.0,,452.0,440.0,Level 4,Early On Grade Level
1214217,161,2,F,D,Direct Cert/Free Lunch [D],White,ZZ,Not applicable [ZZ],,,,,N,N,N,Not homeless [Z],Z - Not homeless,Z,Not 504 Eligible[Z],EN,,,88.0,20.0,75.0,965.0,194.0,87.0,73.7,501.0,,477.0,515.0,Level 3,Early On Grade Level
1214222,161,1,F,3,Eligible for Reduced Lunch [3],White,ZZ,Not applicable [ZZ],,,,,N,N,N,Not homeless [Z],Z - Not homeless,Z,Not 504 Eligible[Z],EN,48.0,56.0,36.0,10.0,46.0,763.0,125.0,54.0,52.1,407.0,389.0,400.0,357.0,Level 4,Mid or Above Grade Level
1214257,161,1,M,0,Paid Lunch [0],Other,ZZ,Not applicable [ZZ],P,P - Autism Spectrum Disorder,"G,T","G - Language Impaired,T - Developmentally Delayed",N,Y,N,Not homeless [Z],Z - Not homeless,Z,Not 504 Eligible[Z],EN,17.0,0.0,0.0,0.0,0.0,616.0,75.0,4.0,13.1,375.0,364.0,419.0,363.0,Level 1,1 Grade Level Below
1214283,161,1,M,D,Direct Cert/Free Lunch [D],Other,ZZ,Not applicable [ZZ],G,G - Language Impaired,"D,D","D - Occupational Therapy,D - Occupational Therapy",N,Y,E,Other homelessness causes [N],"N - No, Is homeless but does not meet the definiton of unaccompanied youth",Z,Not 504 Eligible[Z],EN,34.0,34.0,28.0,4.0,31.0,809.0,141.0,75.0,64.2,397.0,393.0,433.0,399.0,Level 5,Early On Grade Level
1214287,161,1,M,D,Direct Cert/Free Lunch [D],Other,ZZ,Tested - not eligible [TZ],T,T - Developmentally Delayed,G,G - Language Impaired,N,Y,N,Not homeless [Z],Z - Not homeless,Z,Not 504 Eligible[Z],EN,39.0,29.0,27.0,7.0,18.0,620.0,77.0,5.0,15.4,351.0,357.0,374.0,316.0,Level 2,1 Grade Level Below
1214573,161,2,F,D,Direct Cert/Free Lunch [D],Hispanic,ZZ,Not applicable [ZZ],,,,,N,N,N,Not homeless [Z],Z - Not homeless,Z,Not 504 Eligible[Z],EN,,,54.0,20.0,45.0,864.0,159.0,47.0,48.4,476.0,,544.0,456.0,Level 3,Early On Grade Level
1214803,161,2,M,D,Direct Cert/Free Lunch [D],White,ZZ,Not applicable [ZZ],,,,,N,N,N,Not homeless [Z],Not homeless [Z],Z,Not 504 Eligible[Z],EN,,,,,,,,,,,,,,Level 3,Early On Grade Level
1214860,161,1,F,0,Paid Lunch [0],White,ZZ,Not applicable [ZZ],,,,,N,N,N,Not homeless [Z],Z - Not homeless,Z,Not 504 Eligible[Z],EN,44.0,61.0,34.0,11.0,4.0,615.0,75.0,4.0,13.1,413.0,445.0,413.0,418.0,Level 5,Mid or Above Grade Level
1214943,161,1,M,D,Direct Cert/Free Lunch [D],Hispanic,ZZ,Not applicable [ZZ],,,,,N,N,N,Not homeless [Z],Z - Not homeless,Z,Not 504 Eligible[Z],EN,47.0,50.0,30.0,5.0,18.0,775.0,129.0,60.0,55.3,401.0,409.0,409.0,415.0,Level 5,Mid or Above Grade Level
1214973,161,1,F,D,Direct Cert/Free Lunch [D],Hispanic,ZZ,Tested - not eligible [TZ],,,,,N,N,N,Not homeless [Z],Z - Not homeless,Z,Not 504 Eligible[Z],SP,28.0,60.0,27.0,9.0,2.0,798.0,137.0,70.0,61.0,414.0,415.0,466.0,386.0,Level 3,Mid or Above Grade Level
1215027,161,1,F,0,Paid Lunch [0],Hispanic,ZZ,Not applicable [ZZ],T,T - Developmentally Delayed,"F,G","F - Speech Impaired,G - Language Impaired",N,Y,N,Not homeless [Z],Z - Not homeless,Z,Not 504 Eligible[Z],EN,25.0,14.0,23.0,0.0,13.0,756.0,123.0,50.0,50.0,369.0,351.0,364.0,326.0,Level 4,1 Grade Level Below
1215078,161,1,M,D,Direct Cert/Free Lunch [D],White,ZZ,Not applicable [ZZ],T,T - Developmentally Delayed,,,N,Y,N,Not homeless [Z],Z - Not homeless,Z,Not 504 Eligible[Z],EN,63.0,57.0,42.0,11.0,38.0,885.0,167.0,92.0,79.6,422.0,412.0,458.0,454.0,Level 5,Mid or Above Grade Level
1215149,161,2,M,D,Direct Cert/Free Lunch [D],Other,ZZ,Not applicable [ZZ],,,,,N,N,N,Not homeless [Z],Z - Not homeless,Z,Not 504 Eligible[Z],EN,,,52.0,12.0,26.0,780.0,131.0,18.0,30.7,424.0,,459.0,396.0,Level 2,1 Grade Level Below
1215225,161,1,M,D,Direct Cert/Free Lunch [D],Black or African American,ZZ,Not applicable [ZZ],,,,,N,N,N,Not homeless [Z],Z - Not homeless,Z,Not 504 Eligible[Z],EN,73.0,38.0,83.0,27.0,36.0,872.0,162.0,89.0,75.8,432.0,470.0,417.0,426.0,Level 5,Mid or Above Grade Level
1215281,161,1,F,F,Eligible for Free Lunch [F],White,ZZ,Not applicable [ZZ],P,P - Autism Spectrum Disorder,"F,G,T","F - Speech Impaired,G - Language Impaired,T - Developmentally Delayed",N,Y,N,Not homeless [Z],Z - Not homeless,Z,Not 504 Eligible[Z],EN,41.0,0.0,0.0,0.0,,775.0,129.0,60.0,55.3,361.0,349.0,396.0,316.0,Level 4,Early On Grade Level
1215506,161,1,F,0,Paid Lunch [0],Hispanic,ZZ,Tested - not eligible [TZ],,,,,N,N,N,Not homeless [Z],Z - Not homeless,Z,Not 504 Eligible[Z],SP,41.0,54.0,47.0,11.0,19.0,756.0,123.0,50.0,50.0,368.0,361.0,438.0,319.0,Level 5,Mid or Above Grade Level
1215636,161,1,F,D,Direct Cert/Free Lunch [D],White,ZZ,Not applicable [ZZ],,,,,N,N,N,Not homeless [Z],Z - Not homeless,Z,Not 504 Eligible[Z],EN,69.0,29.0,41.0,13.0,40.0,850.0,155.0,84.0,70.9,434.0,437.0,424.0,431.0,Level 5,Mid or Above Grade Level
1215663,161,1,M,D,Direct Cert/Free Lunch [D],Black or African American,ZZ,Not applicable [ZZ],,,,,N,N,N,Not homeless [Z],Z - Not homeless,Z,Not 504 Eligible[Z],EN,39.0,15.0,25.0,7.0,1.0,672.0,94.0,12.0,25.3,366.0,359.0,357.0,334.0,Level 3,Mid or Above Grade Level
1215788,161,1,F,0,Paid Lunch [0],Hispanic,ZZ,Not applicable [ZZ],,,,,N,N,N,Not homeless [Z],Z - Not homeless,Z,Not 504 Eligible[Z],EN,61.0,55.0,43.0,10.0,5.0,750.0,121.0,47.0,48.4,412.0,435.0,397.0,430.0,Level 4,Early On Grade Level
1215887,161,1,F,D,Direct Cert/Free Lunch [D],Hispanic,ZZ,Tested - not eligible [TZ],,,,,N,N,N,Not homeless [Z],Z - Not homeless,Z,Not 504 Eligible[Z],SP,58.0,50.0,44.0,15.0,11.0,785.0,133.0,64.0,57.5,430.0,447.0,439.0,433.0,Level 4,Early On Grade Level
1215890,161,1,M,D,Direct Cert/Free Lunch [D],Black or African American,ZZ,Not applicable [ZZ],,,,,N,N,N,Not homeless [Z],Z - Not homeless,Z,Not 504 Eligible[Z],EN,47.0,44.0,28.0,6.0,2.0,692.0,101.0,17.0,29.9,332.0,339.0,359.0,297.0,Level 4,Mid or Above Grade Level
1215936,161,2,F,D,Direct Cert/Free Lunch [D],White,ZZ,Not applicable [ZZ],,,,,N,N,N,Not homeless [Z],Not homeless [Z],Z,Not 504 Eligible[Z],EN,,,68.0,21.0,37.0,912.0,176.0,67.0,59.3,475.0,,509.0,472.0,Level 4,Early On Grade Level
1216017,161,1,F,D,Direct Cert/Free Lunch [D],Hispanic,ZZ,Not applicable [ZZ],,,,,N,N,N,Not homeless [Z],Z - Not homeless,Z,Not 504 Eligible[Z],EN,31.0,52.0,39.0,13.0,3.0,769.0,127.0,57.0,53.7,396.0,421.0,384.0,389.0,Level 4,Early On Grade Level
1216020,161,1,F,D,Direct Cert/Free Lunch [D],Black or African American,ZZ,Not applicable [ZZ],,,,,N,N,N,Not homeless [Z],Z - Not homeless,Z,Not 504 Eligible[Z],EN,,,,,,,,,,,,,,Level 4,
1216022,161,1,M,D,Direct Cert/Free Lunch [D],White,ZZ,Not applicable [ZZ],,,,,N,N,N,Not homeless [Z],Z - Not homeless,Z,Section 504 Eligible + Plan [Y],EN,37.0,24.0,33.0,9.0,4.0,718.0,110.0,26.0,36.5,395.0,418.0,382.0,350.0,Level 3,1 Grade Level Below
1216073,161,1,M,3,Eligible for Reduced Lunch [3],White,ZZ,Not applicable [ZZ],,,,,N,N,N,Not homeless [Z],Z - Not homeless,Z,Not 504 Eligible[Z],EN,52.0,59.0,33.0,8.0,11.0,736.0,116.0,37.0,43.0,402.0,423.0,400.0,439.0,Level 3,Mid or Above Grade Level
1216203,161,2,M,D,Direct Cert/Free Lunch [D],Hispanic,ZZ,Not applicable [ZZ],,,,,N,N,N,Not homeless [Z],Z - Not homeless,Z,Not 504 Eligible[Z],EN,,,,,164.0,989.0,202.0,93.0,81.1,475.0,,487.0,490.0,Level 4,Mid or Above Grade Level
1216212,161,1,F,D,Direct Cert/Free Lunch [D],Black or African American,ZZ,Not applicable [ZZ],,,,,N,N,N,Not homeless [Z],Z - Not homeless,Z,Not 504 Eligible[Z],EN,36.0,29.0,36.0,12.0,32.0,866.0,160.0,88.0,74.7,456.0,432.0,493.0,449.0,Level 4,Mid or Above Grade Level
1216222,161,1,F,D,Direct Cert/Free Lunch [D],White,ZZ,Tested - not eligible [TZ],,,,,N,N,N,Not homeless [Z],Z - Not homeless,Z,Not 504 Eligible[Z],UR,43.0,46.0,29.0,4.0,4.0,724.0,112.0,29.0,38.3,383.0,419.0,378.0,403.0,Level 4,Mid or Above Grade Level
1216225,161,1,F,D,Direct Cert/Free Lunch [D],Hispanic,LY,LEP in LEP classes [LY],,,,,N,N,N,Not homeless [Z],Z - Not homeless,Z,Not 504 Eligible[Z],SP,33.0,49.0,43.0,14.0,17.0,629.0,80.0,5.0,15.4,382.0,392.0,363.0,338.0,Level 3,Early On Grade Level
1216328,161,1,F,3,Eligible for Reduced Lunch [3],White,ZZ,Not applicable [ZZ],,,,,N,N,N,Not homeless [Z],Z - Not homeless,Z,Not 504 Eligible[Z],EN,55.0,47.0,33.0,16.0,17.0,783.0,132.0,63.0,57.0,415.0,464.0,398.0,350.0,Level 4,Mid or Above Grade Level
1216405,161,1,M,0,Paid Lunch [0],Asian,ZZ,Tested - not eligible [TZ],,,,,N,N,N,Not homeless [Z],Z - Not homeless,Z,Not 504 Eligible[Z],VI,65.0,66.0,62.0,20.0,102.0,925.0,180.0,96.0,86.9,478.0,432.0,470.0,518.0,Level 5,Mid or Above Grade Level
1216433,161,1,M,D,Direct Cert/Free Lunch [D],Hispanic,ZZ,Tested - not eligible [TZ],,,,,N,N,N,Not homeless [Z],Z - Not homeless,Z,Not 504 Eligible[Z],EN,59.0,35.0,40.0,9.0,14.0,754.0,122.0,49.0,49.5,417.0,425.0,413.0,383.0,Level 4,Mid or Above Grade Level
1216482,161,1,M,D,Direct Cert/Free Lunch [D],Black or African American,ZZ,Tested - not eligible [TZ],,,,,N,N,N,Not homeless [Z],Z - Not homeless,Z,Not 504 Eligible[Z],HC,26.0,48.0,30.0,8.0,4.0,804.0,139.0,73.0,62.9,394.0,392.0,410.0,421.0,Level 3,Mid or Above Grade Level
1216486,161,1,M,D,Direct Cert/Free Lunch [D],Black or African American,ZZ,Not applicable [ZZ],,,,,N,N,N,Not homeless [Z],Z - Not homeless,Z,Not 504 Eligible[Z],EN,45.0,37.0,71.0,24.0,46.0,904.0,173.0,94.0,82.7,466.0,473.0,494.0,446.0,Level 5,Mid or Above Grade Level
1216530,161,1,F,D,Direct Cert/Free Lunch [D],Black or African American,ZZ,Not applicable [ZZ],,,,,Y,N,N,Not homeless [Z],Z - Not homeless,A,Not 504 Eligible[Z],EN,66.0,64.0,77.0,25.0,63.0,917.0,177.0,95.0,84.6,499.0,509.0,485.0,496.0,Level 5,Mid or Above Grade Level
1216573,161,1,M,3,Eligible for Reduced Lunch [3],Hispanic,ZZ,Not applicable [ZZ],,,,,N,N,N,Not homeless [Z],Z - Not homeless,Z,Not 504 Eligible[Z],EN,21.0,61.0,44.0,7.0,4.0,740.0,117.0,40.0,44.7,388.0,401.0,396.0,380.0,Level 3,1 Grade Level Below
1216586,161,1,M,D,Direct Cert/Free Lunch [D],Black or African American,ZZ,Not applicable [ZZ],,,,,N,N,N,Not homeless [Z],Z - Not homeless,Z,Not 504 Eligible[Z],EN,46.0,70.0,24.0,4.0,3.0,739.0,117.0,39.0,44.1,423.0,438.0,442.0,454.0,Level 4,Mid or Above Grade Level
1216598,161,1,M,D,Direct Cert/Free Lunch [D],Hispanic,ZZ,Tested - not eligible [TZ],,,,,N,N,N,Not homeless [Z],Z - Not homeless,Z,Not 504 Eligible[Z],EN,40.0,53.0,35.0,11.0,7.0,772.0,128.0,59.0,54.8,431.0,484.0,398.0,425.0,Level 3,Mid or Above Grade Level
1216737,161,1,F,0,Paid Lunch [0],Hispanic,LY,LEP in LEP classes [LY],,,,,N,N,N,Not homeless [Z],Z - Not homeless,Z,Not 504 Eligible[Z],SP,18.0,13.0,25.0,0.0,,708.0,107.0,22.0,33.7,354.0,371.0,340.0,371.0,Level 2,1 Grade Level Below
1216741,161,1,F,0,Paid Lunch [0],Asian,ZZ,Not applicable [ZZ],,,,,N,N,N,Not homeless [Z],Z - Not homeless,Z,Not 504 Eligible[Z],EN,56.0,69.0,59.0,19.0,62.0,870.0,162.0,89.0,75.8,454.0,424.0,431.0,467.0,Level 4,Mid or Above Grade Level
1216804,161,1,M,D,Direct Cert/Free Lunch [D],Hispanic,ZZ,Tested - not eligible [TZ],F,F - Speech Impaired,,,N,Y,N,Not homeless [Z],Z - Not homeless,Z,Not 504 Eligible[Z],SP,48.0,62.0,53.0,14.0,24.0,748.0,120.0,45.0,47.4,400.0,392.0,425.0,361.0,Level 3,Mid or Above Grade Level
1216808,161,1,F,D,Direct Cert/Free Lunch [D],Hispanic,ZZ,Not applicable [ZZ],,,,,N,N,N,Not homeless [Z],Z - Not homeless,Z,Not 504 Eligible[Z],EN,37.0,49.0,32.0,10.0,10.0,759.0,124.0,52.0,51.1,402.0,372.0,401.0,385.0,Level 5,Mid or Above Grade Level
1216825,161,1,M,D,Direct Cert/Free Lunch [D],White,ZZ,Not applicable [ZZ],K,K - Specific Learning Disabled,G,G - Language Impaired,N,Y,N,Not homeless [Z],Z - Not homeless,Z,Not 504 Eligible[Z],EN,45.0,44.0,42.0,12.0,14.0,596.0,69.0,1.0,1.0,366.0,348.0,370.0,399.0,Level 3,Mid or Above Grade Level
1216863,161,1,M,D,Direct Cert/Free Lunch [D],Black or African American,ZZ,Not applicable [ZZ],,,,,N,N,N,Not homeless [Z],Z - Not homeless,Z,Not 504 Eligible[Z],EN,48.0,43.0,36.0,7.0,5.0,764.0,126.0,55.0,52.6,384.0,350.0,384.0,366.0,Level 2,1 Grade Level Below
1216898,161,1,M,0,Paid Lunch [0],White,ZZ,Not applicable [ZZ],,,,,N,N,N,Not homeless [Z],Z - Not homeless,Z,Not 504 Eligible[Z],EN,68.0,52.0,65.0,17.0,55.0,901.0,172.0,94.0,82.7,471.0,509.0,506.0,463.0,Level 5,Mid or Above Grade Level
1217213,161,1,M,D,Direct Cert/Free Lunch [D],White,ZZ,Not applicable [ZZ],T,T - Developmentally Delayed,,,N,Y,N,Not homeless [Z],Z - Not homeless,Z,Not 504 Eligible[Z],EN,51.0,74.0,85.0,29.0,38.0,615.0,75.0,4.0,13.1,421.0,418.0,462.0,366.0,Level 5,Mid or Above Grade Level
1217228,161,1,F,D,Direct Cert/Free Lunch [D],Hispanic,ZZ,Not applicable [ZZ],,,,,N,N,N,Not homeless [Z],Z - Not homeless,Z,Not 504 Eligible[Z],EN,29.0,28.0,27.0,7.0,20.0,807.0,140.0,74.0,63.5,412.0,413.0,444.0,384.0,Level 3,Mid or Above Grade Level
1217442,161,1,F,D,Direct Cert/Free Lunch [D],Black or African American,ZZ,Not applicable [ZZ],,,,,N,N,N,Not homeless [Z],Z - Not homeless,Z,Not 504 Eligible[Z],EN,20.0,44.0,13.0,2.0,,722.0,111.0,28.0,37.7,387.0,355.0,368.0,373.0,Level 3,1 Grade Level Below
1217629,161,1,M,D,Direct Cert/Free Lunch [D],Black or African American,ZZ,Not applicable [ZZ],,,,,N,N,N,Not homeless [Z],Z - Not homeless,Z,Not 504 Eligible[Z],EN,39.0,36.0,16.0,7.0,13.0,793.0,135.0,68.0,59.9,403.0,433.0,434.0,332.0,Level 3,Early On Grade Level
1217685,161,1,M,F,Eligible for Free Lunch [F],Hispanic,LY,LEP in LEP classes [LY],,,,,N,N,B,Other homelessness causes [N],"N - No, Is homeless but does not meet the definiton of unaccompanied youth",Z,Not 504 Eligible[Z],SP,11.0,30.0,23.0,3.0,0.0,705.0,106.0,21.0,33.0,379.0,374.0,402.0,369.0,Level 3,Early On Grade Level
1217700,161,1,M,F,Eligible for Free Lunch [F],White,LY,LEP in LEP classes [LY],,,,,N,N,N,Not homeless [Z],Z - Not homeless,Z,Not 504 Eligible[Z],PR,6.0,17.0,27.0,0.0,0.0,677.0,96.0,13.0,26.3,350.0,365.0,365.0,332.0,Level 1,Early On Grade Level
1217804,161,1,F,D,Direct Cert/Free Lunch [D],Black or African American,ZZ,Not applicable [ZZ],K,K - Specific Learning Disabled,X,X - Language Therapy (Other),N,Y,N,Not homeless [Z],Z - Not homeless,Z,Not 504 Eligible[Z],EN,15.0,25.0,17.0,0.0,,695.0,102.0,18.0,30.7,345.0,367.0,328.0,350.0,Level 1,1 Grade Level Below
1218031,161,2,F,D,Direct Cert/Free Lunch [D],Black or African American,ZZ,Not applicable [ZZ],,,,,N,N,B,Other homelessness causes [N],"N - No, Is homeless but does not meet the definiton of unaccompanied youth",Z,Not 504 Eligible[Z],EN,,,,,118.0,970.0,195.0,88.0,74.7,524.0,,557.0,550.0,Level 4,Mid or Above Grade Level
1218092,161,1,M,D,Direct Cert/Free Lunch [D],White,ZZ,Not applicable [ZZ],,,,,N,N,N,Not homeless [Z],Z - Not homeless,Z,Not 504 Eligible[Z],EN,50.0,42.0,115.0,38.0,120.0,914.0,176.0,95.0,84.6,391.0,373.0,400.0,412.0,Level 4,1 Grade Level Below
1218407,161,1,F,0,Paid Lunch [0],White,ZZ,Not applicable [ZZ],V,V - Other Health Impaired,"E,G","E - Physical Therapy,G - Language Impaired",N,Y,N,Not homeless [Z],Z - Not homeless,Z,Not 504 Eligible[Z],RS,19.0,0.0,6.0,0.0,,607.0,72.0,2.0,6.7,361.0,419.0,376.0,286.0,Level 1,
1218454,161,1,F,F,Eligible for Free Lunch [F],Hispanic,LY,LEP in LEP classes [LY],,,,,N,N,B,Other homelessness causes [N],"N - No, Is homeless but does not meet the definiton of unaccompanied youth",Z,Not 504 Eligible[Z],SP,13.0,44.0,44.0,13.0,8.0,727.0,113.0,31.0,39.6,378.0,402.0,371.0,366.0,Level 3,Mid or Above Grade Level
1218497,161,2,M,D,Direct Cert/Free Lunch [D],Asian,ZZ,Tested - not eligible [TZ],,,,,N,N,N,Not homeless [Z],Z - Not homeless,Z,Not 504 Eligible[Z],EN,,,38.0,7.0,15.0,790.0,134.0,21.0,33.0,410.0,,459.0,406.0,Level 2,1 Grade Level Below
1218557,161,2,F,F,Eligible for Free Lunch [F],Hispanic,LY,LEP in LEP classes [LY],,,,,N,N,N,Not homeless [Z],Z - Not homeless,Z,Dismissal from Section 504 [Z],SP,,,30.0,10.0,11.0,615.0,75.0,3.0,10.4,387.0,401.0,395.0,399.0,Level 1,1 Grade Level Below
1218623,161,1,M,F,Eligible for Free Lunch [F],Hispanic,ZZ,Not applicable [ZZ],,,,,N,N,N,Not homeless [Z],Z - Not homeless,Z,Not 504 Eligible[Z],EN,24.0,30.0,38.0,0.0,0.0,733.0,115.0,35.0,41.9,415.0,445.0,411.0,400.0,Level 2,Early On Grade Level
1218646,161,2,F,F,Eligible for Free Lunch [F],Hispanic,ZZ,Tested - not eligible [TZ],,,,,N,N,B,Other homelessness causes [N],"N - No, Is homeless but does not meet the definiton of unaccompanied youth",Z,Section 504 Eligible + Plan [Y],SP,,,101.0,32.0,68.0,936.0,184.0,77.0,65.6,479.0,,487.0,498.0,Level 3,1 Grade Level Below
1218921,161,1,F,0,Paid Lunch [0],Asian,ZZ,Tested - not eligible [TZ],,,,,N,N,N,Not homeless [Z],Z - Not homeless,Z,Not 504 Eligible[Z],EN,42.0,37.0,38.0,12.0,23.0,869.0,161.0,89.0,75.8,461.0,401.0,433.0,466.0,Level 4,Mid or Above Grade Level
1219089,161,1,F,F,Eligible for Free Lunch [F],Hispanic,LF,Two year followup [LF],K,K - Specific Learning Disabled,F,F - Speech Impaired,N,Y,N,Not homeless [Z],Z - Not homeless,Z,Not 504 Eligible[Z],SP,11.0,31.0,9.0,0.0,0.0,794.0,136.0,68.0,59.9,402.0,409.0,372.0,416.0,Level 3,Mid or Above Grade Level
1219387,161,2,M,0,Paid Lunch [0],Hispanic,ZZ,Not applicable [ZZ],P,P - Autism Spectrum Disorder,G,G - Language Impaired,N,Y,N,Not homeless [Z],Z - Not homeless,Z,Not 504 Eligible[Z],EN,,,11.0,0.0,2.0,829.0,148.0,34.0,41.3,296.0,313.0,276.0,277.0,Level 1,1 Grade Level Below
1220323,161,1,F,F,Eligible for Free Lunch [F],White,ZZ,Not applicable [ZZ],G,G - Language Impaired,,,N,Y,N,Not homeless [Z],Z - Not homeless,Z,Not 504 Eligible[Z],EN,21.0,5.0,19.0,0.0,9.0,793.0,135.0,68.0,59.9,397.0,409.0,365.0,364.0,Level 3,Mid or Above Grade Level
1220750,161,1,M,D,Direct Cert/Free Lunch [D],Black or African American,ZZ,Not applicable [ZZ],,,,,N,N,N,Not homeless [Z],Z - Not homeless,Z,Not 504 Eligible[Z],EN,53.0,44.0,27.0,3.0,13.0,757.0,123.0,51.0,50.5,391.0,412.0,393.0,350.0,Level 3,Early On Grade Level
1220931,161,1,M,D,Direct Cert/Free Lunch [D],Black or African American,ZZ,Not applicable [ZZ],,,,,N,N,B,Other homelessness causes [N],"N - No, Is homeless but does not meet the definiton of unaccompanied youth",Z,Not 504 Eligible[Z],EN,29.0,34.0,40.0,11.0,21.0,866.0,160.0,88.0,74.7,415.0,352.0,502.0,433.0,Level 4,Mid or Above Grade Level
1221089,161,2,F,D,Direct Cert/Free Lunch [D],Hispanic,LY,LEP in LEP classes [LY],,,,,N,N,N,Not homeless [Z],Z - Not homeless,Z,Not 504 Eligible[Z],SP,,,,,,750.0,121.0,9.0,21.8,386.0,393.0,443.0,431.0,Level 1,2 Grade Levels Below
1221150,161,1,M,D,Direct Cert/Free Lunch [D],White,ZZ,Not applicable [ZZ],,,,,N,N,B,Other homelessness causes [N],"N - No, Is homeless but does not meet the definiton of unaccompanied youth",Z,Not 504 Eligible[Z],EN,29.0,48.0,28.0,9.0,6.0,754.0,122.0,49.0,49.5,409.0,484.0,435.0,397.0,Level 4,Mid or Above Grade Level
1221380,161,2,M,3,Eligible for Reduced Lunch [3],Hispanic,LY,LEP in LEP classes [LY],,,,,N,N,N,Not homeless [Z],Z - Not homeless,Z,Not 504 Eligible[Z],SP,,,0.0,0.0,0.0,751.0,121.0,9.0,21.8,404.0,464.0,407.0,364.0,Level 1,1 Grade Level Below
1221406,161,2,F,3,Eligible for Reduced Lunch [3],Hispanic,LY,LEP in LEP classes [LY],,,,,N,N,N,Not homeless [Z],Z - Not homeless,Z,Not 504 Eligible[Z],SP,,,38.0,9.0,,777.0,130.0,17.0,29.9,384.0,,435.0,348.0,Level 1,1 Grade Level Below
1221845,161,1,M,F,Eligible for Free Lunch [F],Hispanic,LY,LEP in LEP classes [LY],,,,,N,N,N,Not homeless [Z],Z - Not homeless,Z,Not 504 Eligible[Z],SP,7.0,5.0,9.0,0.0,,709.0,107.0,23.0,34.4,289.0,322.0,357.0,249.0,Level 2,1 Grade Level Below
1222832,161,1,F,D,Direct Cert/Free Lunch [D],Hispanic,ZZ,Not applicable [ZZ],,,,,N,N,N,Not homeless [Z],Z - Not homeless,Z,Not 504 Eligible[Z],EN,,,,,,,,,,,,,,Level 1,
1223212,161,1,M,F,Eligible for Free Lunch [F],White,ZZ,Not applicable [ZZ],,,,,N,N,N,Not homeless [Z],Z - Not homeless,Z,Section 504 Eligible + Plan [Y],EN,,,,,,,,,,,,,,Level 4,1 Grade Level Below
1223546,161,1,F,0,Paid Lunch [0],Black or African American,LY,LEP in LEP classes [LY],,,,,N,N,N,Not homeless [Z],Z - Not homeless,Z,Not 504 Eligible[Z],HC,,,,,,,,,,,,,,Level 1,
1203649,191,2,F,D,Direct Cert/Free Lunch [D],White,ZZ,Not applicable [ZZ],,,,,N,N,N,Not homeless [Z],Z - Not homeless,Z,Not 504 Eligible[Z],EN,,,77.0,26.0,95.0,915.0,177.0,68.0,59.9,488.0,,498.0,490.0,Level 3,Mid or Above Grade Level
1204030,191,2,F,D,Direct Cert/Free Lunch [D],Black or African American,ZZ,Not applicable [ZZ],K,K - Specific Learning Disabled,G,G - Language Impaired,N,Y,N,Not homeless [Z],Z - Not homeless,Z,Not 504 Eligible[Z],EN,,,27.0,9.0,7.0,615.0,75.0,3.0,10.4,395.0,408.0,448.0,369.0,Level 1,1 Grade Level Below
1208382,191,2,F,D,Direct Cert/Free Lunch [D],Black or African American,ZZ,Not applicable [ZZ],K,K - Specific Learning Disabled,,,N,Y,N,Not homeless [Z],Z - Not homeless,Z,Not 504 Eligible[Z],EN,,,32.0,10.0,5.0,615.0,75.0,3.0,10.4,401.0,407.0,394.0,370.0,Level 2,1 Grade Level Below
1208943,191,2,M,D,Direct Cert/Free Lunch [D],White,ZZ,Not applicable [ZZ],,,,,N,N,N,Not homeless [Z],Z - Not homeless,Z,Not 504 Eligible[Z],EN,,,70.0,23.0,67.0,846.0,153.0,40.0,44.7,458.0,,508.0,491.0,Level 3,Early On Grade Level
1209427,191,2,M,D,Direct Cert/Free Lunch [D],Hispanic,ZZ,Tested - not eligible [TZ],,,,,N,N,N,Not homeless [Z],Z - Not homeless,Z,Not 504 Eligible[Z],SP,,,45.0,15.0,62.0,893.0,169.0,59.0,54.8,498.0,,503.0,475.0,Level 2,Mid or Above Grade Level
1209567,191,2,F,D,Direct Cert/Free Lunch [D],White,ZZ,Not applicable [ZZ],K,K - Specific Learning Disabled,,,N,Y,N,Not homeless [Z],Z - Not homeless,Z,Not 504 Eligible[Z],EN,,,49.0,15.0,18.0,776.0,130.0,16.0,29.1,436.0,,450.0,409.0,Level 2,1 Grade Level Below
1209871,191,1,F,D,Direct Cert/Free Lunch [D],Hispanic,ZZ,Not applicable [ZZ],,,,,N,N,N,Not homeless [Z],Z - Not homeless,Z,Not 504 Eligible[Z],EN,44.0,56.0,44.0,15.0,9.0,758.0,124.0,52.0,51.1,380.0,369.0,401.0,372.0,Level 4,Early On Grade Level
1210744,191,2,M,D,Direct Cert/Free Lunch [D],Black or African American,ZZ,Not applicable [ZZ],V,V - Other Health Impaired,F,F - Speech Impaired,N,Y,N,Not homeless [Z],Z - Not homeless,Z,Not 504 Eligible[Z],EN,,,53.0,17.0,46.0,843.0,152.0,39.0,44.1,442.0,420.0,401.0,464.0,Level 2,Early On Grade Level
1211159,191,2,M,D,Direct Cert/Free Lunch [D],White,ZZ,Not applicable [ZZ],,,,,N,N,N,Not homeless [Z],Z - Not homeless,Z,Not 504 Eligible[Z],EN,,,60.0,20.0,64.0,874.0,163.0,51.0,50.5,503.0,,557.0,497.0,,Mid or Above Grade Level
1211188,191,2,M,0,Paid Lunch [0],White,ZZ,Not applicable [ZZ],J,J - Emotional/Behavioral Disabl,"P,V","P - Autism Spectrum Disorder,V - Other Health Impaired",N,Y,N,Not homeless [Z],Z - Not homeless,Z,Not 504 Eligible[Z],EN,,,,,,,,,,503.0,,477.0,503.0,Level 5,Mid or Above Grade Level
1211238,191,2,M,D,Direct Cert/Free Lunch [D],Black or African American,ZZ,Not applicable [ZZ],,,,,Y,N,N,Not homeless [Z],Z - Not homeless,Z,Not 504 Eligible[Z],EN,,,51.0,17.0,82.0,908.0,174.0,65.0,58.1,489.0,,535.0,418.0,Level 5,Mid or Above Grade Level
1211314,191,1,M,D,Direct Cert/Free Lunch [D],Other,ZZ,Not applicable [ZZ],,,,,N,N,N,Not homeless [Z],Z - Not homeless,Z,Not 504 Eligible[Z],EN,72.0,39.0,56.0,17.0,27.0,771.0,128.0,58.0,54.2,419.0,439.0,405.0,400.0,Level 4,Mid or Above Grade Level
1211325,191,2,M,D,Direct Cert/Free Lunch [D],White,ZZ,Not applicable [ZZ],,,,,N,N,N,Not homeless [Z],Z - Not homeless,Z,Section 504 Eligible + Plan [Y],EN,,,137.0,36.0,124.0,868.0,161.0,48.0,48.9,501.0,,540.0,422.0,Level 2,Mid or Above Grade Level
1211730,191,2,F,D,Direct Cert/Free Lunch [D],Hispanic,ZZ,Tested - not eligible [TZ],,,,,N,N,N,Not homeless [Z],Z - Not homeless,Z,Not 504 Eligible[Z],EN,,,54.0,18.0,78.0,928.0,181.0,74.0,63.5,550.0,,560.0,547.0,Level 3,Mid or Above Grade Level
1212008,191,1,M,D,Direct Cert/Free Lunch [D],Hispanic,ZZ,Not applicable [ZZ],T,T - Developmentally Delayed,G,G - Language Impaired,N,Y,N,Not homeless [Z],Z - Not homeless,Z,Not 504 Eligible[Z],SP,43.0,24.0,28.0,8.0,41.0,806.0,140.0,74.0,63.5,370.0,401.0,401.0,393.0,Level 5,Mid or Above Grade Level
1212122,191,2,M,D,Direct Cert/Free Lunch [D],Hispanic,ZZ,Tested - not eligible [TZ],,,,,N,N,N,Not homeless [Z],Z - Not homeless,Z,Not 504 Eligible[Z],EN,,,51.0,17.0,23.0,791.0,135.0,21.0,33.0,426.0,384.0,409.0,395.0,Level 1,1 Grade Level Below
1212254,191,1,F,0,Paid Lunch [0],White,ZZ,Not applicable [ZZ],,,,,N,N,N,Not homeless [Z],Z - Not homeless,Z,Section 504 Eligible + Plan [Y],EN,31.0,21.0,24.0,5.0,3.0,736.0,116.0,37.0,43.0,399.0,380.0,370.0,469.0,Level 2,Early On Grade Level
1212304,191,2,M,D,Direct Cert/Free Lunch [D],Black or African American,ZZ,Not applicable [ZZ],,,,,N,N,N,Not homeless [Z],Z - Not homeless,Z,Section 504 Eligible + Plan [Y],EN,,,39.0,13.0,30.0,850.0,155.0,42.0,45.8,420.0,,429.0,424.0,Level 2,1 Grade Level Below
1212331,191,2,M,D,Direct Cert/Free Lunch [D],Hispanic,ZZ,Not applicable [ZZ],,,,,N,N,N,Not homeless [Z],Z - Not homeless,Z,Not 504 Eligible[Z],EN,,,34.0,10.0,37.0,790.0,134.0,21.0,33.0,410.0,386.0,401.0,440.0,Level 1,1 Grade Level Below
1212385,191,2,M,D,Direct Cert/Free Lunch [D],White,ZZ,Not applicable [ZZ],K,K - Specific Learning Disabled,,,N,Y,N,Not homeless [Z],Z - Not homeless,Z,Not 504 Eligible[Z],EN,,,36.0,12.0,5.0,615.0,75.0,3.0,10.4,401.0,408.0,359.0,393.0,Level 1,1 Grade Level Below
1212458,191,2,F,D,Direct Cert/Free Lunch [D],Hispanic,ZZ,Not applicable [ZZ],,,,,N,N,N,Not homeless [Z],Z - Not homeless,Z,Not 504 Eligible[Z],EN,,,65.0,22.0,89.0,981.0,199.0,91.0,78.2,531.0,,577.0,502.0,Level 3,Mid or Above Grade Level
1212469,191,1,F,D,Direct Cert/Free Lunch [D],Other,ZZ,Not applicable [ZZ],,,,,N,N,N,Not homeless [Z],Z - Not homeless,Z,Not 504 Eligible[Z],EN,46.0,24.0,24.0,6.0,5.0,762.0,125.0,54.0,52.1,379.0,420.0,368.0,345.0,Level 1,1 Grade Level Below
1212518,191,2,F,D,Direct Cert/Free Lunch [D],White,ZZ,Not applicable [ZZ],,,,,N,N,A,Other homelessness causes [N],"N - No, Is homeless but does not meet the definiton of unaccompanied youth",Z,Not 504 Eligible[Z],EN,,,49.0,15.0,22.0,757.0,123.0,11.0,24.2,422.0,,448.0,412.0,Level 2,Early On Grade Level
1212633,191,2,M,D,Direct Cert/Free Lunch [D],Black or African American,ZZ,Not applicable [ZZ],,,,,N,N,N,Not homeless [Z],Z - Not homeless,Z,Not 504 Eligible[Z],EN,,,45.0,15.0,42.0,893.0,169.0,59.0,54.8,468.0,,468.0,451.0,Level 5,Early On Grade Level
1212646,191,2,M,0,Paid Lunch [0],Hispanic,ZZ,Not applicable [ZZ],,,,,N,N,N,Not homeless [Z],Z - Not homeless,Z,Not 504 Eligible[Z],EN,,,54.0,18.0,77.0,897.0,171.0,61.0,55.9,479.0,,452.0,542.0,Level 5,Mid or Above Grade Level
1212717,191,2,M,0,Paid Lunch [0],Black or African American,ZZ,Not applicable [ZZ],,,,,N,N,N,Not homeless [Z],Z - Not homeless,Z,Not 504 Eligible[Z],EN,,,45.0,15.0,45.0,828.0,147.0,34.0,41.3,407.0,405.0,401.0,416.0,Level 2,1 Grade Level Below
1212752,191,2,M,0,Paid Lunch [0],Other,ZZ,Not applicable [ZZ],,,,,N,N,N,Not homeless [Z],Z - Not homeless,Z,Not 504 Eligible[Z],EN,,,30.0,10.0,15.0,747.0,120.0,8.0,20.4,403.0,386.0,406.0,362.0,Level 1,1 Grade Level Below
1212837,191,1,F,F,Eligible for Free Lunch [F],White,ZZ,Not applicable [ZZ],,,,,N,N,N,Not homeless [Z],Z - Not homeless,Z,Not 504 Eligible[Z],EN,47.0,48.0,25.0,6.0,30.0,759.0,124.0,52.0,51.1,418.0,436.0,440.0,460.0,Level 4,Mid or Above Grade Level
1212909,191,2,M,D,Direct Cert/Free Lunch [D],White,ZZ,Not applicable [ZZ],,,,,N,N,N,Not homeless [Z],Z - Not homeless,Z,Not 504 Eligible[Z],EN,,,45.0,15.0,42.0,887.0,167.0,56.0,53.2,423.0,435.0,410.0,413.0,Level 2,Early On Grade Level
1213044,191,2,F,D,Direct Cert/Free Lunch [D],White,ZZ,Not applicable [ZZ],M,M - Hospital/Homebound,K,K - Specific Learning Disabled,N,Y,N,Not homeless [Z],Z - Not homeless,Z,Not 504 Eligible[Z],EN,,,,,,,,,,385.0,424.0,343.0,362.0,,2 Grade Levels Below
1213188,191,2,M,F,Eligible for Free Lunch [F],Black or African American,ZZ,Not applicable [ZZ],,,,,N,N,N,Not homeless [Z],Z - Not homeless,Z,Section 504 Eligible + Plan [Y],EN,,,51.0,17.0,34.0,799.0,137.0,24.0,35.1,419.0,,423.0,392.0,Level 1,1 Grade Level Below
1213223,191,2,F,0,Paid Lunch [0],White,ZZ,Not applicable [ZZ],F,F - Speech Impaired,,,N,Y,N,Not homeless [Z],Z - Not homeless,Z,Not 504 Eligible[Z],EN,,,60.0,20.0,89.0,930.0,182.0,74.0,63.5,500.0,,542.0,530.0,Level 4,Mid or Above Grade Level
1213254,191,2,M,D,Direct Cert/Free Lunch [D],Hispanic,ZZ,Not applicable [ZZ],,,,,N,N,N,Not homeless [Z],Z - Not homeless,Z,Not 504 Eligible[Z],EN,,,42.0,14.0,65.0,818.0,144.0,30.0,39.0,391.0,375.0,414.0,414.0,Level 2,1 Grade Level Below
1213259,191,2,M,0,Paid Lunch [0],White,ZZ,Not applicable [ZZ],K,K - Specific Learning Disabled,"F,V","F - Speech Impaired,V - Other Health Impaired",N,Y,N,Not homeless [Z],Z - Not homeless,Z,Not 504 Eligible[Z],EN,,,33.0,11.0,9.0,757.0,123.0,11.0,24.2,390.0,402.0,392.0,377.0,Level 1,1 Grade Level Below
1213332,191,2,M,3,Eligible for Reduced Lunch [3],Hispanic,ZZ,Not applicable [ZZ],K,K - Specific Learning Disabled,F,F - Speech Impaired,N,Y,N,Not homeless [Z],Z - Not homeless,Z,Not 504 Eligible[Z],EN,,,39.0,13.0,39.0,800.0,138.0,24.0,35.1,423.0,446.0,421.0,419.0,Level 1,Early On Grade Level
1213402,191,2,M,D,Direct Cert/Free Lunch [D],White,ZZ,Not applicable [ZZ],F,F - Speech Impaired,,,N,Y,N,Not homeless [Z],Z - Not homeless,Z,Not 504 Eligible[Z],EN,,,43.0,13.0,46.0,777.0,130.0,17.0,29.9,421.0,425.0,438.0,418.0,Level 2,1 Grade Level Below
1213463,191,2,F,D,Direct Cert/Free Lunch [D],Hispanic,ZZ,Not applicable [ZZ],,,,,N,N,N,Not homeless [Z],Z - Not homeless,Z,Not 504 Eligible[Z],EN,,,80.0,27.0,152.0,931.0,182.0,75.0,64.2,494.0,,456.0,550.0,Level 4,Mid or Above Grade Level
1213468,191,2,F,D,Direct Cert/Free Lunch [D],Hispanic,ZZ,Not applicable [ZZ],,,,,N,N,N,Not homeless [Z],Z - Not homeless,Z,Not 504 Eligible[Z],EN,,,,,107.0,931.0,182.0,75.0,64.2,499.0,,544.0,467.0,Level 3,Mid or Above Grade Level
1213602,191,2,M,0,Paid Lunch [0],White,ZZ,Not applicable [ZZ],,,,,N,N,N,Not homeless [Z],Z - Not homeless,Z,Not 504 Eligible[Z],EN,,,60.0,20.0,46.0,816.0,143.0,30.0,39.0,461.0,,449.0,434.0,Level 3,Early On Grade Level
1213653,191,2,M,0,Paid Lunch [0],White,ZZ,Not applicable [ZZ],,,,,N,N,N,Not homeless [Z],Z - Not homeless,Z,Not 504 Eligible[Z],EN,,,63.0,21.0,97.0,824.0,146.0,33.0,40.7,430.0,,466.0,449.0,Level 3,Mid or Above Grade Level
1213979,191,2,M,D,Direct Cert/Free Lunch [D],Other,ZZ,Not applicable [ZZ],,,,,N,N,N,Not homeless [Z],Z - Not homeless,Z,Section 504 Eligible + Plan [Y],EN,,,51.0,17.0,39.0,786.0,133.0,19.0,31.5,427.0,,468.0,434.0,Level 1,1 Grade Level Below
1214214,191,1,M,D,Direct Cert/Free Lunch [D],Black or African American,ZZ,Not applicable [ZZ],,,,,N,N,N,Not homeless [Z],Not homeless [Z],Z,Not 504 Eligible[Z],EN,43.0,64.0,37.0,3.0,1.0,718.0,110.0,26.0,36.5,361.0,385.0,386.0,334.0,Level 1,1 Grade Level Below
1214253,191,2,F,D,Direct Cert/Free Lunch [D],White,ZZ,Not applicable [ZZ],,,,,N,N,N,Not homeless [Z],Z - Not homeless,Z,Not 504 Eligible[Z],EN,,,48.0,16.0,103.0,937.0,184.0,77.0,65.6,528.0,,549.0,508.0,Level 4,Mid or Above Grade Level
1214711,191,1,M,D,Direct Cert/Free Lunch [D],White,ZZ,Not applicable [ZZ],,,,,N,N,N,Not homeless [Z],Z - Not homeless,Z,Not 504 Eligible[Z],EN,12.0,50.0,17.0,5.0,0.0,756.0,123.0,50.0,50.0,372.0,355.0,357.0,346.0,Level 1,1 Grade Level Below
1214773,191,1,M,D,Direct Cert/Free Lunch [D],Hispanic,ZZ,Not applicable [ZZ],,,,,N,N,N,Not homeless [Z],Z - Not homeless,Z,Not 504 Eligible[Z],EN,64.0,18.0,73.0,23.0,34.0,851.0,155.0,85.0,71.8,407.0,370.0,401.0,448.0,Level 4,Mid or Above Grade Level
1214832,191,1,F,0,Paid Lunch [0],White,ZZ,Not applicable [ZZ],F,F - Speech Impaired,,,N,Y,N,Not homeless [Z],Z - Not homeless,Z,Not 504 Eligible[Z],EN,53.0,56.0,44.0,15.0,11.0,639.0,83.0,6.0,17.3,402.0,377.0,422.0,395.0,Level 3,Mid or Above Grade Level
1215298,191,1,F,D,Direct Cert/Free Lunch [D],White,ZZ,Not applicable [ZZ],F,F - Speech Impaired,,,N,Y,N,Not homeless [Z],Z - Not homeless,Z,Not 504 Eligible[Z],EN,33.0,69.0,22.0,6.0,2.0,741.0,118.0,41.0,45.2,412.0,428.0,405.0,456.0,Level 2,Early On Grade Level
1215475,191,1,M,0,Paid Lunch [0],White,ZZ,Not applicable [ZZ],,,,,N,N,N,Not homeless [Z],Z - Not homeless,Z,Not 504 Eligible[Z],EN,54.0,44.0,59.0,20.0,8.0,732.0,115.0,35.0,41.9,411.0,409.0,446.0,392.0,Level 4,Mid or Above Grade Level
1215622,191,1,M,F,Eligible for Free Lunch [F],White,ZZ,Not applicable [ZZ],,,,,N,N,N,Not homeless [Z],Z - Not homeless,Z,Not 504 Eligible[Z],EN,70.0,84.0,56.0,19.0,22.0,875.0,163.0,90.0,77.0,451.0,473.0,470.0,416.0,Level 3,Mid or Above Grade Level
1215809,191,1,F,0,Paid Lunch [0],White,ZZ,Not applicable [ZZ],,,,,N,N,N,Not homeless [Z],Z - Not homeless,Z,Not 504 Eligible[Z],EN,72.0,50.0,60.0,19.0,51.0,878.0,164.0,90.0,77.0,434.0,449.0,404.0,427.0,Level 5,Mid or Above Grade Level
1216014,191,1,M,D,Direct Cert/Free Lunch [D],White,ZZ,Not applicable [ZZ],V,V - Other Health Impaired,,,N,Y,N,Not homeless [Z],Z - Not homeless,Z,IDEA Eligible & Section 504 Dismissal [Z],EN,35.0,30.0,19.0,6.0,0.0,615.0,75.0,4.0,13.1,355.0,395.0,387.0,373.0,Level 2,1 Grade Level Below
1216018,191,1,F,D,Direct Cert/Free Lunch [D],White,ZZ,Not applicable [ZZ],,,,,N,N,N,Not homeless [Z],Z - Not homeless,Z,Not 504 Eligible[Z],EN,32.0,23.0,27.0,6.0,2.0,725.0,112.0,30.0,39.0,409.0,416.0,417.0,397.0,Level 1,1 Grade Level Below
1216089,191,1,M,D,Direct Cert/Free Lunch [D],Black or African American,ZZ,Not applicable [ZZ],,,,,N,N,N,Not homeless [Z],Z - Not homeless,Z,Not 504 Eligible[Z],EN,,,,,,560.0,56.0,1.0,1.0,380.0,348.0,405.0,426.0,Level 3,Early On Grade Level
1216150,191,2,M,D,Direct Cert/Free Lunch [D],Black or African American,ZZ,Not applicable [ZZ],,,,,N,N,B,Other homelessness causes [N],"N - No, Is homeless but does not meet the definiton of unaccompanied youth",Z,Not 504 Eligible[Z],EN,,,45.0,15.0,52.0,820.0,145.0,31.0,39.6,397.0,359.0,419.0,437.0,Level 2,1 Grade Level Below
1216165,191,1,F,D,Direct Cert/Free Lunch [D],Hispanic,ZZ,Tested - not eligible [TZ],,,,,N,N,N,Not homeless [Z],Z - Not homeless,Z,Not 504 Eligible[Z],EN,53.0,64.0,52.0,16.0,14.0,715.0,109.0,25.0,35.8,390.0,413.0,410.0,391.0,Level 2,1 Grade Level Below
1216484,191,2,M,0,Paid Lunch [0],White,ZZ,Not applicable [ZZ],,,,,N,N,N,Not homeless [Z],Z - Not homeless,Z,Not 504 Eligible[Z],EN,,,51.0,17.0,47.0,817.0,144.0,30.0,39.0,430.0,427.0,407.0,454.0,Level 2,1 Grade Level Below
1216597,191,1,M,D,Direct Cert/Free Lunch [D],White,ZZ,Not applicable [ZZ],,,,,N,N,N,Not homeless [Z],Z - Not homeless,Z,Not 504 Eligible[Z],EN,,,,,,743.0,118.0,42.0,45.8,382.0,391.0,408.0,350.0,,Mid or Above Grade Level
1216606,191,1,M,D,Direct Cert/Free Lunch [D],Other,ZZ,Not applicable [ZZ],T,T - Developmentally Delayed,G,G - Language Impaired,N,Y,N,Not homeless [Z],Z - Not homeless,Z,Not 504 Eligible[Z],EN,5.0,1.0,0.0,0.0,0.0,662.0,91.0,10.0,23.0,384.0,393.0,370.0,420.0,Level 1,1 Grade Level Below
1216612,191,1,F,D,Direct Cert/Free Lunch [D],Other,ZZ,Not applicable [ZZ],,,,,N,N,N,Not homeless [Z],Z - Not homeless,Z,Not 504 Eligible[Z],EN,12.0,39.0,32.0,10.0,8.0,691.0,101.0,17.0,29.9,366.0,392.0,339.0,337.0,Level 2,1 Grade Level Below
1216632,191,2,M,D,Direct Cert/Free Lunch [D],White,ZZ,Not applicable [ZZ],,,,,N,N,N,Not homeless [Z],Z - Not homeless,Z,Not 504 Eligible[Z],EN,,,54.0,18.0,46.0,843.0,152.0,39.0,44.1,464.0,,505.0,469.0,Level 2,Early On Grade Level
1216633,191,1,M,D,Direct Cert/Free Lunch [D],White,ZZ,Not applicable [ZZ],T,T - Developmentally Delayed,,,N,Y,N,Not homeless [Z],Z - Not homeless,Z,Not 504 Eligible[Z],EN,25.0,5.0,6.0,0.0,0.0,688.0,100.0,16.0,29.1,416.0,463.0,429.0,403.0,Level 1,Mid or Above Grade Level
1216655,191,1,M,D,Direct Cert/Free Lunch [D],Other,ZZ,Not applicable [ZZ],,,,,N,N,N,Not homeless [Z],Z - Not homeless,Z,Not 504 Eligible[Z],EN,37.0,52.0,23.0,6.0,1.0,803.0,139.0,72.0,62.3,399.0,408.0,390.0,422.0,Level 4,Mid or Above Grade Level
1216747,191,1,M,3,Eligible for Reduced Lunch [3],Hispanic,ZZ,Not applicable [ZZ],,,,,N,N,N,Not homeless [Z],Z - Not homeless,Z,Not 504 Eligible[Z],EN,55.0,67.0,49.0,16.0,6.0,781.0,131.0,62.0,56.4,411.0,405.0,438.0,430.0,Level 3,Mid or Above Grade Level
1216748,191,1,F,D,Direct Cert/Free Lunch [D],White,ZZ,Not applicable [ZZ],,,,,N,N,N,Not homeless [Z],Z - Not homeless,Z,Not 504 Eligible[Z],EN,,,,,,744.0,119.0,43.0,46.3,378.0,406.0,379.0,371.0,Level 4,Mid or Above Grade Level
1216926,191,1,F,0,Paid Lunch [0],White,ZZ,Not applicable [ZZ],,,,,N,N,N,Not homeless [Z],Z - Not homeless,Z,Not 504 Eligible[Z],EN,44.0,47.0,34.0,10.0,10.0,781.0,131.0,62.0,56.4,416.0,399.0,396.0,437.0,Level 4,Mid or Above Grade Level
1217167,191,1,F,3,Eligible for Reduced Lunch [3],White,ZZ,Not applicable [ZZ],,,,,N,N,N,Not homeless [Z],Z - Not homeless,Z,Not 504 Eligible[Z],EN,27.0,60.0,15.0,5.0,1.0,719.0,110.0,27.0,37.1,399.0,401.0,373.0,426.0,Level 2,1 Grade Level Below
1217240,191,1,M,D,Direct Cert/Free Lunch [D],White,ZZ,Not applicable [ZZ],F,F - Speech Impaired,,,N,Y,N,Not homeless [Z],Z - Not homeless,Z,Not 504 Eligible[Z],EN,12.0,66.0,17.0,3.0,3.0,732.0,115.0,35.0,41.9,398.0,387.0,400.0,417.0,Level 1,1 Grade Level Below
1217306,191,1,F,D,Direct Cert/Free Lunch [D],White,ZZ,Not applicable [ZZ],,,,,N,N,N,Not homeless [Z],Z - Not homeless,Z,Not 504 Eligible[Z],EN,3.0,31.0,0.0,0.0,0.0,695.0,102.0,18.0,30.7,355.0,349.0,361.0,311.0,Level 1,1 Grade Level Below
1217375,191,1,M,D,Direct Cert/Free Lunch [D],White,ZZ,Not applicable [ZZ],,,,,N,N,N,Not homeless [Z],Z - Not homeless,Z,Not 504 Eligible[Z],EN,36.0,48.0,44.0,15.0,22.0,834.0,149.0,81.0,68.5,451.0,446.0,481.0,418.0,Level 4,Mid or Above Grade Level
1217427,191,2,F,3,Eligible for Reduced Lunch [3],Black or African American,LY,LEP in LEP classes [LY],P,P - Autism Spectrum Disorder,"F,G","F - Speech Impaired,G - Language Impaired",N,Y,N,Not homeless [Z],Z - Not homeless,Z,Not 504 Eligible[Z],ZF,,,,,,741.0,118.0,7.0,18.9,367.0,350.0,398.0,389.0,Level 1,1 Grade Level Below
1217495,191,1,M,0,Paid Lunch [0],Hispanic,ZZ,Not applicable [ZZ],,,,,N,N,N,Not homeless [Z],Z - Not homeless,Z,Not 504 Eligible[Z],EN,45.0,29.0,16.0,0.0,2.0,713.0,108.0,24.0,35.1,395.0,375.0,397.0,398.0,Level 2,1 Grade Level Below
1217783,191,1,F,D,Direct Cert/Free Lunch [D],White,ZZ,Not applicable [ZZ],,,,,N,N,N,Not homeless [Z],Z - Not homeless,Z,Not 504 Eligible[Z],EN,47.0,76.0,36.0,8.0,6.0,738.0,117.0,39.0,44.1,415.0,439.0,388.0,414.0,Level 3,Mid or Above Grade Level
1217848,191,1,M,D,Direct Cert/Free Lunch [D],Hispanic,ZZ,Not applicable [ZZ],,,,,N,N,N,Not homeless [Z],Z - Not homeless,Z,Not 504 Eligible[Z],EN,42.0,50.0,32.0,6.0,24.0,770.0,128.0,58.0,54.2,411.0,401.0,406.0,425.0,Level 4,Mid or Above Grade Level
1218157,191,1,F,D,Direct Cert/Free Lunch [D],Black or African American,ZZ,Not applicable [ZZ],,,,,N,N,B,Other homelessness causes [N],"N - No, Is homeless but does not meet the definiton of unaccompanied youth",Z,Not 504 Eligible[Z],EN,,,,,,,,,,456.0,438.0,454.0,449.0,Level 5,Mid or Above Grade Level
1218246,191,1,M,D,Direct Cert/Free Lunch [D],White,ZZ,Not applicable [ZZ],,,,,N,N,N,Not homeless [Z],Z - Not homeless,Z,Not 504 Eligible[Z],EN,32.0,36.0,21.0,5.0,1.0,719.0,110.0,27.0,37.1,403.0,409.0,396.0,392.0,Level 4,Early On Grade Level
1218402,191,2,M,D,Direct Cert/Free Lunch [D],Black or African American,ZZ,Not applicable [ZZ],,,,,N,N,N,Not homeless [Z],Z - Not homeless,Z,Not 504 Eligible[Z],EN,,,22.0,4.0,0.0,615.0,75.0,3.0,10.4,368.0,328.0,376.0,346.0,Level 1,2 Grade Levels Below
1218420,191,2,F,D,Direct Cert/Free Lunch [D],White,ZZ,Not applicable [ZZ],,,,,N,N,N,Not homeless [Z],Z - Not homeless,Z,Not 504 Eligible[Z],EN,,,39.0,13.0,18.0,762.0,125.0,12.0,25.3,391.0,357.0,401.0,398.0,Level 3,1 Grade Level Below
1218421,191,1,F,D,Direct Cert/Free Lunch [D],White,ZZ,Not applicable [ZZ],,,,,N,N,N,Not homeless [Z],Z - Not homeless,Z,Not 504 Eligible[Z],EN,15.0,44.0,21.0,7.0,2.0,788.0,134.0,65.0,58.1,389.0,372.0,410.0,373.0,Level 1,Early On Grade Level
1221269,191,2,M,D,Direct Cert/Free Lunch [D],Hispanic,ZZ,Not applicable [ZZ],V,V - Other Health Impaired,,,N,Y,N,Not homeless [Z],Z - Not homeless,Z,Not 504 Eligible[Z],EN,,,33.0,11.0,66.0,894.0,170.0,59.0,54.8,484.0,,444.0,483.0,Level 5,Mid or Above Grade Level
1221322,191,2,F,F,Eligible for Free Lunch [F],Hispanic,ZZ,Tested - not eligible [TZ],,,,,N,N,B,Other homelessness causes [N],"N - No, Is homeless but does not meet the definiton of unaccompanied youth",Z,Not 504 Eligible[Z],PR,,,39.0,13.0,39.0,834.0,149.0,36.0,42.5,410.0,,433.0,445.0,Level 2,Early On Grade Level
1222108,191,1,F,0,Paid Lunch [0],White,ZZ,Not applicable [ZZ],,,,,N,N,N,Not homeless [Z],Z - Not homeless,Z,Not 504 Eligible[Z],EN,,,,,,,,,,496.0,489.0,460.0,469.0,Level 5,Mid or Above Grade Level
1223029,191,2,M,D,Direct Cert/Free Lunch [D],White,ZZ,Not applicable [ZZ],,,,,N,N,B,Other homelessness causes [N],"N - No, Is homeless but does not meet the definiton of unaccompanied youth",Z,Not 504 Eligible[Z],EN,,,,,,,,,,,,,,Level 1,2 Grade Levels Below
1223321,191,2,M,F,Eligible for Free Lunch [F],Asian,ZZ,Tested - not eligible [TZ],,,,,N,N,N,Not homeless [Z],Z - Not homeless,Z,Not 504 Eligible[Z],VI,,,,,,,,,,,,,,Level 3,Mid or Above Grade Level
1223847,191,1,F,0,Paid Lunch [0],Other,ZZ,Tested - not eligible [TZ],,,,,N,N,N,Not homeless [Z],Z - Not homeless,Z,Not 504 Eligible[Z],EN,,,,,,,,,,,,,,Level 2,
1203908,201,2,F,0,Paid Lunch [0],White,ZZ,Not applicable [ZZ],K,K - Specific Learning Disabled,"E,G","E - Physical Therapy,G - Language Impaired",N,Y,N,Not homeless [Z],Z - Not homeless,Z,Not 504 Eligible[Z],EN,,,31.0,9.0,19.0,791.0,135.0,21.0,33.0,396.0,383.0,411.0,406.0,Level 1,1 Grade Level Below
1204216,201,2,M,D,Direct Cert/Free Lunch [D],White,ZZ,Not applicable [ZZ],,,,,N,N,N,Not homeless [Z],Z - Not homeless,Z,Not 504 Eligible[Z],EN,,,87.0,28.0,81.0,861.0,158.0,46.0,47.9,490.0,,511.0,483.0,Level 2,Mid or Above Grade Level
1206802,201,1,M,F,Eligible for Free Lunch [F],White,ZZ,Not applicable [ZZ],V,V - Other Health Impaired,,,N,Y,N,Not homeless [Z],Z - Not homeless,Z,Not 504 Eligible[Z],EN,72.0,33.0,47.0,13.0,27.0,838.0,151.0,82.0,69.3,416.0,413.0,417.0,510.0,Level 5,Mid or Above Grade Level
1206805,201,2,M,D,Direct Cert/Free Lunch [D],White,ZZ,Not applicable [ZZ],V,V - Other Health Impaired,L,L - Gifted,Y,Y,N,Not homeless [Z],Z - Not homeless,Z,Not 504 Eligible[Z],EN,,,96.0,28.0,85.0,950.0,189.0,82.0,69.3,493.0,,495.0,490.0,Level 3,Mid or Above Grade Level
1207159,201,1,F,D,Direct Cert/Free Lunch [D],White,ZZ,Not applicable [ZZ],,,G,G - Language Impaired,N,N,N,Not homeless [Z],Z - Not homeless,Z,Section 504 Eligible + Plan [Y],EN,39.0,31.0,40.0,10.0,60.0,857.0,157.0,86.0,72.8,419.0,367.0,424.0,458.0,Level 3,Early On Grade Level
1207456,201,2,M,D,Direct Cert/Free Lunch [D],White,ZZ,Not applicable [ZZ],,,,,N,N,N,Not homeless [Z],Z - Not homeless,Z,Not 504 Eligible[Z],EN,,,60.0,18.0,22.0,760.0,124.0,12.0,25.3,430.0,529.0,417.0,431.0,Level 2,1 Grade Level Below
1207470,201,1,M,D,Direct Cert/Free Lunch [D],Black or African American,ZZ,Not applicable [ZZ],V,V - Other Health Impaired,,,N,Y,N,Not homeless [Z],Z - Not homeless,Z,Not 504 Eligible[Z],EN,,,,,,742.0,118.0,41.0,45.2,,,,,Level 3,1 Grade Level Below
1207520,201,1,M,D,Direct Cert/Free Lunch [D],Hispanic,ZZ,Not applicable [ZZ],,,,,N,N,N,Not homeless [Z],Z - Not homeless,Z,Not 504 Eligible[Z],EN,56.0,40.0,33.0,8.0,63.0,854.0,156.0,85.0,71.8,433.0,453.0,420.0,436.0,Level 4,Mid or Above Grade Level
1207943,201,2,M,D,Direct Cert/Free Lunch [D],Hispanic,ZZ,Not applicable [ZZ],,,,,N,N,N,Not homeless [Z],Z - Not homeless,Z,Not 504 Eligible[Z],EN,,,152.0,43.0,124.0,842.0,152.0,39.0,44.1,480.0,,511.0,489.0,Level 3,1 Grade Level Below
1208188,201,2,F,F,Eligible for Free Lunch [F],Black or African American,ZZ,Not applicable [ZZ],K,K - Specific Learning Disabled,,,N,Y,D,Other homelessness causes [N],"N - No, Is homeless but does not meet the definiton of unaccompanied youth",Z,Not 504 Eligible[Z],EN,,,40.0,10.0,21.0,818.0,144.0,30.0,39.0,421.0,398.0,420.0,479.0,Level 1,1 Grade Level Below
1208212,201,2,M,D,Direct Cert/Free Lunch [D],White,ZZ,Not applicable [ZZ],F,F - Speech Impaired,,,N,Y,N,Not homeless [Z],Z - Not homeless,Z,Not 504 Eligible[Z],EN,,,43.0,11.0,64.0,862.0,159.0,46.0,47.9,465.0,,475.0,490.0,Level 3,Early On Grade Level
1208329,201,2,M,D,Direct Cert/Free Lunch [D],White,ZZ,Not applicable [ZZ],,,,,N,N,N,Not homeless [Z],Z - Not homeless,Z,Not 504 Eligible[Z],EN,,,44.0,8.0,33.0,776.0,130.0,16.0,29.1,438.0,,442.0,431.0,Level 1,1 Grade Level Below
1208333,201,2,M,D,Direct Cert/Free Lunch [D],White,ZZ,Not applicable [ZZ],,,,,N,N,N,Not homeless [Z],Z - Not homeless,Z,Not 504 Eligible[Z],EN,,,90.0,16.0,59.0,894.0,170.0,59.0,54.8,436.0,,447.0,439.0,Level 2,Early On Grade Level
1208335,201,2,F,D,Direct Cert/Free Lunch [D],White,ZZ,Not applicable [ZZ],,,,,N,N,N,Not homeless [Z],Z - Not homeless,Z,Not 504 Eligible[Z],EN,,,75.0,20.0,93.0,878.0,164.0,53.0,51.6,487.0,,447.0,476.0,Level 4,Early On Grade Level
1208337,201,2,M,F,Eligible for Free Lunch [F],Black or African American,ZZ,Not applicable [ZZ],F,F - Speech Impaired,,,N,Y,N,Not homeless [Z],Z - Not homeless,Z,Not 504 Eligible[Z],EN,,,56.0,15.0,91.0,930.0,182.0,74.0,63.5,503.0,,531.0,495.0,Level 3,Mid or Above Grade Level
1208398,201,2,M,D,Direct Cert/Free Lunch [D],White,ZZ,Not applicable [ZZ],I,I - Visually Impaired,,,N,Y,N,Not homeless [Z],Z - Not homeless,Z,Not 504 Eligible[Z],EN,,,72.0,23.0,72.0,953.0,190.0,83.0,70.1,490.0,,511.0,481.0,Level 4,Early On Grade Level
1208402,201,2,F,D,Direct Cert/Free Lunch [D],White,ZZ,Not applicable [ZZ],,,,,N,N,N,Not homeless [Z],Z - Not homeless,Z,Not 504 Eligible[Z],EN,,,35.0,11.0,18.0,837.0,150.0,37.0,43.0,459.0,,470.0,453.0,Level 3,1 Grade Level Below
1208628,201,2,M,D,Direct Cert/Free Lunch [D],White,ZZ,Not applicable [ZZ],K,K - Specific Learning Disabled,,,N,Y,N,Not homeless [Z],Z - Not homeless,Z,Not 504 Eligible[Z],EN,,,,,,615.0,75.0,3.0,10.4,417.0,444.0,393.0,366.0,Level 1,2 Grade Levels Below
1208837,201,2,M,D,Direct Cert/Free Lunch [D],Hispanic,LY,LEP in LEP classes [LY],,,,,N,N,N,Not homeless [Z],Z - Not homeless,Z,Not 504 Eligible[Z],SP,,,26.0,3.0,25.0,744.0,119.0,8.0,20.4,384.0,392.0,381.0,373.0,Level 2,1 Grade Level Below
1208853,201,2,M,D,Direct Cert/Free Lunch [D],White,ZZ,Not applicable [ZZ],,,,,N,N,N,Not homeless [Z],Z - Not homeless,Z,Not 504 Eligible[Z],EN,,,103.0,28.0,101.0,965.0,194.0,87.0,73.7,489.0,,422.0,545.0,Level 5,Mid or Above Grade Level
1208980,201,1,F,D,Direct Cert/Free Lunch [D],White,ZZ,Not applicable [ZZ],,,,,N,N,N,Not homeless [Z],Z - Not homeless,Z,Not 504 Eligible[Z],EN,38.0,37.0,31.0,8.0,11.0,725.0,112.0,30.0,39.0,420.0,422.0,417.0,426.0,Level 3,Mid or Above Grade Level
1209071,201,2,M,0,Paid Lunch [0],White,ZZ,Not applicable [ZZ],,,,,N,N,N,Not homeless [Z],Z - Not homeless,Z,Not 504 Eligible[Z],EN,,,60.0,17.0,44.0,804.0,139.0,25.0,35.8,402.0,,432.0,407.0,Level 3,1 Grade Level Below
1209428,201,2,M,D,Direct Cert/Free Lunch [D],Hispanic,ZZ,Not applicable [ZZ],,,,,N,N,N,Not homeless [Z],Z - Not homeless,Z,Not 504 Eligible[Z],EN,,,,,,,,,,469.0,,483.0,488.0,Level 5,Mid or Above Grade Level
1209890,201,2,F,D,Direct Cert/Free Lunch [D],White,ZZ,Not applicable [ZZ],P,P - Autism Spectrum Disorder,X,X - Language Therapy (Other),N,Y,N,Not homeless [Z],Z - Not homeless,Z,Not 504 Eligible[Z],EN,,,40.0,10.0,50.0,785.0,133.0,19.0,31.5,364.0,360.0,406.0,353.0,Level 1,1 Grade Level Below
1210355,201,2,F,D,Direct Cert/Free Lunch [D],White,ZZ,Not applicable [ZZ],,,,,N,N,N,Not homeless [Z],Z - Not homeless,Z,Section 504 Eligible + Plan [Y],EN,,,79.0,26.0,76.0,,,,,494.0,,505.0,455.0,Level 4,Early On Grade Level
1210507,201,1,M,D,Direct Cert/Free Lunch [D],Black or African American,ZZ,Not applicable [ZZ],P,P - Autism Spectrum Disorder,G,G - Language Impaired,N,Y,N,Not homeless [Z],Z - Not homeless,Z,Not 504 Eligible[Z],EN,,,,,,830.0,148.0,80.0,67.7,426.0,421.0,439.0,407.0,Level 5,Mid or Above Grade Level
1210968,201,2,M,D,Direct Cert/Free Lunch [D],White,ZZ,Not applicable [ZZ],,,,,N,N,N,Not homeless [Z],Z - Not homeless,Z,Not 504 Eligible[Z],EN,,,65.0,21.0,99.0,985.0,200.0,92.0,79.6,534.0,,545.0,539.0,Level 4,Mid or Above Grade Level
1211022,201,2,M,D,Direct Cert/Free Lunch [D],White,ZZ,Not applicable [ZZ],,,,,N,N,N,Not homeless [Z],Z - Not homeless,Z,Not 504 Eligible[Z],EN,,,117.0,37.0,94.0,929.0,182.0,74.0,63.5,537.0,,550.0,519.0,Level 4,Mid or Above Grade Level
1211291,201,2,F,0,Paid Lunch [0],White,ZZ,Not applicable [ZZ],,,,,N,N,N,Not homeless [Z],Z - Not homeless,Z,Section 504 Eligible + Plan [Y],EN,,,47.0,14.0,63.0,960.0,192.0,85.0,71.8,513.0,,553.0,518.0,Level 5,Mid or Above Grade Level
1211298,201,2,M,D,Direct Cert/Free Lunch [D],White,ZZ,Not applicable [ZZ],,,,,Y,N,N,Not homeless [Z],Z - Not homeless,B,Not 504 Eligible[Z],EN,,,74.0,24.0,66.0,874.0,163.0,51.0,50.5,478.0,,524.0,455.0,Level 3,Early On Grade Level
1211558,201,2,F,D,Direct Cert/Free Lunch [D],White,ZZ,Not applicable [ZZ],,,,,N,N,N,Not homeless [Z],Z - Not homeless,Z,Not 504 Eligible[Z],EN,,,65.0,17.0,109.0,920.0,178.0,70.0,61.0,512.0,,528.0,524.0,Level 4,Mid or Above Grade Level
1211597,201,2,M,0,Paid Lunch [0],White,ZZ,Not applicable [ZZ],,,,,N,N,N,Not homeless [Z],Z - Not homeless,Z,Not 504 Eligible[Z],EN,,,185.0,58.0,117.0,1041.0,219.0,98.0,93.3,530.0,,547.0,530.0,Level 5,Mid or Above Grade Level
1211638,201,2,M,D,Direct Cert/Free Lunch [D],White,ZZ,Not applicable [ZZ],,,,,N,N,N,Not homeless [Z],Z - Not homeless,Z,Not 504 Eligible[Z],EN,,,119.0,35.0,76.0,861.0,158.0,46.0,47.9,487.0,,538.0,455.0,Level 2,Mid or Above Grade Level
1211698,201,2,F,D,Direct Cert/Free Lunch [D],White,ZZ,Not applicable [ZZ],,,,,N,N,N,Not homeless [Z],Z - Not homeless,Z,Not 504 Eligible[Z],EN,,,160.0,52.0,102.0,946.0,187.0,81.0,68.5,492.0,,477.0,496.0,Level 3,Mid or Above Grade Level
1211786,201,2,M,D,Direct Cert/Free Lunch [D],White,ZZ,Not applicable [ZZ],,,,,N,N,N,Not homeless [Z],Z - Not homeless,Z,Not 504 Eligible[Z],EN,,,57.0,15.0,66.0,890.0,168.0,58.0,54.2,465.0,,488.0,432.0,Level 2,Early On Grade Level
1211816,201,1,M,D,Direct Cert/Free Lunch [D],White,ZZ,Not applicable [ZZ],V,V - Other Health Impaired,,,N,Y,N,Not homeless [Z],Z - Not homeless,Z,IDEA Eligible & Section 504 Dismissal [Z],EN,48.0,34.0,14.0,0.0,0.0,615.0,75.0,4.0,13.1,356.0,364.0,375.0,371.0,Level 3,1 Grade Level Below
1211963,201,1,F,0,Paid Lunch [0],White,ZZ,Not applicable [ZZ],,,,,N,N,N,Not homeless [Z],Z - Not homeless,Z,Not 504 Eligible[Z],EN,56.0,38.0,36.0,12.0,44.0,877.0,164.0,90.0,77.0,455.0,420.0,421.0,440.0,Level 4,Mid or Above Grade Level
1211964,201,1,M,3,Eligible for Reduced Lunch [3],White,ZZ,Not applicable [ZZ],,,,,N,N,N,Not homeless [Z],Z - Not homeless,Z,Not 504 Eligible[Z],EN,65.0,56.0,156.0,48.0,61.0,908.0,174.0,95.0,84.6,468.0,509.0,472.0,458.0,Level 5,Mid or Above Grade Level
1211996,201,1,M,0,Paid Lunch [0],White,ZZ,Not applicable [ZZ],,,,,N,N,N,Not homeless [Z],Z - Not homeless,Z,Not 504 Eligible[Z],EN,35.0,35.0,25.0,1.0,2.0,615.0,75.0,4.0,13.1,390.0,405.0,361.0,399.0,Level 1,1 Grade Level Below
1212021,201,2,F,0,Paid Lunch [0],Black or African American,ZZ,Not applicable [ZZ],,,,,N,N,N,Not homeless [Z],Z - Not homeless,Z,Section 504 Eligible + Plan [Y],EN,,,50.0,13.0,62.0,886.0,167.0,56.0,53.2,450.0,420.0,416.0,431.0,Level 3,Early On Grade Level
1212054,201,2,M,D,Direct Cert/Free Lunch [D],Hispanic,ZZ,Tested - not eligible [TZ],,,,,N,N,N,Not homeless [Z],Z - Not homeless,Z,Not 504 Eligible[Z],SP,,,57.0,18.0,53.0,840.0,151.0,38.0,43.6,455.0,,443.0,493.0,Level 2,Early On Grade Level
1212119,201,1,M,0,Paid Lunch [0],White,ZZ,Not applicable [ZZ],,,,,N,N,N,Not homeless [Z],Z - Not homeless,Z,Not 504 Eligible[Z],EN,43.0,36.0,27.0,5.0,62.0,876.0,164.0,90.0,77.0,421.0,410.0,445.0,470.0,Level 5,Early On Grade Level
1212151,201,2,M,0,Paid Lunch [0],White,ZZ,Not applicable [ZZ],,,,,N,N,N,Not homeless [Z],Z - Not homeless,Z,Not 504 Eligible[Z],EN,,,43.0,15.0,35.0,811.0,142.0,28.0,37.7,453.0,532.0,419.0,444.0,Level 2,Early On Grade Level
1212153,201,2,F,0,Paid Lunch [0],White,ZZ,Not applicable [ZZ],,,,,N,N,N,Not homeless [Z],Z - Not homeless,Z,Not 504 Eligible[Z],EN,,,70.0,18.0,97.0,922.0,179.0,68.0,59.9,462.0,,454.0,455.0,Level 2,Early On Grade Level
1212212,201,1,M,F,Eligible for Free Lunch [F],Asian,LY,LEP in LEP classes [LY],,,,,N,N,N,Not homeless [Z],Z - Not homeless,Z,Not 504 Eligible[Z],BE,32.0,7.0,7.0,1.0,3.0,615.0,75.0,4.0,13.1,337.0,377.0,352.0,261.0,Level 1,1 Grade Level Below
1212318,201,2,M,3,Eligible for Reduced Lunch [3],White,ZZ,Not applicable [ZZ],J,J - Emotional/Behavioral Disabl,,,N,Y,N,Not homeless [Z],Z - Not homeless,Z,Not 504 Eligible[Z],EN,,,,,,804.0,139.0,25.0,35.8,370.0,402.0,398.0,330.0,Level 3,1 Grade Level Below
1212361,201,2,M,D,Direct Cert/Free Lunch [D],Black or African American,ZZ,Not applicable [ZZ],J,J - Emotional/Behavioral Disabl,,,N,Y,N,Not homeless [Z],Z - Not homeless,Z,Not 504 Eligible[Z],EN,,,13.0,3.0,10.0,781.0,131.0,18.0,30.7,395.0,424.0,405.0,422.0,Level 2,1 Grade Level Below
1212377,201,2,F,D,Direct Cert/Free Lunch [D],White,ZZ,Not applicable [ZZ],,,,,N,N,N,Not homeless [Z],Z - Not homeless,Z,Not 504 Eligible[Z],EN,,,62.0,18.0,58.0,879.0,165.0,53.0,51.6,437.0,,452.0,437.0,Level 1,1 Grade Level Below
1212408,201,1,F,D,Direct Cert/Free Lunch [D],Other,ZZ,Not applicable [ZZ],,,,,N,N,N,Not homeless [Z],Z - Not homeless,Z,Not 504 Eligible[Z],EN,18.0,42.0,15.0,1.0,2.0,742.0,118.0,41.0,45.2,401.0,406.0,376.0,425.0,Level 1,Early On Grade Level
1212470,201,1,F,F,Eligible for Free Lunch [F],White,ZZ,Not applicable [ZZ],,,,,N,N,N,Not homeless [Z],Z - Not homeless,Z,Not 504 Eligible[Z],EN,48.0,40.0,44.0,15.0,14.0,764.0,126.0,55.0,52.6,411.0,371.0,379.0,422.0,Level 5,Mid or Above Grade Level
1212517,201,2,M,0,Paid Lunch [0],Hispanic,ZZ,Not applicable [ZZ],,,,,N,N,N,Not homeless [Z],Z - Not homeless,Z,Not 504 Eligible[Z],EN,,,120.0,37.0,106.0,957.0,191.0,84.0,70.9,501.0,,520.0,506.0,Level 3,Mid or Above Grade Level
1212527,201,2,F,D,Direct Cert/Free Lunch [D],Hispanic,LY,LEP in LEP classes [LY],P,P - Autism Spectrum Disorder,"F,G","F - Speech Impaired,G - Language Impaired",N,Y,N,Not homeless [Z],Z - Not homeless,Z,Not 504 Eligible[Z],SP,,,5.0,0.0,3.0,739.0,117.0,7.0,18.9,358.0,400.0,350.0,344.0,Level 1,2 Grade Levels Below
1212647,201,2,M,D,Direct Cert/Free Lunch [D],Black or African American,ZZ,Not applicable [ZZ],,,,,N,N,N,Not homeless [Z],Z - Not homeless,Z,Not 504 Eligible[Z],EN,,,54.0,15.0,62.0,910.0,175.0,66.0,58.7,494.0,,506.0,499.0,Level 3,Early On Grade Level
1212656,201,2,F,D,Direct Cert/Free Lunch [D],Black or African American,ZZ,Not applicable [ZZ],,,,,N,N,N,Not homeless [Z],Z - Not homeless,Z,Not 504 Eligible[Z],EN,,,60.0,18.0,61.0,850.0,155.0,42.0,45.8,517.0,,573.0,572.0,Level 3,Early On Grade Level
1212758,201,1,M,D,Direct Cert/Free Lunch [D],White,ZZ,Not applicable [ZZ],,,,,N,N,N,Not homeless [Z],Z - Not homeless,Z,Not 504 Eligible[Z],EN,35.0,40.0,24.0,0.0,3.0,748.0,120.0,45.0,47.4,399.0,432.0,427.0,369.0,Level 1,1 Grade Level Below
1212760,201,1,M,0,Paid Lunch [0],White,ZZ,Not applicable [ZZ],,,,,N,N,N,Not homeless [Z],Z - Not homeless,Z,Not 504 Eligible[Z],EN,46.0,22.0,32.0,8.0,2.0,726.0,113.0,31.0,39.6,355.0,354.0,372.0,371.0,Level 2,1 Grade Level Below
1212873,201,2,M,0,Paid Lunch [0],White,ZZ,Not applicable [ZZ],,,,,N,N,N,Not homeless [Z],Z - Not homeless,Z,Not 504 Eligible[Z],EN,,,85.0,28.0,109.0,813.0,142.0,29.0,38.3,468.0,,480.0,460.0,Level 5,Mid or Above Grade Level
1213047,201,2,M,F,Eligible for Free Lunch [F],Hispanic,LY,LEP in LEP classes [LY],,,,,N,N,N,Not homeless [Z],Z - Not homeless,Z,Section 504 Eligible + Plan [Y],SP,,,85.0,26.0,82.0,898.0,171.0,61.0,55.9,499.0,,486.0,506.0,,Mid or Above Grade Level
1213048,201,1,M,D,Direct Cert/Free Lunch [D],Black or African American,ZZ,Not applicable [ZZ],,,,,N,N,N,Not homeless [Z],Z - Not homeless,Z,Not 504 Eligible[Z],EN,49.0,23.0,36.0,0.0,16.0,738.0,117.0,39.0,44.1,423.0,427.0,424.0,424.0,Level 2,1 Grade Level Below
1213054,201,2,M,D,Direct Cert/Free Lunch [D],Hispanic,ZZ,Not applicable [ZZ],,,,,Y,N,N,Not homeless [Z],Z - Not homeless,Z,Not 504 Eligible[Z],EN,,,163.0,50.0,126.0,1022.0,213.0,97.0,89.6,547.0,,566.0,565.0,Level 4,Mid or Above Grade Level
1213071,201,2,F,D,Direct Cert/Free Lunch [D],Other,ZZ,Not applicable [ZZ],,,,,N,N,N,Not homeless [Z],Z - Not homeless,Z,Not 504 Eligible[Z],EN,,,33.0,10.0,64.0,845.0,153.0,40.0,44.7,451.0,,447.0,410.0,Level 2,Early On Grade Level
1213230,201,2,F,D,Direct Cert/Free Lunch [D],Other,ZZ,Not applicable [ZZ],K,K - Specific Learning Disabled,,,N,Y,N,Not homeless [Z],Z - Not homeless,Z,Not 504 Eligible[Z],EN,,,25.0,9.0,18.0,746.0,119.0,8.0,20.4,421.0,415.0,403.0,439.0,Level 2,1 Grade Level Below
1213231,201,1,F,D,Direct Cert/Free Lunch [D],Other,ZZ,Not applicable [ZZ],,,,,N,N,N,Not homeless [Z],Z - Not homeless,Z,Not 504 Eligible[Z],EN,24.0,63.0,12.0,2.0,0.0,726.0,113.0,31.0,39.6,368.0,364.0,358.0,376.0,Level 1,1 Grade Level Below
1213284,201,2,M,0,Paid Lunch [0],Hispanic,LY,LEP in LEP classes [LY],,,,,N,N,N,Not homeless [Z],Z - Not homeless,Z,Not 504 Eligible[Z],SP,,,54.0,13.0,29.0,775.0,129.0,16.0,29.1,384.0,383.0,394.0,375.0,Level 1,1 Grade Level Below
1213327,201,2,M,F,Eligible for Free Lunch [F],White,ZZ,Not applicable [ZZ],,,,,N,N,N,Not homeless [Z],Z - Not homeless,Z,Section 504 Eligible + Plan [Y],EN,,,27.0,7.0,14.0,753.0,122.0,10.0,23.0,401.0,,439.0,415.0,Level 1,2 Grade Levels Below
1213584,201,1,M,D,Direct Cert/Free Lunch [D],Hispanic,ZZ,Tested - not eligible [TZ],,,,,N,N,N,Not homeless [Z],Z - Not homeless,Z,Not 504 Eligible[Z],EN,14.0,33.0,26.0,8.0,16.0,728.0,113.0,32.0,40.1,382.0,439.0,403.0,366.0,Level 2,1 Grade Level Below
1213666,201,1,F,D,Direct Cert/Free Lunch [D],White,ZZ,Not applicable [ZZ],F,F - Speech Impaired,,,N,Y,N,Not homeless [Z],Z - Not homeless,Z,Not 504 Eligible[Z],EN,30.0,34.0,33.0,9.0,0.0,615.0,75.0,4.0,13.1,413.0,399.0,385.0,432.0,Level 3,Mid or Above Grade Level
1213667,201,2,F,D,Direct Cert/Free Lunch [D],White,ZZ,Not applicable [ZZ],,,,,N,N,N,Not homeless [Z],Z - Not homeless,Z,Not 504 Eligible[Z],EN,,,57.0,17.0,72.0,893.0,169.0,59.0,54.8,464.0,,481.0,450.0,Level 3,Early On Grade Level
1213730,201,2,M,D,Direct Cert/Free Lunch [D],Other,ZZ,Not applicable [ZZ],,,,,N,N,N,Not homeless [Z],Z - Not homeless,Z,Not 504 Eligible[Z],EN,,,126.0,36.0,95.0,848.0,154.0,41.0,45.2,448.0,,463.0,453.0,Level 2,1 Grade Level Below
1213857,201,1,F,D,Direct Cert/Free Lunch [D],Hispanic,ZZ,Tested - not eligible [TZ],,,,,N,N,N,Not homeless [Z],Z - Not homeless,Z,Not 504 Eligible[Z],EN,20.0,23.0,29.0,9.0,0.0,745.0,119.0,43.0,46.3,360.0,382.0,336.0,311.0,Level 1,1 Grade Level Below
1213987,201,2,F,D,Direct Cert/Free Lunch [D],White,ZZ,Not applicable [ZZ],,,,,N,N,N,Not homeless [Z],Z - Not homeless,Z,Not 504 Eligible[Z],EN,,,47.0,14.0,40.0,800.0,138.0,24.0,35.1,434.0,,446.0,401.0,Level 1,2 Grade Levels Below
1214135,201,2,M,D,Direct Cert/Free Lunch [D],Black or African American,ZZ,Not applicable [ZZ],,,,,N,N,N,Not homeless [Z],Z - Not homeless,Z,Not 504 Eligible[Z],EN,,,80.0,24.0,53.0,843.0,152.0,39.0,44.1,442.0,,469.0,421.0,Level 2,1 Grade Level Below
1214698,201,1,M,D,Direct Cert/Free Lunch [D],Black or African American,ZZ,Not applicable [ZZ],T,T - Developmentally Delayed,,,N,Y,B,Other homelessness causes [N],"N - No, Is homeless but does not meet the definiton of unaccompanied youth",Z,Not 504 Eligible[Z],EN,,,,,,777.0,130.0,61.0,55.9,338.0,326.0,305.0,343.0,Level 2,1 Grade Level Below
1214812,201,1,M,D,Direct Cert/Free Lunch [D],White,ZZ,Not applicable [ZZ],,,,,N,N,N,Not homeless [Z],Z - Not homeless,Z,Not 504 Eligible[Z],EN,55.0,28.0,59.0,20.0,74.0,812.0,142.0,76.0,64.9,435.0,418.0,474.0,451.0,Level 4,Mid or Above Grade Level
1214919,201,1,M,D,Direct Cert/Free Lunch [D],White,ZZ,Not applicable [ZZ],,,F,F - Speech Impaired,Y,N,N,Not homeless [Z],Z - Not homeless,Z,Not 504 Eligible[Z],EN,54.0,49.0,37.0,11.0,41.0,801.0,138.0,71.0,61.7,424.0,462.0,428.0,440.0,Level 3,1 Grade Level Below
1214936,201,1,F,D,Direct Cert/Free Lunch [D],White,ZZ,Not applicable [ZZ],,,,,N,N,N,Not homeless [Z],Z - Not homeless,Z,Not 504 Eligible[Z],EN,58.0,43.0,53.0,14.0,48.0,845.0,153.0,83.0,70.1,443.0,459.0,491.0,398.0,Level 3,Mid or Above Grade Level
1214944,201,1,M,D,Direct Cert/Free Lunch [D],White,ZZ,Not applicable [ZZ],,,,,Y,N,N,Not homeless [Z],Z - Not homeless,B,Not 504 Eligible[Z],EN,56.0,42.0,48.0,15.0,10.0,615.0,75.0,4.0,13.1,398.0,388.0,396.0,364.0,Level 3,Early On Grade Level
1214948,201,1,F,3,Eligible for Reduced Lunch [3],Hispanic,ZZ,Not applicable [ZZ],,,,,N,N,N,Not homeless [Z],Z - Not homeless,Z,Not 504 Eligible[Z],EN,10.0,33.0,16.0,4.0,1.0,615.0,75.0,4.0,13.1,363.0,377.0,373.0,321.0,Level 1,1 Grade Level Below
1215058,201,1,M,D,Direct Cert/Free Lunch [D],White,ZZ,Not applicable [ZZ],T,T - Developmentally Delayed,G,G - Language Impaired,N,Y,N,Not homeless [Z],Z - Not homeless,Z,Not 504 Eligible[Z],EN,15.0,38.0,25.0,5.0,1.0,751.0,121.0,47.0,48.4,385.0,383.0,362.0,488.0,Level 2,1 Grade Level Below
1215068,201,1,F,0,Paid Lunch [0],Hispanic,ZZ,Not applicable [ZZ],,,,,N,N,N,Not homeless [Z],Z - Not homeless,Z,Not 504 Eligible[Z],EN,53.0,46.0,65.0,0.0,11.0,615.0,75.0,4.0,13.1,406.0,388.0,444.0,315.0,Level 3,Early On Grade Level
1215107,201,1,M,D,Direct Cert/Free Lunch [D],White,ZZ,Not applicable [ZZ],,,,,N,N,N,Not homeless [Z],Z - Not homeless,Z,Not 504 Eligible[Z],EN,22.0,41.0,35.0,9.0,2.0,,,,,382.0,401.0,375.0,354.0,Level 1,1 Grade Level Below
1215251,201,1,M,D,Direct Cert/Free Lunch [D],White,ZZ,Not applicable [ZZ],,,,,Y,N,N,Not homeless [Z],Z - Not homeless,Z,Not 504 Eligible[Z],EN,78.0,42.0,64.0,21.0,14.0,615.0,75.0,4.0,13.1,437.0,473.0,472.0,416.0,Level 4,Mid or Above Grade Level
1215294,201,1,M,D,Direct Cert/Free Lunch [D],White,ZZ,Not applicable [ZZ],,,,,N,N,N,Not homeless [Z],Z - Not homeless,Z,Not 504 Eligible[Z],EN,39.0,48.0,43.0,14.0,34.0,795.0,136.0,69.0,60.4,401.0,407.0,420.0,370.0,Level 3,Mid or Above Grade Level
1215331,201,1,F,0,Paid Lunch [0],Other,ZZ,Not applicable [ZZ],,,,,N,N,N,Not homeless [Z],Z - Not homeless,Z,Not 504 Eligible[Z],EN,35.0,36.0,71.0,21.0,46.0,810.0,141.0,75.0,64.2,394.0,384.0,423.0,426.0,Level 3,1 Grade Level Below
1215352,201,1,F,0,Paid Lunch [0],Other,ZZ,Not applicable [ZZ],,,,,N,N,N,Not homeless [Z],Z - Not homeless,Z,Not 504 Eligible[Z],EN,77.0,54.0,79.0,22.0,69.0,853.0,156.0,85.0,71.8,456.0,473.0,453.0,450.0,Level 4,Mid or Above Grade Level
1215383,201,1,M,D,Direct Cert/Free Lunch [D],Hispanic,ZZ,Not applicable [ZZ],,,,,N,N,N,Not homeless [Z],Z - Not homeless,Z,Not 504 Eligible[Z],EN,37.0,44.0,26.0,6.0,3.0,728.0,113.0,32.0,40.1,403.0,442.0,385.0,382.0,Level 1,1 Grade Level Below
1215502,201,1,M,0,Paid Lunch [0],White,ZZ,Not applicable [ZZ],V,V - Other Health Impaired,,,N,Y,N,Not homeless [Z],Z - Not homeless,Z,IDEA Eligible & Section 504 Dismissal [Z],EN,35.0,38.0,28.0,3.0,24.0,742.0,118.0,41.0,45.2,371.0,389.0,386.0,363.0,Level 5,1 Grade Level Below
1215586,201,1,M,D,Direct Cert/Free Lunch [D],White,ZZ,Not applicable [ZZ],,,,,N,N,N,Not homeless [Z],Z - Not homeless,Z,Not 504 Eligible[Z],EN,29.0,28.0,27.0,7.0,1.0,728.0,113.0,32.0,40.1,400.0,476.0,355.0,414.0,Level 2,1 Grade Level Below
1215614,201,1,M,0,Paid Lunch [0],Hispanic,LY,LEP in LEP classes [LY],,,,,N,N,N,Not homeless [Z],Z - Not homeless,Z,Not 504 Eligible[Z],SP,55.0,30.0,38.0,12.0,14.0,737.0,116.0,38.0,43.6,372.0,398.0,416.0,376.0,Level 3,Early On Grade Level
1216092,201,1,M,0,Paid Lunch [0],Hispanic,ZZ,Tested - not eligible [TZ],,,,,N,N,N,Not homeless [Z],Z - Not homeless,Z,Not 504 Eligible[Z],SP,46.0,21.0,44.0,0.0,19.0,783.0,132.0,63.0,57.0,429.0,438.0,425.0,450.0,Level 3,Mid or Above Grade Level
1216116,201,1,F,D,Direct Cert/Free Lunch [D],White,ZZ,Not applicable [ZZ],,,,,N,N,N,Not homeless [Z],Z - Not homeless,Z,Not 504 Eligible[Z],EN,49.0,58.0,32.0,8.0,20.0,758.0,124.0,52.0,51.1,418.0,473.0,454.0,350.0,Level 4,Mid or Above Grade Level
1216234,201,1,F,D,Direct Cert/Free Lunch [D],Hispanic,LY,LEP in LEP classes [LY],,,,,N,N,N,Not homeless [Z],Z - Not homeless,Z,Not 504 Eligible[Z],SP,45.0,45.0,58.0,12.0,10.0,728.0,113.0,32.0,40.1,403.0,401.0,399.0,345.0,Level 4,Mid or Above Grade Level
1216260,201,1,M,D,Direct Cert/Free Lunch [D],Other,ZZ,Not applicable [ZZ],P,P - Autism Spectrum Disorder,"D,G,V","D - Occupational Therapy,G - Language Impaired,V - Other Health Impaired",N,Y,N,Not homeless [Z],Z - Not homeless,Z,Not 504 Eligible[Z],EN,20.0,24.0,0.0,0.0,,615.0,75.0,4.0,13.1,324.0,368.0,305.0,350.0,Level 1,Early On Grade Level
1216304,201,1,F,D,Direct Cert/Free Lunch [D],White,ZZ,Not applicable [ZZ],,,,,N,N,N,Not homeless [Z],Z - Not homeless,Z,Not 504 Eligible[Z],EN,31.0,32.0,33.0,8.0,8.0,615.0,75.0,4.0,13.1,375.0,415.0,358.0,344.0,Level 2,1 Grade Level Below
1216404,201,2,M,0,Paid Lunch [0],White,ZZ,Not applicable [ZZ],V,V - Other Health Impaired,,,N,Y,N,Not homeless [Z],Z - Not homeless,Z,Not 504 Eligible[Z],EN,,,,,,808.0,141.0,27.0,37.1,474.0,,525.0,450.0,Level 3,1 Grade Level Below
1216410,201,1,M,D,Direct Cert/Free Lunch [D],Hispanic,ZZ,Not applicable [ZZ],,,,,N,N,N,Not homeless [Z],Z - Not homeless,Z,Not 504 Eligible[Z],EN,41.0,29.0,51.0,13.0,5.0,615.0,75.0,4.0,13.1,381.0,385.0,413.0,355.0,Level 2,1 Grade Level Below
1216474,201,1,M,D,Direct Cert/Free Lunch [D],White,ZZ,Not applicable [ZZ],,,,,N,N,N,Not homeless [Z],Z - Not homeless,Z,Not 504 Eligible[Z],EN,33.0,52.0,36.0,10.0,1.0,742.0,118.0,41.0,45.2,394.0,395.0,381.0,428.0,Level 1,1 Grade Level Below
1216555,201,1,M,D,Direct Cert/Free Lunch [D],Hispanic,ZZ,Not applicable [ZZ],,,,,N,N,N,Not homeless [Z],Z - Not homeless,Z,Not 504 Eligible[Z],EN,33.0,27.0,19.0,3.0,2.0,748.0,120.0,45.0,47.4,354.0,342.0,379.0,319.0,Level 2,1 Grade Level Below
1216563,201,1,M,D,Direct Cert/Free Lunch [D],Black or African American,ZZ,Not applicable [ZZ],T,T - Developmentally Delayed,,,N,Y,N,Not homeless [Z],Z - Not homeless,Z,Not 504 Eligible[Z],EN,1.0,0.0,7.0,0.0,,607.0,72.0,2.0,6.7,327.0,313.0,288.0,338.0,Level 3,1 Grade Level Below
1216601,201,1,F,0,Paid Lunch [0],Hispanic,ZZ,Not applicable [ZZ],,,,,N,N,N,Not homeless [Z],Not homeless [Z],Z,Not 504 Eligible[Z],EN,14.0,41.0,19.0,4.0,5.0,723.0,112.0,29.0,38.3,387.0,388.0,395.0,397.0,Level 1,1 Grade Level Below
1216769,201,1,F,D,Direct Cert/Free Lunch [D],White,ZZ,Not applicable [ZZ],,,,,N,N,N,Not homeless [Z],Z - Not homeless,Z,Not 504 Eligible[Z],EN,61.0,41.0,50.0,16.0,18.0,811.0,142.0,75.0,64.2,416.0,441.0,446.0,421.0,Level 4,Mid or Above Grade Level
1216823,201,1,F,0,Paid Lunch [0],Black or African American,ZZ,Not applicable [ZZ],,,,,N,N,N,Not homeless [Z],Z - Not homeless,Z,Not 504 Eligible[Z],EN,43.0,40.0,39.0,0.0,14.0,737.0,116.0,38.0,43.6,415.0,422.0,409.0,411.0,Level 5,Mid or Above Grade Level
1217194,201,1,M,D,Direct Cert/Free Lunch [D],Black or African American,ZZ,Not applicable [ZZ],,,,,N,N,N,Not homeless [Z],Z - Not homeless,Z,Not 504 Eligible[Z],EN,75.0,35.0,90.0,28.0,63.0,915.0,177.0,95.0,84.6,463.0,396.0,464.0,529.0,Level 5,Mid or Above Grade Level
1217337,201,1,F,F,Eligible for Free Lunch [F],White,ZZ,Not applicable [ZZ],,,,,N,N,N,Not homeless [Z],Z - Not homeless,Z,Not 504 Eligible[Z],EN,20.0,42.0,24.0,0.0,4.0,726.0,113.0,31.0,39.6,376.0,397.0,416.0,372.0,Level 2,Early On Grade Level
1217434,201,1,M,D,Direct Cert/Free Lunch [D],Black or African American,ZZ,Not applicable [ZZ],,,,,N,N,N,Not homeless [Z],Z - Not homeless,Z,Not 504 Eligible[Z],EN,32.0,32.0,27.0,0.0,2.0,748.0,120.0,45.0,47.4,356.0,345.0,392.0,303.0,Level 1,1 Grade Level Below
1217461,201,1,F,D,Direct Cert/Free Lunch [D],Hispanic,LY,LEP in LEP classes [LY],,,,,N,N,N,Not homeless [Z],Z - Not homeless,Z,Not 504 Eligible[Z],SP,33.0,17.0,11.0,3.0,10.0,753.0,122.0,48.0,48.9,399.0,348.0,406.0,363.0,Level 3,1 Grade Level Below
1217490,201,1,M,D,Direct Cert/Free Lunch [D],Hispanic,ZZ,Not applicable [ZZ],,,,,N,N,N,Not homeless [Z],Z - Not homeless,Z,Not 504 Eligible[Z],EN,14.0,,17.0,3.0,0.0,615.0,75.0,4.0,13.1,394.0,408.0,369.0,403.0,Level 1,1 Grade Level Below
1217538,201,1,F,D,Direct Cert/Free Lunch [D],Hispanic,LY,LEP in LEP classes [LY],,,,,N,N,N,Not homeless [Z],Z - Not homeless,Z,Not 504 Eligible[Z],SP,1.0,8.0,14.0,0.0,0.0,615.0,75.0,4.0,13.1,375.0,411.0,372.0,333.0,Level 2,1 Grade Level Below
1217564,201,2,M,D,Direct Cert/Free Lunch [D],White,ZZ,Not applicable [ZZ],F,F - Speech Impaired,,,N,Y,N,Not homeless [Z],Z - Not homeless,Z,Not 504 Eligible[Z],EN,,,33.0,11.0,9.0,751.0,121.0,9.0,21.8,423.0,436.0,386.0,458.0,Level 5,1 Grade Level Below
1217734,201,1,F,0,Paid Lunch [0],White,ZZ,Not applicable [ZZ],,,,,N,N,N,Not homeless [Z],Z - Not homeless,Z,Section 504 Eligible + Plan [Y],EN,,,,,,,,,,425.0,399.0,412.0,460.0,Level 3,Early On Grade Level
1217863,201,1,M,D,Direct Cert/Free Lunch [D],White,LY,LEP in LEP classes [LY],G,G - Language Impaired,F,F - Speech Impaired,N,Y,N,Not homeless [Z],Z - Not homeless,Z,Not 504 Eligible[Z],SP,9.0,0.0,0.0,0.0,0.0,615.0,75.0,4.0,13.1,353.0,345.0,358.0,332.0,Level 2,1 Grade Level Below
1217895,201,1,F,D,Direct Cert/Free Lunch [D],Hispanic,LY,LEP in LEP classes [LY],,,,,N,N,N,Not homeless [Z],Z - Not homeless,Z,Not 504 Eligible[Z],SP,8.0,8.0,21.0,0.0,0.0,730.0,114.0,33.0,40.7,331.0,329.0,324.0,315.0,Level 1,1 Grade Level Below
1218088,201,1,F,D,Direct Cert/Free Lunch [D],Black or African American,ZZ,Not applicable [ZZ],,,,,N,N,N,Not homeless [Z],Z - Not homeless,Z,Not 504 Eligible[Z],EN,62.0,54.0,52.0,15.0,20.0,744.0,119.0,43.0,46.3,406.0,379.0,434.0,394.0,Level 4,Mid or Above Grade Level
1218110,201,1,F,D,Direct Cert/Free Lunch [D],White,ZZ,Not applicable [ZZ],F,F - Speech Impaired,,,N,Y,N,Not homeless [Z],Z - Not homeless,Z,Not 504 Eligible[Z],EN,33.0,29.0,31.0,9.0,5.0,726.0,113.0,31.0,39.6,409.0,442.0,419.0,422.0,Level 1,1 Grade Level Below
1218233,201,1,F,D,Direct Cert/Free Lunch [D],White,ZZ,Not applicable [ZZ],,,,,N,N,N,Not homeless [Z],Z - Not homeless,Z,Not 504 Eligible[Z],EN,33.0,40.0,35.0,11.0,6.0,739.0,117.0,39.0,44.1,390.0,450.0,428.0,368.0,Level 4,Mid or Above Grade Level
1218237,201,2,F,F,Eligible for Free Lunch [F],Black or African American,LY,LEP in LEP classes [LY],,,,,N,N,B,Other homelessness causes [N],"N - No, Is homeless but does not meet the definiton of unaccompanied youth",Z,Not 504 Eligible[Z],ZF,,,18.0,1.0,3.0,615.0,75.0,3.0,10.4,362.0,397.0,368.0,334.0,Level 1,2 Grade Levels Below
1219637,201,2,F,0,Paid Lunch [0],White,ZZ,Not applicable [ZZ],,,,,N,N,N,Not homeless [Z],Z - Not homeless,Z,Not 504 Eligible[Z],EN,,,108.0,46.0,95.0,998.0,205.0,94.0,82.7,559.0,,626.0,565.0,Level 5,Mid or Above Grade Level
1219790,201,2,F,F,Eligible for Free Lunch [F],Asian,LY,LEP in LEP classes [LY],,,,,N,N,N,Not homeless [Z],Z - Not homeless,Z,Not 504 Eligible[Z],BE,,,24.0,6.0,7.0,615.0,75.0,3.0,10.4,357.0,357.0,389.0,390.0,Level 1,2 Grade Levels Below
1220992,201,2,F,D,Direct Cert/Free Lunch [D],White,ZZ,Not applicable [ZZ],,,,,N,N,B,Other homelessness causes [N],"N - No, Is homeless but does not meet the definiton of unaccompanied youth",Z,Not 504 Eligible[Z],EN,,,115.0,40.0,130.0,995.0,204.0,94.0,82.7,538.0,,541.0,559.0,Level 4,Mid or Above Grade Level
1221388,201,2,F,3,Eligible for Reduced Lunch [3],White,ZZ,Not applicable [ZZ],,,,,N,N,N,Not homeless [Z],Z - Not homeless,Z,Not 504 Eligible[Z],EN,,,44.0,12.0,27.0,868.0,161.0,48.0,48.9,486.0,,480.0,518.0,Level 2,1 Grade Level Below
1221495,201,2,M,D,Direct Cert/Free Lunch [D],Black or African American,LY,LEP in LEP classes [LY],F,F - Speech Impaired,,,N,Y,N,Not homeless [Z],Z - Not homeless,Z,Not 504 Eligible[Z],SP,,,,,,850.0,155.0,42.0,45.8,409.0,452.0,416.0,414.0,Level 2,1 Grade Level Below
1221773,201,2,M,F,Eligible for Free Lunch [F],Black or African American,ZZ,Not applicable [ZZ],,,,,N,N,B,Other homelessness causes [N],"N - No, Is homeless but does not meet the definiton of unaccompanied youth",Z,Not 504 Eligible[Z],EN,,,5.0,1.0,0.0,758.0,124.0,11.0,24.2,382.0,362.0,369.0,416.0,Level 1,2 Grade Levels Below
1221996,201,1,M,0,Paid Lunch [0],White,ZZ,Not applicable [ZZ],,,,,N,N,N,Not homeless [Z],Z - Not homeless,Z,Not 504 Eligible[Z],EN,40.0,41.0,40.0,9.0,52.0,,,,,406.0,367.0,432.0,464.0,Level 4,Early On Grade Level
1221998,201,2,M,0,Paid Lunch [0],Hispanic,LY,LEP in LEP classes [LY],,,,,N,N,N,Not homeless [Z],Z - Not homeless,Z,Not 504 Eligible[Z],SP,,,15.0,5.0,48.0,,,,,368.0,385.0,392.0,320.0,Level 2,1 Grade Level Below
1222166,201,2,M,F,Eligible for Free Lunch [F],Hispanic,LY,LEP in LEP classes [LY],,,,,N,N,B,Other homelessness causes [N],"N - No, Is homeless but does not meet the definiton of unaccompanied youth",Z,Not 504 Eligible[Z],SP,,,,,,,,,,316.0,389.0,286.0,282.0,Level 1,2 Grade Levels Below
1222184,201,1,F,F,Eligible for Free Lunch [F],Hispanic,LY,LEP in LEP classes [LY],,,,,N,N,N,Not homeless [Z],Z - Not homeless,Z,Not 504 Eligible[Z],SP,,,,,,,,,,310.0,313.0,266.0,269.0,Level 1,2 Grade Levels Below
1222613,201,1,F,D,Direct Cert/Free Lunch [D],White,ZZ,Not applicable [ZZ],,,,,N,N,N,Not homeless [Z],Z - Not homeless,Z,Not 504 Eligible[Z],EN,,,,,,,,,,,,,,Level 3,Early On Grade Level
1222679,201,2,M,0,Paid Lunch [0],White,ZZ,Not applicable [ZZ],J,J - Emotional/Behavioral Disabl,F,F - Speech Impaired,N,Y,N,Not homeless [Z],Z - Not homeless,Z,Not 504 Eligible[Z],EN,,,,,,,,,,,,,,Level 1,1 Grade Level Below
1222829,201,2,M,0,Paid Lunch [0],White,ZZ,Not applicable [ZZ],,,,,N,N,N,Not homeless [Z],Z - Not homeless,Z,Not 504 Eligible[Z],EN,,,,,,,,,,,,,,Level 4,Mid or Above Grade Level
1222841,201,2,M,0,Paid Lunch [0],Hispanic,LY,LEP in LEP classes [LY],,,,,N,N,N,Not homeless [Z],Z - Not homeless,Z,Not 504 Eligible[Z],SP,,,,,,,,,,,,,,Level 1,2 Grade Levels Below
1222931,201,2,F,F,Eligible for Free Lunch [F],Black or African American,LY,LEP in LEP classes [LY],,,,,N,N,N,Not homeless [Z],Z - Not homeless,Z,Not 504 Eligible[Z],ZF,,,,,,,,,,,,,,Level 1,2 Grade Levels Below
1223071,201,1,M,F,Eligible for Free Lunch [F],Hispanic,LY,LEP in LEP classes [LY],,,,,N,N,B,Other homelessness causes [N],"N - No, Is homeless but does not meet the definiton of unaccompanied youth",Z,Not 504 Eligible[Z],SP,,,,,,,,,,,,,,Level 1,2 Grade Levels Below
1194945,221,2,F,D,Direct Cert/Free Lunch [D],Black or African American,ZZ,Not applicable [ZZ],,,,,N,N,B,Other homelessness causes [N],"N - No, Is homeless but does not meet the definiton of unaccompanied youth",Z,Section 504 Eligible + Plan [Y],EN,,,37.0,10.0,5.0,615.0,75.0,3.0,10.4,408.0,,430.0,421.0,Level 1,1 Grade Level Below
1203810,221,2,M,F,Eligible for Free Lunch [F],White,ZZ,Not applicable [ZZ],P,P - Autism Spectrum Disorder,G,G - Language Impaired,N,Y,N,Not homeless [Z],Z - Not homeless,Z,Not 504 Eligible[Z],EN,,,,,,762.0,125.0,12.0,25.3,374.0,373.0,361.0,335.0,Level 1,Mid or Above Grade Level
1204230,221,2,M,F,Eligible for Free Lunch [F],Black or African American,ZZ,Tested - not eligible [TZ],P,P - Autism Spectrum Disorder,"G,G","G - Language Impaired,G - Language Impaired",N,Y,N,Not homeless [Z],Z - Not homeless,Z,Not 504 Eligible[Z],ZF,,,,,,832.0,149.0,35.0,41.9,548.0,,583.0,553.0,Level 1,Mid or Above Grade Level
1206031,221,2,M,D,Direct Cert/Free Lunch [D],Hispanic,ZZ,Not applicable [ZZ],P,P - Autism Spectrum Disorder,G,G - Language Impaired,N,Y,N,Not homeless [Z],Z - Not homeless,Z,Not 504 Eligible[Z],SP,,,,,,615.0,75.0,3.0,10.4,421.0,,427.0,393.0,Level 1,1 Grade Level Below
1207160,221,2,M,D,Direct Cert/Free Lunch [D],Hispanic,ZZ,Tested - not eligible [TZ],K,K - Specific Learning Disabled,,,N,Y,N,Not homeless [Z],Z - Not homeless,Z,Not 504 Eligible[Z],EN,,,20.0,5.0,8.0,615.0,75.0,3.0,10.4,401.0,351.0,365.0,433.0,Level 1,1 Grade Level Below
1207277,221,2,F,0,Paid Lunch [0],Hispanic,ZZ,Tested - not eligible [TZ],,,,,N,N,N,Not homeless [Z],Z - Not homeless,Z,Not 504 Eligible[Z],EN,,,92.0,29.0,84.0,910.0,175.0,66.0,58.7,502.0,,503.0,507.0,Level 4,Mid or Above Grade Level
1207471,221,1,M,D,Direct Cert/Free Lunch [D],Black or African American,ZZ,Not applicable [ZZ],W,W - Intellectual Disability,"G,G,P,T","G - Language Impaired,G - Language Impaired,P - Autism Spectrum Disorder,T - Developmentally Delayed",N,Y,N,Not homeless [Z],Z - Not homeless,Z,Not 504 Eligible[Z],EN,,,,,,,,,,,,,,,
1207820,221,2,M,D,Direct Cert/Free Lunch [D],Black or African American,ZZ,Not applicable [ZZ],,,,,N,N,N,Not homeless [Z],Z - Not homeless,Z,Not 504 Eligible[Z],EN,,,39.0,10.0,19.0,764.0,126.0,13.0,26.3,422.0,,460.0,397.0,Level 1,1 Grade Level Below
1207865,221,2,M,D,Direct Cert/Free Lunch [D],White,ZZ,Not applicable [ZZ],,,,,N,N,N,Not homeless [Z],Z - Not homeless,Z,Not 504 Eligible[Z],EN,,,,,,,,,,,,,,Level 2,
1207972,221,2,M,0,Paid Lunch [0],Hispanic,ZZ,Not applicable [ZZ],K,K - Specific Learning Disabled,"F,G","F - Speech Impaired,G - Language Impaired",N,Y,N,Not homeless [Z],Z - Not homeless,Z,Not 504 Eligible[Z],EN,,,53.0,13.0,9.0,746.0,119.0,8.0,20.4,401.0,410.0,444.0,388.0,Level 2,1 Grade Level Below
1208021,221,2,F,0,Paid Lunch [0],White,ZZ,Not applicable [ZZ],,,,,N,N,N,Not homeless [Z],Z - Not homeless,Z,Not 504 Eligible[Z],EN,,,,,90.0,907.0,174.0,65.0,58.1,487.0,,490.0,429.0,Level 3,Mid or Above Grade Level
1208104,221,2,M,D,Direct Cert/Free Lunch [D],Hispanic,LY,LEP in LEP classes [LY],V,V - Other Health Impaired,G,G - Language Impaired,N,Y,N,Not homeless [Z],Z - Not homeless,Z,Not 504 Eligible[Z],SP,,,31.0,0.0,0.0,768.0,127.0,14.0,27.2,370.0,373.0,352.0,396.0,Level 1,2 Grade Levels Below
1208268,221,2,M,D,Direct Cert/Free Lunch [D],Black or African American,ZZ,Not applicable [ZZ],,,,,N,N,N,Not homeless [Z],Z - Not homeless,Z,Not 504 Eligible[Z],EN,,,,,,793.0,135.0,22.0,33.7,431.0,,471.0,427.0,Level 2,1 Grade Level Below
1208298,221,2,F,D,Direct Cert/Free Lunch [D],White,ZZ,Not applicable [ZZ],,,,,N,N,N,Not homeless [Z],Z - Not homeless,Z,Not 504 Eligible[Z],EN,,,62.0,20.0,59.0,867.0,161.0,48.0,48.9,461.0,,500.0,432.0,Level 2,Early On Grade Level
1208306,221,2,M,D,Direct Cert/Free Lunch [D],White,ZZ,Not applicable [ZZ],,,,,N,N,N,Not homeless [Z],Z - Not homeless,Z,Not 504 Eligible[Z],EN,,,41.0,11.0,21.0,892.0,169.0,58.0,54.2,452.0,,498.0,455.0,Level 3,Early On Grade Level
1208347,221,2,F,0,Paid Lunch [0],White,ZZ,Not applicable [ZZ],F,F - Speech Impaired,,,N,Y,N,Not homeless [Z],Z - Not homeless,Z,Not 504 Eligible[Z],EN,,,37.0,7.0,15.0,615.0,75.0,3.0,10.4,410.0,404.0,414.0,405.0,Level 2,1 Grade Level Below
1208862,221,2,F,D,Direct Cert/Free Lunch [D],White,ZZ,Not applicable [ZZ],F,F - Speech Impaired,,,N,Y,N,Not homeless [Z],Z - Not homeless,Z,Not 504 Eligible[Z],EN,,,55.0,13.0,56.0,939.0,185.0,78.0,66.3,499.0,,529.0,538.0,Level 4,Mid or Above Grade Level
1209468,221,1,M,D,Direct Cert/Free Lunch [D],Hispanic,ZZ,Not applicable [ZZ],,,,,N,N,N,Not homeless [Z],Z - Not homeless,Z,Not 504 Eligible[Z],SP,40.0,40.0,27.0,6.0,12.0,791.0,135.0,67.0,59.3,404.0,383.0,406.0,421.0,Level 3,1 Grade Level Below
1210066,221,2,F,D,Direct Cert/Free Lunch [D],Black or African American,ZZ,Not applicable [ZZ],,,,,N,N,N,Not homeless [Z],Z - Not homeless,Z,Not 504 Eligible[Z],EN,,,91.0,26.0,91.0,1009.0,209.0,96.0,86.9,519.0,,541.0,527.0,Level 5,Mid or Above Grade Level
1210255,221,2,M,D,Direct Cert/Free Lunch [D],Black or African American,ZZ,Not applicable [ZZ],P,P - Autism Spectrum Disorder,X,X - Language Therapy (Other),N,Y,N,Not homeless [Z],Z - Not homeless,Z,Not 504 Eligible[Z],EN,,,47.0,13.0,43.0,811.0,142.0,28.0,37.7,436.0,,508.0,450.0,Level 1,Mid or Above Grade Level
1210260,221,2,M,D,Direct Cert/Free Lunch [D],Other,LY,LEP in LEP classes [LY],,,,,N,N,N,Not homeless [Z],Z - Not homeless,Z,Not 504 Eligible[Z],KO,,,110.0,37.0,72.0,874.0,163.0,51.0,50.5,459.0,,464.0,430.0,Level 2,1 Grade Level Below
1210845,221,2,M,F,Eligible for Free Lunch [F],Hispanic,LY,LEP in LEP classes [LY],,,,,N,N,B,Other homelessness causes [N],"N - No, Is homeless but does not meet the definiton of unaccompanied youth",Z,Not 504 Eligible[Z],SP,,,42.0,11.0,7.0,752.0,122.0,10.0,23.0,396.0,373.0,394.0,384.0,Level 1,2 Grade Levels Below
1211069,221,2,M,D,Direct Cert/Free Lunch [D],Hispanic,ZZ,Not applicable [ZZ],,,,,N,N,N,Not homeless [Z],Z - Not homeless,Z,Not 504 Eligible[Z],EN,,,87.0,33.0,62.0,810.0,141.0,27.0,37.1,465.0,,521.0,445.0,Level 4,Mid or Above Grade Level
1211083,221,2,M,D,Direct Cert/Free Lunch [D],White,ZZ,Not applicable [ZZ],,,,,N,N,N,Not homeless [Z],Z - Not homeless,Z,Not 504 Eligible[Z],EN,,,114.0,37.0,47.0,943.0,186.0,79.0,67.0,500.0,,503.0,536.0,Level 3,Mid or Above Grade Level
1211313,221,1,F,D,Direct Cert/Free Lunch [D],Other,ZZ,Not applicable [ZZ],K,K - Specific Learning Disabled,,,N,Y,N,Not homeless [Z],Z - Not homeless,Z,Not 504 Eligible[Z],EN,8.0,0.0,9.0,0.0,0.0,695.0,102.0,18.0,30.7,349.0,360.0,354.0,341.0,Level 3,1 Grade Level Below
1211366,221,1,M,D,Direct Cert/Free Lunch [D],Other,ZZ,Not applicable [ZZ],F,F - Speech Impaired,,,N,Y,N,Not homeless [Z],Z - Not homeless,Z,Not 504 Eligible[Z],EN,41.0,39.0,57.0,18.0,30.0,710.0,107.0,23.0,34.4,370.0,340.0,417.0,355.0,Level 3,Early On Grade Level
1211377,221,2,F,0,Paid Lunch [0],Black or African American,ZZ,Not applicable [ZZ],,,,,N,N,N,Not homeless [Z],Z - Not homeless,Z,Not 504 Eligible[Z],EN,,,,,108.0,904.0,173.0,64.0,57.5,526.0,,565.0,451.0,Level 4,Mid or Above Grade Level
1211394,221,1,M,D,Direct Cert/Free Lunch [D],Black or African American,ZZ,Not applicable [ZZ],P,P - Autism Spectrum Disorder,"D,G","D - Occupational Therapy,G - Language Impaired",N,Y,N,Not homeless [Z],Z - Not homeless,Z,Not 504 Eligible[Z],EN,,,,,,,,,,,,,,,
1211759,221,2,F,D,Direct Cert/Free Lunch [D],Hispanic,ZZ,Tested - not eligible [TZ],,,,,N,N,N,Not homeless [Z],Z - Not homeless,Z,Not 504 Eligible[Z],SP,,,44.0,14.0,42.0,867.0,161.0,48.0,48.9,454.0,,518.0,461.0,Level 2,Early On Grade Level
1211836,221,1,M,D,Direct Cert/Free Lunch [D],Black or African American,ZZ,Not applicable [ZZ],T,T - Developmentally Delayed,G,G - Language Impaired,N,Y,N,Not homeless [Z],Not homeless [Z],Z,Not 504 Eligible[Z],EN,,,,,,612.0,74.0,2.0,6.7,379.0,369.0,378.0,353.0,Level 3,Early On Grade Level
1211935,221,2,M,D,Direct Cert/Free Lunch [D],Other,ZZ,Not applicable [ZZ],,,,,N,N,N,Not homeless [Z],Z - Not homeless,Z,Not 504 Eligible[Z],EN,,,135.0,43.0,81.0,920.0,178.0,70.0,61.0,487.0,,484.0,484.0,Level 4,Mid or Above Grade Level
1211965,221,1,M,3,Eligible for Reduced Lunch [3],White,ZZ,Not applicable [ZZ],F,F - Speech Impaired,,,N,Y,N,Not homeless [Z],Z - Not homeless,Z,Not 504 Eligible[Z],EN,30.0,22.0,45.0,15.0,76.0,832.0,149.0,80.0,67.7,446.0,428.0,459.0,413.0,Level 4,Mid or Above Grade Level
1211973,221,1,F,D,Direct Cert/Free Lunch [D],Hispanic,LY,LEP in LEP classes [LY],,,,,N,N,N,Not homeless [Z],Z - Not homeless,Z,Not 504 Eligible[Z],SP,44.0,27.0,28.0,6.0,5.0,720.0,111.0,27.0,37.1,381.0,366.0,376.0,384.0,Level 2,Early On Grade Level
1212006,221,1,F,D,Direct Cert/Free Lunch [D],Black or African American,ZZ,Not applicable [ZZ],,,,,N,N,N,Not homeless [Z],Z - Not homeless,Z,Not 504 Eligible[Z],EN,52.0,36.0,38.0,8.0,4.0,760.0,124.0,53.0,51.6,390.0,415.0,401.0,414.0,Level 1,1 Grade Level Below
1212052,221,2,M,D,Direct Cert/Free Lunch [D],Hispanic,LY,LEP in LEP classes [LY],,,,,N,N,N,Not homeless [Z],Z - Not homeless,Z,Not 504 Eligible[Z],SP,,,44.0,13.0,21.0,615.0,75.0,3.0,10.4,396.0,387.0,384.0,387.0,Level 2,1 Grade Level Below
1212125,221,1,F,D,Direct Cert/Free Lunch [D],Asian,ZZ,Not applicable [ZZ],,,,,N,N,N,Not homeless [Z],Z - Not homeless,Z,Not 504 Eligible[Z],EN,39.0,35.0,42.0,13.0,15.0,743.0,118.0,42.0,45.8,420.0,454.0,441.0,411.0,Level 4,Mid or Above Grade Level
1212156,221,1,M,0,Paid Lunch [0],Hispanic,ZZ,Not applicable [ZZ],T,T - Developmentally Delayed,,,N,Y,N,Not homeless [Z],Z - Not homeless,Z,Not 504 Eligible[Z],EN,27.0,52.0,24.0,6.0,9.0,703.0,105.0,20.0,32.3,372.0,415.0,357.0,355.0,Level 3,Early On Grade Level
1212204,221,1,F,3,Eligible for Reduced Lunch [3],White,ZZ,Not applicable [ZZ],,,,,N,N,N,Not homeless [Z],Z - Not homeless,Z,Not 504 Eligible[Z],EN,44.0,96.0,29.0,9.0,5.0,744.0,119.0,43.0,46.3,411.0,484.0,398.0,290.0,Level 1,Mid or Above Grade Level
1212283,221,2,F,0,Paid Lunch [0],White,ZZ,Not applicable [ZZ],,,,,N,N,N,Not homeless [Z],Z - Not homeless,Z,Not 504 Eligible[Z],EN,,,93.0,29.0,62.0,852.0,155.0,42.0,45.8,408.0,,451.0,335.0,Level 2,1 Grade Level Below
1212287,221,2,F,0,Paid Lunch [0],White,ZZ,Not applicable [ZZ],,,,,N,N,N,Not homeless [Z],Z - Not homeless,Z,Not 504 Eligible[Z],EN,,,,,,946.0,187.0,81.0,68.5,495.0,,501.0,496.0,Level 3,Mid or Above Grade Level
1212386,221,1,M,D,Direct Cert/Free Lunch [D],Black or African American,ZZ,Not applicable [ZZ],,,,,N,N,N,Not homeless [Z],Z - Not homeless,Z,Not 504 Eligible[Z],EN,64.0,28.0,30.0,8.0,68.0,820.0,145.0,78.0,66.3,398.0,357.0,409.0,386.0,Level 3,Mid or Above Grade Level
1212414,221,1,F,D,Direct Cert/Free Lunch [D],Hispanic,ZZ,Tested - not eligible [TZ],,,,,N,N,N,Not homeless [Z],Z - Not homeless,Z,Not 504 Eligible[Z],SP,24.0,66.0,195.0,,3.0,803.0,139.0,72.0,62.3,400.0,425.0,370.0,382.0,Level 3,Early On Grade Level
1212429,221,1,M,D,Direct Cert/Free Lunch [D],Black or African American,ZZ,Not applicable [ZZ],K,K - Specific Learning Disabled,F,F - Speech Impaired,N,Y,B,Other homelessness causes [N],"N - No, Is homeless but does not meet the definiton of unaccompanied youth",Z,Not 504 Eligible[Z],EN,2.0,0.0,20.0,0.0,0.0,699.0,104.0,19.0,31.5,347.0,285.0,354.0,379.0,Level 1,1 Grade Level Below
1212503,221,2,M,D,Direct Cert/Free Lunch [D],Hispanic,LY,LEP in LEP classes [LY],,,,,N,N,B,Other homelessness causes [N],"N - No, Is homeless but does not meet the definiton of unaccompanied youth",Z,Not 504 Eligible[Z],SP,,,24.0,6.0,18.0,814.0,143.0,29.0,38.3,423.0,421.0,414.0,436.0,Level 1,1 Grade Level Below
1212575,221,1,F,3,Eligible for Reduced Lunch [3],Hispanic,ZZ,Not applicable [ZZ],,,,,N,N,N,Not homeless [Z],Z - Not homeless,Z,Not 504 Eligible[Z],EN,34.0,47.0,37.0,7.0,5.0,792.0,135.0,67.0,59.3,412.0,406.0,389.0,423.0,Level 4,Mid or Above Grade Level
1212577,221,2,F,D,Direct Cert/Free Lunch [D],Hispanic,ZZ,Tested - not eligible [TZ],,,,,N,N,N,Not homeless [Z],Z - Not homeless,Z,Not 504 Eligible[Z],EN,,,32.0,10.0,70.0,852.0,155.0,42.0,45.8,424.0,457.0,402.0,415.0,Level 2,1 Grade Level Below
1212694,221,2,M,D,Direct Cert/Free Lunch [D],Other,ZZ,Not applicable [ZZ],,,,,N,N,N,Not homeless [Z],Z - Not homeless,Z,Not 504 Eligible[Z],EN,,,28.0,7.0,26.0,891.0,169.0,58.0,54.2,486.0,,489.0,491.0,Level 2,Early On Grade Level
1212749,221,2,M,D,Direct Cert/Free Lunch [D],Black or African American,ZZ,Not applicable [ZZ],,,,,N,N,N,Not homeless [Z],Z - Not homeless,Z,Not 504 Eligible[Z],EN,,,29.0,9.0,77.0,958.0,191.0,85.0,71.8,503.0,,496.0,475.0,Level 4,Mid or Above Grade Level
1212810,221,1,M,D,Direct Cert/Free Lunch [D],Hispanic,ZZ,Not applicable [ZZ],T,T - Developmentally Delayed,,,N,Y,N,Not homeless [Z],Z - Not homeless,Z,Not 504 Eligible[Z],EN,18.0,17.0,16.0,1.0,0.0,828.0,147.0,79.0,67.0,391.0,360.0,360.0,482.0,Level 1,1 Grade Level Below
1212842,221,2,M,0,Paid Lunch [0],White,ZZ,Not applicable [ZZ],,,,,N,N,N,Not homeless [Z],Z - Not homeless,Z,Not 504 Eligible[Z],EN,,,64.0,21.0,68.0,981.0,199.0,91.0,78.2,466.0,,460.0,479.0,Level 5,Early On Grade Level
1212846,221,2,F,D,Direct Cert/Free Lunch [D],Hispanic,ZZ,Not applicable [ZZ],,,,,N,N,N,Not homeless [Z],Z - Not homeless,Z,Not 504 Eligible[Z],EN,,,,,,775.0,129.0,16.0,29.1,422.0,,473.0,391.0,Level 2,1 Grade Level Below
1212867,221,2,M,D,Direct Cert/Free Lunch [D],Black or African American,ZZ,Not applicable [ZZ],,,,,N,N,N,Not homeless [Z],Z - Not homeless,Z,Section 504 Eligible + Plan [Y],EN,,,74.0,17.0,75.0,862.0,159.0,46.0,47.9,424.0,417.0,416.0,451.0,Level 2,1 Grade Level Below
1212996,221,1,M,D,Direct Cert/Free Lunch [D],Black or African American,ZZ,Not applicable [ZZ],W,W - Intellectual Disability,X,X - Language Therapy (Other),N,Y,N,Not homeless [Z],Z - Not homeless,Z,Not 504 Eligible[Z],EN,,,,,,495.0,34.0,1.0,1.0,330.0,313.0,290.0,346.0,,
1213053,221,1,M,D,Direct Cert/Free Lunch [D],Hispanic,ZZ,Not applicable [ZZ],,,,,N,N,N,Not homeless [Z],Z - Not homeless,Z,Not 504 Eligible[Z],EN,57.0,46.0,25.0,7.0,12.0,749.0,121.0,46.0,47.9,404.0,414.0,388.0,423.0,Level 2,1 Grade Level Below
1213087,221,2,M,D,Direct Cert/Free Lunch [D],Hispanic,LY,LEP in LEP classes [LY],,,,,N,N,N,Not homeless [Z],Z - Not homeless,Z,Not 504 Eligible[Z],SP,,,33.0,9.0,14.0,615.0,75.0,3.0,10.4,412.0,362.0,398.0,454.0,Level 1,1 Grade Level Below
1213128,221,1,M,D,Direct Cert/Free Lunch [D],White,ZZ,Not applicable [ZZ],,,,,N,N,N,Not homeless [Z],Z - Not homeless,Z,Not 504 Eligible[Z],EN,39.0,34.0,36.0,9.0,26.0,758.0,124.0,52.0,51.1,378.0,418.0,403.0,356.0,Level 3,1 Grade Level Below
1213129,221,2,M,D,Direct Cert/Free Lunch [D],Other,ZZ,Not applicable [ZZ],,,,,N,N,N,Not homeless [Z],Z - Not homeless,Z,Section 504 Eligible + Plan [Y],EN,,,53.0,14.0,12.0,791.0,135.0,21.0,33.0,403.0,440.0,398.0,384.0,Level 5,Mid or Above Grade Level
1213184,221,2,F,D,Direct Cert/Free Lunch [D],Other,ZZ,Not applicable [ZZ],,,,,N,N,N,Not homeless [Z],Z - Not homeless,Z,Not 504 Eligible[Z],EN,,,72.0,24.0,52.0,895.0,170.0,60.0,55.3,469.0,,504.0,482.0,Level 3,Early On Grade Level
1213229,221,2,M,D,Direct Cert/Free Lunch [D],Hispanic,ZZ,Not applicable [ZZ],,,,,N,N,N,Not homeless [Z],Z - Not homeless,Z,Not 504 Eligible[Z],EN,,,81.0,23.0,69.0,881.0,165.0,54.0,52.1,476.0,,482.0,509.0,Level 4,Early On Grade Level
1213309,221,2,F,D,Direct Cert/Free Lunch [D],Hispanic,ZZ,Tested - not eligible [TZ],,,,,N,N,N,Not homeless [Z],Z - Not homeless,Z,Not 504 Eligible[Z],SP,,,55.0,16.0,90.0,952.0,189.0,83.0,70.1,492.0,,478.0,483.0,Level 5,Mid or Above Grade Level
1213323,221,1,F,D,Direct Cert/Free Lunch [D],Black or African American,ZZ,Not applicable [ZZ],,,,,N,N,N,Not homeless [Z],Z - Not homeless,Z,Not 504 Eligible[Z],EN,41.0,41.0,34.0,10.0,15.0,805.0,139.0,73.0,62.9,407.0,467.0,388.0,388.0,Level 3,Mid or Above Grade Level
1213328,221,2,F,0,Paid Lunch [0],White,ZZ,Not applicable [ZZ],,,,,Y,N,N,Not homeless [Z],Z - Not homeless,A,Not 504 Eligible[Z],EN,,,85.0,24.0,115.0,1027.0,215.0,97.0,89.6,530.0,,516.0,550.0,Level 5,Mid or Above Grade Level
1213354,221,2,F,D,Direct Cert/Free Lunch [D],Other,ZZ,Not applicable [ZZ],,,,,N,N,N,Not homeless [Z],Z - Not homeless,Z,Not 504 Eligible[Z],EN,,,69.0,20.0,72.0,869.0,161.0,49.0,49.5,458.0,,473.0,423.0,Level 3,Early On Grade Level
1213483,221,1,F,D,Direct Cert/Free Lunch [D],White,ZZ,Not applicable [ZZ],,,,,N,N,N,Not homeless [Z],Z - Not homeless,Z,Not 504 Eligible[Z],EN,60.0,33.0,38.0,11.0,6.0,703.0,105.0,20.0,32.3,365.0,374.0,389.0,359.0,Level 2,1 Grade Level Below
1213543,221,2,F,F,Eligible for Free Lunch [F],White,LY,LEP in LEP classes [LY],,,,,N,N,N,Not homeless [Z],Z - Not homeless,Z,Not 504 Eligible[Z],PR,,,51.0,13.0,12.0,615.0,75.0,3.0,10.4,419.0,482.0,397.0,402.0,Level 2,1 Grade Level Below
1213570,221,1,M,D,Direct Cert/Free Lunch [D],Black or African American,ZZ,Not applicable [ZZ],T,T - Developmentally Delayed,L,L - Gifted,Y,Y,N,Not homeless [Z],Z - Not homeless,B,Not 504 Eligible[Z],EN,74.0,59.0,71.0,20.0,39.0,884.0,166.0,91.0,78.2,424.0,435.0,397.0,428.0,Level 4,Mid or Above Grade Level
1213578,221,1,M,D,Direct Cert/Free Lunch [D],Other,ZZ,Not applicable [ZZ],,,,,N,N,N,Not homeless [Z],Z - Not homeless,Z,Not 504 Eligible[Z],EN,40.0,10.0,17.0,3.0,8.0,645.0,85.0,7.0,18.9,378.0,353.0,366.0,385.0,Level 2,1 Grade Level Below
1213629,221,2,M,D,Direct Cert/Free Lunch [D],White,ZZ,Not applicable [ZZ],,,,,N,N,N,Not homeless [Z],Z - Not homeless,Z,Not 504 Eligible[Z],EN,,,36.0,7.0,17.0,755.0,123.0,10.0,23.0,421.0,462.0,413.0,422.0,Level 3,1 Grade Level Below
1213655,221,1,F,D,Direct Cert/Free Lunch [D],Hispanic,LY,LEP in LEP classes [LY],,,,,N,N,N,Not homeless [Z],Z - Not homeless,Z,Not 504 Eligible[Z],SP,12.0,1.0,13.0,0.0,0.0,697.0,103.0,18.0,30.7,387.0,397.0,379.0,410.0,Level 1,1 Grade Level Below
1213774,221,2,M,F,Eligible for Free Lunch [F],Hispanic,LY,LEP in LEP classes [LY],,,,,N,N,N,Not homeless [Z],Z - Not homeless,Z,Not 504 Eligible[Z],SP,,,,,,905.0,173.0,64.0,57.5,501.0,,458.0,496.0,Level 4,Early On Grade Level
1213877,221,2,M,D,Direct Cert/Free Lunch [D],Hispanic,LY,LEP in LEP classes [LY],,,,,N,N,N,Not homeless [Z],Z - Not homeless,Z,Section 504 Eligible + Plan [Y],SP,,,88.0,20.0,59.0,880.0,165.0,53.0,51.6,457.0,,446.0,504.0,Level 2,Early On Grade Level
1214060,221,1,M,D,Direct Cert/Free Lunch [D],Other,ZZ,Not applicable [ZZ],T,T - Developmentally Delayed,G,G - Language Impaired,N,Y,N,Not homeless [Z],Z - Not homeless,Z,Not 504 Eligible[Z],EN,43.0,32.0,38.0,0.0,31.0,785.0,133.0,64.0,57.5,407.0,424.0,426.0,394.0,Level 3,Early On Grade Level
1214411,221,2,F,D,Direct Cert/Free Lunch [D],White,ZZ,Not applicable [ZZ],V,V - Other Health Impaired,,,N,Y,N,Not homeless [Z],Not homeless [Z],Z,Not 504 Eligible[Z],EN,,,58.0,11.0,49.0,826.0,147.0,33.0,40.7,431.0,,452.0,418.0,Level 4,Mid or Above Grade Level
1214519,221,2,F,D,Direct Cert/Free Lunch [D],White,ZZ,Not applicable [ZZ],,,,,N,N,N,Not homeless [Z],Z - Not homeless,Z,Not 504 Eligible[Z],EN,,,38.0,11.0,20.0,799.0,137.0,24.0,35.1,437.0,,449.0,452.0,Level 2,1 Grade Level Below
1214640,221,2,F,0,Paid Lunch [0],White,ZZ,Not applicable [ZZ],,,,,N,N,N,Not homeless [Z],Z - Not homeless,Z,Section 504 Eligible + Plan [Y],EN,,,45.0,15.0,35.0,808.0,141.0,27.0,37.1,431.0,,442.0,405.0,Level 3,Early On Grade Level
1214647,221,1,F,D,Direct Cert/Free Lunch [D],Hispanic,LY,LEP in LEP classes [LY],T,T - Developmentally Delayed,G,G - Language Impaired,N,Y,N,Not homeless [Z],Z - Not homeless,Z,Not 504 Eligible[Z],SP,29.0,26.0,32.0,12.0,4.0,699.0,104.0,19.0,31.5,363.0,371.0,332.0,374.0,Level 2,1 Grade Level Below
1215019,221,1,M,3,Eligible for Reduced Lunch [3],Other,ZZ,Not applicable [ZZ],,,,,N,N,N,Not homeless [Z],Z - Not homeless,Z,Not 504 Eligible[Z],EN,18.0,28.0,14.0,0.0,17.0,760.0,124.0,53.0,51.6,376.0,390.0,325.0,376.0,Level 2,1 Grade Level Below
1215302,221,1,F,D,Direct Cert/Free Lunch [D],Hispanic,ZZ,Not applicable [ZZ],,,,,N,N,N,Not homeless [Z],Z - Not homeless,Z,Not 504 Eligible[Z],EN,64.0,75.0,27.0,8.0,33.0,831.0,148.0,80.0,67.7,412.0,414.0,429.0,408.0,Level 5,Mid or Above Grade Level
1215353,221,2,M,D,Direct Cert/Free Lunch [D],Black or African American,ZZ,Not applicable [ZZ],,,,,N,N,N,Not homeless [Z],Not homeless [Z],Z,Not 504 Eligible[Z],EN,,,39.0,13.0,15.0,615.0,75.0,3.0,10.4,404.0,,438.0,411.0,Level 2,Early On Grade Level
1215401,221,1,F,0,Paid Lunch [0],Hispanic,LY,LEP in LEP classes [LY],,,,,N,N,N,Not homeless [Z],Z - Not homeless,Z,Not 504 Eligible[Z],SP,54.0,42.0,40.0,11.0,5.0,763.0,125.0,54.0,52.1,385.0,401.0,410.0,320.0,Level 1,1 Grade Level Below
1215434,221,2,F,D,Direct Cert/Free Lunch [D],Hispanic,LY,LEP in LEP classes [LY],,,,,N,N,N,Not homeless [Z],Z - Not homeless,Z,Not 504 Eligible[Z],SP,,,33.0,3.0,38.0,803.0,139.0,25.0,35.8,387.0,387.0,382.0,354.0,Level 3,1 Grade Level Below
1215509,221,1,F,3,Eligible for Reduced Lunch [3],Hispanic,ZZ,Not applicable [ZZ],,,,,N,N,N,Not homeless [Z],Z - Not homeless,Z,Not 504 Eligible[Z],EN,47.0,36.0,31.0,6.0,6.0,772.0,128.0,59.0,54.8,403.0,408.0,392.0,403.0,Level 1,1 Grade Level Below
1215675,221,1,F,D,Direct Cert/Free Lunch [D],White,ZZ,Not applicable [ZZ],,,,,N,N,N,Not homeless [Z],Z - Not homeless,Z,Not 504 Eligible[Z],EN,12.0,10.0,5.0,0.0,0.0,741.0,118.0,41.0,45.2,359.0,387.0,336.0,359.0,Level 1,Early On Grade Level
1215811,221,1,F,D,Direct Cert/Free Lunch [D],Hispanic,ZZ,Not applicable [ZZ],,,,,N,N,N,Not homeless [Z],Z - Not homeless,Z,Not 504 Eligible[Z],EN,34.0,23.0,6.0,5.0,3.0,683.0,98.0,14.0,27.2,399.0,424.0,416.0,398.0,Level 3,1 Grade Level Below
1215884,221,1,M,D,Direct Cert/Free Lunch [D],Black or African American,ZZ,Not applicable [ZZ],F,F - Speech Impaired,L,L - Gifted,Y,Y,N,Not homeless [Z],Z - Not homeless,Z,Not 504 Eligible[Z],EN,64.0,53.0,85.0,27.0,149.0,1006.0,208.0,99.0,99.0,509.0,418.0,562.0,529.0,Level 5,Mid or Above Grade Level
1215917,221,1,M,D,Direct Cert/Free Lunch [D],Hispanic,LY,LEP in LEP classes [LY],,,,,N,N,N,Not homeless [Z],Z - Not homeless,Z,Not 504 Eligible[Z],SP,1.0,1.0,0.0,0.0,0.0,607.0,72.0,2.0,6.7,311.0,283.0,287.0,267.0,Level 1,2 Grade Levels Below
1215920,221,1,M,3,Eligible for Reduced Lunch [3],Hispanic,ZZ,Tested - not eligible [TZ],,,,,N,N,N,Not homeless [Z],Z - Not homeless,Z,Section 504 Eligible + Plan [Y],EN,3.0,2.0,1.0,0.0,0.0,634.0,82.0,6.0,17.3,381.0,388.0,298.0,450.0,Level 1,1 Grade Level Below
1215941,221,2,M,0,Paid Lunch [0],White,ZZ,Not applicable [ZZ],,,,,N,N,N,Not homeless [Z],Z - Not homeless,Z,Not 504 Eligible[Z],EN,,,48.0,15.0,23.0,809.0,141.0,27.0,37.1,430.0,,464.0,392.0,Level 3,1 Grade Level Below
1216041,221,1,M,D,Direct Cert/Free Lunch [D],White,ZZ,Not applicable [ZZ],,,,,N,N,N,Not homeless [Z],Z - Not homeless,Z,Not 504 Eligible[Z],EN,,,,,,747.0,120.0,45.0,47.4,380.0,350.0,402.0,369.0,Level 3,Mid or Above Grade Level
1216070,221,2,F,D,Direct Cert/Free Lunch [D],Hispanic,ZZ,Not applicable [ZZ],K,K - Specific Learning Disabled,,,N,Y,N,Not homeless [Z],Z - Not homeless,Z,Not 504 Eligible[Z],EN,,,27.0,7.0,2.0,615.0,75.0,3.0,10.4,363.0,381.0,371.0,364.0,Level 1,1 Grade Level Below
1216303,221,1,F,D,Direct Cert/Free Lunch [D],Hispanic,ZZ,Tested - not eligible [TZ],,,,,N,N,N,Not homeless [Z],Z - Not homeless,Z,Not 504 Eligible[Z],SP,28.0,33.0,45.0,15.0,6.0,769.0,127.0,57.0,53.7,371.0,368.0,276.0,371.0,Level 4,Mid or Above Grade Level
1216306,221,1,M,F,Eligible for Free Lunch [F],Black or African American,LY,LEP in LEP classes [LY],T,T - Developmentally Delayed,,,N,Y,N,Not homeless [Z],Z - Not homeless,Z,Not 504 Eligible[Z],FR,12.0,5.0,5.0,0.0,0.0,652.0,88.0,8.0,20.4,323.0,350.0,332.0,284.0,Level 1,1 Grade Level Below
1216307,221,1,M,F,Eligible for Free Lunch [F],Black or African American,LY,LEP in LEP classes [LY],K,K - Specific Learning Disabled,,,N,Y,N,Not homeless [Z],Z - Not homeless,Z,Not 504 Eligible[Z],FR,11.0,2.0,9.0,0.0,0.0,637.0,83.0,6.0,17.3,340.0,330.0,354.0,311.0,Level 1,1 Grade Level Below
1216317,221,1,M,D,Direct Cert/Free Lunch [D],White,ZZ,Not applicable [ZZ],F,F - Speech Impaired,,,N,Y,N,Not homeless [Z],Z - Not homeless,Z,Not 504 Eligible[Z],EN,60.0,48.0,84.0,26.0,43.0,789.0,134.0,66.0,58.7,424.0,438.0,449.0,457.0,Level 4,Mid or Above Grade Level
1216391,221,1,F,D,Direct Cert/Free Lunch [D],White,ZZ,Not applicable [ZZ],,,,,Y,N,N,Not homeless [Z],Z - Not homeless,Z,Not 504 Eligible[Z],EN,63.0,30.0,39.0,10.0,82.0,936.0,184.0,97.0,89.6,455.0,418.0,483.0,469.0,Level 5,Mid or Above Grade Level
1216393,221,2,F,D,Direct Cert/Free Lunch [D],Black or African American,LY,LEP in LEP classes [LY],,,,,N,N,N,Not homeless [Z],Z - Not homeless,Z,Not 504 Eligible[Z],EN,,,23.0,5.0,8.0,792.0,135.0,21.0,33.0,407.0,406.0,403.0,451.0,Level 1,1 Grade Level Below
1216394,221,1,F,D,Direct Cert/Free Lunch [D],Black or African American,ZZ,Not applicable [ZZ],,,,,N,N,N,Not homeless [Z],Z - Not homeless,Z,Not 504 Eligible[Z],EN,39.0,26.0,37.0,13.0,2.0,797.0,137.0,70.0,61.0,392.0,402.0,394.0,377.0,Level 1,Early On Grade Level
1216439,221,1,M,D,Direct Cert/Free Lunch [D],Hispanic,ZZ,Not applicable [ZZ],,,,,N,N,N,Not homeless [Z],Z - Not homeless,Z,Not 504 Eligible[Z],EN,49.0,58.0,47.0,14.0,14.0,790.0,134.0,66.0,58.7,396.0,373.0,456.0,415.0,Level 3,Mid or Above Grade Level
1216462,221,1,M,0,Paid Lunch [0],Black or African American,ZZ,Tested - not eligible [TZ],,,,,N,N,N,Not homeless [Z],Z - Not homeless,Z,Not 504 Eligible[Z],HC,36.0,28.0,27.0,6.0,40.0,851.0,155.0,85.0,71.8,449.0,428.0,432.0,458.0,Level 5,Mid or Above Grade Level
1216465,221,1,F,D,Direct Cert/Free Lunch [D],Black or African American,ZZ,Not applicable [ZZ],,,,,N,N,N,Not homeless [Z],Z - Not homeless,Z,Not 504 Eligible[Z],EN,30.0,31.0,15.0,4.0,1.0,734.0,115.0,36.0,42.5,382.0,435.0,363.0,332.0,Level 2,1 Grade Level Below
1216497,221,1,M,D,Direct Cert/Free Lunch [D],Hispanic,ZZ,Tested - not eligible [TZ],,,,,N,N,N,Not homeless [Z],Z - Not homeless,Z,Not 504 Eligible[Z],EN,21.0,0.0,0.0,0.0,0.0,705.0,106.0,21.0,33.0,376.0,393.0,370.0,354.0,Level 1,1 Grade Level Below
1216508,221,1,F,D,Direct Cert/Free Lunch [D],Black or African American,ZZ,Not applicable [ZZ],,,,,N,N,N,Not homeless [Z],Z - Not homeless,Z,Not 504 Eligible[Z],EN,47.0,40.0,15.0,4.0,12.0,789.0,134.0,66.0,58.7,411.0,409.0,396.0,429.0,Level 3,Mid or Above Grade Level
1216528,221,1,M,0,Paid Lunch [0],Hispanic,LY,LEP in LEP classes [LY],,,,,N,N,N,Not homeless [Z],Z - Not homeless,Z,Not 504 Eligible[Z],SP,3.0,11.0,12.0,0.0,0.0,660.0,90.0,10.0,23.0,333.0,345.0,338.0,320.0,Level 1,1 Grade Level Below
1216663,221,1,F,D,Direct Cert/Free Lunch [D],Hispanic,LY,LEP in LEP classes [LY],,,,,N,N,N,Not homeless [Z],Z - Not homeless,Z,Not 504 Eligible[Z],SP,32.0,30.0,29.0,4.0,1.0,724.0,112.0,29.0,38.3,384.0,392.0,363.0,380.0,Level 2,Early On Grade Level
1216671,221,1,M,D,Direct Cert/Free Lunch [D],Black or African American,ZZ,Not applicable [ZZ],,,,,N,N,N,Not homeless [Z],Z - Not homeless,Z,Not 504 Eligible[Z],EN,23.0,21.0,23.0,4.0,2.0,738.0,117.0,39.0,44.1,386.0,394.0,357.0,368.0,Level 1,1 Grade Level Below
1216676,221,1,F,D,Direct Cert/Free Lunch [D],Black or African American,ZZ,Not applicable [ZZ],,,,,N,N,N,Not homeless [Z],Z - Not homeless,Z,Section 504 Eligible + Plan [Y],EN,17.0,18.0,4.0,0.0,0.0,719.0,110.0,27.0,37.1,372.0,345.0,332.0,401.0,Level 1,1 Grade Level Below
1216689,221,1,M,D,Direct Cert/Free Lunch [D],Hispanic,ZZ,Not applicable [ZZ],,,,,N,N,N,Not homeless [Z],Z - Not homeless,Z,Not 504 Eligible[Z],EN,36.0,9.0,20.0,0.0,0.0,697.0,103.0,18.0,30.7,374.0,416.0,354.0,332.0,Level 3,1 Grade Level Below
1216744,221,1,F,D,Direct Cert/Free Lunch [D],Hispanic,ZZ,Not applicable [ZZ],,,,,N,N,N,Not homeless [Z],Z - Not homeless,Z,Not 504 Eligible[Z],EN,52.0,43.0,94.0,30.0,60.0,872.0,162.0,89.0,75.8,459.0,459.0,467.0,432.0,Level 5,Mid or Above Grade Level
1216805,221,2,M,F,Eligible for Free Lunch [F],Hispanic,ZZ,Tested - not eligible [TZ],,,,,N,N,N,Not homeless [Z],Z - Not homeless,Z,Not 504 Eligible[Z],SP,,,44.0,14.0,25.0,615.0,75.0,3.0,10.4,422.0,434.0,401.0,414.0,Level 1,Early On Grade Level
1216959,221,1,M,D,Direct Cert/Free Lunch [D],Hispanic,LY,LEP in LEP classes [LY],,,,,N,N,N,Not homeless [Z],Z - Not homeless,Z,Not 504 Eligible[Z],SP,,,0.0,0.0,0.0,655.0,89.0,9.0,21.8,342.0,357.0,339.0,346.0,Level 1,1 Grade Level Below
1217073,221,1,M,F,Eligible for Free Lunch [F],Hispanic,ZZ,Not applicable [ZZ],,,,,N,N,N,Not homeless [Z],Z - Not homeless,Z,Not 504 Eligible[Z],EN,46.0,64.0,60.0,19.0,20.0,737.0,116.0,38.0,43.6,414.0,402.0,476.0,410.0,Level 3,Mid or Above Grade Level
1217458,221,1,M,0,Paid Lunch [0],Hispanic,ZZ,Not applicable [ZZ],P,P - Autism Spectrum Disorder,"D,G","D - Occupational Therapy,G - Language Impaired",N,Y,N,Not homeless [Z],Z - Not homeless,Z,Not 504 Eligible[Z],EN,,,,,,626.0,79.0,5.0,15.4,313.0,283.0,341.0,284.0,Level 2,1 Grade Level Below
1217464,221,1,M,0,Paid Lunch [0],White,ZZ,Not applicable [ZZ],V,V - Other Health Impaired,"F,G","F - Speech Impaired,G - Language Impaired",N,Y,N,Not homeless [Z],Z - Not homeless,Z,Not 504 Eligible[Z],EN,44.0,31.0,25.0,3.0,9.0,670.0,94.0,12.0,25.3,358.0,365.0,375.0,346.0,Level 2,1 Grade Level Below
1217494,221,1,M,D,Direct Cert/Free Lunch [D],White,ZZ,Not applicable [ZZ],,,,,N,N,N,Not homeless [Z],Z - Not homeless,Z,Not 504 Eligible[Z],EN,17.0,42.0,17.0,0.0,4.0,802.0,138.0,72.0,62.3,407.0,435.0,432.0,383.0,Level 1,1 Grade Level Below
1217519,221,1,M,0,Paid Lunch [0],White,ZZ,Not applicable [ZZ],,,,,N,N,N,Not homeless [Z],Z - Not homeless,Z,Not 504 Eligible[Z],EN,9.0,30.0,17.0,2.0,0.0,701.0,104.0,20.0,32.3,382.0,367.0,357.0,380.0,Level 1,1 Grade Level Below
1217527,221,1,F,D,Direct Cert/Free Lunch [D],Black or African American,ZZ,Not applicable [ZZ],,,,,N,N,A,Other homelessness causes [N],"N - No, Is homeless but does not meet the definiton of unaccompanied youth",Z,Not 504 Eligible[Z],EN,43.0,0.0,0.0,0.0,0.0,744.0,119.0,43.0,46.3,364.0,364.0,394.0,371.0,Level 2,1 Grade Level Below
1217672,221,1,M,D,Direct Cert/Free Lunch [D],Black or African American,ZZ,Not applicable [ZZ],,,,,N,N,N,Not homeless [Z],Z - Not homeless,Z,Not 504 Eligible[Z],EN,11.0,2.0,0.0,0.0,0.0,672.0,94.0,12.0,25.3,333.0,336.0,368.0,329.0,Level 1,1 Grade Level Below
1218043,221,1,M,D,Direct Cert/Free Lunch [D],Hispanic,ZZ,Tested - not eligible [TZ],,,,,N,N,N,Not homeless [Z],Z - Not homeless,Z,Not 504 Eligible[Z],SP,55.0,23.0,34.0,8.0,1.0,749.0,121.0,46.0,47.9,379.0,419.0,381.0,410.0,Level 2,1 Grade Level Below
1218075,221,1,M,D,Direct Cert/Free Lunch [D],Hispanic,LY,LEP in LEP classes [LY],,,,,N,N,N,Not homeless [Z],Z - Not homeless,Z,Not 504 Eligible[Z],SP,59.0,35.0,46.0,15.0,12.0,780.0,131.0,62.0,56.4,404.0,387.0,385.0,405.0,Level 3,Mid or Above Grade Level
1218154,221,1,F,F,Eligible for Free Lunch [F],Hispanic,LY,LEP in LEP classes [LY],,,,,N,N,N,Not homeless [Z],Z - Not homeless,Z,Not 504 Eligible[Z],SP,0.0,0.0,0.0,0.0,0.0,562.0,57.0,1.0,1.0,317.0,352.0,284.0,298.0,Level 1,2 Grade Levels Below
1218244,221,2,M,D,Direct Cert/Free Lunch [D],White,ZZ,Not applicable [ZZ],,,,,N,N,N,Not homeless [Z],Z - Not homeless,Z,Not 504 Eligible[Z],EN,,,,,88.0,977.0,198.0,90.0,77.0,507.0,,535.0,507.0,Level 4,Mid or Above Grade Level
1218245,221,1,M,D,Direct Cert/Free Lunch [D],White,ZZ,Not applicable [ZZ],,,,,N,N,N,Not homeless [Z],Z - Not homeless,Z,Not 504 Eligible[Z],EN,50.0,30.0,39.0,11.0,8.0,832.0,149.0,80.0,67.7,402.0,434.0,403.0,376.0,Level 4,Mid or Above Grade Level
1218575,221,1,F,F,Eligible for Free Lunch [F],Hispanic,ZZ,Tested - not eligible [TZ],,,,,N,N,N,Not homeless [Z],Z - Not homeless,Z,Not 504 Eligible[Z],SP,31.0,34.0,35.0,10.0,8.0,657.0,89.0,9.0,21.8,378.0,368.0,361.0,377.0,Level 3,1 Grade Level Below
1218597,221,1,F,0,Paid Lunch [0],Hispanic,ZZ,Not applicable [ZZ],,,,,N,N,N,Not homeless [Z],Z - Not homeless,Z,Not 504 Eligible[Z],EN,41.0,29.0,89.0,28.0,63.0,980.0,199.0,99.0,99.0,493.0,441.0,467.0,505.0,Level 5,Mid or Above Grade Level
1218674,221,2,M,F,Eligible for Free Lunch [F],Hispanic,LY,LEP in LEP classes [LY],,,,,N,N,N,Not homeless [Z],Z - Not homeless,Z,Not 504 Eligible[Z],SP,,,89.0,29.0,48.0,871.0,162.0,50.0,50.0,524.0,,511.0,510.0,Level 3,Mid or Above Grade Level
1218857,221,2,M,0,Paid Lunch [0],Hispanic,ZZ,Tested - not eligible [TZ],,,,,N,N,N,Not homeless [Z],Z - Not homeless,Z,Not 504 Eligible[Z],SP,,,37.0,9.0,15.0,780.0,131.0,18.0,30.7,402.0,400.0,391.0,362.0,Level 2,1 Grade Level Below
1219458,221,2,M,F,Eligible for Free Lunch [F],Hispanic,LY,LEP in LEP classes [LY],,,,,N,N,B,Other homelessness causes [N],"N - No, Is homeless but does not meet the definiton of unaccompanied youth",Z,Not 504 Eligible[Z],SP,,,,,,,,,,337.0,366.0,341.0,346.0,Level 1,2 Grade Levels Below
1219571,221,2,F,F,Eligible for Free Lunch [F],Hispanic,LY,LEP in LEP classes [LY],,,,,N,N,B,Other homelessness causes [N],"N - No, Is homeless but does not meet the definiton of unaccompanied youth",Z,Not 504 Eligible[Z],SP,,,66.0,17.0,16.0,615.0,75.0,3.0,10.4,348.0,343.0,380.0,332.0,Level 1,1 Grade Level Below
1219704,221,1,M,0,Paid Lunch [0],Black or African American,ZZ,Tested - not eligible [TZ],,,,,N,N,N,Not homeless [Z],Z - Not homeless,Z,Not 504 Eligible[Z],HC,21.0,26.0,16.0,0.0,1.0,730.0,114.0,33.0,40.7,394.0,417.0,362.0,420.0,,1 Grade Level Below
1220015,221,1,M,0,Paid Lunch [0],Black or African American,ZZ,Tested - not eligible [TZ],,,,,N,N,N,Not homeless [Z],Z - Not homeless,Z,Not 504 Eligible[Z],ZF,38.0,9.0,32.0,5.0,6.0,694.0,102.0,18.0,30.7,296.0,283.0,247.0,303.0,Level 3,1 Grade Level Below
1220340,221,1,M,D,Direct Cert/Free Lunch [D],Other,ZZ,Not applicable [ZZ],,,,,N,N,N,Not homeless [Z],Z - Not homeless,Z,Not 504 Eligible[Z],EN,46.0,20.0,2.0,0.0,1.0,714.0,109.0,25.0,35.8,329.0,302.0,360.0,327.0,Level 2,Early On Grade Level
1220551,221,1,F,D,Direct Cert/Free Lunch [D],White,ZZ,Not applicable [ZZ],,,,,N,N,N,Not homeless [Z],Z - Not homeless,Z,Not 504 Eligible[Z],EN,44.0,32.0,17.0,3.0,0.0,692.0,101.0,17.0,29.9,364.0,377.0,385.0,363.0,Level 1,1 Grade Level Below
1221115,221,1,M,D,Direct Cert/Free Lunch [D],Other,ZZ,Not applicable [ZZ],,,,,N,N,N,Not homeless [Z],Z - Not homeless,Z,Not 504 Eligible[Z],EN,45.0,18.0,20.0,6.0,8.0,735.0,116.0,36.0,42.5,397.0,367.0,351.0,415.0,Level 4,Early On Grade Level
1221136,221,2,M,0,Paid Lunch [0],White,ZZ,Not applicable [ZZ],,,,,N,N,N,Not homeless [Z],Z - Not homeless,Z,Not 504 Eligible[Z],EN,,,88.0,28.0,75.0,929.0,182.0,74.0,63.5,486.0,,504.0,521.0,Level 3,Early On Grade Level
1221154,221,1,M,0,Paid Lunch [0],White,ZZ,Not applicable [ZZ],,,,,N,N,N,Not homeless [Z],Z - Not homeless,Z,Not 504 Eligible[Z],EN,37.0,20.0,18.0,3.0,24.0,805.0,139.0,73.0,62.9,402.0,428.0,449.0,381.0,Level 3,1 Grade Level Below
1221367,221,1,M,D,Direct Cert/Free Lunch [D],White,LY,LEP in LEP classes [LY],,,,,N,N,N,Not homeless [Z],Z - Not homeless,Z,Not 504 Eligible[Z],SP,0.0,0.0,0.0,0.0,0.0,713.0,108.0,21.0,33.0,308.0,302.0,339.0,298.0,Level 1,1 Grade Level Below
1221494,221,2,M,D,Direct Cert/Free Lunch [D],Black or African American,ZZ,Not applicable [ZZ],,,,,N,N,N,Not homeless [Z],Z - Not homeless,Z,Not 504 Eligible[Z],EN,,,36.0,12.0,8.0,763.0,125.0,13.0,26.3,430.0,474.0,355.0,484.0,Level 1,1 Grade Level Below
1221573,221,2,M,D,Direct Cert/Free Lunch [D],Hispanic,ZZ,Tested - not eligible [TZ],,,,,N,N,N,Not homeless [Z],Z - Not homeless,Z,Not 504 Eligible[Z],EN,,,77.0,21.0,51.0,935.0,184.0,76.0,64.9,496.0,,497.0,494.0,Level 2,Mid or Above Grade Level
1221921,221,1,F,D,Direct Cert/Free Lunch [D],Hispanic,LY,LEP in LEP classes [LY],,,,,N,N,N,Not homeless [Z],Z - Not homeless,Z,Not 504 Eligible[Z],ZF,,,,,,,,,,292.0,283.0,269.0,303.0,Level 1,1 Grade Level Below
1222028,221,1,M,D,Direct Cert/Free Lunch [D],Hispanic,ZZ,Not applicable [ZZ],,,,,N,N,B,Other homelessness causes [N],"N - No, Is homeless but does not meet the definiton of unaccompanied youth",Z,Not 504 Eligible[Z],EN,,,,,,,,,,436.0,473.0,476.0,403.0,Level 4,Early On Grade Level
1222461,221,2,M,D,Direct Cert/Free Lunch [D],White,ZZ,Not applicable [ZZ],G,G - Language Impaired,,,N,Y,N,Not homeless [Z],Z - Not homeless,Z,Not 504 Eligible[Z],EN,,,,,,,,,,,,,,Level 2,1 Grade Level Below
1223211,221,2,M,F,Eligible for Free Lunch [F],Other,ZZ,Not applicable [ZZ],,,,,N,N,N,Not homeless [Z],Z - Not homeless,Z,Not 504 Eligible[Z],EN,,,,,,,,,,,,,,Level 4,Early On Grade Level
1223311,221,2,M,D,Direct Cert/Free Lunch [D],Hispanic,ZZ,Not applicable [ZZ],,,,,N,N,N,Not homeless [Z],Z - Not homeless,Z,Not 504 Eligible[Z],EN,,,,,,,,,,,,,,Level 1,2 Grade Levels Below
1223724,221,1,F,0,Paid Lunch [0],Hispanic,ZZ,Not applicable [ZZ],,,,,N,N,N,Not homeless [Z],Z - Not homeless,Z,Not 504 Eligible[Z],EN,,,,,,,,,,,,,,Level 1,
1197748,301,2,M,D,Direct Cert/Free Lunch [D],White,ZZ,Not applicable [ZZ],P,P - Autism Spectrum Disorder,"D,G","D - Occupational Therapy,G - Language Impaired",N,Y,N,Not homeless [Z],Z - Not homeless,Z,Not 504 Eligible[Z],EN,,,,,,756.0,123.0,11.0,24.2,412.0,,455.0,430.0,Level 1,1 Grade Level Below
1203688,301,2,M,0,Paid Lunch [0],White,ZZ,Not applicable [ZZ],V,V - Other Health Impaired,"D,F,G","D - Occupational Therapy,F - Speech Impaired,G - Language Impaired",N,Y,N,Not homeless [Z],Z - Not homeless,Z,Not 504 Eligible[Z],EN,,,,,,751.0,121.0,9.0,21.8,310.0,339.0,299.0,263.0,Level 1,2 Grade Levels Below
1204147,301,2,M,D,Direct Cert/Free Lunch [D],Hispanic,ZZ,Tested - not eligible [TZ],K,K - Specific Learning Disabled,"D,G","D - Occupational Therapy,G - Language Impaired",N,Y,N,Not homeless [Z],Z - Not homeless,Z,Not 504 Eligible[Z],EN,,,26.0,5.0,17.0,746.0,119.0,8.0,20.4,393.0,399.0,383.0,406.0,Level 1,Mid or Above Grade Level
1204395,301,2,F,0,Paid Lunch [0],White,ZZ,Not applicable [ZZ],,,,,N,N,N,Not homeless [Z],Z - Not homeless,Z,Not 504 Eligible[Z],EN,,,,,96.0,999.0,205.0,94.0,82.7,511.0,,517.0,515.0,Level 5,Mid or Above Grade Level
1206354,301,2,F,0,Paid Lunch [0],White,ZZ,Tested - not eligible [TZ],F,F - Speech Impaired,,,N,Y,N,Not homeless [Z],Z - Not homeless,Z,Not 504 Eligible[Z],SP,,,54.0,17.0,102.0,954.0,190.0,83.0,70.1,502.0,,483.0,486.0,Level 4,Mid or Above Grade Level
1206393,301,1,M,D,Direct Cert/Free Lunch [D],Black or African American,ZZ,Not applicable [ZZ],T,T - Developmentally Delayed,G,G - Language Impaired,N,Y,N,Not homeless [Z],Z - Not homeless,Z,Not 504 Eligible[Z],EN,,,,,,531.0,47.0,1.0,1.0,270.0,313.0,282.0,255.0,,2 Grade Levels Below
1206417,301,2,F,0,Paid Lunch [0],White,ZZ,Not applicable [ZZ],V,V - Other Health Impaired,,,N,Y,N,Not homeless [Z],Z - Not homeless,Z,Not 504 Eligible[Z],EN,,,39.0,10.0,60.0,862.0,159.0,46.0,47.9,421.0,,439.0,381.0,Level 2,Early On Grade Level
1206807,301,1,F,0,Paid Lunch [0],Hispanic,ZZ,Not applicable [ZZ],T,T - Developmentally Delayed,"D,G","D - Occupational Therapy,G - Language Impaired",N,Y,N,Not homeless [Z],Z - Not homeless,Z,Not 504 Eligible[Z],EN,48.0,32.0,54.0,6.0,62.0,798.0,137.0,70.0,61.0,454.0,383.0,483.0,458.0,Level 5,Mid or Above Grade Level
1207166,301,2,M,D,Direct Cert/Free Lunch [D],Hispanic,LF,Two year followup [LF],,,,,N,N,N,Not homeless [Z],Z - Not homeless,Z,Not 504 Eligible[Z],SP,,,30.0,10.0,69.0,950.0,189.0,82.0,69.3,479.0,,430.0,493.0,Level 3,1 Grade Level Below
1207317,301,2,M,0,Paid Lunch [0],White,ZZ,Not applicable [ZZ],T,T - Developmentally Delayed,"D,F,G","D - Occupational Therapy,F - Speech Impaired,G - Language Impaired",N,Y,N,Not homeless [Z],Z - Not homeless,Z,Not 504 Eligible[Z],EN,,,,,,863.0,159.0,47.0,48.4,415.0,,444.0,382.0,Level 1,1 Grade Level Below
1207746,301,1,M,D,Direct Cert/Free Lunch [D],White,ZZ,Not applicable [ZZ],P,P - Autism Spectrum Disorder,"D,G","D - Occupational Therapy,G - Language Impaired",N,Y,N,Not homeless [Z],Z - Not homeless,Z,Not 504 Eligible[Z],EN,,,,,,572.0,61.0,1.0,1.0,323.0,313.0,291.0,379.0,Level 1,1 Grade Level Below
1207765,301,2,M,D,Direct Cert/Free Lunch [D],Hispanic,ZZ,Not applicable [ZZ],,,,,N,N,N,Not homeless [Z],Z - Not homeless,Z,Not 504 Eligible[Z],EN,,,74.0,25.0,62.0,945.0,187.0,80.0,67.7,492.0,,506.0,486.0,Level 4,Mid or Above Grade Level
1207876,301,1,F,0,Paid Lunch [0],Black or African American,ZZ,Not applicable [ZZ],P,P - Autism Spectrum Disorder,"F,G","F - Speech Impaired,G - Language Impaired",N,Y,N,Not homeless [Z],Z - Not homeless,Z,Not 504 Eligible[Z],EN,25.0,4.0,5.0,0.0,0.0,629.0,80.0,5.0,15.4,331.0,327.0,340.0,316.0,Level 2,1 Grade Level Below
1208074,301,1,M,0,Paid Lunch [0],Hispanic,ZZ,Not applicable [ZZ],P,P - Autism Spectrum Disorder,"D,G,G","D - Occupational Therapy,G - Language Impaired,G - Language Impaired",N,Y,N,Not homeless [Z],Z - Not homeless,Z,Not 504 Eligible[Z],EN,16.0,10.0,27.0,7.0,3.0,615.0,75.0,4.0,13.1,395.0,414.0,445.0,384.0,Level 3,Mid or Above Grade Level
1208303,301,1,M,0,Paid Lunch [0],Hispanic,ZZ,Not applicable [ZZ],,,,,N,N,N,Not homeless [Z],Z - Not homeless,Z,Not 504 Eligible[Z],EN,58.0,34.0,76.0,24.0,70.0,911.0,175.0,95.0,84.6,485.0,459.0,503.0,474.0,Level 5,Mid or Above Grade Level
1208376,301,2,M,D,Direct Cert/Free Lunch [D],Hispanic,ZZ,Not applicable [ZZ],,,,,N,N,N,Not homeless [Z],Z - Not homeless,Z,Not 504 Eligible[Z],EN,,,,,122.0,966.0,194.0,87.0,73.7,493.0,,522.0,496.0,Level 3,Mid or Above Grade Level
1208381,301,2,M,3,Eligible for Reduced Lunch [3],White,ZZ,Tested - not eligible [TZ],,,,,Y,N,N,Not homeless [Z],Z - Not homeless,B,Not 504 Eligible[Z],SP,,,54.0,18.0,92.0,977.0,198.0,90.0,77.0,532.0,,545.0,528.0,Level 4,Mid or Above Grade Level
1208389,301,2,F,0,Paid Lunch [0],White,ZZ,Not applicable [ZZ],,,,,N,N,N,Not homeless [Z],Z - Not homeless,Z,Not 504 Eligible[Z],EN,,,,,104.0,941.0,186.0,79.0,67.0,514.0,,517.0,512.0,Level 4,Mid or Above Grade Level
1208416,301,2,M,0,Paid Lunch [0],White,ZZ,Not applicable [ZZ],F,F - Speech Impaired,,,N,Y,N,Not homeless [Z],Z - Not homeless,Z,Not 504 Eligible[Z],EN,,,70.0,19.0,64.0,930.0,182.0,74.0,63.5,501.0,,501.0,467.0,Level 4,Mid or Above Grade Level
1208596,301,1,M,0,Paid Lunch [0],Hispanic,ZZ,Not applicable [ZZ],P,P - Autism Spectrum Disorder,G,G - Language Impaired,N,Y,N,Not homeless [Z],Z - Not homeless,Z,Not 504 Eligible[Z],EN,,,,,,610.0,73.0,2.0,6.7,363.0,367.0,360.0,366.0,Level 1,2 Grade Levels Below
1208683,301,2,F,0,Paid Lunch [0],White,ZZ,Not applicable [ZZ],,,,,Y,N,N,Not homeless [Z],Z - Not homeless,A,Not 504 Eligible[Z],EN,,,48.0,13.0,103.0,1030.0,216.0,98.0,93.3,514.0,,521.0,526.0,Level 5,Mid or Above Grade Level
1208748,301,2,M,0,Paid Lunch [0],White,ZZ,Not applicable [ZZ],,,,,Y,N,N,Not homeless [Z],Z - Not homeless,A,Not 504 Eligible[Z],EN,,,83.0,24.0,86.0,988.0,202.0,92.0,79.6,534.0,,504.0,564.0,Level 5,Mid or Above Grade Level
1208981,301,1,M,D,Direct Cert/Free Lunch [D],Hispanic,LY,LEP in LEP classes [LY],G,G - Language Impaired,F,F - Speech Impaired,N,Y,N,Not homeless [Z],Z - Not homeless,Z,Not 504 Eligible[Z],EN,4.0,15.0,25.0,2.0,0.0,741.0,118.0,41.0,45.2,376.0,389.0,358.0,370.0,Level 1,1 Grade Level Below
1209101,301,2,M,D,Direct Cert/Free Lunch [D],White,ZZ,Not applicable [ZZ],,,,,N,N,N,Not homeless [Z],Z - Not homeless,Z,Not 504 Eligible[Z],EN,,,37.0,11.0,20.0,799.0,137.0,24.0,35.1,429.0,440.0,414.0,429.0,Level 3,1 Grade Level Below
1209534,301,2,F,F,Eligible for Free Lunch [F],Hispanic,ZZ,Tested - not eligible [TZ],,,,,N,N,N,Not homeless [Z],Z - Not homeless,Z,Not 504 Eligible[Z],SP,,,39.0,13.0,66.0,1002.0,206.0,95.0,84.6,494.0,,531.0,535.0,Level 5,Mid or Above Grade Level
1209988,301,2,M,0,Paid Lunch [0],White,ZZ,Not applicable [ZZ],K,K - Specific Learning Disabled,,,N,Y,N,Not homeless [Z],Z - Not homeless,Z,Not 504 Eligible[Z],EN,,,,,,786.0,133.0,19.0,31.5,423.0,426.0,368.0,444.0,Level 1,Mid or Above Grade Level
1210017,301,2,F,D,Direct Cert/Free Lunch [D],White,ZZ,Not applicable [ZZ],,,,,N,N,N,Not homeless [Z],Z - Not homeless,Z,Not 504 Eligible[Z],EN,,,39.0,13.0,68.0,840.0,151.0,38.0,43.6,446.0,,494.0,411.0,Level 2,1 Grade Level Below
1210042,301,2,F,0,Paid Lunch [0],White,ZZ,Not applicable [ZZ],,,,,N,N,N,Not homeless [Z],Z - Not homeless,Z,Not 504 Eligible[Z],EN,,,37.0,11.0,38.0,893.0,169.0,59.0,54.8,472.0,,452.0,412.0,Level 3,Mid or Above Grade Level
1210295,301,1,M,0,Paid Lunch [0],White,ZZ,Not applicable [ZZ],F,F - Speech Impaired,,,N,Y,N,Not homeless [Z],Z - Not homeless,Z,Not 504 Eligible[Z],EN,35.0,30.0,42.0,13.0,14.0,780.0,131.0,62.0,56.4,420.0,432.0,487.0,419.0,Level 3,Mid or Above Grade Level
1210409,301,2,F,0,Paid Lunch [0],Hispanic,ZZ,Tested - not eligible [TZ],,,,,N,N,N,Not homeless [Z],Z - Not homeless,Z,Not 504 Eligible[Z],SP,,,,,85.0,958.0,191.0,85.0,71.8,494.0,,500.0,494.0,Level 3,Mid or Above Grade Level
1210448,301,1,F,3,Eligible for Reduced Lunch [3],Black or African American,ZZ,Not applicable [ZZ],M,M - Hospital/Homebound,"D,E,F,G,P,V","D - Occupational Therapy,E - Physical Therapy,F - Speech Impaired,G - Language Impaired,P - Autism Spectrum Disorder,V - Other Health Impaired",N,Y,N,Not homeless [Z],Z - Not homeless,Z,Not 504 Eligible[Z],EN,,,,,,,,,,,,,,,
1210640,301,2,F,D,Direct Cert/Free Lunch [D],Hispanic,ZZ,Tested - not eligible [TZ],,,,,N,N,N,Not homeless [Z],Z - Not homeless,Z,Not 504 Eligible[Z],EN,,,51.0,15.0,61.0,878.0,164.0,53.0,51.6,432.0,,460.0,421.0,Level 2,1 Grade Level Below
1210693,301,2,M,0,Paid Lunch [0],White,ZZ,Not applicable [ZZ],,,,,N,N,N,Not homeless [Z],Z - Not homeless,Z,Not 504 Eligible[Z],EN,,,23.0,8.0,65.0,797.0,137.0,23.0,34.4,469.0,,503.0,474.0,Level 3,Early On Grade Level
1210717,301,2,F,0,Paid Lunch [0],White,ZZ,Not applicable [ZZ],,,,,N,N,N,Not homeless [Z],Z - Not homeless,Z,Not 504 Eligible[Z],EN,,,81.0,22.0,66.0,916.0,177.0,69.0,60.4,450.0,,467.0,467.0,Level 4,Mid or Above Grade Level
1210722,301,2,M,0,Paid Lunch [0],Other,ZZ,Not applicable [ZZ],,,,,N,N,N,Not homeless [Z],Z - Not homeless,Z,Not 504 Eligible[Z],EN,,,49.0,12.0,61.0,769.0,127.0,14.0,27.2,475.0,,483.0,529.0,Level 3,Early On Grade Level
1210770,301,2,F,3,Eligible for Reduced Lunch [3],Asian,ZZ,Tested - not eligible [TZ],,,,,N,N,N,Not homeless [Z],Z - Not homeless,Z,Not 504 Eligible[Z],MD,,,98.0,30.0,107.0,915.0,177.0,68.0,59.9,500.0,,525.0,464.0,Level 4,Mid or Above Grade Level
1210793,301,2,M,0,Paid Lunch [0],White,ZZ,Not applicable [ZZ],,,,,N,N,N,Not homeless [Z],Z - Not homeless,Z,Not 504 Eligible[Z],EN,,,,,111.0,936.0,184.0,77.0,65.6,475.0,,501.0,471.0,Level 4,Mid or Above Grade Level
1210853,301,2,M,0,Paid Lunch [0],Hispanic,ZZ,Not applicable [ZZ],,,,,N,N,N,Not homeless [Z],Z - Not homeless,Z,Not 504 Eligible[Z],EN,,,46.0,14.0,54.0,898.0,171.0,61.0,55.9,476.0,,530.0,417.0,Level 2,Early On Grade Level
1210854,301,2,M,0,Paid Lunch [0],Hispanic,ZZ,Tested - not eligible [TZ],,,,,N,N,N,Not homeless [Z],Z - Not homeless,Z,Not 504 Eligible[Z],EN,,,53.0,17.0,62.0,862.0,159.0,46.0,47.9,483.0,,537.0,470.0,Level 2,Early On Grade Level
1210906,301,2,F,0,Paid Lunch [0],White,ZZ,Not applicable [ZZ],,,,,N,N,N,Not homeless [Z],Z - Not homeless,Z,Not 504 Eligible[Z],EN,,,86.0,27.0,103.0,991.0,203.0,93.0,81.1,502.0,,472.0,558.0,Level 5,Mid or Above Grade Level
1210925,301,2,F,0,Paid Lunch [0],White,ZZ,Not applicable [ZZ],,,,,N,N,N,Not homeless [Z],Z - Not homeless,Z,Not 504 Eligible[Z],EN,,,58.0,18.0,71.0,934.0,183.0,76.0,64.9,505.0,,520.0,521.0,Level 5,Mid or Above Grade Level
1210928,301,2,F,0,Paid Lunch [0],White,ZZ,Not applicable [ZZ],,,,,N,N,N,Not homeless [Z],Z - Not homeless,Z,Not 504 Eligible[Z],EN,,,,,94.0,993.0,203.0,93.0,81.1,496.0,,480.0,491.0,Level 4,Mid or Above Grade Level
1210931,301,2,M,0,Paid Lunch [0],White,ZZ,Not applicable [ZZ],,,,,N,N,N,Not homeless [Z],Z - Not homeless,Z,Section 504 Eligible + Plan [Y],EN,,,28.0,8.0,14.0,615.0,75.0,3.0,10.4,427.0,447.0,408.0,431.0,Level 1,1 Grade Level Below
1210933,301,2,M,D,Direct Cert/Free Lunch [D],Asian,ZZ,Not applicable [ZZ],,,,,N,N,N,Not homeless [Z],Z - Not homeless,Z,Not 504 Eligible[Z],EN,,,36.0,11.0,27.0,795.0,136.0,22.0,33.7,480.0,,520.0,479.0,Level 3,Early On Grade Level
1210946,301,2,F,3,Eligible for Reduced Lunch [3],White,ZZ,Not applicable [ZZ],,,,,N,N,N,Not homeless [Z],Z - Not homeless,Z,Not 504 Eligible[Z],EN,,,54.0,18.0,82.0,926.0,180.0,73.0,62.9,505.0,,542.0,432.0,Level 4,Mid or Above Grade Level
1210947,301,2,M,D,Direct Cert/Free Lunch [D],Hispanic,ZZ,Tested - not eligible [TZ],P,P - Autism Spectrum Disorder,G,G - Language Impaired,N,Y,N,Not homeless [Z],Z - Not homeless,Z,Not 504 Eligible[Z],SP,,,28.0,5.0,36.0,822.0,145.0,32.0,40.1,379.0,384.0,381.0,354.0,Level 2,Early On Grade Level
1210955,301,2,F,0,Paid Lunch [0],White,ZZ,Not applicable [ZZ],,,,,N,N,N,Not homeless [Z],Z - Not homeless,Z,Not 504 Eligible[Z],EN,,,106.0,27.0,92.0,913.0,176.0,67.0,59.3,511.0,,514.0,502.0,Level 4,Mid or Above Grade Level
1210956,301,2,M,0,Paid Lunch [0],White,ZZ,Not applicable [ZZ],,,,,N,N,N,Not homeless [Z],Z - Not homeless,Z,Section 504 Eligible + Plan [Y],EN,,,,,128.0,990.0,202.0,93.0,81.1,522.0,,495.0,537.0,Level 5,Mid or Above Grade Level
1210958,301,2,M,0,Paid Lunch [0],White,ZZ,Not applicable [ZZ],,,,,N,N,N,Not homeless [Z],Z - Not homeless,Z,Not 504 Eligible[Z],EN,,,,,86.0,941.0,186.0,79.0,67.0,500.0,,504.0,535.0,Level 4,Mid or Above Grade Level
1210960,301,2,M,0,Paid Lunch [0],White,ZZ,Not applicable [ZZ],,,,,N,N,N,Not homeless [Z],Z - Not homeless,Z,Section 504 Eligible + Plan [Y],EN,,,42.0,8.0,21.0,794.0,136.0,22.0,33.7,450.0,,469.0,411.0,Level 2,Mid or Above Grade Level
1210961,301,2,F,0,Paid Lunch [0],White,ZZ,Not applicable [ZZ],,,,,N,N,N,Not homeless [Z],Z - Not homeless,Z,Not 504 Eligible[Z],EN,,,37.0,8.0,85.0,908.0,174.0,65.0,58.1,495.0,,485.0,483.0,Level 3,Early On Grade Level
1210966,301,2,F,0,Paid Lunch [0],Hispanic,ZZ,Not applicable [ZZ],,,,,N,N,N,Not homeless [Z],Z - Not homeless,Z,Not 504 Eligible[Z],EN,,,,,95.0,921.0,179.0,71.0,61.7,490.0,,472.0,468.0,Level 3,Early On Grade Level
1210967,301,2,F,0,Paid Lunch [0],Hispanic,ZZ,Tested - not eligible [TZ],,,,,N,N,N,Not homeless [Z],Z - Not homeless,Z,Not 504 Eligible[Z],SP,,,,,165.0,994.0,204.0,93.0,81.1,502.0,,505.0,513.0,Level 3,Mid or Above Grade Level
1210972,301,2,F,0,Paid Lunch [0],White,ZZ,Not applicable [ZZ],,,,,N,N,N,Not homeless [Z],Z - Not homeless,Z,Not 504 Eligible[Z],EN,,,119.0,35.0,77.0,951.0,189.0,82.0,69.3,514.0,,488.0,493.0,Level 4,Mid or Above Grade Level
1210996,301,2,M,0,Paid Lunch [0],White,ZZ,Not applicable [ZZ],,,,,N,N,N,Not homeless [Z],Z - Not homeless,Z,Not 504 Eligible[Z],EN,,,76.0,17.0,79.0,946.0,187.0,81.0,68.5,528.0,,566.0,550.0,Level 4,Mid or Above Grade Level
1211019,301,2,F,0,Paid Lunch [0],Black or African American,ZZ,Not applicable [ZZ],,,,,N,N,N,Not homeless [Z],Z - Not homeless,Z,Not 504 Eligible[Z],EN,,,206.0,29.0,72.0,852.0,155.0,42.0,45.8,483.0,,493.0,458.0,Level 3,Early On Grade Level
1211031,301,2,F,0,Paid Lunch [0],White,ZZ,Not applicable [ZZ],,,,,N,N,N,Not homeless [Z],Z - Not homeless,Z,Not 504 Eligible[Z],EN,,,34.0,8.0,25.0,773.0,129.0,16.0,29.1,433.0,,457.0,418.0,Level 3,Early On Grade Level
1211036,301,2,M,0,Paid Lunch [0],White,ZZ,Not applicable [ZZ],F,F - Speech Impaired,,,N,Y,N,Not homeless [Z],Z - Not homeless,Z,Not 504 Eligible[Z],EN,,,97.0,24.0,65.0,819.0,144.0,31.0,39.6,506.0,,546.0,525.0,Level 3,Early On Grade Level
1211052,301,2,F,0,Paid Lunch [0],White,ZZ,Not applicable [ZZ],,,,,N,N,N,Not homeless [Z],Z - Not homeless,Z,Not 504 Eligible[Z],EN,,,,,110.0,979.0,198.0,91.0,78.2,523.0,,523.0,516.0,Level 5,Mid or Above Grade Level
1211129,301,2,F,0,Paid Lunch [0],Hispanic,ZZ,Not applicable [ZZ],F,F - Speech Impaired,L,L - Gifted,Y,Y,N,Not homeless [Z],Z - Not homeless,A,Not 504 Eligible[Z],EN,,,34.0,11.0,76.0,830.0,148.0,35.0,41.9,487.0,,504.0,466.0,Level 5,Early On Grade Level
1211180,301,2,M,0,Paid Lunch [0],White,ZZ,Not applicable [ZZ],,,,,N,N,N,Not homeless [Z],Z - Not homeless,Z,Section 504 Eligible + Plan [Y],EN,,,66.0,19.0,87.0,883.0,166.0,55.0,52.6,483.0,,487.0,500.0,Level 3,Early On Grade Level
1211211,301,2,F,0,Paid Lunch [0],White,ZZ,Not applicable [ZZ],,,,,N,N,N,Not homeless [Z],Z - Not homeless,Z,Not 504 Eligible[Z],EN,,,41.0,13.0,82.0,967.0,194.0,87.0,73.7,507.0,,538.0,483.0,Level 5,Mid or Above Grade Level
1211216,301,2,F,D,Direct Cert/Free Lunch [D],Hispanic,ZZ,Tested - not eligible [TZ],,,,,N,N,N,Not homeless [Z],Z - Not homeless,Z,Not 504 Eligible[Z],SP,,,61.0,15.0,57.0,908.0,174.0,65.0,58.1,463.0,,455.0,470.0,Level 3,1 Grade Level Below
1211217,301,2,F,D,Direct Cert/Free Lunch [D],Hispanic,ZZ,Tested - not eligible [TZ],,,,,N,N,N,Not homeless [Z],Z - Not homeless,Z,Not 504 Eligible[Z],SP,,,,,101.0,914.0,176.0,68.0,59.9,505.0,,494.0,509.0,Level 4,Mid or Above Grade Level
1211224,301,2,F,D,Direct Cert/Free Lunch [D],Hispanic,ZZ,Tested - not eligible [TZ],,,,,N,N,N,Not homeless [Z],Z - Not homeless,Z,Not 504 Eligible[Z],SP,,,39.0,8.0,59.0,828.0,147.0,34.0,41.3,441.0,,432.0,451.0,Level 2,1 Grade Level Below
1211236,301,2,M,D,Direct Cert/Free Lunch [D],Black or African American,ZZ,Not applicable [ZZ],,,,,Y,N,N,Not homeless [Z],Z - Not homeless,B,Not 504 Eligible[Z],EN,,,71.0,18.0,61.0,838.0,151.0,37.0,43.0,479.0,,486.0,448.0,Level 3,Mid or Above Grade Level
1211237,301,2,M,D,Direct Cert/Free Lunch [D],Black or African American,ZZ,Not applicable [ZZ],,,,,Y,N,N,Not homeless [Z],Z - Not homeless,B,Not 504 Eligible[Z],EN,,,56.0,10.0,82.0,921.0,179.0,71.0,61.7,468.0,,476.0,453.0,Level 3,Early On Grade Level
1211251,301,2,F,0,Paid Lunch [0],White,ZZ,Not applicable [ZZ],,,,,N,N,N,Not homeless [Z],Z - Not homeless,Z,Not 504 Eligible[Z],EN,,,69.0,20.0,51.0,1016.0,211.0,97.0,89.6,526.0,,502.0,513.0,Level 4,Mid or Above Grade Level
1211323,301,1,M,D,Direct Cert/Free Lunch [D],White,ZZ,Not applicable [ZZ],P,P - Autism Spectrum Disorder,"D,G","D - Occupational Therapy,G - Language Impaired",N,Y,N,Not homeless [Z],Z - Not homeless,Z,Not 504 Eligible[Z],EN,53.0,30.0,45.0,14.0,11.0,717.0,110.0,26.0,36.5,379.0,426.0,376.0,348.0,Level 3,Mid or Above Grade Level
1211337,301,2,M,0,Paid Lunch [0],Hispanic,ZZ,Not applicable [ZZ],,,,,N,N,N,Not homeless [Z],Z - Not homeless,Z,Not 504 Eligible[Z],EN,,,115.0,36.0,61.0,908.0,174.0,65.0,58.1,439.0,,480.0,416.0,Level 5,Mid or Above Grade Level
1211350,301,2,M,D,Direct Cert/Free Lunch [D],Black or African American,ZZ,Not applicable [ZZ],,,,,N,N,N,Not homeless [Z],Z - Not homeless,Z,Not 504 Eligible[Z],EN,,,46.0,16.0,18.0,745.0,119.0,8.0,20.4,372.0,416.0,421.0,283.0,Level 2,2 Grade Levels Below
1211468,301,2,M,0,Paid Lunch [0],White,ZZ,Not applicable [ZZ],F,F - Speech Impaired,L,L - Gifted,Y,Y,N,Not homeless [Z],Z - Not homeless,Z,Not 504 Eligible[Z],EN,,,,,129.0,1002.0,206.0,95.0,84.6,505.0,,494.0,548.0,Level 5,Mid or Above Grade Level
1211479,301,2,M,3,Eligible for Reduced Lunch [3],White,ZZ,Not applicable [ZZ],,,,,N,N,N,Not homeless [Z],Z - Not homeless,Z,Not 504 Eligible[Z],EN,,,81.0,21.0,65.0,807.0,140.0,26.0,36.5,457.0,,535.0,465.0,Level 2,Early On Grade Level
1211554,301,2,F,0,Paid Lunch [0],White,ZZ,Not applicable [ZZ],,,,,N,N,N,Not homeless [Z],Z - Not homeless,Z,Not 504 Eligible[Z],EN,,,71.0,20.0,54.0,972.0,196.0,89.0,75.8,519.0,,518.0,531.0,Level 3,Mid or Above Grade Level
1211576,301,2,F,0,Paid Lunch [0],White,ZZ,Not applicable [ZZ],,,,,N,N,N,Not homeless [Z],Z - Not homeless,Z,Not 504 Eligible[Z],EN,,,66.0,14.0,53.0,916.0,177.0,69.0,60.4,510.0,,544.0,475.0,Level 5,Mid or Above Grade Level
1211589,301,2,M,0,Paid Lunch [0],White,ZZ,Not applicable [ZZ],,,,,N,N,N,Not homeless [Z],Z - Not homeless,Z,Not 504 Eligible[Z],EN,,,,,112.0,935.0,184.0,76.0,64.9,500.0,,504.0,508.0,Level 3,Mid or Above Grade Level
1211590,301,2,M,0,Paid Lunch [0],White,ZZ,Not applicable [ZZ],,,,,N,N,N,Not homeless [Z],Z - Not homeless,Z,Not 504 Eligible[Z],EN,,,44.0,12.0,47.0,858.0,157.0,45.0,47.4,461.0,,440.0,461.0,Level 3,Mid or Above Grade Level
1211607,301,1,F,0,Paid Lunch [0],White,ZZ,Not applicable [ZZ],,,,,N,N,N,Not homeless [Z],Z - Not homeless,Z,Not 504 Eligible[Z],EN,50.0,49.0,36.0,10.0,7.0,804.0,139.0,73.0,62.9,403.0,334.0,446.0,404.0,Level 3,1 Grade Level Below
1211608,301,2,M,0,Paid Lunch [0],Asian,ZZ,Tested - not eligible [TZ],,,,,N,N,N,Not homeless [Z],Z - Not homeless,Z,Not 504 Eligible[Z],EN,,,40.0,11.0,82.0,950.0,189.0,82.0,69.3,523.0,,571.0,553.0,Level 4,Mid or Above Grade Level
1211614,301,2,M,D,Direct Cert/Free Lunch [D],White,ZZ,Not applicable [ZZ],,,,,N,N,N,Not homeless [Z],Z - Not homeless,Z,Not 504 Eligible[Z],EN,,,,,89.0,926.0,180.0,73.0,62.9,493.0,,461.0,452.0,Level 5,Early On Grade Level
1211636,301,2,F,0,Paid Lunch [0],White,ZZ,Not applicable [ZZ],,,,,N,N,N,Not homeless [Z],Z - Not homeless,Z,Not 504 Eligible[Z],EN,,,58.0,16.0,97.0,982.0,199.0,91.0,78.2,494.0,,493.0,480.0,Level 4,Mid or Above Grade Level
1211649,301,2,M,D,Direct Cert/Free Lunch [D],White,ZZ,Not applicable [ZZ],,,,,N,N,N,Not homeless [Z],Z - Not homeless,Z,Not 504 Eligible[Z],EN,,,,,93.0,1005.0,207.0,95.0,84.6,470.0,,480.0,477.0,Level 4,Early On Grade Level
1211660,301,1,M,0,Paid Lunch [0],White,ZZ,Not applicable [ZZ],F,F - Speech Impaired,L,L - Gifted,Y,Y,N,Not homeless [Z],Z - Not homeless,Z,Not 504 Eligible[Z],EN,51.0,36.0,34.0,10.0,6.0,825.0,146.0,79.0,67.0,417.0,444.0,393.0,433.0,Level 5,Mid or Above Grade Level
1211663,301,2,M,D,Direct Cert/Free Lunch [D],White,ZZ,Not applicable [ZZ],,,,,N,N,N,Not homeless [Z],Z - Not homeless,Z,Not 504 Eligible[Z],EN,,,63.0,21.0,77.0,950.0,189.0,82.0,69.3,497.0,,535.0,482.0,Level 4,Mid or Above Grade Level
1211696,301,2,M,D,Direct Cert/Free Lunch [D],Black or African American,ZZ,Not applicable [ZZ],V,V - Other Health Impaired,G,G - Language Impaired,N,Y,N,Not homeless [Z],Z - Not homeless,Z,Not 504 Eligible[Z],EN,,,18.0,6.0,6.0,615.0,75.0,3.0,10.4,366.0,378.0,394.0,370.0,Level 1,2 Grade Levels Below
1211703,301,2,F,0,Paid Lunch [0],White,ZZ,Not applicable [ZZ],F,F - Speech Impaired,,,N,Y,N,Not homeless [Z],Z - Not homeless,Z,Not 504 Eligible[Z],EN,,,53.0,14.0,47.0,845.0,153.0,40.0,44.7,464.0,,469.0,433.0,Level 3,1 Grade Level Below
1211716,301,2,M,0,Paid Lunch [0],Hispanic,ZZ,Tested - not eligible [TZ],K,K - Specific Learning Disabled,,,N,Y,N,Not homeless [Z],Z - Not homeless,Z,Not 504 Eligible[Z],EN,,,29.0,9.0,14.0,615.0,75.0,3.0,10.4,414.0,400.0,396.0,412.0,Level 1,1 Grade Level Below
1211724,301,2,M,0,Paid Lunch [0],White,ZZ,Not applicable [ZZ],,,,,N,N,N,Not homeless [Z],Z - Not homeless,Z,Not 504 Eligible[Z],EN,,,34.0,8.0,70.0,919.0,178.0,70.0,61.0,495.0,,470.0,456.0,Level 4,Early On Grade Level
1211865,301,1,F,D,Direct Cert/Free Lunch [D],Hispanic,LF,Two year followup [LF],,,,,N,N,N,Not homeless [Z],Z - Not homeless,Z,Not 504 Eligible[Z],SP,34.0,6.0,36.0,12.0,78.0,909.0,175.0,95.0,84.6,504.0,489.0,528.0,493.0,Level 5,Mid or Above Grade Level
1211907,301,2,M,D,Direct Cert/Free Lunch [D],Other,ZZ,Not applicable [ZZ],,,,,N,N,N,Not homeless [Z],Z - Not homeless,Z,Not 504 Eligible[Z],EN,,,54.0,18.0,74.0,763.0,125.0,13.0,26.3,496.0,,522.0,504.0,Level 2,Early On Grade Level
1212009,301,1,M,0,Paid Lunch [0],White,ZZ,Not applicable [ZZ],,,,,N,N,N,Not homeless [Z],Z - Not homeless,Z,Not 504 Eligible[Z],EN,38.0,26.0,34.0,10.0,5.0,615.0,75.0,4.0,13.1,415.0,439.0,376.0,389.0,Level 2,Mid or Above Grade Level
1212012,301,1,M,0,Paid Lunch [0],White,ZZ,Not applicable [ZZ],,,,,N,N,N,Not homeless [Z],Z - Not homeless,Z,Not 504 Eligible[Z],EN,69.0,44.0,124.0,39.0,170.0,1037.0,218.0,99.0,99.0,502.0,451.0,446.0,568.0,Level 5,Mid or Above Grade Level
1212014,301,1,M,D,Direct Cert/Free Lunch [D],Hispanic,LF,Two year followup [LF],S,S - Traumatic Brain Injured,"D,G,M","D - Occupational Therapy,G - Language Impaired,M - Hospital/Homebound",N,Y,N,Not homeless [Z],Z - Not homeless,Z,Not 504 Eligible[Z],SP,,,,,,,,,,,,,,,
1212015,301,1,F,0,Paid Lunch [0],Black or African American,ZZ,Not applicable [ZZ],,,,,N,N,N,Not homeless [Z],Z - Not homeless,Z,Not 504 Eligible[Z],EN,57.0,38.0,47.0,14.0,17.0,874.0,163.0,90.0,77.0,416.0,478.0,396.0,428.0,Level 4,Mid or Above Grade Level
1212027,301,1,F,0,Paid Lunch [0],White,ZZ,Not applicable [ZZ],,,,,N,N,N,Not homeless [Z],Z - Not homeless,Z,Not 504 Eligible[Z],EN,38.0,34.0,32.0,9.0,9.0,897.0,171.0,93.0,81.1,414.0,460.0,406.0,415.0,Level 4,1 Grade Level Below
1212028,301,1,F,0,Paid Lunch [0],Other,ZZ,Not applicable [ZZ],,,,,N,N,N,Not homeless [Z],Z - Not homeless,Z,Not 504 Eligible[Z],EN,56.0,44.0,64.0,21.0,27.0,868.0,161.0,89.0,75.8,453.0,449.0,436.0,436.0,Level 5,Mid or Above Grade Level
1212043,301,1,M,3,Eligible for Reduced Lunch [3],Hispanic,ZZ,Not applicable [ZZ],,,,,N,N,N,Not homeless [Z],Z - Not homeless,Z,Not 504 Eligible[Z],EN,37.0,33.0,41.0,11.0,19.0,758.0,124.0,52.0,51.1,408.0,425.0,446.0,411.0,Level 3,Mid or Above Grade Level
1212046,301,1,M,F,Eligible for Free Lunch [F],Hispanic,LY,LEP in LEP classes [LY],T,T - Developmentally Delayed,D,D - Occupational Therapy,N,Y,N,Not homeless [Z],Z - Not homeless,Z,Not 504 Eligible[Z],SP,17.0,30.0,11.0,0.0,1.0,844.0,153.0,83.0,70.1,387.0,361.0,437.0,365.0,Level 1,1 Grade Level Below
1212047,301,1,F,D,Direct Cert/Free Lunch [D],Black or African American,ZZ,Not applicable [ZZ],,,,,N,N,N,Not homeless [Z],Z - Not homeless,Z,Not 504 Eligible[Z],EN,31.0,20.0,20.0,4.0,9.0,847.0,154.0,84.0,70.9,430.0,454.0,448.0,424.0,Level 4,Mid or Above Grade Level
1212048,301,2,F,D,Direct Cert/Free Lunch [D],Black or African American,ZZ,Not applicable [ZZ],,,,,N,N,N,Not homeless [Z],Z - Not homeless,Z,Not 504 Eligible[Z],EN,,,44.0,12.0,11.0,744.0,119.0,8.0,20.4,397.0,384.0,431.0,374.0,Level 1,2 Grade Levels Below
1212158,301,1,F,3,Eligible for Reduced Lunch [3],Hispanic,ZZ,Tested - not eligible [TZ],,,,,N,N,N,Not homeless [Z],Z - Not homeless,Z,Not 504 Eligible[Z],EN,65.0,33.0,58.0,19.0,31.0,884.0,166.0,91.0,78.2,454.0,446.0,495.0,367.0,Level 5,Mid or Above Grade Level
1212159,301,1,M,0,Paid Lunch [0],Hispanic,ZZ,Not applicable [ZZ],,,,,N,N,N,Not homeless [Z],Z - Not homeless,Z,Not 504 Eligible[Z],EN,35.0,29.0,22.0,3.0,4.0,769.0,127.0,57.0,53.7,415.0,410.0,394.0,417.0,Level 3,Early On Grade Level
1212166,301,1,M,D,Direct Cert/Free Lunch [D],White,ZZ,Not applicable [ZZ],,,,,N,N,N,Not homeless [Z],Z - Not homeless,Z,Not 504 Eligible[Z],EN,53.0,14.0,36.0,12.0,31.0,782.0,132.0,63.0,57.0,423.0,379.0,473.0,373.0,Level 5,Mid or Above Grade Level
1212256,301,1,F,3,Eligible for Reduced Lunch [3],White,ZZ,Not applicable [ZZ],,,,,N,N,N,Not homeless [Z],Z - Not homeless,Z,Not 504 Eligible[Z],EN,38.0,38.0,34.0,10.0,3.0,714.0,109.0,25.0,35.8,380.0,395.0,400.0,394.0,Level 1,1 Grade Level Below
1212273,301,1,M,D,Direct Cert/Free Lunch [D],White,ZZ,Not applicable [ZZ],F,F - Speech Impaired,,,N,Y,N,Not homeless [Z],Z - Not homeless,Z,Not 504 Eligible[Z],EN,55.0,35.0,41.0,13.0,33.0,772.0,128.0,59.0,54.8,391.0,408.0,452.0,362.0,Level 3,Mid or Above Grade Level
1212289,301,1,F,D,Direct Cert/Free Lunch [D],Hispanic,ZZ,Not applicable [ZZ],,,,,N,N,N,Not homeless [Z],Z - Not homeless,Z,Not 504 Eligible[Z],EN,39.0,42.0,48.0,15.0,11.0,773.0,129.0,59.0,54.8,414.0,423.0,445.0,427.0,Level 4,Mid or Above Grade Level
1212439,301,2,F,0,Paid Lunch [0],White,ZZ,Not applicable [ZZ],,,,,N,N,N,Not homeless [Z],Z - Not homeless,Z,Not 504 Eligible[Z],EN,,,,,109.0,958.0,191.0,85.0,71.8,499.0,,529.0,491.0,Level 4,Mid or Above Grade Level
1212567,301,1,F,D,Direct Cert/Free Lunch [D],White,ZZ,Not applicable [ZZ],,,,,N,N,N,Not homeless [Z],Z - Not homeless,Z,Not 504 Eligible[Z],EN,46.0,50.0,34.0,10.0,6.0,731.0,114.0,34.0,41.3,417.0,455.0,401.0,423.0,Level 2,1 Grade Level Below
1212611,301,1,M,0,Paid Lunch [0],Black or African American,ZZ,Not applicable [ZZ],,,,,N,N,N,Not homeless [Z],Z - Not homeless,Z,Not 504 Eligible[Z],EN,39.0,34.0,45.0,13.0,21.0,797.0,137.0,70.0,61.0,459.0,489.0,455.0,434.0,Level 4,Mid or Above Grade Level
1212622,301,1,F,D,Direct Cert/Free Lunch [D],White,ZZ,Not applicable [ZZ],,,,,N,N,N,Not homeless [Z],Z - Not homeless,Z,Section 504 Eligible + Plan [Y],EN,56.0,47.0,46.0,13.0,45.0,855.0,156.0,86.0,72.8,443.0,416.0,393.0,469.0,Level 4,Mid or Above Grade Level
1212640,301,2,M,D,Direct Cert/Free Lunch [D],Black or African American,ZZ,Not applicable [ZZ],,,,,N,N,N,Not homeless [Z],Z - Not homeless,Z,Not 504 Eligible[Z],EN,,,55.0,13.0,72.0,854.0,156.0,43.0,46.3,468.0,,499.0,459.0,Level 3,Early On Grade Level
1212686,301,2,F,D,Direct Cert/Free Lunch [D],White,ZZ,Not applicable [ZZ],K,K - Specific Learning Disabled,,,N,Y,N,Not homeless [Z],Z - Not homeless,Z,Not 504 Eligible[Z],EN,,,23.0,6.0,1.0,615.0,75.0,3.0,10.4,392.0,405.0,373.0,386.0,Level 1,1 Grade Level Below
1212763,301,1,F,0,Paid Lunch [0],Hispanic,ZZ,Not applicable [ZZ],,,,,N,N,N,Not homeless [Z],Z - Not homeless,Z,Not 504 Eligible[Z],EN,44.0,23.0,53.0,18.0,80.0,836.0,150.0,81.0,68.5,459.0,432.0,493.0,342.0,Level 4,Mid or Above Grade Level
1212799,301,1,M,0,Paid Lunch [0],Other,ZZ,Not applicable [ZZ],,,,,N,N,N,Not homeless [Z],Z - Not homeless,Z,Not 504 Eligible[Z],EN,37.0,35.0,59.0,20.0,77.0,926.0,180.0,96.0,86.9,464.0,428.0,470.0,468.0,Level 5,Mid or Above Grade Level
1212839,301,2,F,0,Paid Lunch [0],White,ZZ,Not applicable [ZZ],,,,,N,N,N,Not homeless [Z],Z - Not homeless,Z,Not 504 Eligible[Z],EN,,,37.0,16.0,77.0,930.0,182.0,74.0,63.5,504.0,,556.0,524.0,Level 4,Mid or Above Grade Level
1213198,301,2,F,0,Paid Lunch [0],White,ZZ,Not applicable [ZZ],,,,,N,N,N,Not homeless [Z],Z - Not homeless,Z,Not 504 Eligible[Z],EN,,,20.0,6.0,19.0,826.0,147.0,33.0,40.7,462.0,,522.0,433.0,Level 3,Mid or Above Grade Level
1213407,301,1,M,0,Paid Lunch [0],White,ZZ,Not applicable [ZZ],,,,,N,N,N,Not homeless [Z],Z - Not homeless,Z,Not 504 Eligible[Z],EN,39.0,41.0,50.0,17.0,13.0,760.0,124.0,53.0,51.6,426.0,442.0,417.0,433.0,Level 5,Mid or Above Grade Level
1214360,301,1,F,0,Paid Lunch [0],White,ZZ,Not applicable [ZZ],,,,,N,N,N,Not homeless [Z],Z - Not homeless,Z,Not 504 Eligible[Z],EN,42.0,27.0,50.0,17.0,59.0,925.0,180.0,96.0,86.9,479.0,459.0,514.0,505.0,Level 5,Mid or Above Grade Level
1214398,301,1,M,D,Direct Cert/Free Lunch [D],Black or African American,ZZ,Not applicable [ZZ],T,T - Developmentally Delayed,,,N,Y,N,Not homeless [Z],Z - Not homeless,Z,Not 504 Eligible[Z],EN,2.0,0.0,1.0,0.0,,696.0,103.0,18.0,30.7,370.0,419.0,413.0,354.0,Level 1,1 Grade Level Below
1214599,301,1,M,0,Paid Lunch [0],White,ZZ,Not applicable [ZZ],,,,,N,N,N,Not homeless [Z],Z - Not homeless,Z,Not 504 Eligible[Z],EN,56.0,50.0,50.0,11.0,8.0,615.0,75.0,4.0,13.1,398.0,407.0,390.0,384.0,Level 3,Mid or Above Grade Level
1214615,301,1,M,0,Paid Lunch [0],White,ZZ,Not applicable [ZZ],,,,,N,N,N,Not homeless [Z],Z - Not homeless,Z,Not 504 Eligible[Z],EN,37.0,37.0,43.0,14.0,5.0,724.0,112.0,29.0,38.3,372.0,369.0,424.0,353.0,Level 3,Mid or Above Grade Level
1214625,301,1,F,0,Paid Lunch [0],White,ZZ,Not applicable [ZZ],,,,,N,N,N,Not homeless [Z],Z - Not homeless,Z,Not 504 Eligible[Z],EN,24.0,40.0,18.0,0.0,9.0,766.0,126.0,56.0,53.2,417.0,417.0,412.0,424.0,Level 3,Mid or Above Grade Level
1214824,301,1,M,0,Paid Lunch [0],White,ZZ,Not applicable [ZZ],,,,,N,N,N,Not homeless [Z],Z - Not homeless,Z,Not 504 Eligible[Z],EN,29.0,43.0,32.0,1.0,4.0,736.0,116.0,37.0,43.0,409.0,391.0,454.0,389.0,Level 3,Mid or Above Grade Level
1214825,301,1,M,D,Direct Cert/Free Lunch [D],Other,ZZ,Not applicable [ZZ],,,,,N,N,N,Not homeless [Z],Z - Not homeless,Z,Not 504 Eligible[Z],EN,64.0,54.0,60.0,19.0,49.0,855.0,156.0,86.0,72.8,454.0,446.0,526.0,452.0,Level 4,Mid or Above Grade Level
1214828,301,1,F,0,Paid Lunch [0],White,ZZ,Not applicable [ZZ],,,,,N,N,N,Not homeless [Z],Z - Not homeless,Z,Not 504 Eligible[Z],EN,59.0,36.0,53.0,17.0,50.0,824.0,146.0,78.0,66.3,469.0,418.0,474.0,476.0,Level 5,Mid or Above Grade Level
1214865,301,1,F,D,Direct Cert/Free Lunch [D],Black or African American,ZZ,Not applicable [ZZ],,,,,N,N,N,Not homeless [Z],Z - Not homeless,Z,Not 504 Eligible[Z],EN,29.0,40.0,29.0,7.0,10.0,729.0,114.0,33.0,40.7,361.0,349.0,348.0,354.0,Level 1,1 Grade Level Below
1214910,301,1,M,0,Paid Lunch [0],Black or African American,ZZ,Not applicable [ZZ],,,,,N,N,N,Not homeless [Z],Z - Not homeless,Z,Not 504 Eligible[Z],EN,65.0,31.0,45.0,11.0,43.0,873.0,163.0,90.0,77.0,455.0,415.0,463.0,439.0,Level 4,Mid or Above Grade Level
1214913,301,1,M,0,Paid Lunch [0],Hispanic,ZZ,Not applicable [ZZ],,,,,N,N,N,Not homeless [Z],Z - Not homeless,Z,Not 504 Eligible[Z],EN,38.0,38.0,45.0,4.0,10.0,769.0,127.0,57.0,53.7,427.0,450.0,417.0,445.0,Level 2,Early On Grade Level
1214928,301,1,M,0,Paid Lunch [0],White,ZZ,Not applicable [ZZ],,,,,N,N,N,Not homeless [Z],Z - Not homeless,Z,Not 504 Eligible[Z],EN,31.0,14.0,32.0,1.0,9.0,712.0,108.0,24.0,35.1,389.0,408.0,402.0,389.0,Level 3,Early On Grade Level
1214929,301,1,M,0,Paid Lunch [0],White,ZZ,Not applicable [ZZ],,,,,N,N,N,Not homeless [Z],Z - Not homeless,Z,Not 504 Eligible[Z],EN,33.0,32.0,20.0,3.0,0.0,734.0,115.0,36.0,42.5,409.0,391.0,398.0,489.0,Level 1,Early On Grade Level
1214932,301,1,M,D,Direct Cert/Free Lunch [D],Other,ZZ,Not applicable [ZZ],,,,,N,N,N,Not homeless [Z],Z - Not homeless,Z,Not 504 Eligible[Z],EN,56.0,43.0,78.0,22.0,29.0,811.0,142.0,75.0,64.2,404.0,431.0,404.0,447.0,Level 5,Mid or Above Grade Level
1214933,301,1,F,0,Paid Lunch [0],Black or African American,ZZ,Not applicable [ZZ],K,K - Specific Learning Disabled,,,N,Y,N,Not homeless [Z],Z - Not homeless,Z,Not 504 Eligible[Z],EN,10.0,0.0,5.0,1.0,3.0,744.0,119.0,43.0,46.3,393.0,383.0,439.0,362.0,Level 1,1 Grade Level Below
1214941,301,1,M,D,Direct Cert/Free Lunch [D],Other,ZZ,Not applicable [ZZ],,,,,Y,N,N,Not homeless [Z],Z - Not homeless,B,Not 504 Eligible[Z],EN,56.0,44.0,59.0,20.0,49.0,824.0,146.0,79.0,67.0,488.0,459.0,498.0,487.0,Level 5,Mid or Above Grade Level
1214950,301,1,F,0,Paid Lunch [0],White,ZZ,Not applicable [ZZ],,,,,N,N,N,Not homeless [Z],Z - Not homeless,Z,Not 504 Eligible[Z],EN,48.0,34.0,42.0,11.0,14.0,914.0,176.0,95.0,84.6,450.0,459.0,503.0,420.0,Level 4,Mid or Above Grade Level
1214951,301,1,M,F,Eligible for Free Lunch [F],Hispanic,LY,LEP in LEP classes [LY],,,,,N,N,N,Not homeless [Z],Z - Not homeless,Z,Not 504 Eligible[Z],EN,44.0,46.0,56.0,18.0,12.0,762.0,125.0,54.0,52.1,412.0,486.0,404.0,397.0,Level 3,Mid or Above Grade Level
1214953,301,1,M,D,Direct Cert/Free Lunch [D],White,ZZ,Not applicable [ZZ],,,,,N,N,N,Not homeless [Z],Z - Not homeless,Z,Not 504 Eligible[Z],EN,38.0,21.0,37.0,9.0,8.0,616.0,75.0,4.0,13.1,362.0,368.0,366.0,348.0,Level 2,1 Grade Level Below
1214960,301,1,F,0,Paid Lunch [0],White,ZZ,Not applicable [ZZ],,,,,N,N,N,Not homeless [Z],Z - Not homeless,Z,Not 504 Eligible[Z],EN,27.0,41.0,27.0,6.0,5.0,726.0,113.0,31.0,39.6,387.0,405.0,375.0,393.0,Level 2,Early On Grade Level
1214969,301,1,M,D,Direct Cert/Free Lunch [D],White,ZZ,Not applicable [ZZ],,,,,N,N,N,Not homeless [Z],Z - Not homeless,Z,Not 504 Eligible[Z],EN,30.0,43.0,35.0,11.0,6.0,784.0,132.0,64.0,57.5,414.0,448.0,390.0,384.0,Level 5,Mid or Above Grade Level
1214977,301,1,F,0,Paid Lunch [0],Other,ZZ,Not applicable [ZZ],,,,,N,N,N,Not homeless [Z],Z - Not homeless,Z,Not 504 Eligible[Z],EN,37.0,31.0,41.0,10.0,11.0,764.0,126.0,55.0,52.6,411.0,423.0,404.0,365.0,Level 3,Mid or Above Grade Level
1214978,301,1,M,0,Paid Lunch [0],White,ZZ,Not applicable [ZZ],,,,,N,N,N,Not homeless [Z],Z - Not homeless,Z,Not 504 Eligible[Z],EN,64.0,41.0,51.0,13.0,34.0,806.0,140.0,74.0,63.5,415.0,412.0,413.0,419.0,Level 5,Mid or Above Grade Level
1214981,301,1,M,0,Paid Lunch [0],White,ZZ,Not applicable [ZZ],,,,,N,N,N,Not homeless [Z],Z - Not homeless,Z,Not 504 Eligible[Z],EN,39.0,41.0,47.0,16.0,9.0,704.0,105.0,21.0,33.0,412.0,409.0,390.0,422.0,Level 2,1 Grade Level Below
1214985,301,1,F,0,Paid Lunch [0],White,ZZ,Not applicable [ZZ],,,,,N,N,N,Not homeless [Z],Z - Not homeless,Z,Not 504 Eligible[Z],EN,46.0,46.0,65.0,16.0,41.0,915.0,177.0,95.0,84.6,460.0,415.0,468.0,436.0,Level 5,Mid or Above Grade Level
1214994,301,1,M,3,Eligible for Reduced Lunch [3],Hispanic,ZZ,Tested - not eligible [TZ],,,,,N,N,N,Not homeless [Z],Z - Not homeless,Z,Not 504 Eligible[Z],EN,33.0,31.0,26.0,4.0,0.0,774.0,129.0,59.0,54.8,410.0,420.0,414.0,454.0,Level 3,Mid or Above Grade Level
1214995,301,1,M,0,Paid Lunch [0],White,ZZ,Not applicable [ZZ],,,,,N,N,N,Not homeless [Z],Z - Not homeless,Z,Not 504 Eligible[Z],EN,47.0,60.0,40.0,11.0,2.0,820.0,145.0,78.0,66.3,413.0,393.0,425.0,424.0,Level 4,Mid or Above Grade Level
1215015,301,1,M,D,Direct Cert/Free Lunch [D],White,ZZ,Not applicable [ZZ],,,,,Y,N,N,Not homeless [Z],Z - Not homeless,A,Not 504 Eligible[Z],EN,53.0,56.0,72.0,22.0,29.0,615.0,75.0,4.0,13.1,428.0,489.0,453.0,414.0,Level 4,Mid or Above Grade Level
1215034,301,1,M,0,Paid Lunch [0],Hispanic,LY,LEP in LEP classes [LY],,,,,N,N,N,Not homeless [Z],Z - Not homeless,Z,Not 504 Eligible[Z],EN,37.0,38.0,33.0,9.0,0.0,730.0,114.0,33.0,40.7,408.0,411.0,367.0,399.0,Level 4,Mid or Above Grade Level
1215062,301,1,F,0,Paid Lunch [0],Hispanic,ZZ,Not applicable [ZZ],,,,,N,N,N,Not homeless [Z],Z - Not homeless,Z,Not 504 Eligible[Z],EN,97.0,18.0,87.0,31.0,111.0,774.0,129.0,59.0,54.8,462.0,435.0,424.0,390.0,Level 5,Mid or Above Grade Level
1215091,301,1,F,D,Direct Cert/Free Lunch [D],Black or African American,LY,LEP in LEP classes [LY],,,,,N,N,N,Not homeless [Z],Z - Not homeless,Z,Not 504 Eligible[Z],EN,41.0,31.0,41.0,0.0,39.0,788.0,134.0,65.0,58.1,426.0,408.0,420.0,379.0,Level 4,Mid or Above Grade Level
1215101,301,1,F,0,Paid Lunch [0],White,ZZ,Not applicable [ZZ],,,,,N,N,N,Not homeless [Z],Z - Not homeless,Z,Not 504 Eligible[Z],EN,26.0,27.0,23.0,2.0,1.0,765.0,126.0,55.0,52.6,386.0,365.0,386.0,412.0,Level 2,1 Grade Level Below
1215104,301,1,F,3,Eligible for Reduced Lunch [3],White,LY,LEP in LEP classes [LY],,,,,N,N,N,Not homeless [Z],Z - Not homeless,Z,Not 504 Eligible[Z],RM,57.0,42.0,39.0,13.0,19.0,917.0,177.0,95.0,84.6,422.0,438.0,439.0,421.0,Level 5,Mid or Above Grade Level
1215108,301,1,F,0,Paid Lunch [0],Hispanic,ZZ,Not applicable [ZZ],,,,,N,N,N,Not homeless [Z],Z - Not homeless,Z,Not 504 Eligible[Z],EN,62.0,54.0,56.0,17.0,56.0,842.0,152.0,83.0,70.1,446.0,473.0,455.0,433.0,Level 5,Mid or Above Grade Level
1215110,301,1,M,D,Direct Cert/Free Lunch [D],Black or African American,ZZ,Not applicable [ZZ],,,,,N,N,N,Not homeless [Z],Z - Not homeless,Z,Section 504 Eligible + Plan [Y],EN,26.0,44.0,28.0,8.0,2.0,759.0,124.0,52.0,51.1,400.0,385.0,375.0,402.0,Level 1,1 Grade Level Below
1215134,301,1,F,0,Paid Lunch [0],White,ZZ,Not applicable [ZZ],,,,,N,N,N,Not homeless [Z],Z - Not homeless,Z,Not 504 Eligible[Z],EN,29.0,26.0,41.0,11.0,3.0,747.0,120.0,37.0,43.0,392.0,387.0,412.0,362.0,Level 3,1 Grade Level Below
1215143,301,1,F,0,Paid Lunch [0],White,ZZ,Not applicable [ZZ],,,,,Y,N,N,Not homeless [Z],Z - Not homeless,B,Not 504 Eligible[Z],EN,66.0,49.0,171.0,55.0,110.0,987.0,201.0,99.0,99.0,505.0,473.0,509.0,508.0,Level 5,Mid or Above Grade Level
1215151,301,1,M,0,Paid Lunch [0],Other,ZZ,Not applicable [ZZ],,,,,N,N,N,Not homeless [Z],Z - Not homeless,Z,Not 504 Eligible[Z],EN,48.0,38.0,42.0,13.0,8.0,750.0,121.0,47.0,48.4,427.0,477.0,404.0,434.0,Level 4,Mid or Above Grade Level
1215152,301,1,F,D,Direct Cert/Free Lunch [D],White,ZZ,Not applicable [ZZ],,,,,N,N,N,Not homeless [Z],Z - Not homeless,Z,Not 504 Eligible[Z],EN,58.0,28.0,49.0,16.0,59.0,846.0,153.0,83.0,70.1,454.0,428.0,463.0,440.0,Level 4,Mid or Above Grade Level
1215199,301,1,F,0,Paid Lunch [0],White,ZZ,Not applicable [ZZ],F,F - Speech Impaired,,,N,Y,N,Not homeless [Z],Z - Not homeless,Z,Not 504 Eligible[Z],EN,75.0,56.0,74.0,21.0,61.0,983.0,200.0,99.0,99.0,493.0,446.0,501.0,487.0,Level 5,Mid or Above Grade Level
1215226,301,1,F,0,Paid Lunch [0],White,ZZ,Not applicable [ZZ],,,,,N,N,N,Not homeless [Z],Z - Not homeless,Z,Not 504 Eligible[Z],EN,72.0,71.0,89.0,29.0,103.0,931.0,182.0,97.0,89.6,477.0,454.0,450.0,476.0,Level 5,Mid or Above Grade Level
1215247,301,1,F,D,Direct Cert/Free Lunch [D],White,ZZ,Not applicable [ZZ],F,F - Speech Impaired,,,N,Y,N,Not homeless [Z],Z - Not homeless,Z,Not 504 Eligible[Z],EN,28.0,37.0,51.0,12.0,3.0,714.0,109.0,25.0,35.8,355.0,373.0,351.0,316.0,Level 2,1 Grade Level Below
1215296,301,1,M,0,Paid Lunch [0],Asian,ZZ,Not applicable [ZZ],,,,,N,N,N,Not homeless [Z],Z - Not homeless,Z,Not 504 Eligible[Z],EN,63.0,39.0,66.0,19.0,87.0,835.0,150.0,81.0,68.5,426.0,375.0,435.0,449.0,Level 4,Mid or Above Grade Level
1215300,301,1,M,D,Direct Cert/Free Lunch [D],Hispanic,ZZ,Not applicable [ZZ],,,,,N,N,N,Not homeless [Z],Z - Not homeless,Z,Not 504 Eligible[Z],EN,43.0,39.0,32.0,9.0,10.0,857.0,157.0,86.0,72.8,415.0,380.0,445.0,450.0,Level 4,Early On Grade Level
1215333,301,1,M,F,Eligible for Free Lunch [F],Black or African American,ZZ,Not applicable [ZZ],,,,,N,N,N,Not homeless [Z],Z - Not homeless,Z,Not 504 Eligible[Z],EN,51.0,30.0,24.0,4.0,9.0,777.0,130.0,61.0,55.9,412.0,419.0,387.0,409.0,Level 5,Mid or Above Grade Level
1215355,301,1,F,D,Direct Cert/Free Lunch [D],White,ZZ,Not applicable [ZZ],,,,,N,N,N,Not homeless [Z],Z - Not homeless,Z,Not 504 Eligible[Z],EN,41.0,51.0,47.0,14.0,7.0,738.0,117.0,39.0,44.1,409.0,435.0,388.0,390.0,Level 3,Mid or Above Grade Level
1215424,301,1,M,D,Direct Cert/Free Lunch [D],White,ZZ,Not applicable [ZZ],,,,,N,N,N,Not homeless [Z],Z - Not homeless,Z,Section 504 Eligible + Plan [Y],EN,54.0,64.0,41.0,12.0,7.0,615.0,75.0,4.0,13.1,415.0,421.0,415.0,434.0,Level 1,Early On Grade Level
1215449,301,1,F,D,Direct Cert/Free Lunch [D],Black or African American,ZZ,Not applicable [ZZ],,,,,N,N,N,Not homeless [Z],Z - Not homeless,Z,Not 504 Eligible[Z],EN,56.0,30.0,47.0,10.0,20.0,765.0,126.0,55.0,52.6,421.0,451.0,407.0,430.0,Level 4,Mid or Above Grade Level
1215513,301,2,M,D,Direct Cert/Free Lunch [D],White,ZZ,Not applicable [ZZ],P,P - Autism Spectrum Disorder,G,G - Language Impaired,N,Y,N,Not homeless [Z],Z - Not homeless,Z,Not 504 Eligible[Z],EN,,,,,,748.0,120.0,9.0,21.8,397.0,399.0,396.0,361.0,Level 1,1 Grade Level Below
1215546,301,1,F,D,Direct Cert/Free Lunch [D],Hispanic,ZZ,Tested - not eligible [TZ],,,,,N,N,N,Not homeless [Z],Z - Not homeless,Z,Not 504 Eligible[Z],SP,24.0,29.0,17.0,3.0,0.0,771.0,128.0,58.0,54.2,408.0,408.0,403.0,406.0,Level 1,Early On Grade Level
1215610,301,1,F,3,Eligible for Reduced Lunch [3],Other,ZZ,Not applicable [ZZ],,,,,N,N,N,Not homeless [Z],Z - Not homeless,Z,Not 504 Eligible[Z],EN,40.0,28.0,47.0,10.0,30.0,566.0,58.0,1.0,1.0,317.0,263.0,280.0,410.0,Level 3,Mid or Above Grade Level
1215611,301,1,M,D,Direct Cert/Free Lunch [D],White,ZZ,Not applicable [ZZ],,,,,N,N,N,Not homeless [Z],Z - Not homeless,Z,Not 504 Eligible[Z],EN,34.0,32.0,33.0,7.0,6.0,766.0,126.0,56.0,53.2,365.0,389.0,378.0,338.0,Level 2,1 Grade Level Below
1215652,301,1,F,D,Direct Cert/Free Lunch [D],White,ZZ,Not applicable [ZZ],,,,,N,N,N,Not homeless [Z],Z - Not homeless,Z,Not 504 Eligible[Z],EN,66.0,47.0,81.0,23.0,15.0,808.0,141.0,74.0,63.5,412.0,410.0,395.0,398.0,Level 4,Early On Grade Level
1215708,301,1,M,0,Paid Lunch [0],White,ZZ,Not applicable [ZZ],,,,,N,N,N,Not homeless [Z],Z - Not homeless,Z,Not 504 Eligible[Z],EN,17.0,23.0,10.0,2.0,2.0,682.0,98.0,14.0,27.2,374.0,374.0,388.0,319.0,Level 2,1 Grade Level Below
1215742,301,1,M,0,Paid Lunch [0],White,ZZ,Not applicable [ZZ],,,,,N,N,N,Not homeless [Z],Z - Not homeless,Z,Not 504 Eligible[Z],EN,30.0,35.0,41.0,13.0,5.0,772.0,128.0,59.0,54.8,417.0,422.0,404.0,434.0,Level 2,Early On Grade Level
1215851,301,1,M,D,Direct Cert/Free Lunch [D],Black or African American,ZZ,Not applicable [ZZ],,,,,N,N,N,Not homeless [Z],Z - Not homeless,Z,Not 504 Eligible[Z],EN,26.0,25.0,29.0,6.0,4.0,786.0,133.0,64.0,57.5,400.0,381.0,384.0,416.0,Level 2,1 Grade Level Below
1215998,301,1,M,0,Paid Lunch [0],White,ZZ,Not applicable [ZZ],,,,,N,N,N,Not homeless [Z],Z - Not homeless,Z,Not 504 Eligible[Z],EN,21.0,36.0,30.0,1.0,2.0,752.0,122.0,48.0,48.9,377.0,419.0,406.0,379.0,Level 2,Early On Grade Level
1216105,301,1,F,D,Direct Cert/Free Lunch [D],Black or African American,ZZ,Not applicable [ZZ],,,,,N,N,N,Not homeless [Z],Z - Not homeless,Z,Not 504 Eligible[Z],EN,34.0,41.0,21.0,5.0,7.0,740.0,117.0,40.0,44.7,409.0,421.0,403.0,446.0,Level 3,Early On Grade Level
1216187,301,1,F,0,Paid Lunch [0],Black or African American,ZZ,Not applicable [ZZ],,,,,N,N,N,Not homeless [Z],Z - Not homeless,Z,Not 504 Eligible[Z],EN,36.0,20.0,37.0,8.0,17.0,775.0,129.0,60.0,55.3,424.0,385.0,448.0,430.0,Level 4,Mid or Above Grade Level
1216200,301,1,F,0,Paid Lunch [0],White,ZZ,Not applicable [ZZ],,,,,N,N,N,Not homeless [Z],Z - Not homeless,Z,Not 504 Eligible[Z],EN,67.0,37.0,59.0,20.0,26.0,750.0,121.0,47.0,48.4,435.0,441.0,474.0,455.0,Level 4,Mid or Above Grade Level
1216576,301,1,F,D,Direct Cert/Free Lunch [D],Black or African American,ZZ,Not applicable [ZZ],F,F - Speech Impaired,,,N,Y,N,Not homeless [Z],Z - Not homeless,Z,Not 504 Eligible[Z],EN,26.0,2.0,16.0,0.0,0.0,670.0,94.0,12.0,25.3,400.0,450.0,417.0,373.0,Level 1,1 Grade Level Below
1216611,301,1,M,0,Paid Lunch [0],Hispanic,ZZ,Not applicable [ZZ],,,,,N,N,N,Not homeless [Z],Z - Not homeless,Z,Not 504 Eligible[Z],EN,61.0,50.0,108.0,33.0,105.0,958.0,191.0,98.0,93.3,467.0,418.0,519.0,458.0,Level 5,Mid or Above Grade Level
1216842,301,2,F,0,Paid Lunch [0],White,ZZ,Not applicable [ZZ],,,,,N,N,N,Not homeless [Z],Z - Not homeless,Z,Not 504 Eligible[Z],EN,,,56.0,19.0,55.0,912.0,176.0,67.0,59.3,473.0,,515.0,473.0,Level 3,Early On Grade Level
1217234,301,2,F,D,Direct Cert/Free Lunch [D],White,ZZ,Not applicable [ZZ],,,,,N,N,N,Not homeless [Z],Z - Not homeless,Z,Not 504 Eligible[Z],EN,,,50.0,14.0,72.0,956.0,191.0,84.0,70.9,509.0,,481.0,537.0,Level 4,Mid or Above Grade Level
1218570,301,2,M,D,Direct Cert/Free Lunch [D],White,ZZ,Not applicable [ZZ],,,,,Y,N,N,Not homeless [Z],Z - Not homeless,A,Not 504 Eligible[Z],EN,,,,,113.0,999.0,205.0,94.0,82.7,563.0,,584.0,570.0,Level 4,Mid or Above Grade Level
1219183,301,2,F,0,Paid Lunch [0],Black or African American,ZZ,Not applicable [ZZ],,,,,N,N,N,Not homeless [Z],Z - Not homeless,Z,Not 504 Eligible[Z],EN,,,29.0,6.0,37.0,894.0,170.0,59.0,54.8,477.0,,463.0,453.0,Level 2,Mid or Above Grade Level
1220234,301,2,M,F,Eligible for Free Lunch [F],White,ZZ,Not applicable [ZZ],,,,,N,N,N,Not homeless [Z],Z - Not homeless,Z,Not 504 Eligible[Z],EN,,,109.0,34.0,83.0,975.0,197.0,90.0,77.0,495.0,,503.0,506.0,Level 3,Mid or Above Grade Level
1220593,301,1,M,F,Eligible for Free Lunch [F],Hispanic,ZZ,Not applicable [ZZ],,,,,N,N,N,Not homeless [Z],Z - Not homeless,Z,Not 504 Eligible[Z],EN,47.0,17.0,29.0,5.0,46.0,891.0,169.0,92.0,79.6,403.0,433.0,426.0,432.0,Level 5,Mid or Above Grade Level
1220655,301,1,F,D,Direct Cert/Free Lunch [D],White,ZZ,Not applicable [ZZ],K,K - Specific Learning Disabled,,,N,Y,N,Not homeless [Z],Z - Not homeless,Z,Not 504 Eligible[Z],EN,7.0,26.0,26.0,4.0,,703.0,105.0,20.0,32.3,393.0,391.0,355.0,395.0,Level 2,1 Grade Level Below
1203900,341,2,F,D,Direct Cert/Free Lunch [D],Hispanic,LF,Two year followup [LF],V,V - Other Health Impaired,G,G - Language Impaired,N,Y,N,Not homeless [Z],Z - Not homeless,Z,Not 504 Eligible[Z],SP,,,47.0,15.0,79.0,834.0,149.0,36.0,42.5,462.0,,445.0,494.0,Level 2,Early On Grade Level
1204012,341,2,M,D,Direct Cert/Free Lunch [D],White,ZZ,Tested - not eligible [TZ],,,,,N,N,N,Not homeless [Z],Z - Not homeless,Z,Not 504 Eligible[Z],EN,,,55.0,14.0,90.0,997.0,205.0,94.0,82.7,503.0,,494.0,532.0,Level 5,Mid or Above Grade Level
1204871,341,2,M,0,Paid Lunch [0],White,ZZ,Not applicable [ZZ],F,F - Speech Impaired,,,N,Y,N,Not homeless [Z],Z - Not homeless,Z,Not 504 Eligible[Z],EN,,,57.0,12.0,70.0,978.0,198.0,90.0,77.0,503.0,,510.0,536.0,Level 4,Mid or Above Grade Level
1206163,341,1,M,0,Paid Lunch [0],White,ZZ,Not applicable [ZZ],T,T - Developmentally Delayed,"D,G","D - Occupational Therapy,G - Language Impaired",N,Y,N,Not homeless [Z],Z - Not homeless,Z,Not 504 Eligible[Z],EN,,,,,,,,,,243.0,299.0,188.0,171.0,Level 1,1 Grade Level Below
1207350,341,1,M,3,Eligible for Reduced Lunch [3],Hispanic,ZZ,Not applicable [ZZ],,,,,N,N,N,Not homeless [Z],Z - Not homeless,Z,Not 504 Eligible[Z],EN,47.0,20.0,30.0,0.0,60.0,839.0,151.0,82.0,69.3,410.0,408.0,451.0,398.0,Level 4,Mid or Above Grade Level
1207644,341,1,F,0,Paid Lunch [0],White,ZZ,Not applicable [ZZ],T,T - Developmentally Delayed,,,N,Y,N,Not homeless [Z],Z - Not homeless,Z,Not 504 Eligible[Z],EN,29.0,40.0,21.0,7.0,4.0,743.0,118.0,42.0,45.8,356.0,392.0,351.0,346.0,Level 4,Early On Grade Level
1207871,341,2,M,3,Eligible for Reduced Lunch [3],Hispanic,ZZ,Not applicable [ZZ],F,F - Speech Impaired,,,N,Y,N,Not homeless [Z],Z - Not homeless,Z,Not 504 Eligible[Z],EN,,,29.0,8.0,6.0,615.0,75.0,3.0,10.4,422.0,,438.0,425.0,Level 1,1 Grade Level Below
1207893,341,2,F,0,Paid Lunch [0],White,ZZ,Not applicable [ZZ],,,,,N,N,N,Not homeless [Z],Z - Not homeless,Z,Not 504 Eligible[Z],EN,,,43.0,14.0,70.0,942.0,186.0,79.0,67.0,492.0,,469.0,500.0,Level 4,Mid or Above Grade Level
1207952,341,2,F,D,Direct Cert/Free Lunch [D],White,ZZ,Not applicable [ZZ],V,V - Other Health Impaired,,,N,Y,N,Not homeless [Z],Z - Not homeless,Z,IDEA Eligible & Section 504 Dismissal [Z],EN,,,27.0,6.0,25.0,826.0,147.0,33.0,40.7,421.0,,443.0,418.0,Level 2,1 Grade Level Below
1208106,341,2,F,0,Paid Lunch [0],Hispanic,ZZ,Tested - not eligible [TZ],,,,,N,N,N,Not homeless [Z],Z - Not homeless,Z,Not 504 Eligible[Z],SP,,,,,136.0,961.0,192.0,85.0,71.8,501.0,,505.0,503.0,Level 4,Mid or Above Grade Level
1208308,341,2,M,0,Paid Lunch [0],White,ZZ,Not applicable [ZZ],,,,,N,N,N,Not homeless [Z],Z - Not homeless,Z,Not 504 Eligible[Z],EN,,,,,102.0,975.0,197.0,90.0,77.0,512.0,,527.0,511.0,Level 4,Mid or Above Grade Level
1208368,341,2,F,3,Eligible for Reduced Lunch [3],Hispanic,ZZ,Tested - not eligible [TZ],,,,,N,N,N,Not homeless [Z],Z - Not homeless,Z,Not 504 Eligible[Z],SP,,,39.0,11.0,35.0,851.0,155.0,42.0,45.8,419.0,,443.0,404.0,Level 3,1 Grade Level Below
1208372,341,2,F,3,Eligible for Reduced Lunch [3],White,ZZ,Not applicable [ZZ],,,,,N,N,N,Not homeless [Z],Z - Not homeless,Z,Not 504 Eligible[Z],EN,,,,,,988.0,202.0,92.0,79.6,513.0,,502.0,516.0,Level 5,Mid or Above Grade Level
1208375,341,2,F,D,Direct Cert/Free Lunch [D],White,ZZ,Not applicable [ZZ],,,,,N,N,N,Not homeless [Z],Z - Not homeless,Z,Not 504 Eligible[Z],EN,,,41.0,11.0,35.0,872.0,162.0,50.0,50.0,465.0,,478.0,469.0,Level 2,1 Grade Level Below
1208386,341,2,M,3,Eligible for Reduced Lunch [3],Hispanic,LY,LEP in LEP classes [LY],,,,,N,N,N,Not homeless [Z],Z - Not homeless,Z,Not 504 Eligible[Z],SP,,,40.0,9.0,61.0,858.0,157.0,45.0,47.4,455.0,,457.0,453.0,Level 2,Early On Grade Level
1208387,341,2,M,D,Direct Cert/Free Lunch [D],White,ZZ,Not applicable [ZZ],,,,,N,N,N,Not homeless [Z],Z - Not homeless,Z,Not 504 Eligible[Z],EN,,,33.0,9.0,64.0,910.0,175.0,66.0,58.7,491.0,,433.0,488.0,Level 5,Mid or Above Grade Level
1208451,341,2,F,3,Eligible for Reduced Lunch [3],Hispanic,ZZ,Tested - not eligible [TZ],,,,,N,N,N,Not homeless [Z],Z - Not homeless,Z,Not 504 Eligible[Z],SP,,,41.0,11.0,50.0,917.0,177.0,69.0,60.4,487.0,,519.0,485.0,Level 4,Early On Grade Level
1208672,341,2,M,D,Direct Cert/Free Lunch [D],White,ZZ,Not applicable [ZZ],,,,,N,N,N,Not homeless [Z],Z - Not homeless,Z,Not 504 Eligible[Z],EN,,,,32.0,83.0,901.0,172.0,63.0,57.0,443.0,,496.0,445.0,Level 3,Early On Grade Level
1208684,341,2,M,0,Paid Lunch [0],White,ZZ,Not applicable [ZZ],,,,,N,N,N,Not homeless [Z],Z - Not homeless,Z,Not 504 Eligible[Z],EN,,,36.0,5.0,51.0,897.0,171.0,61.0,55.9,437.0,,437.0,449.0,Level 3,Early On Grade Level
1208733,341,2,F,0,Paid Lunch [0],White,ZZ,Not applicable [ZZ],,,,,N,N,N,Not homeless [Z],Z - Not homeless,Z,Not 504 Eligible[Z],EN,,,53.0,14.0,76.0,971.0,196.0,88.0,74.7,530.0,,516.0,526.0,Level 5,Mid or Above Grade Level
1209286,341,1,F,0,Paid Lunch [0],White,ZZ,Not applicable [ZZ],,,,,N,N,N,Not homeless [Z],Z - Not homeless,Z,Not 504 Eligible[Z],EN,70.0,54.0,66.0,21.0,73.0,952.0,189.0,98.0,93.3,469.0,473.0,467.0,447.0,Level 4,Mid or Above Grade Level
1209465,341,2,F,0,Paid Lunch [0],Other,ZZ,Not applicable [ZZ],,,,,N,N,N,Not homeless [Z],Z - Not homeless,Z,Section 504 Eligible + Plan [Y],EN,,,29.0,7.0,20.0,764.0,126.0,13.0,26.3,409.0,383.0,399.0,439.0,Level 2,1 Grade Level Below
1209696,341,2,F,D,Direct Cert/Free Lunch [D],White,ZZ,Not applicable [ZZ],,,,,Y,N,N,Not homeless [Z],Z - Not homeless,Z,Not 504 Eligible[Z],EN,,,,,101.0,1068.0,229.0,99.0,99.0,565.0,,551.0,609.0,Level 5,Mid or Above Grade Level
1209703,341,2,M,0,Paid Lunch [0],White,ZZ,Not applicable [ZZ],,,,,N,N,N,Not homeless [Z],Z - Not homeless,Z,Not 504 Eligible[Z],EN,,,124.0,2.0,71.0,882.0,166.0,54.0,52.1,446.0,,510.0,459.0,Level 2,Early On Grade Level
1209948,341,2,M,D,Direct Cert/Free Lunch [D],Hispanic,ZZ,Tested - not eligible [TZ],,,,,N,N,N,Not homeless [Z],Z - Not homeless,Z,Not 504 Eligible[Z],SP,,,,,,781.0,131.0,18.0,30.7,465.0,,490.0,506.0,Level 1,Early On Grade Level
1209969,341,2,F,0,Paid Lunch [0],White,ZZ,Tested - not eligible [TZ],,,,,N,N,N,Not homeless [Z],Z - Not homeless,Z,Not 504 Eligible[Z],SP,,,66.0,19.0,85.0,953.0,190.0,83.0,70.1,514.0,,477.0,514.0,Level 4,Mid or Above Grade Level
1209985,341,2,F,0,Paid Lunch [0],Hispanic,ZZ,Tested - not eligible [TZ],,,,,N,N,N,Not homeless [Z],Z - Not homeless,Z,Not 504 Eligible[Z],SP,,,,,,,,,,,,,,Level 1,
1210038,341,2,M,D,Direct Cert/Free Lunch [D],White,ZZ,Not applicable [ZZ],,,,,N,N,N,Not homeless [Z],Z - Not homeless,Z,Not 504 Eligible[Z],EN,,,43.0,7.0,71.0,922.0,179.0,71.0,61.7,507.0,,528.0,501.0,Level 5,Mid or Above Grade Level
1210046,341,2,M,D,Direct Cert/Free Lunch [D],White,ZZ,Not applicable [ZZ],,,,,N,N,N,Not homeless [Z],Z - Not homeless,Z,Not 504 Eligible[Z],EN,,,51.0,16.0,26.0,760.0,124.0,12.0,25.3,429.0,387.0,432.0,415.0,Level 1,1 Grade Level Below
1210062,341,2,F,0,Paid Lunch [0],Other,ZZ,Not applicable [ZZ],,,,,N,N,N,Not homeless [Z],Z - Not homeless,Z,Not 504 Eligible[Z],EN,,,,,105.0,953.0,190.0,83.0,70.1,508.0,,494.0,532.0,Level 5,Mid or Above Grade Level
1210083,341,2,F,D,Direct Cert/Free Lunch [D],White,ZZ,Not applicable [ZZ],,,,,N,N,N,Not homeless [Z],Z - Not homeless,Z,Not 504 Eligible[Z],EN,,,42.0,10.0,72.0,,,,,497.0,,539.0,486.0,Level 4,Early On Grade Level
1210110,341,2,M,D,Direct Cert/Free Lunch [D],White,ZZ,Not applicable [ZZ],,,,,N,N,N,Not homeless [Z],Z - Not homeless,Z,Not 504 Eligible[Z],EN,,,27.0,4.0,21.0,615.0,75.0,3.0,10.4,411.0,483.0,399.0,427.0,Level 2,1 Grade Level Below
1210123,341,2,F,D,Direct Cert/Free Lunch [D],White,ZZ,Not applicable [ZZ],K,K - Specific Learning Disabled,,,N,Y,N,Not homeless [Z],Z - Not homeless,Z,Not 504 Eligible[Z],EN,,,39.0,8.0,15.0,767.0,127.0,14.0,27.2,400.0,386.0,391.0,404.0,Level 1,1 Grade Level Below
1210174,341,2,F,0,Paid Lunch [0],White,ZZ,Not applicable [ZZ],,,,,N,N,N,Not homeless [Z],Z - Not homeless,Z,Not 504 Eligible[Z],EN,,,51.0,16.0,44.0,911.0,175.0,67.0,59.3,472.0,,430.0,495.0,Level 4,Mid or Above Grade Level
1210175,341,2,M,D,Direct Cert/Free Lunch [D],White,ZZ,Not applicable [ZZ],,,,,N,N,N,Not homeless [Z],Z - Not homeless,Z,Not 504 Eligible[Z],EN,,,16.0,16.0,19.0,821.0,145.0,32.0,40.1,491.0,,528.0,493.0,Level 3,Mid or Above Grade Level
1210176,341,2,F,D,Direct Cert/Free Lunch [D],White,ZZ,Not applicable [ZZ],,,,,N,N,N,Not homeless [Z],Z - Not homeless,Z,Not 504 Eligible[Z],EN,,,44.0,14.0,15.0,789.0,134.0,20.0,32.3,435.0,498.0,419.0,436.0,Level 2,Early On Grade Level
1210181,341,2,M,0,Paid Lunch [0],Other,ZZ,Not applicable [ZZ],,,,,N,N,N,Not homeless [Z],Z - Not homeless,Z,Not 504 Eligible[Z],EN,,,35.0,8.0,16.0,810.0,141.0,27.0,37.1,422.0,364.0,420.0,466.0,Level 3,Early On Grade Level
1210185,341,2,M,D,Direct Cert/Free Lunch [D],White,ZZ,Not applicable [ZZ],,,,,N,N,N,Not homeless [Z],Z - Not homeless,Z,Not 504 Eligible[Z],EN,,,67.0,19.0,36.0,873.0,163.0,50.0,50.0,410.0,,424.0,442.0,Level 3,1 Grade Level Below
1210319,341,2,M,D,Direct Cert/Free Lunch [D],Hispanic,LF,Two year followup [LF],G,G - Language Impaired,,,N,Y,N,Not homeless [Z],Z - Not homeless,Z,Not 504 Eligible[Z],EN,,,23.0,3.0,3.0,903.0,173.0,63.0,57.0,371.0,390.0,401.0,364.0,Level 1,2 Grade Levels Below
1210422,341,1,M,D,Direct Cert/Free Lunch [D],Hispanic,ZZ,Tested - not eligible [TZ],G,G - Language Impaired,T,T - Developmentally Delayed,N,Y,N,Not homeless [Z],Z - Not homeless,Z,Not 504 Eligible[Z],EN,28.0,33.0,26.0,2.0,3.0,720.0,111.0,27.0,37.1,371.0,351.0,386.0,376.0,Level 2,1 Grade Level Below
1210671,341,2,F,3,Eligible for Reduced Lunch [3],White,ZZ,Not applicable [ZZ],,,,,N,N,N,Not homeless [Z],Z - Not homeless,Z,Not 504 Eligible[Z],EN,,,32.0,10.0,74.0,907.0,174.0,65.0,58.1,461.0,,453.0,444.0,Level 4,Early On Grade Level
1210935,341,1,M,D,Direct Cert/Free Lunch [D],Hispanic,ZZ,Not applicable [ZZ],,,,,N,N,N,Not homeless [Z],Z - Not homeless,Z,Not 504 Eligible[Z],EN,51.0,36.0,33.0,7.0,17.0,847.0,154.0,84.0,70.9,410.0,456.0,402.0,392.0,Level 4,Early On Grade Level
1211134,341,2,F,0,Paid Lunch [0],Hispanic,ZZ,Not applicable [ZZ],,,,,N,N,N,Not homeless [Z],Z - Not homeless,Z,Not 504 Eligible[Z],EN,,,,,87.0,959.0,192.0,85.0,71.8,518.0,,513.0,544.0,Level 4,Mid or Above Grade Level
1211257,341,2,F,D,Direct Cert/Free Lunch [D],White,ZZ,Not applicable [ZZ],F,F - Speech Impaired,,,N,Y,N,Not homeless [Z],Z - Not homeless,Z,Not 504 Eligible[Z],EN,,,,,111.0,956.0,191.0,84.0,70.9,503.0,,490.0,562.0,Level 5,Mid or Above Grade Level
1211295,341,2,F,D,Direct Cert/Free Lunch [D],White,ZZ,Not applicable [ZZ],,,,,N,N,N,Not homeless [Z],Z - Not homeless,Z,Not 504 Eligible[Z],EN,,,42.0,7.0,57.0,971.0,196.0,88.0,74.7,489.0,,432.0,475.0,Level 4,Early On Grade Level
1211309,341,1,M,0,Paid Lunch [0],White,ZZ,Not applicable [ZZ],,,,,N,N,N,Not homeless [Z],Z - Not homeless,Z,Not 504 Eligible[Z],EN,47.0,44.0,40.0,0.0,35.0,864.0,159.0,88.0,74.7,396.0,341.0,361.0,408.0,Level 4,1 Grade Level Below
1211320,341,1,M,0,Paid Lunch [0],White,ZZ,Not applicable [ZZ],F,F - Speech Impaired,,,N,Y,N,Not homeless [Z],Z - Not homeless,Z,Not 504 Eligible[Z],EN,26.0,20.0,27.0,6.0,3.0,740.0,117.0,40.0,44.7,397.0,371.0,393.0,407.0,Level 3,Early On Grade Level
1211346,341,2,M,D,Direct Cert/Free Lunch [D],White,ZZ,Not applicable [ZZ],,,,,N,N,N,Not homeless [Z],Z - Not homeless,Z,Not 504 Eligible[Z],EN,,,57.0,18.0,53.0,852.0,155.0,42.0,45.8,429.0,,432.0,437.0,Level 3,Early On Grade Level
1211541,341,2,M,0,Paid Lunch [0],Other,ZZ,Not applicable [ZZ],,,,,N,N,N,Not homeless [Z],Z - Not homeless,Z,Not 504 Eligible[Z],EN,,,21.0,15.0,55.0,926.0,180.0,73.0,62.9,471.0,,504.0,446.0,Level 3,Mid or Above Grade Level
1211551,341,2,F,0,Paid Lunch [0],White,ZZ,Not applicable [ZZ],,,,,N,N,N,Not homeless [Z],Z - Not homeless,Z,Not 504 Eligible[Z],EN,,,49.0,16.0,54.0,932.0,183.0,75.0,64.2,485.0,,473.0,466.0,Level 4,Mid or Above Grade Level
1211761,341,2,M,0,Paid Lunch [0],White,ZZ,Not applicable [ZZ],,,,,N,N,N,Not homeless [Z],Z - Not homeless,Z,Section 504 Eligible + Plan [Y],EN,,,45.0,15.0,42.0,908.0,174.0,65.0,58.1,486.0,,499.0,481.0,Level 4,Early On Grade Level
1211824,341,1,M,0,Paid Lunch [0],White,ZZ,Not applicable [ZZ],F,F - Speech Impaired,,,N,Y,N,Not homeless [Z],Z - Not homeless,Z,Not 504 Eligible[Z],EN,67.0,44.0,48.0,15.0,39.0,861.0,158.0,87.0,73.7,421.0,416.0,364.0,444.0,Level 4,Mid or Above Grade Level
1211831,341,2,F,D,Direct Cert/Free Lunch [D],Hispanic,ZZ,Not applicable [ZZ],,,,,N,N,N,Not homeless [Z],Z - Not homeless,Z,Not 504 Eligible[Z],EN,,,,32.0,63.0,969.0,195.0,88.0,74.7,490.0,,485.0,499.0,Level 5,Early On Grade Level
1211941,341,1,M,0,Paid Lunch [0],White,ZZ,Not applicable [ZZ],F,F - Speech Impaired,,,N,Y,N,Not homeless [Z],Z - Not homeless,Z,Not 504 Eligible[Z],EN,14.0,23.0,11.0,0.0,,752.0,122.0,48.0,48.9,400.0,430.0,378.0,355.0,Level 1,1 Grade Level Below
1211990,341,1,F,0,Paid Lunch [0],White,ZZ,Not applicable [ZZ],F,F - Speech Impaired,,,N,Y,N,Not homeless [Z],Z - Not homeless,Z,Not 504 Eligible[Z],EN,22.0,32.0,17.0,2.0,,738.0,117.0,39.0,44.1,357.0,320.0,405.0,346.0,Level 1,1 Grade Level Below
1212013,341,1,F,0,Paid Lunch [0],Hispanic,ZZ,Not applicable [ZZ],,,,,N,N,N,Not homeless [Z],Z - Not homeless,Z,Not 504 Eligible[Z],EN,49.0,39.0,41.0,,59.0,913.0,176.0,95.0,84.6,444.0,414.0,467.0,429.0,Level 4,Mid or Above Grade Level
1212019,341,2,M,D,Direct Cert/Free Lunch [D],White,ZZ,Not applicable [ZZ],,,,,Y,N,E,Other homelessness causes [N],"N - No, Is homeless but does not meet the definiton of unaccompanied youth",Z,Not 504 Eligible[Z],EN,,,51.0,14.0,77.0,979.0,198.0,91.0,78.2,496.0,,486.0,518.0,Level 4,Mid or Above Grade Level
1212026,341,1,M,D,Direct Cert/Free Lunch [D],Other,ZZ,Not applicable [ZZ],,,,,N,N,N,Not homeless [Z],Z - Not homeless,Z,Not 504 Eligible[Z],EN,39.0,38.0,36.0,12.0,4.0,823.0,146.0,78.0,66.3,393.0,383.0,399.0,401.0,Level 4,Early On Grade Level
1212029,341,1,M,D,Direct Cert/Free Lunch [D],White,ZZ,Not applicable [ZZ],,,,,N,N,N,Not homeless [Z],Z - Not homeless,Z,Not 504 Eligible[Z],EN,41.0,42.0,23.0,4.0,7.0,753.0,122.0,48.0,48.9,396.0,413.0,366.0,397.0,Level 3,Early On Grade Level
1212030,341,1,F,D,Direct Cert/Free Lunch [D],White,ZZ,Not applicable [ZZ],,,,,N,N,N,Not homeless [Z],Z - Not homeless,Z,Not 504 Eligible[Z],EN,34.0,36.0,28.0,8.0,3.0,778.0,130.0,61.0,55.9,411.0,423.0,413.0,496.0,Level 2,1 Grade Level Below
1212049,341,2,M,D,Direct Cert/Free Lunch [D],White,ZZ,Not applicable [ZZ],,,,,N,N,N,Not homeless [Z],Z - Not homeless,Z,Not 504 Eligible[Z],EN,,,53.0,15.0,62.0,950.0,189.0,82.0,69.3,514.0,,525.0,520.0,Level 5,Mid or Above Grade Level
1212143,341,1,M,0,Paid Lunch [0],Hispanic,ZZ,Not applicable [ZZ],,,,,N,N,N,Not homeless [Z],Z - Not homeless,Z,Not 504 Eligible[Z],EN,,,,,,907.0,174.0,94.0,82.7,,,,,Level 5,Mid or Above Grade Level
1212145,341,1,F,D,Direct Cert/Free Lunch [D],White,ZZ,Not applicable [ZZ],,,,,N,N,N,Not homeless [Z],Z - Not homeless,Z,Not 504 Eligible[Z],EN,18.0,34.0,32.0,8.0,1.0,724.0,112.0,29.0,38.3,396.0,392.0,401.0,399.0,Level 2,1 Grade Level Below
1212147,341,2,M,D,Direct Cert/Free Lunch [D],White,ZZ,Not applicable [ZZ],,,,,N,N,N,Not homeless [Z],Z - Not homeless,Z,Section 504 Eligible + Plan [Y],EN,,,30.0,9.0,10.0,759.0,124.0,12.0,25.3,431.0,,467.0,423.0,Level 2,Early On Grade Level
1212213,341,1,M,0,Paid Lunch [0],Hispanic,ZZ,Not applicable [ZZ],,,,,N,N,N,Not homeless [Z],Z - Not homeless,Z,Not 504 Eligible[Z],EN,49.0,52.0,16.0,2.0,6.0,818.0,144.0,77.0,65.6,389.0,372.0,454.0,379.0,Level 4,Early On Grade Level
1212216,341,2,M,0,Paid Lunch [0],White,ZZ,Not applicable [ZZ],,,,,N,N,N,Not homeless [Z],Z - Not homeless,Z,Not 504 Eligible[Z],EN,,,,,89.0,960.0,192.0,85.0,71.8,501.0,,510.0,473.0,Level 4,Early On Grade Level
1212231,341,2,M,F,Eligible for Free Lunch [F],White,ZZ,Not applicable [ZZ],,,,,N,N,N,Not homeless [Z],Z - Not homeless,Z,Not 504 Eligible[Z],EN,,,3.0,34.0,58.0,900.0,172.0,62.0,56.4,480.0,,491.0,452.0,Level 4,Early On Grade Level
1212262,341,2,F,0,Paid Lunch [0],White,ZZ,Not applicable [ZZ],,,,,N,N,N,Not homeless [Z],Z - Not homeless,Z,Not 504 Eligible[Z],EN,,,58.0,23.0,68.0,964.0,193.0,86.0,72.8,508.0,,554.0,508.0,Level 4,Mid or Above Grade Level
1212263,341,1,M,D,Direct Cert/Free Lunch [D],White,ZZ,Not applicable [ZZ],K,K - Specific Learning Disabled,G,G - Language Impaired,N,Y,N,Not homeless [Z],Z - Not homeless,Z,Not 504 Eligible[Z],EN,38.0,33.0,35.0,10.0,0.0,698.0,103.0,19.0,31.5,394.0,408.0,375.0,392.0,Level 2,1 Grade Level Below
1212265,341,1,F,D,Direct Cert/Free Lunch [D],White,ZZ,Not applicable [ZZ],T,T - Developmentally Delayed,,,N,Y,N,Not homeless [Z],Z - Not homeless,Z,Not 504 Eligible[Z],EN,36.0,36.0,28.0,4.0,6.0,763.0,125.0,54.0,52.1,396.0,391.0,378.0,392.0,Level 4,Mid or Above Grade Level
1212267,341,2,M,D,Direct Cert/Free Lunch [D],Hispanic,ZZ,Not applicable [ZZ],,,,,N,N,N,Not homeless [Z],Z - Not homeless,Z,Not 504 Eligible[Z],EN,,,40.0,11.0,10.0,787.0,133.0,17.0,29.9,404.0,408.0,420.0,452.0,Level 1,1 Grade Level Below
1212298,341,2,M,F,Eligible for Free Lunch [F],Hispanic,ZZ,Tested - not eligible [TZ],,,,,N,N,N,Not homeless [Z],Z - Not homeless,Z,Not 504 Eligible[Z],EN,,,36.0,12.0,42.0,890.0,168.0,58.0,54.2,486.0,,502.0,500.0,Level 4,Mid or Above Grade Level
1212314,341,2,M,0,Paid Lunch [0],White,ZZ,Not applicable [ZZ],,,,,N,N,N,Not homeless [Z],Z - Not homeless,Z,Not 504 Eligible[Z],EN,,,,,87.0,940.0,185.0,78.0,66.3,493.0,,496.0,505.0,Level 3,Mid or Above Grade Level
1212324,341,2,F,D,Direct Cert/Free Lunch [D],White,ZZ,Not applicable [ZZ],,,,,N,N,N,Not homeless [Z],Z - Not homeless,Z,Not 504 Eligible[Z],EN,,,35.0,10.0,18.0,832.0,149.0,35.0,41.9,440.0,,437.0,462.0,Level 1,1 Grade Level Below
1212356,341,2,F,3,Eligible for Reduced Lunch [3],White,ZZ,Not applicable [ZZ],,,,,N,N,N,Not homeless [Z],Z - Not homeless,Z,Not 504 Eligible[Z],EN,,,39.0,13.0,24.0,900.0,172.0,62.0,56.4,457.0,,487.0,424.0,Level 2,Early On Grade Level
1212368,341,2,M,D,Direct Cert/Free Lunch [D],White,ZZ,Not applicable [ZZ],,,,,N,N,N,Not homeless [Z],Z - Not homeless,Z,Not 504 Eligible[Z],EN,,,44.0,14.0,34.0,824.0,146.0,33.0,40.7,460.0,,510.0,476.0,Level 2,1 Grade Level Below
1212370,341,2,F,0,Paid Lunch [0],Hispanic,ZZ,Not applicable [ZZ],,,,,N,N,N,Not homeless [Z],Z - Not homeless,Z,Not 504 Eligible[Z],EN,,,48.0,15.0,57.0,903.0,173.0,63.0,57.0,463.0,,509.0,445.0,Level 3,Early On Grade Level
1212376,341,2,M,0,Paid Lunch [0],White,ZZ,Not applicable [ZZ],,,,,N,N,N,Not homeless [Z],Z - Not homeless,Z,Not 504 Eligible[Z],EN,,,,,122.0,992.0,203.0,93.0,81.1,518.0,,527.0,488.0,Level 4,Mid or Above Grade Level
1212381,341,2,M,0,Paid Lunch [0],White,ZZ,Not applicable [ZZ],,,,,N,N,N,Not homeless [Z],Z - Not homeless,Z,Not 504 Eligible[Z],EN,,,42.0,13.0,61.0,904.0,173.0,64.0,57.5,487.0,,468.0,496.0,Level 5,Mid or Above Grade Level
1212382,341,2,M,D,Direct Cert/Free Lunch [D],White,ZZ,Tested - not eligible [TZ],,,,,N,N,N,Not homeless [Z],Z - Not homeless,Z,Not 504 Eligible[Z],SP,,,64.0,22.0,54.0,919.0,178.0,70.0,61.0,460.0,,465.0,443.0,Level 3,Early On Grade Level
1212384,341,2,M,D,Direct Cert/Free Lunch [D],Other,ZZ,Not applicable [ZZ],,,,,N,N,N,Not homeless [Z],Z - Not homeless,Z,Not 504 Eligible[Z],EN,,,45.0,15.0,28.0,842.0,152.0,39.0,44.1,423.0,,437.0,420.0,Level 3,Mid or Above Grade Level
1212388,341,2,F,F,Eligible for Free Lunch [F],Hispanic,ZZ,Tested - not eligible [TZ],,,,,N,N,N,Not homeless [Z],Z - Not homeless,Z,Not 504 Eligible[Z],EN,,,24.0,6.0,27.0,841.0,152.0,38.0,43.6,422.0,398.0,396.0,410.0,Level 2,Early On Grade Level
1212412,341,1,F,0,Paid Lunch [0],White,ZZ,Not applicable [ZZ],,,,,N,N,N,Not homeless [Z],Z - Not homeless,Z,Not 504 Eligible[Z],EN,29.0,33.0,35.0,0.0,4.0,752.0,122.0,48.0,48.9,413.0,455.0,378.0,400.0,Level 1,1 Grade Level Below
1212415,341,2,F,D,Direct Cert/Free Lunch [D],Other,ZZ,Not applicable [ZZ],,,,,N,N,N,Not homeless [Z],Z - Not homeless,Z,Not 504 Eligible[Z],EN,,,88.0,25.0,74.0,895.0,170.0,60.0,55.3,474.0,,490.0,493.0,Level 3,Early On Grade Level
1212424,341,2,M,0,Paid Lunch [0],White,ZZ,Not applicable [ZZ],,,,,Y,N,N,Not homeless [Z],Z - Not homeless,Z,Not 504 Eligible[Z],EN,,,18.0,4.0,73.0,982.0,199.0,91.0,78.2,499.0,,557.0,523.0,Level 5,Mid or Above Grade Level
1212426,341,2,M,3,Eligible for Reduced Lunch [3],White,ZZ,Not applicable [ZZ],,,,,N,N,N,Not homeless [Z],Z - Not homeless,Z,Section 504 Eligible + Plan [Y],EN,,,30.0,6.0,26.0,804.0,139.0,25.0,35.8,427.0,462.0,446.0,424.0,Level 5,1 Grade Level Below
1212438,341,2,F,D,Direct Cert/Free Lunch [D],Other,ZZ,Not applicable [ZZ],,,,,N,N,N,Not homeless [Z],Z - Not homeless,Z,Not 504 Eligible[Z],EN,,,,,,615.0,75.0,3.0,10.4,398.0,390.0,391.0,379.0,Level 1,1 Grade Level Below
1212463,341,2,F,D,Direct Cert/Free Lunch [D],White,ZZ,Not applicable [ZZ],,,,,N,N,N,Not homeless [Z],Z - Not homeless,Z,Not 504 Eligible[Z],EN,,,21.0,25.0,82.0,945.0,187.0,80.0,67.7,499.0,,494.0,491.0,Level 3,Early On Grade Level
1212471,341,1,F,D,Direct Cert/Free Lunch [D],Black or African American,ZZ,Not applicable [ZZ],,,,,N,N,N,Not homeless [Z],Z - Not homeless,Z,Not 504 Eligible[Z],EN,28.0,35.0,29.0,,3.0,752.0,122.0,48.0,48.9,390.0,370.0,403.0,375.0,Level 1,1 Grade Level Below
1212496,341,2,M,D,Direct Cert/Free Lunch [D],Hispanic,ZZ,Not applicable [ZZ],,,,,N,N,N,Not homeless [Z],Z - Not homeless,Z,Not 504 Eligible[Z],EN,,,63.0,20.0,75.0,928.0,181.0,74.0,63.5,473.0,,477.0,453.0,Level 3,Early On Grade Level
1212510,341,2,F,D,Direct Cert/Free Lunch [D],Black or African American,ZZ,Not applicable [ZZ],F,F - Speech Impaired,,,N,Y,N,Not homeless [Z],Z - Not homeless,Z,Not 504 Eligible[Z],EN,,,34.0,10.0,54.0,871.0,162.0,50.0,50.0,487.0,,484.0,474.0,Level 3,Early On Grade Level
1212532,341,1,M,0,Paid Lunch [0],White,ZZ,Not applicable [ZZ],,,,,N,N,N,Not homeless [Z],Z - Not homeless,Z,Not 504 Eligible[Z],EN,42.0,38.0,,22.0,30.0,784.0,132.0,64.0,57.5,416.0,415.0,473.0,415.0,Level 4,Mid or Above Grade Level
1212606,341,2,F,0,Paid Lunch [0],Hispanic,ZZ,Not applicable [ZZ],,,,,N,N,N,Not homeless [Z],Z - Not homeless,Z,Not 504 Eligible[Z],EN,,,39.0,13.0,15.0,797.0,137.0,23.0,34.4,412.0,447.0,459.0,396.0,Level 2,Early On Grade Level
1212613,341,2,M,D,Direct Cert/Free Lunch [D],Hispanic,ZZ,Tested - not eligible [TZ],,,,,N,N,N,Not homeless [Z],Z - Not homeless,Z,Not 504 Eligible[Z],EN,,,68.0,23.0,75.0,918.0,178.0,69.0,60.4,474.0,,494.0,493.0,Level 3,Early On Grade Level
1212642,341,2,F,D,Direct Cert/Free Lunch [D],White,ZZ,Not applicable [ZZ],,,,,N,N,N,Not homeless [Z],Z - Not homeless,Z,Not 504 Eligible[Z],EN,,,42.0,12.0,24.0,827.0,147.0,34.0,41.3,422.0,433.0,398.0,433.0,Level 1,1 Grade Level Below
1212652,341,1,M,D,Direct Cert/Free Lunch [D],Hispanic,ZZ,Tested - not eligible [TZ],,,,,N,N,N,Not homeless [Z],Z - Not homeless,Z,Not 504 Eligible[Z],SP,4.0,39.0,12.0,3.0,,694.0,102.0,18.0,30.7,363.0,395.0,360.0,353.0,Level 1,1 Grade Level Below
1212678,341,2,F,0,Paid Lunch [0],Hispanic,ZZ,Tested - not eligible [TZ],,,,,N,N,N,Not homeless [Z],Z - Not homeless,Z,Not 504 Eligible[Z],EN,,,81.0,27.0,80.0,937.0,184.0,77.0,65.6,514.0,,522.0,517.0,Level 3,Mid or Above Grade Level
1212689,341,1,M,3,Eligible for Reduced Lunch [3],Hispanic,LF,Two year followup [LF],K,K - Specific Learning Disabled,,,N,Y,N,Not homeless [Z],Z - Not homeless,Z,Not 504 Eligible[Z],EN,42.0,54.0,45.0,14.0,5.0,769.0,127.0,57.0,53.7,411.0,440.0,426.0,427.0,Level 4,Mid or Above Grade Level
1212696,341,1,F,0,Paid Lunch [0],White,ZZ,Not applicable [ZZ],,,,,N,N,N,Not homeless [Z],Z - Not homeless,Z,Not 504 Eligible[Z],EN,31.0,29.0,36.0,0.0,0.0,775.0,129.0,60.0,55.3,398.0,341.0,370.0,411.0,Level 2,1 Grade Level Below
1212699,341,1,M,D,Direct Cert/Free Lunch [D],White,ZZ,Not applicable [ZZ],K,K - Specific Learning Disabled,,,N,Y,N,Not homeless [Z],Z - Not homeless,Z,Not 504 Eligible[Z],EN,27.0,31.0,15.0,2.0,,677.0,96.0,13.0,26.3,360.0,335.0,353.0,343.0,Level 1,1 Grade Level Below
1212768,341,2,M,0,Paid Lunch [0],Hispanic,ZZ,Not applicable [ZZ],,,,,N,N,N,Not homeless [Z],Z - Not homeless,Z,Not 504 Eligible[Z],EN,,,33.0,4.0,38.0,827.0,147.0,34.0,41.3,433.0,,475.0,419.0,Level 3,Early On Grade Level
1212806,341,2,F,D,Direct Cert/Free Lunch [D],Hispanic,LY,LEP in LEP classes [LY],,,,,N,N,N,Not homeless [Z],Z - Not homeless,Z,Not 504 Eligible[Z],SP,,,,,87.0,829.0,148.0,34.0,41.3,435.0,,435.0,396.0,Level 3,Early On Grade Level
1212854,341,2,M,0,Paid Lunch [0],White,ZZ,Not applicable [ZZ],,,,,N,N,N,Not homeless [Z],Z - Not homeless,Z,Not 504 Eligible[Z],EN,,,,,133.0,995.0,204.0,94.0,82.7,528.0,,562.0,487.0,Level 5,Mid or Above Grade Level
1212889,341,1,M,D,Direct Cert/Free Lunch [D],White,ZZ,Not applicable [ZZ],P,P - Autism Spectrum Disorder,G,G - Language Impaired,N,Y,N,Not homeless [Z],Z - Not homeless,Z,Not 504 Eligible[Z],EN,27.0,13.0,19.0,0.0,0.0,722.0,111.0,28.0,37.7,390.0,374.0,364.0,409.0,Level 2,1 Grade Level Below
1212968,341,2,M,0,Paid Lunch [0],White,ZZ,Not applicable [ZZ],K,K - Specific Learning Disabled,,,N,Y,N,Not homeless [Z],Z - Not homeless,Z,Not 504 Eligible[Z],EN,,,36.0,11.0,13.0,615.0,75.0,3.0,10.4,429.0,421.0,420.0,470.0,Level 1,1 Grade Level Below
1213045,341,2,M,0,Paid Lunch [0],White,ZZ,Not applicable [ZZ],,,,,N,N,N,Not homeless [Z],Z - Not homeless,Z,Not 504 Eligible[Z],EN,,,65.0,15.0,39.0,842.0,152.0,39.0,44.1,464.0,,491.0,429.0,Level 2,Early On Grade Level
1213159,341,2,M,D,Direct Cert/Free Lunch [D],Hispanic,ZZ,Not applicable [ZZ],T,T - Developmentally Delayed,,,N,Y,N,Not homeless [Z],Z - Not homeless,Z,Not 504 Eligible[Z],EN,,,26.0,5.0,13.0,800.0,138.0,24.0,35.1,418.0,343.0,420.0,412.0,Level 3,1 Grade Level Below
1213270,341,2,F,D,Direct Cert/Free Lunch [D],Hispanic,ZZ,Not applicable [ZZ],,,,,N,N,N,Not homeless [Z],Z - Not homeless,Z,Not 504 Eligible[Z],EN,,,32.0,9.0,13.0,811.0,142.0,28.0,37.7,449.0,418.0,448.0,398.0,Level 3,1 Grade Level Below
1213355,341,2,F,D,Direct Cert/Free Lunch [D],Black or African American,ZZ,Not applicable [ZZ],,,,,N,N,N,Not homeless [Z],Z - Not homeless,Z,Not 504 Eligible[Z],EN,,,58.0,19.0,39.0,838.0,151.0,37.0,43.0,433.0,,451.0,442.0,Level 2,1 Grade Level Below
1213366,341,2,F,0,Paid Lunch [0],White,ZZ,Not applicable [ZZ],,,,,N,N,N,Not homeless [Z],Z - Not homeless,Z,Not 504 Eligible[Z],EN,,,33.0,11.0,13.0,781.0,131.0,18.0,30.7,429.0,489.0,404.0,435.0,Level 2,1 Grade Level Below
1213396,341,2,M,D,Direct Cert/Free Lunch [D],Other,ZZ,Not applicable [ZZ],,,,,N,N,N,Not homeless [Z],Z - Not homeless,Z,Not 504 Eligible[Z],EN,,,47.0,13.0,27.0,838.0,151.0,37.0,43.0,420.0,444.0,406.0,441.0,Level 2,Early On Grade Level
1213444,341,2,M,D,Direct Cert/Free Lunch [D],Black or African American,ZZ,Not applicable [ZZ],,,,,N,N,N,Not homeless [Z],Z - Not homeless,Z,Not 504 Eligible[Z],EN,,,,,,808.0,141.0,27.0,37.1,408.0,375.0,399.0,456.0,Level 2,1 Grade Level Below
1213567,341,2,F,0,Paid Lunch [0],American Indian or Alaskan Native,ZZ,Not applicable [ZZ],,,,,N,N,N,Not homeless [Z],Z - Not homeless,Z,Not 504 Eligible[Z],EN,,,57.0,17.0,67.0,895.0,170.0,60.0,55.3,460.0,421.0,411.0,468.0,Level 3,1 Grade Level Below
1213686,341,2,M,D,Direct Cert/Free Lunch [D],White,ZZ,Not applicable [ZZ],,,,,N,N,N,Not homeless [Z],Z - Not homeless,Z,Not 504 Eligible[Z],EN,,,96.0,29.0,41.0,874.0,163.0,51.0,50.5,438.0,465.0,411.0,434.0,Level 3,Mid or Above Grade Level
1214008,341,2,F,D,Direct Cert/Free Lunch [D],White,ZZ,Not applicable [ZZ],K,K - Specific Learning Disabled,,,N,Y,N,Not homeless [Z],Z - Not homeless,Z,Not 504 Eligible[Z],EN,,,35.0,10.0,12.0,615.0,75.0,3.0,10.4,369.0,312.0,371.0,301.0,Level 3,1 Grade Level Below
1214070,341,2,M,D,Direct Cert/Free Lunch [D],Black or African American,ZZ,Not applicable [ZZ],,,,,N,N,B,Other homelessness causes [N],"N - No, Is homeless but does not meet the definiton of unaccompanied youth",Z,Not 504 Eligible[Z],EN,,,41.0,11.0,14.0,796.0,136.0,23.0,34.4,411.0,377.0,398.0,404.0,Level 2,1 Grade Level Below
1214137,341,2,F,D,Direct Cert/Free Lunch [D],Hispanic,ZZ,Tested - not eligible [TZ],,,,,N,N,N,Not homeless [Z],Not homeless [Z],Z,Not 504 Eligible[Z],EN,,,160.0,49.0,107.0,947.0,188.0,81.0,68.5,514.0,,535.0,475.0,Level 4,Mid or Above Grade Level
1214164,341,1,F,F,Eligible for Free Lunch [F],White,ZZ,Not applicable [ZZ],,,,,N,N,N,Not homeless [Z],Z - Not homeless,Z,Not 504 Eligible[Z],EN,5.0,44.0,21.0,2.0,2.0,725.0,112.0,30.0,39.0,367.0,364.0,390.0,319.0,Level 2,1 Grade Level Below
1214367,341,1,M,0,Paid Lunch [0],White,ZZ,Not applicable [ZZ],F,F - Speech Impaired,,,N,Y,N,Not homeless [Z],Z - Not homeless,Z,Not 504 Eligible[Z],EN,34.0,29.0,34.0,9.0,2.0,743.0,118.0,42.0,45.8,381.0,400.0,349.0,337.0,Level 1,1 Grade Level Below
1214511,341,2,M,0,Paid Lunch [0],White,ZZ,Not applicable [ZZ],,,,,N,N,N,Not homeless [Z],Z - Not homeless,Z,Not 504 Eligible[Z],EN,,,,,116.0,1033.0,217.0,98.0,93.3,518.0,,527.0,511.0,Level 5,Mid or Above Grade Level
1214624,341,1,F,0,Paid Lunch [0],White,ZZ,Not applicable [ZZ],F,F - Speech Impaired,,,N,Y,N,Not homeless [Z],Z - Not homeless,Z,Not 504 Eligible[Z],EN,43.0,39.0,28.0,6.0,9.0,788.0,134.0,65.0,58.1,385.0,378.0,383.0,328.0,Level 2,1 Grade Level Below
1214634,341,2,F,D,Direct Cert/Free Lunch [D],Hispanic,LY,LEP in LEP classes [LY],K,K - Specific Learning Disabled,,,N,Y,N,Not homeless [Z],Z - Not homeless,Z,Not 504 Eligible[Z],SP,,,40.0,12.0,12.0,789.0,134.0,20.0,32.3,388.0,376.0,383.0,368.0,Level 1,2 Grade Levels Below
1214665,341,1,M,D,Direct Cert/Free Lunch [D],White,ZZ,Not applicable [ZZ],T,T - Developmentally Delayed,G,G - Language Impaired,N,Y,N,Not homeless [Z],Z - Not homeless,Z,Not 504 Eligible[Z],EN,,,,,,674.0,95.0,13.0,26.3,372.0,349.0,377.0,389.0,Level 4,1 Grade Level Below
1214754,341,2,F,D,Direct Cert/Free Lunch [D],White,ZZ,Not applicable [ZZ],V,V - Other Health Impaired,,,N,Y,N,Not homeless [Z],Z - Not homeless,Z,Not 504 Eligible[Z],EN,,,46.0,15.0,17.0,901.0,172.0,63.0,57.0,430.0,,443.0,426.0,Level 4,Early On Grade Level
1214922,341,1,M,D,Direct Cert/Free Lunch [D],White,ZZ,Not applicable [ZZ],,,,,N,N,N,Not homeless [Z],Z - Not homeless,Z,Not 504 Eligible[Z],EN,36.0,50.0,36.0,10.0,6.0,799.0,137.0,70.0,61.0,370.0,404.0,397.0,322.0,,1 Grade Level Below
1214938,341,1,F,0,Paid Lunch [0],White,ZZ,Not applicable [ZZ],,,,,N,N,N,Not homeless [Z],Z - Not homeless,Z,Not 504 Eligible[Z],EN,20.0,36.0,22.0,4.0,1.0,760.0,124.0,53.0,51.6,397.0,380.0,377.0,404.0,Level 1,1 Grade Level Below
1214940,341,1,F,D,Direct Cert/Free Lunch [D],Hispanic,ZZ,Not applicable [ZZ],,,,,N,N,N,Not homeless [Z],Z - Not homeless,Z,Not 504 Eligible[Z],EN,42.0,48.0,42.0,11.0,7.0,815.0,143.0,76.0,64.9,420.0,518.0,395.0,354.0,Level 2,1 Grade Level Below
1214971,341,1,M,3,Eligible for Reduced Lunch [3],White,ZZ,Not applicable [ZZ],,,,,N,N,N,Not homeless [Z],Z - Not homeless,Z,Not 504 Eligible[Z],EN,45.0,51.0,11.0,2.0,15.0,766.0,126.0,56.0,53.2,437.0,454.0,450.0,440.0,Level 5,Mid or Above Grade Level
1214980,341,1,M,0,Paid Lunch [0],Black or African American,ZZ,Not applicable [ZZ],,,,,N,N,N,Not homeless [Z],Z - Not homeless,Z,Not 504 Eligible[Z],EN,21.0,35.0,29.0,0.0,15.0,823.0,146.0,78.0,66.3,415.0,414.0,439.0,391.0,Level 3,Early On Grade Level
1214984,341,1,F,D,Direct Cert/Free Lunch [D],Hispanic,ZZ,Not applicable [ZZ],,,,,N,N,N,Not homeless [Z],Z - Not homeless,Z,Not 504 Eligible[Z],EN,49.0,31.0,25.0,7.0,11.0,803.0,139.0,72.0,62.3,412.0,408.0,398.0,435.0,Level 3,1 Grade Level Below
1214993,341,1,M,0,Paid Lunch [0],White,ZZ,Not applicable [ZZ],,,,,N,N,N,Not homeless [Z],Z - Not homeless,Z,Not 504 Eligible[Z],EN,36.0,29.0,14.0,0.0,1.0,764.0,126.0,55.0,52.6,400.0,369.0,386.0,412.0,Level 1,Early On Grade Level
1215032,341,1,F,0,Paid Lunch [0],White,ZZ,Not applicable [ZZ],,,,,N,N,N,Not homeless [Z],Z - Not homeless,Z,Not 504 Eligible[Z],EN,65.0,48.0,,26.0,42.0,867.0,161.0,88.0,74.7,444.0,432.0,493.0,444.0,Level 4,Mid or Above Grade Level
1215072,341,1,M,0,Paid Lunch [0],White,ZZ,Not applicable [ZZ],P,P - Autism Spectrum Disorder,,,N,Y,N,Not homeless [Z],Z - Not homeless,Z,Not 504 Eligible[Z],EN,32.0,40.0,31.0,5.0,18.0,767.0,127.0,56.0,53.2,381.0,355.0,418.0,404.0,Level 4,Mid or Above Grade Level
1215203,341,1,M,F,Eligible for Free Lunch [F],Hispanic,ZZ,Not applicable [ZZ],,,,,N,N,N,Not homeless [Z],Z - Not homeless,Z,Not 504 Eligible[Z],EN,69.0,36.0,28.0,5.0,9.0,765.0,126.0,55.0,52.6,418.0,418.0,422.0,418.0,Level 3,Mid or Above Grade Level
1215286,341,1,F,D,Direct Cert/Free Lunch [D],White,ZZ,Not applicable [ZZ],F,F - Speech Impaired,,,N,Y,N,Not homeless [Z],Z - Not homeless,Z,Not 504 Eligible[Z],EN,27.0,36.0,23.0,3.0,3.0,772.0,128.0,59.0,54.8,405.0,410.0,382.0,444.0,Level 1,Early On Grade Level
1215369,341,1,M,0,Paid Lunch [0],White,ZZ,Not applicable [ZZ],,,,,N,N,N,Not homeless [Z],Z - Not homeless,Z,Not 504 Eligible[Z],EN,60.0,37.0,34.0,16.0,33.0,922.0,179.0,96.0,86.9,425.0,418.0,491.0,395.0,Level 5,Mid or Above Grade Level
1215400,341,1,M,D,Direct Cert/Free Lunch [D],Black or African American,ZZ,Not applicable [ZZ],,,,,N,N,N,Not homeless [Z],Z - Not homeless,Z,Not 504 Eligible[Z],EN,71.0,41.0,49.0,14.0,10.0,748.0,120.0,45.0,47.4,413.0,416.0,405.0,392.0,Level 3,1 Grade Level Below
1215407,341,1,M,3,Eligible for Reduced Lunch [3],White,ZZ,Not applicable [ZZ],F,F - Speech Impaired,,,N,Y,N,Not homeless [Z],Z - Not homeless,Z,Not 504 Eligible[Z],EN,50.0,47.0,31.0,6.0,9.0,752.0,122.0,48.0,48.9,407.0,433.0,425.0,414.0,Level 3,1 Grade Level Below
1215419,341,1,F,3,Eligible for Reduced Lunch [3],White,ZZ,Not applicable [ZZ],,,,,N,N,N,Not homeless [Z],Z - Not homeless,Z,Not 504 Eligible[Z],EN,69.0,41.0,47.0,14.0,12.0,751.0,121.0,47.0,48.4,397.0,373.0,403.0,370.0,Level 4,Mid or Above Grade Level
1215426,341,1,F,0,Paid Lunch [0],White,ZZ,Not applicable [ZZ],,,,,N,N,N,Not homeless [Z],Z - Not homeless,Z,Not 504 Eligible[Z],EN,31.0,40.0,34.0,0.0,0.0,802.0,138.0,72.0,62.3,403.0,437.0,410.0,399.0,Level 2,1 Grade Level Below
1215552,341,2,M,0,Paid Lunch [0],White,ZZ,Not applicable [ZZ],F,F - Speech Impaired,,,N,Y,N,Not homeless [Z],Z - Not homeless,Z,Not 504 Eligible[Z],EN,,,32.0,4.0,35.0,798.0,137.0,23.0,34.4,423.0,404.0,350.0,430.0,Level 3,Early On Grade Level
1215632,341,1,M,D,Direct Cert/Free Lunch [D],White,ZZ,Not applicable [ZZ],,,,,N,N,N,Not homeless [Z],Z - Not homeless,Z,Not 504 Eligible[Z],EN,23.0,33.0,40.0,7.0,,672.0,94.0,12.0,25.3,377.0,390.0,374.0,369.0,Level 2,Early On Grade Level
1215640,341,1,M,0,Paid Lunch [0],White,ZZ,Not applicable [ZZ],,,,,N,N,N,Not homeless [Z],Z - Not homeless,Z,Not 504 Eligible[Z],EN,8.0,38.0,13.0,2.0,4.0,773.0,129.0,59.0,54.8,388.0,370.0,432.0,378.0,Level 1,Early On Grade Level
1215645,341,1,F,0,Paid Lunch [0],White,ZZ,Not applicable [ZZ],,,,,N,N,N,Not homeless [Z],Z - Not homeless,Z,Not 504 Eligible[Z],EN,25.0,29.0,24.0,,1.0,743.0,118.0,42.0,45.8,388.0,334.0,390.0,365.0,Level 1,1 Grade Level Below
1215657,341,1,F,0,Paid Lunch [0],White,ZZ,Not applicable [ZZ],,,,,N,N,N,Not homeless [Z],Z - Not homeless,Z,Not 504 Eligible[Z],EN,42.0,50.0,40.0,0.0,0.0,833.0,149.0,81.0,68.5,417.0,442.0,412.0,425.0,Level 2,Early On Grade Level
1215702,341,1,F,D,Direct Cert/Free Lunch [D],Hispanic,ZZ,Tested - not eligible [TZ],,,,,N,N,N,Not homeless [Z],Z - Not homeless,Z,Not 504 Eligible[Z],EN,29.0,35.0,27.0,8.0,4.0,779.0,131.0,61.0,55.9,408.0,416.0,379.0,417.0,Level 2,Early On Grade Level
1215711,341,1,M,D,Direct Cert/Free Lunch [D],White,ZZ,Not applicable [ZZ],,,,,N,N,N,Not homeless [Z],Z - Not homeless,Z,Not 504 Eligible[Z],EN,42.0,46.0,72.0,0.0,14.0,799.0,137.0,70.0,61.0,414.0,432.0,498.0,403.0,Level 4,Mid or Above Grade Level
1215743,341,1,F,0,Paid Lunch [0],White,ZZ,Not applicable [ZZ],,,,,N,N,N,Not homeless [Z],Z - Not homeless,Z,Not 504 Eligible[Z],EN,52.0,39.0,43.0,0.0,14.0,752.0,122.0,48.0,48.9,405.0,410.0,396.0,376.0,Level 5,Mid or Above Grade Level
1215765,341,1,M,D,Direct Cert/Free Lunch [D],Hispanic,ZZ,Not applicable [ZZ],,,,,N,N,N,Not homeless [Z],Z - Not homeless,Z,Not 504 Eligible[Z],EN,45.0,52.0,49.0,0.0,8.0,824.0,146.0,78.0,66.3,419.0,431.0,415.0,400.0,Level 3,Mid or Above Grade Level
1215820,341,1,F,3,Eligible for Reduced Lunch [3],Hispanic,ZZ,Not applicable [ZZ],,,,,N,N,N,Not homeless [Z],Z - Not homeless,Z,Section 504 Eligible + Plan [Y],EN,29.0,21.0,27.0,5.0,3.0,673.0,95.0,12.0,25.3,368.0,370.0,379.0,359.0,Level 2,1 Grade Level Below
1215822,341,1,F,0,Paid Lunch [0],White,ZZ,Not applicable [ZZ],,,,,N,N,N,Not homeless [Z],Z - Not homeless,Z,Not 504 Eligible[Z],EN,53.0,13.0,35.0,0.0,12.0,750.0,121.0,47.0,48.4,416.0,470.0,386.0,379.0,Level 3,Mid or Above Grade Level
1215844,341,1,F,0,Paid Lunch [0],White,ZZ,Not applicable [ZZ],,,,,N,N,N,Not homeless [Z],Z - Not homeless,Z,Not 504 Eligible[Z],EN,21.0,22.0,31.0,7.0,6.0,714.0,109.0,25.0,35.8,407.0,358.0,427.0,405.0,Level 3,1 Grade Level Below
1215862,341,1,M,D,Direct Cert/Free Lunch [D],White,ZZ,Not applicable [ZZ],,,,,Y,N,N,Not homeless [Z],Z - Not homeless,Z,Not 504 Eligible[Z],EN,60.0,39.0,93.0,26.0,57.0,921.0,179.0,96.0,86.9,437.0,451.0,428.0,453.0,Level 5,Mid or Above Grade Level
1215947,341,1,M,D,Direct Cert/Free Lunch [D],White,ZZ,Not applicable [ZZ],,,,,N,N,N,Not homeless [Z],Z - Not homeless,Z,Not 504 Eligible[Z],EN,66.0,29.0,98.0,31.0,103.0,917.0,177.0,95.0,84.6,443.0,425.0,450.0,429.0,Level 4,Mid or Above Grade Level
1215954,341,1,F,D,Direct Cert/Free Lunch [D],White,ZZ,Not applicable [ZZ],K,K - Specific Learning Disabled,,,N,Y,N,Not homeless [Z],Z - Not homeless,Z,Not 504 Eligible[Z],EN,12.0,39.0,19.0,3.0,,705.0,106.0,21.0,33.0,359.0,350.0,351.0,359.0,Level 1,1 Grade Level Below
1215956,341,1,F,0,Paid Lunch [0],Hispanic,ZZ,Not applicable [ZZ],,,,,N,N,N,Not homeless [Z],Z - Not homeless,Z,Not 504 Eligible[Z],EN,35.0,30.0,20.0,6.0,10.0,835.0,150.0,81.0,68.5,418.0,370.0,457.0,436.0,Level 4,Mid or Above Grade Level
1216002,341,1,F,D,Direct Cert/Free Lunch [D],Hispanic,ZZ,Not applicable [ZZ],,,,,N,N,N,Not homeless [Z],Z - Not homeless,Z,Not 504 Eligible[Z],EN,22.0,24.0,31.0,9.0,5.0,756.0,123.0,50.0,50.0,413.0,412.0,459.0,429.0,Level 3,Mid or Above Grade Level
1216031,341,1,F,0,Paid Lunch [0],White,ZZ,Not applicable [ZZ],,,,,N,N,N,Not homeless [Z],Z - Not homeless,Z,Not 504 Eligible[Z],EN,56.0,38.0,40.0,,54.0,893.0,169.0,93.0,81.1,457.0,403.0,482.0,488.0,Level 5,Mid or Above Grade Level
1216039,341,1,M,0,Paid Lunch [0],White,ZZ,Not applicable [ZZ],,,,,N,N,N,Not homeless [Z],Z - Not homeless,Z,Not 504 Eligible[Z],EN,43.0,40.0,48.0,13.0,3.0,848.0,154.0,84.0,70.9,392.0,407.0,372.0,368.0,Level 3,1 Grade Level Below
1216055,341,1,F,0,Paid Lunch [0],White,ZZ,Not applicable [ZZ],,,,,N,N,N,Not homeless [Z],Z - Not homeless,Z,Not 504 Eligible[Z],EN,41.0,39.0,93.0,31.0,87.0,875.0,163.0,90.0,77.0,479.0,484.0,440.0,481.0,Level 5,Mid or Above Grade Level
1216085,341,1,F,D,Direct Cert/Free Lunch [D],White,ZZ,Not applicable [ZZ],,,,,N,N,N,Not homeless [Z],Z - Not homeless,Z,Not 504 Eligible[Z],EN,34.0,42.0,30.0,8.0,10.0,863.0,159.0,88.0,74.7,414.0,426.0,401.0,415.0,Level 4,Mid or Above Grade Level
1216123,341,2,M,F,Eligible for Free Lunch [F],Hispanic,LY,LEP in LEP classes [LY],,,,,N,N,B,Other homelessness causes [N],"N - No, Is homeless but does not meet the definiton of unaccompanied youth",Z,Not 504 Eligible[Z],SP,,,54.0,14.0,24.0,781.0,131.0,18.0,30.7,392.0,465.0,423.0,363.0,Level 2,1 Grade Level Below
1216149,341,1,M,0,Paid Lunch [0],White,ZZ,Not applicable [ZZ],K,K - Specific Learning Disabled,"F,G","F - Speech Impaired,G - Language Impaired",N,Y,N,Not homeless [Z],Z - Not homeless,Z,Not 504 Eligible[Z],EN,9.0,10.0,11.0,0.0,,691.0,101.0,17.0,29.9,366.0,356.0,350.0,371.0,Level 1,1 Grade Level Below
1216188,341,1,F,D,Direct Cert/Free Lunch [D],White,ZZ,Not applicable [ZZ],,,,,N,N,N,Not homeless [Z],Z - Not homeless,Z,Not 504 Eligible[Z],EN,50.0,42.0,25.0,6.0,3.0,779.0,131.0,61.0,55.9,387.0,417.0,358.0,416.0,Level 2,1 Grade Level Below
1216219,341,1,F,0,Paid Lunch [0],White,ZZ,Not applicable [ZZ],,,,,N,N,N,Not homeless [Z],Z - Not homeless,Z,Not 504 Eligible[Z],EN,24.0,24.0,30.0,10.0,,730.0,114.0,33.0,40.7,389.0,384.0,376.0,389.0,Level 3,1 Grade Level Below
1216226,341,1,M,D,Direct Cert/Free Lunch [D],White,ZZ,Not applicable [ZZ],,,,,N,N,B,Other homelessness causes [N],"N - No, Is homeless but does not meet the definiton of unaccompanied youth",Z,Not 504 Eligible[Z],EN,10.0,46.0,15.0,1.0,0.0,767.0,127.0,56.0,53.2,410.0,396.0,337.0,459.0,Level 3,Early On Grade Level
1216360,341,1,M,D,Direct Cert/Free Lunch [D],Other,ZZ,Not applicable [ZZ],,,,,N,N,N,Not homeless [Z],Z - Not homeless,Z,Not 504 Eligible[Z],EN,32.0,42.0,19.0,3.0,1.0,771.0,128.0,58.0,54.2,400.0,398.0,443.0,354.0,Level 4,Mid or Above Grade Level
1216361,341,1,M,0,Paid Lunch [0],Hispanic,ZZ,Not applicable [ZZ],,,,,N,N,N,Not homeless [Z],Z - Not homeless,Z,Not 504 Eligible[Z],EN,52.0,20.0,32.0,10.0,19.0,797.0,137.0,70.0,61.0,417.0,388.0,437.0,442.0,Level 5,Mid or Above Grade Level
1216362,341,1,F,D,Direct Cert/Free Lunch [D],White,ZZ,Not applicable [ZZ],F,F - Speech Impaired,,,N,Y,N,Not homeless [Z],Z - Not homeless,Z,Not 504 Eligible[Z],EN,58.0,33.0,33.0,7.0,47.0,869.0,161.0,89.0,75.8,388.0,330.0,398.0,357.0,Level 3,Early On Grade Level
1216403,341,1,F,0,Paid Lunch [0],White,ZZ,Not applicable [ZZ],,,,,N,N,N,Not homeless [Z],Z - Not homeless,Z,Not 504 Eligible[Z],EN,60.0,36.0,35.0,5.0,7.0,768.0,127.0,57.0,53.7,420.0,425.0,443.0,453.0,Level 4,Early On Grade Level
1216416,341,1,F,D,Direct Cert/Free Lunch [D],Hispanic,ZZ,Not applicable [ZZ],F,F - Speech Impaired,,,N,Y,N,Not homeless [Z],Z - Not homeless,Z,Not 504 Eligible[Z],EN,30.0,48.0,41.0,10.0,57.0,808.0,141.0,74.0,63.5,411.0,384.0,426.0,452.0,Level 5,Mid or Above Grade Level
1216417,341,1,F,0,Paid Lunch [0],White,ZZ,Not applicable [ZZ],,,,,N,N,N,Not homeless [Z],Z - Not homeless,Z,Not 504 Eligible[Z],EN,33.0,29.0,33.0,9.0,2.0,756.0,123.0,50.0,50.0,399.0,444.0,356.0,424.0,Level 2,Early On Grade Level
1216432,341,1,F,D,Direct Cert/Free Lunch [D],Black or African American,LY,LEP in LEP classes [LY],,,,,N,N,N,Not homeless [Z],Z - Not homeless,Z,Not 504 Eligible[Z],HC,2.0,3.0,3.0,0.0,,727.0,113.0,31.0,39.6,345.0,332.0,341.0,353.0,Level 1,1 Grade Level Below
1216567,341,1,F,D,Direct Cert/Free Lunch [D],Hispanic,ZZ,Not applicable [ZZ],,,,,N,N,N,Not homeless [Z],Z - Not homeless,Z,Not 504 Eligible[Z],EN,28.0,28.0,34.0,10.0,4.0,698.0,103.0,19.0,31.5,360.0,382.0,365.0,391.0,Level 1,Early On Grade Level
1216579,341,1,M,D,Direct Cert/Free Lunch [D],Black or African American,ZZ,Not applicable [ZZ],,,,,N,N,N,Not homeless [Z],Z - Not homeless,Z,Not 504 Eligible[Z],EN,21.0,21.0,10.0,0.0,,745.0,119.0,43.0,46.3,366.0,364.0,341.0,346.0,Level 1,1 Grade Level Below
1216592,341,1,F,0,Paid Lunch [0],White,ZZ,Not applicable [ZZ],,,,,N,N,N,Not homeless [Z],Z - Not homeless,Z,Not 504 Eligible[Z],EN,62.0,40.0,26.0,7.0,22.0,830.0,148.0,80.0,67.7,419.0,463.0,400.0,375.0,Level 3,Mid or Above Grade Level
1216594,341,1,M,D,Direct Cert/Free Lunch [D],Black or African American,ZZ,Not applicable [ZZ],,,,,N,N,N,Not homeless [Z],Z - Not homeless,Z,Not 504 Eligible[Z],EN,78.0,28.0,69.0,0.0,62.0,737.0,116.0,38.0,43.6,397.0,373.0,429.0,369.0,Level 5,Mid or Above Grade Level
1216634,341,1,M,0,Paid Lunch [0],White,ZZ,Not applicable [ZZ],,,,,N,N,N,Not homeless [Z],Z - Not homeless,Z,Not 504 Eligible[Z],EN,34.0,37.0,32.0,7.0,2.0,806.0,140.0,74.0,63.5,399.0,409.0,365.0,440.0,Level 2,Early On Grade Level
1216662,341,1,F,D,Direct Cert/Free Lunch [D],White,ZZ,Not applicable [ZZ],F,F - Speech Impaired,,,N,Y,N,Not homeless [Z],Z - Not homeless,Z,Not 504 Eligible[Z],EN,49.0,37.0,40.0,12.0,17.0,752.0,122.0,48.0,48.9,391.0,405.0,380.0,325.0,Level 3,Early On Grade Level
1216669,341,1,F,F,Eligible for Free Lunch [F],Hispanic,LY,LEP in LEP classes [LY],,,,,N,N,B,Other homelessness causes [N],"N - No, Is homeless but does not meet the definiton of unaccompanied youth",Z,Not 504 Eligible[Z],SP,36.0,36.0,28.0,6.0,17.0,752.0,122.0,48.0,48.9,414.0,417.0,397.0,409.0,Level 3,Mid or Above Grade Level
1216740,341,1,M,D,Direct Cert/Free Lunch [D],Hispanic,ZZ,Not applicable [ZZ],F,F - Speech Impaired,,,N,Y,N,Not homeless [Z],Z - Not homeless,Z,Not 504 Eligible[Z],EN,54.0,23.0,36.0,9.0,30.0,792.0,135.0,67.0,59.3,381.0,362.0,381.0,369.0,Level 4,Mid or Above Grade Level
1216760,341,1,M,D,Direct Cert/Free Lunch [D],Black or African American,ZZ,Not applicable [ZZ],,,,,N,N,N,Not homeless [Z],Z - Not homeless,Z,Not 504 Eligible[Z],EN,18.0,11.0,15.0,1.0,,769.0,127.0,57.0,53.7,401.0,377.0,390.0,474.0,Level 3,1 Grade Level Below
1216768,341,1,M,D,Direct Cert/Free Lunch [D],White,ZZ,Not applicable [ZZ],,,,,N,N,N,Not homeless [Z],Z - Not homeless,Z,Not 504 Eligible[Z],EN,32.0,43.0,33.0,7.0,3.0,792.0,135.0,67.0,59.3,363.0,411.0,356.0,369.0,Level 4,Early On Grade Level
1216816,341,1,F,0,Paid Lunch [0],White,ZZ,Not applicable [ZZ],,,,,N,N,N,Not homeless [Z],Z - Not homeless,Z,Not 504 Eligible[Z],EN,49.0,33.0,29.0,2.0,10.0,894.0,170.0,93.0,81.1,418.0,390.0,397.0,429.0,Level 4,Mid or Above Grade Level
1216827,341,1,F,0,Paid Lunch [0],White,ZZ,Not applicable [ZZ],,,,,N,N,N,Not homeless [Z],Z - Not homeless,Z,Not 504 Eligible[Z],EN,9.0,37.0,21.0,6.0,4.0,774.0,129.0,59.0,54.8,395.0,371.0,388.0,407.0,Level 3,1 Grade Level Below
1216855,341,1,F,3,Eligible for Reduced Lunch [3],White,ZZ,Not applicable [ZZ],,,,,N,N,N,Not homeless [Z],Z - Not homeless,Z,Not 504 Eligible[Z],EN,25.0,40.0,27.0,6.0,6.0,764.0,126.0,55.0,52.6,397.0,456.0,336.0,395.0,Level 3,Early On Grade Level
1217175,341,2,F,0,Paid Lunch [0],Black or African American,ZZ,Not applicable [ZZ],G,G - Language Impaired,F,F - Speech Impaired,N,Y,N,Not homeless [Z],Z - Not homeless,Z,Not 504 Eligible[Z],EN,,,,,,764.0,126.0,13.0,26.3,425.0,,451.0,429.0,Level 1,1 Grade Level Below
1217280,341,1,M,D,Direct Cert/Free Lunch [D],Other,ZZ,Not applicable [ZZ],,,,,N,N,B,Other homelessness causes [N],"N - No, Is homeless but does not meet the definiton of unaccompanied youth",Z,Not 504 Eligible[Z],EN,12.0,30.0,13.0,1.0,,729.0,114.0,33.0,40.7,386.0,382.0,384.0,395.0,Level 1,1 Grade Level Below
1217290,341,2,F,D,Direct Cert/Free Lunch [D],White,ZZ,Not applicable [ZZ],,,,,N,N,B,Other homelessness causes [N],"N - No, Is homeless but does not meet the definiton of unaccompanied youth",Z,Not 504 Eligible[Z],EN,,,37.0,11.0,13.0,615.0,75.0,3.0,10.4,399.0,420.0,398.0,377.0,Level 1,Early On Grade Level
1217361,341,1,M,0,Paid Lunch [0],White,ZZ,Not applicable [ZZ],,,,,N,N,N,Not homeless [Z],Z - Not homeless,Z,Not 504 Eligible[Z],EN,74.0,35.0,49.0,14.0,15.0,746.0,119.0,44.0,46.8,365.0,387.0,402.0,345.0,Level 4,Mid or Above Grade Level
1217364,341,1,F,0,Paid Lunch [0],White,ZZ,Not applicable [ZZ],,,,,N,N,N,Not homeless [Z],Z - Not homeless,Z,Not 504 Eligible[Z],EN,41.0,44.0,68.0,,61.0,864.0,159.0,88.0,74.7,447.0,459.0,492.0,404.0,Level 4,Mid or Above Grade Level
1217455,341,2,F,0,Paid Lunch [0],Hispanic,ZZ,Not applicable [ZZ],F,F - Speech Impaired,,,N,Y,N,Not homeless [Z],Z - Not homeless,Z,Not 504 Eligible[Z],EN,,,51.0,16.0,55.0,950.0,189.0,82.0,69.3,503.0,,532.0,511.0,Level 5,Mid or Above Grade Level
1217616,341,2,M,D,Direct Cert/Free Lunch [D],White,ZZ,Not applicable [ZZ],V,V - Other Health Impaired,"F,G","F - Speech Impaired,G - Language Impaired",N,Y,N,Not homeless [Z],Z - Not homeless,Z,Not 504 Eligible[Z],EN,,,70.0,21.0,49.0,933.0,183.0,76.0,64.9,509.0,,546.0,483.0,Level 3,Early On Grade Level
1217618,341,1,F,0,Paid Lunch [0],Black or African American,ZZ,Not applicable [ZZ],F,F - Speech Impaired,,,N,Y,N,Not homeless [Z],Z - Not homeless,Z,Not 504 Eligible[Z],EN,28.0,29.0,21.0,3.0,8.0,812.0,142.0,76.0,64.9,406.0,393.0,368.0,422.0,Level 4,Mid or Above Grade Level
1217622,341,1,F,0,Paid Lunch [0],Black or African American,ZZ,Not applicable [ZZ],,,,,N,N,N,Not homeless [Z],Z - Not homeless,Z,Not 504 Eligible[Z],EN,57.0,28.0,46.0,,36.0,881.0,165.0,91.0,78.2,448.0,468.0,455.0,368.0,Level 4,Mid or Above Grade Level
1217648,341,1,F,D,Direct Cert/Free Lunch [D],Other,ZZ,Not applicable [ZZ],,,,,N,N,N,Not homeless [Z],Z - Not homeless,Z,Not 504 Eligible[Z],EN,14.0,36.0,12.0,1.0,0.0,664.0,92.0,10.0,23.0,336.0,340.0,348.0,285.0,Level 2,1 Grade Level Below
1217680,341,2,F,F,Eligible for Free Lunch [F],White,ZZ,Not applicable [ZZ],K,K - Specific Learning Disabled,F,F - Speech Impaired,N,Y,N,Not homeless [Z],Z - Not homeless,Z,Not 504 Eligible[Z],EN,,,0.0,0.0,0.0,745.0,119.0,8.0,20.4,401.0,389.0,354.0,402.0,Level 1,1 Grade Level Below
1217681,341,1,F,F,Eligible for Free Lunch [F],White,ZZ,Not applicable [ZZ],K,K - Specific Learning Disabled,F,F - Speech Impaired,N,Y,N,Not homeless [Z],Z - Not homeless,Z,Not 504 Eligible[Z],EN,19.0,18.0,10.0,0.0,,724.0,112.0,29.0,38.3,397.0,386.0,354.0,413.0,Level 1,1 Grade Level Below
1217797,341,1,F,D,Direct Cert/Free Lunch [D],Black or African American,ZZ,Not applicable [ZZ],,,,,N,N,N,Not homeless [Z],Z - Not homeless,Z,Not 504 Eligible[Z],EN,46.0,40.0,57.0,18.0,30.0,813.0,142.0,76.0,64.9,417.0,411.0,427.0,381.0,Level 4,Early On Grade Level
1218107,341,1,F,D,Direct Cert/Free Lunch [D],Hispanic,LY,LEP in LEP classes [LY],,,,,N,N,N,Not homeless [Z],Z - Not homeless,Z,Not 504 Eligible[Z],EN,36.0,27.0,21.0,5.0,15.0,688.0,100.0,16.0,29.1,406.0,402.0,352.0,428.0,Level 3,Early On Grade Level
1218158,341,1,M,0,Paid Lunch [0],White,ZZ,Not applicable [ZZ],,,,,N,N,N,Not homeless [Z],Z - Not homeless,Z,Not 504 Eligible[Z],EN,3.0,17.0,6.0,0.0,,745.0,119.0,43.0,46.3,382.0,378.0,351.0,354.0,Level 1,1 Grade Level Below
1218293,341,1,M,D,Direct Cert/Free Lunch [D],Black or African American,ZZ,Not applicable [ZZ],,,,,N,N,N,Not homeless [Z],Z - Not homeless,Z,Not 504 Eligible[Z],EN,13.0,4.0,25.0,0.0,,750.0,121.0,47.0,48.4,405.0,403.0,400.0,400.0,Level 1,1 Grade Level Below
1218501,341,1,M,F,Eligible for Free Lunch [F],Black or African American,ZZ,Not applicable [ZZ],,,,,N,N,N,Not homeless [Z],Z - Not homeless,Z,Not 504 Eligible[Z],EN,32.0,5.0,23.0,,48.0,841.0,152.0,82.0,69.3,466.0,441.0,455.0,448.0,Level 4,Mid or Above Grade Level
1218508,341,2,F,F,Eligible for Free Lunch [F],White,ZZ,Tested - not eligible [TZ],,,,,N,N,N,Not homeless [Z],Z - Not homeless,Z,Not 504 Eligible[Z],SP,,,16.0,3.0,6.0,615.0,75.0,1.0,1.0,409.0,418.0,356.0,436.0,Level 1,1 Grade Level Below
1218577,341,2,M,D,Direct Cert/Free Lunch [D],Black or African American,ZZ,Not applicable [ZZ],,,,,N,N,N,Not homeless [Z],Z - Not homeless,Z,Section 504 Eligible + Plan [Y],EN,,,54.0,11.0,46.0,797.0,137.0,23.0,34.4,436.0,,423.0,453.0,Level 2,Early On Grade Level
1218652,341,2,F,F,Eligible for Free Lunch [F],Hispanic,LY,LEP in LEP classes [LY],,,,,N,N,B,Other homelessness causes [N],"N - No, Is homeless but does not meet the definiton of unaccompanied youth",Z,Not 504 Eligible[Z],SP,,,12.0,2.0,,765.0,126.0,13.0,26.3,377.0,383.0,399.0,362.0,Level 2,2 Grade Levels Below
1219619,341,1,M,0,Paid Lunch [0],White,ZZ,Not applicable [ZZ],,,,,N,N,N,Not homeless [Z],Z - Not homeless,Z,Not 504 Eligible[Z],EN,84.0,43.0,,29.0,70.0,932.0,183.0,97.0,89.6,444.0,418.0,496.0,455.0,Level 5,Mid or Above Grade Level
1220281,341,1,F,0,Paid Lunch [0],White,ZZ,Not applicable [ZZ],,,,,N,N,N,Not homeless [Z],Z - Not homeless,Z,Not 504 Eligible[Z],EN,57.0,40.0,0.0,35.0,62.0,861.0,158.0,87.0,73.7,478.0,446.0,498.0,474.0,Level 5,Mid or Above Grade Level
1220472,341,2,F,0,Paid Lunch [0],White,ZZ,Not applicable [ZZ],,,,,N,N,N,Not homeless [Z],Z - Not homeless,Z,Not 504 Eligible[Z],EN,,,30.0,8.0,37.0,830.0,148.0,35.0,41.9,462.0,,469.0,443.0,Level 4,1 Grade Level Below
1220554,341,2,M,D,Direct Cert/Free Lunch [D],Hispanic,ZZ,Tested - not eligible [TZ],,,,,N,N,B,Other homelessness causes [N],"N - No, Is homeless but does not meet the definiton of unaccompanied youth",Z,Not 504 Eligible[Z],SP,,,39.0,13.0,63.0,851.0,155.0,42.0,45.8,452.0,,455.0,449.0,Level 2,Mid or Above Grade Level
1221132,341,1,M,D,Direct Cert/Free Lunch [D],White,ZZ,Not applicable [ZZ],,,,,N,N,N,Not homeless [Z],Z - Not homeless,Z,Not 504 Eligible[Z],EN,39.0,28.0,6.0,8.0,12.0,764.0,126.0,55.0,52.6,344.0,343.0,386.0,371.0,Level 4,Mid or Above Grade Level
1221383,341,1,M,F,Eligible for Free Lunch [F],Hispanic,ZZ,Not applicable [ZZ],,,,,N,N,N,Not homeless [Z],Z - Not homeless,Z,Not 504 Eligible[Z],EN,52.0,34.0,33.0,11.0,2.0,739.0,117.0,39.0,44.1,424.0,390.0,428.0,421.0,Level 3,Early On Grade Level
1221424,341,1,F,0,Paid Lunch [0],White,ZZ,Not applicable [ZZ],,,,,N,N,N,Not homeless [Z],Z - Not homeless,Z,Not 504 Eligible[Z],EN,65.0,34.0,76.0,4.0,71.0,872.0,162.0,89.0,75.8,484.0,473.0,482.0,464.0,Level 5,Mid or Above Grade Level
1222019,341,1,M,D,Direct Cert/Free Lunch [D],White,ZZ,Not applicable [ZZ],,,,,N,N,N,Not homeless [Z],Z - Not homeless,Z,Not 504 Eligible[Z],EN,,,,,,,,,,397.0,403.0,385.0,409.0,Level 2,1 Grade Level Below
1222051,341,2,M,0,Paid Lunch [0],Hispanic,ZZ,Not applicable [ZZ],,,,,N,N,N,Not homeless [Z],Z - Not homeless,Z,Not 504 Eligible[Z],EN,,,,,,,,,,543.0,,561.0,530.0,Level 5,Mid or Above Grade Level
1222053,341,1,M,F,Eligible for Free Lunch [F],Black or African American,ZZ,Not applicable [ZZ],V,V - Other Health Impaired,,,N,Y,N,Not homeless [Z],Z - Not homeless,Z,Not 504 Eligible[Z],EN,,,,,,,,,,372.0,385.0,352.0,383.0,Level 1,1 Grade Level Below
1222219,341,2,M,D,Direct Cert/Free Lunch [D],White,ZZ,Not applicable [ZZ],K,K - Specific Learning Disabled,,,N,Y,N,Not homeless [Z],Z - Not homeless,Z,Not 504 Eligible[Z],EN,,,,,,,,,,360.0,368.0,269.0,360.0,Level 1,2 Grade Levels Below
1222727,341,1,M,0,Paid Lunch [0],White,ZZ,Not applicable [ZZ],F,F - Speech Impaired,,,N,Y,N,Not homeless [Z],Z - Not homeless,Z,Not 504 Eligible[Z],EN,,,,,,,,,,,,,,Level 1,1 Grade Level Below
1223184,341,1,F,D,Direct Cert/Free Lunch [D],Black or African American,ZZ,Not applicable [ZZ],,,,,N,N,N,Not homeless [Z],Z - Not homeless,Z,Not 504 Eligible[Z],EN,,,,,,,,,,,,,,Level 2,Early On Grade Level
1223355,341,2,F,D,Direct Cert/Free Lunch [D],White,ZZ,Not applicable [ZZ],,,,,N,N,D,Disaster-Flooding [F],"N - No, Is homeless but does not meet the definiton of unaccompanied youth",Z,Not 504 Eligible[Z],EN,,,,,,,,,,,,,,Level 1,1 Grade Level Below
1223356,341,1,F,F,Eligible for Free Lunch [F],White,ZZ,Not applicable [ZZ],,,,,N,N,D,Disaster-Flooding [F],"N - No, Is homeless but does not meet the definiton of unaccompanied youth",Z,Not 504 Eligible[Z],EN,,,,,,,,,,,,,,Level 1,1 Grade Level Below
