Index,ED,ESE,504,ELL,Sum Days Sus,ADA,PY SS,FAST PM1 SS,CY IR SS PM1,ELA QC,Port S1,CY IR SS PM2,FAST PM2 SS,CY IR SS PM3,Port S2,FAST PM3 SS,below_level_2,below_level_3
1,1,0,0,0,0,0.531791908,,211.0,555.0,85.0,75.071,,209.0,587.0,81.72275,219,0.0,0.0
2,1,0,0,0,0,0.560693642,201.0,192.0,519.0,54.0,54.701,519.0,187.0,530.0,50.4205,210,0.0,0.0
3,1,1,0,0,0,0.593023256,144.0,164.0,422.0,23.0,21.36733333,461.0,175.0,522.0,55.8825,188,0.0,1.0
4,1,0,0,0,0,0.606936416,224.0,199.0,584.0,85.0,67.66366667,547.0,195.0,532.0,55.602,196,0.0,1.0
5,0,0,0,0,0,0.636363636,,,,,,,,591.0,62.185,234,0.0,0.0
6,0,1,0,0,0,0.666666667,,,,,,,,,,169,1.0,1.0
7,1,0,0,0,0,0.676300578,190.0,,515.0,85.0,86.03966667,536.0,212.0,551.0,76.471,219,0.0,0.0
8,1,0,0,0,0,0.705202312,,173.0,464.0,69.0,71.36733333,481.0,140.0,514.0,41.91175,200,0.0,1.0
9,1,0,0,0,0,0.728323699,167.0,184.0,504.0,58.0,40.862,463.0,172.0,499.0,38.025,187,0.0,1.0
10,0,1,0,0,0,0.739130435,,,,,,,,,,173,1.0,1.0
11,1,0,0,0,1,0.739884393,174.0,177.0,462.0,54.0,49.288,486.0,185.0,493.0,33.92825,191,0.0,1.0
12,1,0,1,0,0,0.74566474,117.0,147.0,400.0,46.0,36.966,390.0,174.0,373.0,14.706,172,1.0,1.0
13,1,0,0,0,0,0.751445087,198.0,198.0,512.0,62.0,48.148,487.0,192.0,510.0,40.96625,192,0.0,1.0
14,1,1,0,0,0,0.76300578,157.0,172.0,462.0,69.0,71.36733333,481.0,198.0,553.0,74.36975,195,0.0,1.0
15,1,0,0,0,0,0.76744186,167.0,181.0,477.0,46.0,41.59566667,479.0,192.0,503.0,51.68033333,194,0.0,1.0
16,1,1,0,0,0,0.774566474,199.0,193.0,515.0,85.0,77.208,482.0,198.0,515.0,83.47333333,193,0.0,1.0
17,1,0,0,1,0,0.779141104,150.0,,335.0,,42.857,364.0,172.0,373.0,11.765,179,1.0,1.0
18,1,1,0,0,0,0.780346821,75.0,179.0,405.0,92.0,91.16833333,451.0,140.0,430.0,54.832,187,0.0,1.0
19,1,0,1,0,0,0.780346821,198.0,188.0,507.0,77.0,75.071,556.0,203.0,554.0,52.381,210,0.0,0.0
20,1,1,0,0,0,0.786127168,177.0,173.0,461.0,62.0,61.3245,413.0,180.0,474.0,68.6975,189,0.0,1.0
21,1,0,0,0,0,0.786127168,246.0,229.0,608.0,85.0,94.87166667,631.0,235.0,638.0,84.3485,257,0.0,0.0
22,1,0,0,0,0,0.786127168,139.0,160.0,399.0,31.0,20.94,407.0,164.0,472.0,33.053,173,1.0,1.0
23,1,0,0,0,0,0.791907514,162.0,183.0,478.0,46.0,46.154,500.0,172.0,507.0,38.65525,181,1.0,1.0
24,1,1,0,0,0,0.791907514,186.0,194.0,477.0,38.0,46.154,518.0,185.0,496.0,66.24633333,188,0.0,1.0
25,1,0,0,0,0,0.791907514,218.0,212.0,577.0,100.0,91.6665,580.0,212.0,618.0,92.157,234,0.0,0.0
26,0,0,0,0,0,0.791907514,187.0,197.0,,77.0,82.76333333,523.0,188.0,527.0,65.44125,212,0.0,0.0
27,1,0,0,1,0,0.791907514,184.0,189.0,511.0,69.0,65.812,518.0,205.0,539.0,72.584,222,0.0,0.0
28,1,0,0,0,0,0.795454545,,198.0,,,79.06,536.0,201.0,540.0,76.99575,216,0.0,0.0
29,1,1,0,0,0,0.797619048,,,,,,,,396.0,35.15433333,184,1.0,1.0
30,1,1,0,0,0,0.797687861,,,481.0,77.0,73.93133333,506.0,204.0,534.0,42.577,218,0.0,0.0
31,1,0,0,0,0,0.797687861,201.0,191.0,533.0,92.0,65.09966667,557.0,,561.0,77.591,225,0.0,0.0
32,0,1,0,0,0,0.797687861,162.0,159.0,401.0,69.0,63.248,469.0,196.0,514.0,61.06466667,191,0.0,1.0
33,1,0,1,1,0,0.803468208,158.0,140.0,541.0,46.0,29.05966667,479.0,159.0,469.0,35.294,196,0.0,1.0
34,1,0,0,1,0,0.803468208,180.0,187.0,484.0,77.0,64.38766667,518.0,191.0,527.0,53.22133333,210,0.0,0.0
35,1,0,0,0,0,0.803468208,,,,,83.333,,,,,191,0.0,1.0
36,1,0,0,0,0,0.80625,192.0,,478.0,54.0,52.99166667,507.0,199.0,503.0,51.54066667,199,0.0,1.0
37,1,0,1,0,0,0.809248555,,140.0,525.0,62.0,72.4355,579.0,211.0,544.0,77.17066667,217,0.0,0.0
38,1,1,0,0,0,0.809248555,170.0,152.0,481.0,69.0,61.396,502.0,177.0,515.0,41.2815,196,0.0,1.0
39,1,1,0,0,0,0.809248555,143.0,168.0,358.0,23.0,25.356,317.0,161.0,392.0,32.1425,160,1.0,1.0
40,1,0,0,0,0,0.809248555,187.0,211.0,525.0,100.0,82.76333333,559.0,214.0,581.0,82.87825,227,0.0,0.0
41,1,0,1,0,0,0.809248555,192.0,201.0,546.0,69.0,46.29633333,551.0,214.0,560.0,69.32766667,212,0.0,0.0
42,1,0,0,0,0,0.809248555,186.0,194.0,523.0,77.0,78.34766667,526.0,192.0,515.0,67.85725,204,0.0,0.0
43,1,0,0,0,0,0.809248555,188.0,182.0,496.0,85.0,78.34733333,533.0,201.0,605.0,86.1345,213,0.0,0.0
44,1,0,0,0,0,0.810344828,,,,,,,,585.0,70.588,228,0.0,0.0
45,0,1,0,0,0,0.814814815,,,,,,,,,,160,1.0,1.0
46,1,1,0,0,1,0.815028902,75.0,163.0,369.0,,28.205,436.0,176.0,512.0,43.13733333,140,1.0,1.0
47,1,0,0,0,0,0.820809249,214.0,210.0,543.0,77.0,62.53566667,582.0,201.0,580.0,82.353,234,0.0,0.0
48,1,0,0,0,0,0.820809249,148.0,170.0,472.0,38.0,34.61566667,489.0,178.0,517.0,54.30675,187,0.0,1.0
49,1,0,0,0,0,0.820809249,205.0,193.0,532.0,62.0,72.4355,540.0,212.0,553.0,53.22133333,216,0.0,0.0
50,1,0,0,0,0,0.820809249,171.0,140.0,498.0,85.0,77.635,522.0,203.0,568.0,54.30675,212,0.0,0.0
51,0,0,0,0,0,0.822429907,,,,,,550.0,201.0,571.0,90.89633333,232,0.0,0.0
52,1,1,0,0,0,0.826589595,133.0,154.0,366.0,,,374.0,147.0,385.0,,191,0.0,1.0
53,1,1,0,0,1,0.826589595,181.0,179.0,418.0,85.0,54.416,447.0,180.0,462.0,29.412,187,0.0,1.0
54,1,0,0,0,0,0.826589595,236.0,221.0,610.0,92.0,97.436,624.0,240.0,655.0,85.43433333,240,0.0,0.0
55,1,0,1,0,0,0.826589595,164.0,159.0,482.0,62.0,52.564,516.0,180.0,520.0,41.73666667,204,0.0,0.0
56,1,0,0,0,0,0.826589595,172.0,166.0,513.0,62.0,58.83166667,513.0,179.0,527.0,56.3025,214,0.0,0.0
57,1,1,0,0,0,0.831395349,149.0,171.0,418.0,46.0,36.46733333,442.0,186.0,486.0,46.63875,180,1.0,1.0
58,1,0,0,0,0,0.832369942,188.0,188.0,505.0,77.0,63.248,514.0,180.0,513.0,45.378,189,0.0,1.0
59,1,0,0,0,0,0.832369942,189.0,200.0,531.0,92.0,85.043,535.0,208.0,556.0,73.249,209,0.0,0.0
60,1,1,0,0,0,0.838150289,170.0,173.0,429.0,8.0,16.95166667,431.0,140.0,461.0,24.36966667,185,1.0,1.0
61,1,1,0,0,0,0.838150289,131.0,164.0,382.0,,22.222,372.0,140.0,494.0,,204,0.0,0.0
62,1,0,1,0,0,0.838150289,207.0,202.0,,77.0,70.65533333,539.0,195.0,539.0,68.4875,210,0.0,0.0
63,1,0,0,0,0,0.838150289,191.0,187.0,515.0,69.0,62.53566667,520.0,192.0,534.0,72.89925,217,0.0,0.0
64,0,0,0,0,0,0.838150289,207.0,191.0,531.0,77.0,73.93133333,539.0,215.0,579.0,88.23533333,215,0.0,0.0
65,1,0,0,0,0,0.838150289,209.0,214.0,534.0,85.0,67.66366667,551.0,210.0,571.0,71.74375,223,0.0,0.0
66,1,0,0,0,0,0.838150289,190.0,201.0,518.0,77.0,73.93133333,526.0,208.0,552.0,67.01675,207,0.0,0.0
67,0,0,0,0,0,0.838150289,193.0,182.0,506.0,62.0,50.377,532.0,194.0,548.0,55.147,208,0.0,0.0
68,1,0,0,1,0,0.838150289,75.0,177.0,319.0,38.0,41.453,339.0,174.0,432.0,13.0255,140,1.0,1.0
69,1,0,0,0,3,0.839506173,,,417.0,54.0,46.3675,486.0,164.0,454.0,34.55875,170,1.0,1.0
70,1,0,0,0,0,0.843930636,197.0,191.0,474.0,62.0,58.54666667,515.0,203.0,546.0,59.03375,216,0.0,0.0
71,0,0,0,0,0,0.843930636,212.0,217.0,571.0,77.0,72.07966667,581.0,218.0,565.0,79.41175,224,0.0,0.0
72,1,0,0,0,0,0.843930636,204.0,197.0,529.0,92.0,86.04,545.0,212.0,560.0,69.64275,215,0.0,0.0
73,1,0,0,1,0,0.848837209,178.0,183.0,489.0,69.0,61.111,507.0,185.0,513.0,65.406,198,0.0,1.0
74,1,1,0,0,0,0.849710983,135.0,162.0,408.0,33.0,47.222,421.0,164.0,463.0,28.046,212,0.0,0.0
75,1,1,0,0,0,0.849710983,198.0,188.0,497.0,77.0,68.80333333,498.0,198.0,542.0,55.46233333,193,0.0,1.0
76,1,1,0,0,0,0.849710983,176.0,140.0,382.0,77.0,60.684,465.0,165.0,517.0,53.6765,180,1.0,1.0
77,1,1,0,0,0,0.849710983,171.0,182.0,452.0,58.0,61.04,512.0,,502.0,46.2185,200,0.0,1.0
78,0,0,0,0,0,0.849710983,181.0,186.0,474.0,69.0,62.3935,510.0,179.0,505.0,33.08825,192,0.0,1.0
79,0,1,0,0,0,0.849710983,149.0,,361.0,,,444.0,171.0,455.0,,195,0.0,1.0
80,0,0,0,0,0,0.849710983,197.0,198.0,485.0,85.0,77.208,516.0,205.0,496.0,49.2645,209,0.0,0.0
81,1,0,0,0,0,0.849710983,216.0,214.0,580.0,100.0,88.889,590.0,214.0,593.0,78.01133333,236,0.0,0.0
82,0,0,0,0,0,0.849710983,209.0,211.0,549.0,92.0,81.624,561.0,205.0,557.0,78.78125,206,0.0,0.0
83,0,0,1,1,0,0.849710983,176.0,182.0,525.0,62.0,54.843,512.0,211.0,514.0,70.028,221,0.0,0.0
84,1,0,0,0,0,0.849710983,187.0,186.0,500.0,69.0,55.12833333,533.0,197.0,534.0,60.50425,201,0.0,0.0
85,0,1,0,0,0,0.849710983,157.0,140.0,423.0,62.0,48.148,441.0,185.0,471.0,63.44533333,180,1.0,1.0
86,1,0,0,0,0,0.85380117,216.0,212.0,547.0,100.0,97.436,591.0,223.0,603.0,81.72275,228,0.0,0.0
87,1,0,0,0,0,0.854651163,211.0,194.0,507.0,77.0,77.208,529.0,215.0,555.0,71.4285,204,0.0,0.0
88,1,1,0,0,0,0.855263158,,,,,,,,447.0,57.143,202,0.0,0.0
89,1,0,0,0,0,0.855263158,,,,,,,,475.0,39.706,194,0.0,1.0
90,0,0,0,0,0,0.855491329,170.0,173.0,475.0,77.0,51.13966667,468.0,189.0,536.0,58.7185,215,0.0,0.0
91,1,0,0,0,0,0.855491329,187.0,177.0,492.0,67.0,72.2225,529.0,189.0,528.0,46.3235,205,0.0,0.0
92,0,0,0,0,0,0.855491329,179.0,140.0,474.0,77.0,66.95166667,517.0,185.0,480.0,59.66375,175,1.0,1.0
93,1,0,0,0,0,0.855491329,,140.0,403.0,54.0,46.3675,438.0,181.0,431.0,33.47333333,170,1.0,1.0
94,1,0,0,0,0,0.855491329,200.0,181.0,512.0,69.0,61.82366667,515.0,200.0,526.0,55.182,211,0.0,0.0
95,0,0,0,1,0,0.857142857,,,,,,,,,,167,1.0,1.0
96,1,0,0,0,0,0.861271676,,199.0,509.0,62.0,53.846,518.0,206.0,530.0,47.19866667,210,0.0,0.0
97,1,1,0,0,0,0.861271676,197.0,190.0,462.0,69.0,61.5385,473.0,195.0,544.0,67.437,209,0.0,0.0
98,1,0,0,0,0,0.861271676,191.0,194.0,505.0,62.0,75.56533333,532.0,212.0,521.0,67.01675,204,0.0,0.0
99,1,0,0,0,0,0.861271676,188.0,190.0,515.0,62.0,68.803,518.0,202.0,557.0,62.28975,214,0.0,0.0
100,1,0,1,0,0,0.861271676,167.0,163.0,406.0,31.0,33.90333333,474.0,181.0,516.0,35.01366667,185,1.0,1.0
101,1,0,0,0,0,0.861271676,205.0,193.0,554.0,85.0,79.05966667,568.0,214.0,578.0,75.63033333,223,0.0,0.0
102,0,1,0,0,0,0.861271676,202.0,181.0,497.0,,71.3675,522.0,193.0,508.0,52.28475,203,0.0,0.0
103,1,0,0,0,0,0.861271676,212.0,213.0,574.0,92.0,97.436,588.0,218.0,578.0,86.44975,229,0.0,0.0
104,0,1,0,0,0,0.862318841,,,,31.0,26.49566667,415.0,176.0,489.0,31.30225,189,0.0,1.0
105,1,0,0,0,2,0.865497076,194.0,191.0,488.0,85.0,86.752,530.0,174.0,510.0,73.73975,221,0.0,0.0
106,1,1,0,0,0,0.865497076,178.0,189.0,429.0,85.0,55.84033333,462.0,190.0,475.0,59.944,198,0.0,1.0
107,1,1,0,0,0,0.867052023,165.0,175.0,494.0,85.0,60.68366667,511.0,189.0,533.0,70.86866667,208,0.0,0.0
108,1,0,0,0,0,0.867052023,146.0,148.0,399.0,,43.8035,466.0,,457.0,30.147,162,1.0,1.0
109,0,0,0,0,0,0.867052023,195.0,182.0,510.0,77.0,47.436,537.0,192.0,535.0,47.26875,205,0.0,0.0
110,1,0,0,0,0,0.867052023,173.0,140.0,487.0,62.0,49.28766667,481.0,140.0,538.0,61.06466667,202,0.0,0.0
111,1,0,0,0,0,0.867052023,212.0,180.0,526.0,77.0,72.07966667,571.0,208.0,543.0,63.3485,215,0.0,0.0
112,1,0,0,1,0,0.867052023,205.0,198.0,526.0,62.0,72.07966667,556.0,214.0,569.0,59.10366667,216,0.0,0.0
113,1,0,0,0,0,0.867052023,179.0,169.0,468.0,77.0,61.82333333,505.0,175.0,514.0,70.588,201,0.0,0.0
114,1,0,0,0,0,0.867052023,206.0,194.0,521.0,77.0,75.356,559.0,201.0,569.0,82.353,224,0.0,0.0
115,1,0,0,0,0,0.867052023,188.0,199.0,524.0,77.0,63.4615,563.0,192.0,541.0,69.958,208,0.0,0.0
116,1,0,0,0,1,0.872,169.0,184.0,463.0,31.0,23.50433333,476.0,178.0,,5.882,183,1.0,1.0
117,0,0,0,0,0,0.87283237,167.0,174.0,367.0,23.0,22.08,401.0,189.0,441.0,28.9915,179,1.0,1.0
118,1,1,0,0,0,0.87283237,194.0,196.0,530.0,85.0,85.32733333,544.0,207.0,569.0,82.03775,211,0.0,0.0
119,1,0,0,0,0,0.87283237,168.0,175.0,468.0,54.0,43.73233333,489.0,178.0,507.0,34.769,178,1.0,1.0
120,1,0,0,0,0,0.87283237,196.0,190.0,541.0,85.0,71.36733333,534.0,200.0,571.0,72.584,196,0.0,1.0
121,0,0,0,0,0,0.87283237,227.0,214.0,553.0,92.0,93.02,559.0,219.0,600.0,86.1345,240,0.0,0.0
122,1,0,0,0,0,0.87283237,183.0,200.0,529.0,85.0,75.356,531.0,206.0,556.0,67.017,229,0.0,0.0
123,1,0,0,0,0,0.87283237,176.0,189.0,499.0,77.0,55.27066667,500.0,195.0,484.0,54.83175,211,0.0,0.0
124,1,0,0,0,0,0.87283237,179.0,183.0,534.0,85.0,74.64366667,533.0,201.0,525.0,55.4625,209,0.0,0.0
125,1,0,0,0,0,0.87283237,184.0,178.0,491.0,77.0,78.34766667,522.0,201.0,550.0,57.423,211,0.0,0.0
126,1,0,0,0,0,0.87283237,163.0,180.0,411.0,46.0,54.13133333,502.0,182.0,527.0,36.27433333,200,0.0,1.0
127,0,0,0,0,0,0.876811594,,143.0,,,42.5215,480.0,177.0,528.0,43.38225,204,0.0,0.0
128,1,0,0,0,0,0.877192982,196.0,206.0,535.0,85.0,92.30766667,579.0,213.0,550.0,80.252,219,0.0,0.0
129,0,0,0,0,0,0.877906977,,192.0,527.0,69.0,73.21933333,550.0,213.0,568.0,80.56725,222,0.0,0.0
130,1,0,0,0,0,0.878612717,161.0,189.0,501.0,85.0,81.62366667,517.0,192.0,540.0,59.804,221,0.0,0.0
131,1,1,0,0,0,0.878612717,149.0,172.0,409.0,54.0,41.59566667,474.0,167.0,512.0,68.0675,198,0.0,1.0
132,1,1,0,0,0,0.878612717,189.0,175.0,485.0,69.0,59.6155,495.0,183.0,471.0,,196,0.0,1.0
133,1,0,0,0,0,0.878612717,194.0,202.0,536.0,92.0,86.752,551.0,217.0,559.0,78.32175,206,0.0,0.0
134,1,0,0,0,0,0.878612717,216.0,197.0,562.0,100.0,86.752,594.0,217.0,600.0,85.85433333,233,0.0,0.0
135,0,0,0,0,0,0.878612717,195.0,197.0,534.0,92.0,73.50433333,563.0,209.0,557.0,58.824,207,0.0,0.0
136,1,0,0,0,0,0.878612717,210.0,217.0,536.0,85.0,75.78333333,550.0,223.0,579.0,75.21,222,0.0,0.0
137,0,0,0,0,0,0.878612717,189.0,197.0,513.0,92.0,77.92033333,515.0,206.0,535.0,68.48733333,221,0.0,0.0
138,0,0,0,0,0,0.878612717,203.0,193.0,517.0,85.0,77.635,557.0,193.0,557.0,72.89925,204,0.0,0.0
139,1,1,0,0,0,0.878612717,197.0,195.0,518.0,92.0,87.8205,538.0,172.0,538.0,36.1345,213,0.0,0.0
140,1,0,0,0,0,0.883040936,187.0,189.0,518.0,85.0,75.78333333,499.0,190.0,554.0,74.0545,192,0.0,1.0
141,1,1,0,0,3,0.88372093,186.0,204.0,521.0,85.0,82.735,550.0,202.0,576.0,71.70866667,218,0.0,0.0
142,0,0,1,0,0,0.88372093,185.0,140.0,488.0,69.0,61.396,514.0,190.0,548.0,65.406,199,0.0,1.0
143,1,0,0,0,0,0.884393064,199.0,182.0,499.0,77.0,57.26466667,509.0,187.0,520.0,49.1595,188,0.0,1.0
144,1,0,0,0,0,0.884393064,184.0,186.0,504.0,77.0,47.436,544.0,181.0,505.0,52.52125,204,0.0,0.0
145,1,0,0,0,0,0.884393064,199.0,190.0,504.0,75.0,75.14233333,565.0,209.0,585.0,80.56725,217,0.0,0.0
146,0,0,0,0,0,0.884393064,197.0,156.0,516.0,85.0,65.09966667,514.0,193.0,531.0,53.466,188,0.0,1.0
147,1,0,1,0,0,0.884393064,180.0,183.0,488.0,85.0,73.93133333,517.0,176.0,529.0,63.6555,200,0.0,1.0
148,1,0,0,0,0,0.884393064,182.0,191.0,481.0,54.0,54.84333333,497.0,197.0,522.0,41.70175,193,0.0,1.0
149,1,0,0,0,0,0.884393064,154.0,180.0,468.0,62.0,48.86033333,489.0,183.0,498.0,53.7815,206,0.0,0.0
150,1,1,0,0,0,0.884393064,195.0,188.0,512.0,100.0,73.93166667,533.0,183.0,554.0,69.748,214,0.0,0.0
151,1,1,0,0,0,0.884393064,158.0,173.0,441.0,92.0,83.476,486.0,171.0,557.0,74.0545,203,0.0,0.0
152,1,0,0,1,0,0.884393064,157.0,169.0,480.0,54.0,56.26766667,489.0,197.0,517.0,55.77725,201,0.0,0.0
153,1,1,0,1,0,0.884393064,75.0,164.0,381.0,15.0,39.31633333,399.0,140.0,399.0,38.51566667,181,1.0,1.0
154,1,0,0,0,0,0.884393064,180.0,193.0,477.0,62.0,71.65233333,530.0,205.0,542.0,73.21425,200,0.0,1.0
155,1,1,0,0,0,0.884393064,173.0,174.0,461.0,92.0,67.23666667,500.0,185.0,549.0,48.1095,207,0.0,0.0
156,1,0,0,0,0,0.884393064,196.0,204.0,529.0,85.0,68.091,536.0,208.0,592.0,75.84025,225,0.0,0.0
157,1,0,0,0,0,0.884393064,164.0,193.0,443.0,69.0,69.51566667,486.0,183.0,486.0,56.0925,189,0.0,1.0
158,1,0,0,0,0,0.884393064,213.0,204.0,594.0,85.0,70.65533333,555.0,214.0,606.0,93.69733333,218,0.0,0.0
159,1,0,1,0,0,0.884393064,208.0,183.0,536.0,69.0,73.21933333,542.0,198.0,600.0,71.28866667,209,0.0,0.0
160,1,1,0,0,0,0.884393064,,179.0,380.0,46.0,40.70533333,406.0,177.0,412.0,38.65525,185,1.0,1.0
161,0,1,0,0,0,0.884615385,,,,,,,,412.0,41.176,166,1.0,1.0
162,0,0,0,0,0,0.888235294,194.0,182.0,500.0,85.0,83.974,560.0,209.0,555.0,80.56725,205,0.0,0.0
163,1,1,0,0,0,0.888888889,123.0,178.0,397.0,38.0,66.95166667,415.0,175.0,433.0,45.378,182,1.0,1.0
164,0,0,0,0,0,0.89010989,,,,,,,169.0,478.0,48.03933333,210,0.0,0.0
165,1,1,0,0,0,0.89017341,177.0,187.0,486.0,62.0,69.80066667,529.0,198.0,560.0,78.01133333,191,0.0,1.0
166,1,1,0,0,0,0.89017341,191.0,192.0,431.0,69.0,59.97166667,516.0,189.0,522.0,54.06133333,216,0.0,0.0
167,1,0,1,0,0,0.89017341,162.0,176.0,442.0,85.0,61.396,490.0,171.0,588.0,53.92166667,199,0.0,1.0
168,1,1,0,0,0,0.89017341,155.0,182.0,424.0,69.0,64.67266667,442.0,176.0,485.0,50.21025,182,1.0,1.0
169,0,0,0,0,0,0.89017341,169.0,186.0,482.0,62.0,47.15066667,476.0,190.0,505.0,34.17366667,217,0.0,0.0
170,0,0,0,0,0,0.89017341,205.0,210.0,543.0,100.0,97.222,558.0,210.0,567.0,83.89366667,221,0.0,0.0
171,1,0,0,0,0,0.89017341,191.0,190.0,551.0,85.0,74.64366667,499.0,175.0,519.0,33.92825,195,0.0,1.0
172,1,0,0,0,0,0.89017341,205.0,180.0,511.0,46.0,46.29633333,517.0,193.0,528.0,64.601,209,0.0,0.0
173,0,0,0,0,0,0.89017341,197.0,194.0,539.0,69.0,64.38766667,533.0,210.0,559.0,67.787,218,0.0,0.0
174,1,0,0,0,0,0.89017341,182.0,177.0,484.0,54.0,46.3675,513.0,191.0,507.0,31.092,202,0.0,0.0
175,1,0,0,0,0,0.89017341,198.0,209.0,525.0,92.0,76.49566667,552.0,209.0,544.0,77.626,217,0.0,0.0
176,1,0,0,0,0,0.89017341,181.0,175.0,506.0,77.0,79.638,520.0,186.0,512.0,43.2775,187,0.0,1.0
177,0,0,0,0,0,0.89017341,183.0,174.0,435.0,77.0,72.07966667,490.0,181.0,526.0,59.559,206,0.0,0.0
178,1,0,0,0,0,0.89017341,193.0,184.0,493.0,77.0,71.36733333,533.0,192.0,557.0,68.6975,208,0.0,0.0
179,1,0,0,0,2,0.89017341,177.0,183.0,461.0,62.0,52.99133333,519.0,192.0,515.0,83.47333333,189,0.0,1.0
180,0,0,0,0,0,0.89017341,224.0,221.0,598.0,92.0,97.436,614.0,250.0,632.0,89.391,256,0.0,0.0
181,1,0,1,1,0,0.89017341,147.0,140.0,421.0,62.0,45.15666667,468.0,181.0,486.0,47.059,181,1.0,1.0
182,1,0,0,0,0,0.89017341,174.0,187.0,465.0,23.0,29.77233333,486.0,170.0,515.0,52.206,186,0.0,1.0
183,1,0,0,0,0,0.89017341,186.0,188.0,511.0,92.0,77.208,516.0,193.0,527.0,64.916,202,0.0,0.0
184,1,0,0,0,0,0.89017341,210.0,189.0,513.0,100.0,87.89166667,571.0,208.0,572.0,56.0925,210,0.0,0.0
185,0,0,0,0,0,0.89017341,188.0,183.0,513.0,85.0,73.50433333,521.0,194.0,547.0,76.15575,227,0.0,0.0
186,1,0,0,1,0,0.89017341,,140.0,301.0,,,311.0,166.0,340.0,30.8825,166,1.0,1.0
187,1,0,0,1,0,0.894736842,183.0,195.0,511.0,85.0,73.93133333,520.0,203.0,547.0,62.92,217,0.0,0.0
188,0,0,1,0,0,0.895348837,215.0,214.0,588.0,100.0,93.01966667,595.0,220.0,598.0,83.89333333,225,0.0,0.0
189,0,0,0,0,0,0.895348837,214.0,167.0,517.0,77.0,73.21933333,542.0,204.0,570.0,83.47333333,218,0.0,0.0
190,1,1,0,0,5,0.895953757,127.0,182.0,455.0,69.0,70.94033333,463.0,180.0,525.0,77.521,185,1.0,1.0
191,1,0,1,0,0,0.895953757,178.0,179.0,491.0,77.0,58.82366667,489.0,189.0,504.0,52.83625,207,0.0,0.0
192,1,1,0,0,0,0.895953757,156.0,173.0,429.0,69.0,39.31633333,456.0,174.0,522.0,38.65533333,179,1.0,1.0
193,1,1,0,0,0,0.895953757,179.0,199.0,516.0,85.0,78.4185,534.0,203.0,562.0,68.0675,215,0.0,0.0
194,1,1,0,0,2,0.895953757,130.0,149.0,370.0,,,416.0,165.0,423.0,,140,1.0,1.0
195,1,0,0,0,0,0.895953757,153.0,172.0,426.0,38.0,43.44733333,474.0,172.0,515.0,60.18925,199,0.0,1.0
196,0,1,0,0,0,0.895953757,218.0,199.0,561.0,100.0,88.604,561.0,212.0,587.0,75.63033333,239,0.0,0.0
197,1,0,0,0,0,0.895953757,201.0,201.0,516.0,85.0,78.34733333,523.0,192.0,567.0,77.591,217,0.0,0.0
198,1,0,0,0,0,0.895953757,208.0,185.0,505.0,85.0,84.61533333,541.0,213.0,,70.5885,214,0.0,0.0
199,0,0,0,0,0,0.895953757,180.0,211.0,529.0,77.0,80.128,558.0,215.0,551.0,75.525,217,0.0,0.0
200,1,0,0,0,0,0.895953757,186.0,194.0,512.0,,47.009,530.0,204.0,543.0,68.62766667,213,0.0,0.0
201,1,0,0,0,0,0.895953757,146.0,165.0,460.0,54.0,63.675,503.0,187.0,509.0,56.0925,199,0.0,1.0
202,1,0,0,0,0,0.895953757,187.0,184.0,503.0,77.0,64.38766667,530.0,198.0,538.0,65.82633333,203,0.0,0.0
203,1,0,0,0,0,0.895953757,195.0,193.0,538.0,62.0,51.13933333,540.0,202.0,561.0,46.954,222,0.0,0.0
204,1,0,0,0,0,0.895953757,163.0,181.0,475.0,46.0,55.983,517.0,177.0,508.0,31.82775,203,0.0,0.0
205,1,0,0,0,0,0.895953757,166.0,173.0,453.0,69.0,59.97166667,523.0,182.0,514.0,56.0925,215,0.0,0.0
206,1,0,0,0,5,0.895953757,206.0,199.0,532.0,85.0,76.49533333,568.0,202.0,538.0,71.11325,209,0.0,0.0
207,1,0,0,0,0,0.895953757,227.0,226.0,579.0,100.0,88.604,581.0,226.0,613.0,86.27433333,241,0.0,0.0
208,0,0,0,0,0,0.895953757,211.0,203.0,531.0,92.0,77.06566667,565.0,206.0,549.0,67.85725,230,0.0,0.0
209,0,0,0,0,0,0.895953757,161.0,191.0,504.0,31.0,35.32733333,519.0,190.0,525.0,44.958,213,0.0,0.0
210,1,0,0,0,0,0.897058824,,,,,,,,533.0,39.0755,200,0.0,1.0
211,0,0,0,0,0,0.9,,190.0,,,64.7435,542.0,219.0,578.0,65.406,210,0.0,0.0
212,0,0,0,0,0,0.901162791,207.0,181.0,514.0,69.0,66.95166667,520.0,198.0,530.0,71.74375,214,0.0,0.0
213,1,0,0,0,0,0.901162791,179.0,180.0,483.0,54.0,52.99166667,515.0,187.0,523.0,83.47333333,216,0.0,0.0
214,1,1,0,0,0,0.901734104,148.0,182.0,463.0,92.0,63.96033333,440.0,179.0,476.0,49.26475,179,1.0,1.0
215,1,1,0,0,0,0.901734104,152.0,174.0,431.0,62.0,40.45566667,463.0,171.0,515.0,34.559,211,0.0,0.0
216,0,1,0,0,0,0.901734104,157.0,174.0,441.0,38.0,40.17133333,467.0,182.0,539.0,44.25766667,174,1.0,1.0
217,0,1,0,0,0,0.901734104,194.0,198.0,485.0,100.0,94.4445,561.0,216.0,590.0,78.7815,218,0.0,0.0
218,0,0,0,0,0,0.901734104,205.0,213.0,540.0,69.0,66.95166667,545.0,223.0,568.0,90.546,219,0.0,0.0
219,1,0,0,0,0,0.901734104,180.0,175.0,520.0,54.0,43.01966667,473.0,184.0,506.0,37.71,172,1.0,1.0
220,0,0,0,0,0,0.901734104,198.0,226.0,524.0,77.0,75.071,552.0,225.0,576.0,73.5295,218,0.0,0.0
221,0,0,0,0,0,0.901734104,200.0,200.0,550.0,62.0,79.487,548.0,209.0,568.0,67.78733333,218,0.0,0.0
222,1,1,0,0,0,0.901734104,206.0,193.0,528.0,92.0,76.49566667,543.0,207.0,581.0,68.17225,215,0.0,0.0
223,0,0,0,0,0,0.901734104,217.0,224.0,563.0,85.0,79.05966667,564.0,231.0,576.0,75.63033333,233,0.0,0.0
224,1,1,0,0,0,0.901734104,170.0,140.0,450.0,77.0,79.33633333,530.0,181.0,475.0,42.22675,140,1.0,1.0
225,0,0,0,0,0,0.901734104,191.0,195.0,511.0,100.0,85.32733333,539.0,203.0,571.0,86.1345,224,0.0,0.0
226,0,0,0,0,0,0.901734104,206.0,206.0,585.0,100.0,86.04,597.0,219.0,609.0,83.50825,213,0.0,0.0
227,1,0,0,0,0,0.901734104,198.0,187.0,534.0,69.0,70.7265,530.0,194.0,573.0,65.1265,212,0.0,0.0
228,1,0,0,0,0,0.901734104,,160.0,462.0,42.0,41.52433333,477.0,176.0,532.0,53.99175,186,0.0,1.0
229,1,0,0,0,0,0.901734104,177.0,171.0,435.0,38.0,51.56733333,489.0,195.0,523.0,44.853,197,0.0,1.0
230,0,0,0,0,0,0.901734104,,200.0,516.0,85.0,79.772,577.0,197.0,587.0,80.8825,230,0.0,0.0
231,1,0,0,0,0,0.901734104,208.0,200.0,551.0,100.0,85.641,550.0,206.0,596.0,93.69766667,219,0.0,0.0
232,0,0,0,0,0,0.901734104,165.0,202.0,554.0,92.0,70.584,591.0,220.0,604.0,71.11325,243,0.0,0.0
233,1,0,0,0,1,0.901734104,,190.0,498.0,77.0,69.08833333,533.0,187.0,517.0,51.5755,196,0.0,1.0
234,1,1,0,0,0,0.901960784,,,,,,,,,,175,1.0,1.0
235,1,0,0,0,0,0.902439024,,,507.0,77.0,66.23933333,535.0,202.0,596.0,54.307,209,0.0,0.0
236,1,0,0,0,0,0.902777778,,179.0,,62.0,67.66366667,496.0,182.0,515.0,55.46225,189,0.0,1.0
237,0,0,0,1,0,0.903225806,,,,,,,,,,184,1.0,1.0
238,1,0,0,1,0,0.903703704,189.0,193.0,508.0,,,,183.0,543.0,46.07833333,209,0.0,0.0
239,1,0,0,0,0,0.906432749,195.0,197.0,521.0,77.0,85.32733333,521.0,202.0,592.0,81.7225,218,0.0,0.0
240,1,0,0,0,0,0.906976744,215.0,194.0,550.0,85.0,75.78333333,555.0,198.0,584.0,70.86866667,206,0.0,0.0
241,1,0,1,0,0,0.906976744,177.0,173.0,471.0,46.0,57.40733333,517.0,181.0,522.0,29.55166667,203,0.0,0.0
242,1,0,0,0,0,0.906976744,187.0,183.0,500.0,62.0,64.55466667,517.0,185.0,527.0,56.933,203,0.0,0.0
243,1,1,0,0,0,0.907514451,153.0,140.0,439.0,46.0,43.44733333,468.0,182.0,481.0,41.3865,202,0.0,0.0
244,1,0,1,0,0,0.907514451,188.0,171.0,475.0,77.0,52.13666667,499.0,177.0,530.0,63.4455,182,1.0,1.0
245,1,0,0,0,1,0.907514451,170.0,140.0,463.0,69.0,47.00866667,520.0,183.0,501.0,34.31366667,197,0.0,1.0
246,1,1,0,0,0,0.907514451,215.0,188.0,525.0,,0.0,513.0,197.0,560.0,71.429,212,0.0,0.0
247,1,0,0,0,0,0.907514451,194.0,190.0,516.0,69.0,61.396,525.0,200.0,532.0,73.66933333,215,0.0,0.0
248,1,0,0,0,0,0.907514451,193.0,189.0,499.0,77.0,73.93133333,519.0,200.0,530.0,68.1725,211,0.0,0.0
249,1,0,0,0,0,0.907514451,204.0,182.0,530.0,100.0,88.604,569.0,225.0,584.0,77.311,233,0.0,0.0
250,0,1,0,0,0,0.907514451,172.0,196.0,511.0,100.0,91.168,532.0,199.0,540.0,81.0925,204,0.0,0.0
251,0,0,1,0,0,0.907514451,178.0,163.0,471.0,69.0,67.66366667,515.0,181.0,523.0,61.44975,211,0.0,0.0
252,0,0,1,0,0,0.907514451,204.0,212.0,527.0,92.0,82.76333333,569.0,208.0,571.0,86.76475,221,0.0,0.0
253,1,0,0,0,0,0.907514451,199.0,195.0,537.0,85.0,85.32733333,542.0,202.0,565.0,83.5085,215,0.0,0.0
254,0,0,0,0,0,0.907514451,162.0,175.0,429.0,69.0,67.66366667,485.0,187.0,518.0,41.59675,196,0.0,1.0
255,1,0,0,0,0,0.907514451,169.0,180.0,465.0,54.0,53.70366667,492.0,180.0,507.0,55.182,191,0.0,1.0
256,1,0,0,0,0,0.907514451,236.0,218.0,551.0,92.0,96.154,595.0,201.0,604.0,68.80275,221,0.0,0.0
257,0,0,1,0,0,0.907514451,153.0,167.0,451.0,85.0,79.772,512.0,207.0,540.0,61.3445,207,0.0,0.0
258,1,0,0,0,0,0.907514451,210.0,185.0,567.0,92.0,83.476,545.0,210.0,546.0,86.27466667,229,0.0,0.0
259,1,0,1,0,1,0.907514451,176.0,187.0,490.0,54.0,54.416,513.0,188.0,496.0,55.4625,219,0.0,0.0
260,1,0,0,0,0,0.907514451,,162.0,434.0,54.0,37.17933333,468.0,167.0,477.0,34.2435,181,1.0,1.0
261,0,0,0,0,0,0.907514451,,192.0,499.0,69.0,76.49566667,520.0,201.0,557.0,69.643,221,0.0,0.0
262,1,0,0,0,0,0.907514451,191.0,205.0,536.0,85.0,73.21933333,558.0,207.0,547.0,73.24933333,224,0.0,0.0
263,1,0,0,0,0,0.907514451,206.0,201.0,514.0,62.0,61.82333333,559.0,209.0,586.0,74.05475,224,0.0,0.0
264,0,0,0,0,0,0.907514451,163.0,179.0,441.0,31.0,40.45566667,422.0,164.0,445.0,41.5965,154,1.0,1.0
265,1,0,0,0,0,0.907894737,,,,,,,,513.0,73.3195,213,0.0,0.0
266,1,0,1,0,3,0.908045977,164.0,140.0,452.0,38.0,41.453,508.0,180.0,492.0,35.50425,203,0.0,0.0
267,1,0,0,0,0,0.909090909,,175.0,,77.0,71.36733333,508.0,195.0,515.0,70.273,195,0.0,1.0
268,1,0,0,1,0,0.910447761,,,,,30.983,447.0,140.0,450.0,42.227,173,1.0,1.0
269,0,1,0,0,0,0.912280702,199.0,140.0,470.0,77.0,77.635,548.0,171.0,547.0,69.85275,217,0.0,0.0
270,1,1,0,0,0,0.912790698,155.0,195.0,478.0,85.0,59.54433333,525.0,201.0,511.0,52.206,216,0.0,0.0
271,0,0,0,0,2,0.912790698,197.0,199.0,521.0,69.0,58.547,519.0,195.0,540.0,64.60075,208,0.0,0.0
272,1,1,0,0,0,0.913043478,167.0,,,,,,,507.0,39.35533333,201,0.0,0.0
273,1,0,1,0,0,0.913043478,,183.0,,,15.385,486.0,140.0,497.0,44.538,227,0.0,0.0
274,1,0,0,0,0,0.913294798,177.0,175.0,450.0,8.0,20.5125,475.0,158.0,507.0,37.402,191,0.0,1.0
275,1,1,0,0,0,0.913294798,171.0,169.0,393.0,62.0,37.506,401.0,140.0,458.0,45.168,177,1.0,1.0
276,1,0,0,0,0,0.913294798,190.0,191.0,510.0,46.0,52.99166667,511.0,193.0,510.0,43.69733333,207,0.0,0.0
277,1,1,0,0,0,0.913294798,175.0,184.0,403.0,62.0,51.852,470.0,190.0,530.0,38.93533333,196,0.0,1.0
278,0,1,0,0,0,0.913294798,155.0,167.0,382.0,62.0,61.538,391.0,140.0,440.0,,186,0.0,1.0
279,1,0,1,0,0,0.913294798,191.0,194.0,519.0,77.0,68.09133333,540.0,210.0,570.0,69.328,192,0.0,1.0
280,1,0,0,1,0,0.913294798,175.0,164.0,433.0,62.0,39.316,489.0,185.0,527.0,41.03666667,203,0.0,0.0
281,0,1,0,0,0,0.913294798,138.0,140.0,427.0,15.0,34.6155,418.0,179.0,495.0,32.45775,181,1.0,1.0
282,1,0,0,0,0,0.913294798,196.0,206.0,537.0,92.0,84.188,527.0,203.0,600.0,85.29425,213,0.0,0.0
283,0,0,0,0,0,0.913294798,225.0,208.0,574.0,92.0,82.76333333,562.0,219.0,577.0,77.62625,215,0.0,0.0
284,1,0,0,0,0,0.913294798,,207.0,534.0,85.0,71.36733333,571.0,219.0,598.0,68.8025,209,0.0,0.0
285,1,1,0,1,0,0.913294798,162.0,146.0,448.0,62.0,44.15966667,454.0,140.0,514.0,49.0545,192,0.0,1.0
286,0,1,0,0,0,0.913294798,208.0,199.0,521.0,92.0,80.91166667,574.0,198.0,569.0,88.23525,224,0.0,0.0
287,1,0,0,0,0,0.913294798,181.0,182.0,468.0,54.0,44.44433333,513.0,194.0,516.0,39.28575,201,0.0,0.0
288,1,0,1,0,0,0.913294798,176.0,140.0,455.0,46.0,30.19933333,463.0,174.0,520.0,40.196,209,0.0,0.0
289,1,1,0,0,0,0.913294798,180.0,182.0,457.0,62.0,30.769,497.0,180.0,480.0,42.15666667,187,0.0,1.0
290,1,0,0,0,0,0.913294798,218.0,206.0,555.0,100.0,93.73233333,580.0,234.0,592.0,83.8235,232,0.0,0.0
291,0,0,0,0,0,0.913294798,203.0,218.0,569.0,92.0,80.91166667,576.0,223.0,586.0,85.29425,235,0.0,0.0
292,1,0,0,0,0,0.913294798,176.0,192.0,481.0,62.0,55.84,512.0,169.0,526.0,40.441,193,0.0,1.0
293,0,0,0,0,0,0.913294798,210.0,201.0,517.0,85.0,82.76333333,551.0,210.0,553.0,75.52525,218,0.0,0.0
294,1,0,0,0,0,0.913294798,194.0,199.0,531.0,69.0,54.84333333,549.0,214.0,570.0,70.58833333,210,0.0,0.0
295,1,0,0,0,0,0.913294798,178.0,186.0,454.0,69.0,46.58133333,503.0,185.0,517.0,63.7605,207,0.0,0.0
296,0,0,0,0,0,0.913294798,186.0,194.0,506.0,46.0,59.25933333,532.0,188.0,538.0,55.882,201,0.0,0.0
297,0,0,0,0,0,0.913294798,159.0,175.0,473.0,38.0,42.308,497.0,186.0,544.0,61.66,208,0.0,0.0
298,1,0,1,0,0,0.913294798,167.0,175.0,462.0,62.0,72.07966667,487.0,184.0,478.0,29.55166667,183,1.0,1.0
299,1,0,0,0,0,0.913294798,,205.0,525.0,100.0,88.889,556.0,218.0,578.0,59.8735,227,0.0,0.0
300,1,0,0,0,0,0.913294798,,184.0,517.0,85.0,86.03966667,549.0,206.0,542.0,73.73975,222,0.0,0.0
301,1,1,0,0,0,0.917159763,140.0,156.0,395.0,25.0,39.245,407.0,166.0,476.0,25.20966667,170,1.0,1.0
302,1,0,0,0,0,0.918604651,187.0,194.0,522.0,85.0,73.50433333,521.0,203.0,571.0,75.21,213,0.0,0.0
303,1,1,0,0,0,0.919075145,158.0,184.0,415.0,23.0,26.211,486.0,156.0,493.0,59.94366667,166,1.0,1.0
304,0,0,0,0,0,0.919075145,174.0,181.0,468.0,85.0,72.07966667,513.0,190.0,518.0,74.36975,196,0.0,1.0
305,1,0,0,0,0,0.919075145,,203.0,525.0,92.0,90.45566667,592.0,210.0,568.0,71.4285,218,0.0,0.0
306,1,0,1,0,0,0.919075145,199.0,181.0,477.0,77.0,72.07966667,518.0,186.0,532.0,53.64133333,209,0.0,0.0
307,0,0,0,0,0,0.919075145,169.0,170.0,441.0,38.0,30.912,487.0,179.0,484.0,55.252,195,0.0,1.0
308,1,0,0,0,0,0.919075145,207.0,207.0,524.0,92.0,80.91166667,549.0,209.0,542.0,71.70866667,216,0.0,0.0
309,1,0,0,0,0,0.919075145,208.0,199.0,530.0,85.0,76.49533333,550.0,199.0,595.0,70.86866667,216,0.0,0.0
310,1,0,0,0,0,0.919075145,169.0,182.0,488.0,69.0,56.98033333,526.0,190.0,497.0,54.93675,209,0.0,0.0
311,1,0,0,0,0,0.919075145,133.0,176.0,433.0,15.0,22.08,479.0,185.0,476.0,66.1765,196,0.0,1.0
312,1,0,0,0,0,0.919075145,194.0,182.0,525.0,85.0,74.359,544.0,196.0,547.0,67.85725,218,0.0,0.0
313,0,0,0,0,1,0.919075145,171.0,172.0,443.0,38.0,39.03166667,479.0,169.0,507.0,48.9495,184,1.0,1.0
314,0,0,0,0,0,0.919075145,162.0,166.0,454.0,62.0,54.416,489.0,144.0,511.0,58.08825,188,0.0,1.0
315,1,0,0,0,0,0.919075145,187.0,197.0,467.0,77.0,60.684,534.0,199.0,561.0,58.4035,200,0.0,1.0
316,1,0,0,1,0,0.919075145,159.0,140.0,471.0,62.0,58.547,488.0,170.0,511.0,34.296,200,0.0,1.0
317,1,0,0,0,0,0.919075145,182.0,215.0,531.0,92.0,84.188,557.0,213.0,582.0,71.4285,211,0.0,0.0
318,1,0,0,0,0,0.919075145,226.0,198.0,563.0,85.0,76.06833333,561.0,193.0,561.0,53.15125,207,0.0,0.0
319,0,0,1,0,0,0.919075145,176.0,193.0,517.0,62.0,62.963,535.0,211.0,594.0,60.189,218,0.0,0.0
320,0,0,0,0,0,0.919075145,,,513.0,100.0,82.33633333,554.0,210.0,563.0,86.7645,240,0.0,0.0
321,1,0,0,0,0,0.922619048,209.0,184.0,513.0,69.0,71.36733333,553.0,204.0,586.0,80.8825,227,0.0,0.0
322,1,0,0,0,0,0.924418605,220.0,202.0,557.0,92.0,85.36333333,579.0,226.0,558.0,72.269,232,0.0,0.0
323,0,0,0,0,0,0.924418605,220.0,220.0,545.0,92.0,77.208,570.0,206.0,604.0,82.169,216,0.0,0.0
324,1,0,0,0,0,0.924418605,205.0,199.0,522.0,85.0,73.21933333,571.0,198.0,538.0,63.7605,219,0.0,0.0
325,0,0,0,0,0,0.924418605,207.0,202.0,541.0,92.0,75.78366667,572.0,214.0,590.0,78.7815,243,0.0,0.0
326,1,0,0,0,0,0.924855491,177.0,150.0,448.0,62.0,60.68366667,487.0,176.0,513.0,46.53375,194,0.0,1.0
327,1,0,0,0,0,0.924855491,200.0,183.0,485.0,69.0,73.5045,523.0,189.0,496.0,56.61775,181,1.0,1.0
328,1,1,0,0,0,0.924855491,158.0,184.0,458.0,46.0,48.148,485.0,173.0,523.0,44.11766667,192,0.0,1.0
329,1,0,1,0,0,0.924855491,196.0,140.0,491.0,69.0,56.69533333,510.0,179.0,574.0,51.96066667,201,0.0,0.0
330,0,0,0,0,0,0.924855491,197.0,198.0,515.0,69.0,67.66366667,535.0,203.0,547.0,76.47075,212,0.0,0.0
331,1,1,0,0,4,0.924855491,175.0,183.0,487.0,62.0,64.38733333,511.0,203.0,529.0,48.4245,206,0.0,0.0
332,1,0,0,0,0,0.924855491,208.0,201.0,533.0,85.0,84.18766667,585.0,212.0,574.0,90.196,240,0.0,0.0
333,0,1,0,1,0,0.924855491,128.0,161.0,422.0,15.0,21.36766667,452.0,165.0,498.0,32.353,170,1.0,1.0
334,1,0,0,0,0,0.924855491,145.0,140.0,380.0,85.0,58.11966667,478.0,177.0,438.0,23.00425,178,1.0,1.0
335,0,0,0,0,0,0.924855491,174.0,159.0,475.0,31.0,34.90033333,512.0,165.0,520.0,38.65566667,189,0.0,1.0
336,1,1,0,0,0,0.924855491,148.0,175.0,460.0,69.0,70.94033333,550.0,165.0,516.0,45.772,219,0.0,0.0
337,0,0,0,0,0,0.924855491,232.0,225.0,642.0,92.0,90.45566667,662.0,241.0,665.0,82.038,237,0.0,0.0
338,0,0,0,0,0,0.924855491,182.0,193.0,517.0,92.0,63.96033333,516.0,199.0,591.0,71.6385,210,0.0,0.0
339,0,0,1,0,0,0.924855491,226.0,207.0,597.0,100.0,77.63533333,593.0,223.0,580.0,80.88225,233,0.0,0.0
340,0,0,0,0,0,0.924855491,210.0,202.0,521.0,92.0,82.33633333,565.0,203.0,570.0,80.29425,219,0.0,0.0
341,1,0,1,0,0,0.924855491,198.0,214.0,586.0,85.0,80.91166667,590.0,214.0,580.0,80.39233333,225,0.0,0.0
342,0,0,0,0,0,0.924855491,206.0,206.0,571.0,92.0,86.04,571.0,219.0,576.0,89.35566667,230,0.0,0.0
343,1,0,0,0,0,0.924855491,190.0,181.0,488.0,92.0,72.08,516.0,206.0,555.0,75.1575,212,0.0,0.0
344,1,0,1,0,0,0.924855491,197.0,167.0,472.0,92.0,76.325,502.0,180.0,517.0,59.52366667,207,0.0,0.0
345,1,0,0,0,0,0.924855491,146.0,154.0,454.0,46.0,58.11966667,467.0,146.0,518.0,35.92425,212,0.0,0.0
346,1,0,0,0,0,0.924855491,175.0,175.0,497.0,54.0,48.86033333,485.0,203.0,508.0,62.0535,198,0.0,1.0
347,1,0,0,0,0,0.924855491,203.0,184.0,521.0,62.0,52.99133333,524.0,191.0,538.0,60.81925,201,0.0,0.0
348,1,0,0,0,0,0.924855491,195.0,197.0,521.0,69.0,67.379,549.0,199.0,582.0,81.7225,213,0.0,0.0
349,1,0,0,0,0,0.924855491,188.0,186.0,515.0,77.0,56.69533333,513.0,188.0,523.0,69.328,191,0.0,1.0
350,1,0,0,1,0,0.924855491,147.0,177.0,443.0,38.0,35.8975,450.0,190.0,490.0,38.23533333,194,0.0,1.0
351,1,0,1,0,0,0.924855491,183.0,186.0,459.0,77.0,52.849,505.0,193.0,532.0,66.527,209,0.0,0.0
352,1,0,0,0,0,0.924855491,188.0,182.0,492.0,85.0,56.26766667,525.0,184.0,511.0,42.96925,191,0.0,1.0
353,0,1,0,0,0,0.924855491,211.0,166.0,524.0,62.0,47.43566667,489.0,195.0,528.0,70.168,204,0.0,0.0
354,0,1,0,0,0,0.924855491,157.0,140.0,418.0,85.0,69.51566667,468.0,181.0,472.0,62.605,188,0.0,1.0
355,0,0,0,0,0,0.924855491,208.0,201.0,544.0,92.0,86.04,579.0,214.0,571.0,83.19325,219,0.0,0.0
356,1,0,0,1,0,0.929411765,168.0,173.0,456.0,46.0,54.84333333,475.0,176.0,515.0,50.73525,202,0.0,0.0
357,1,0,0,1,0,0.930635838,165.0,160.0,447.0,38.0,23.50466667,474.0,175.0,472.0,35.71425,185,1.0,1.0
358,1,0,0,0,0,0.930635838,191.0,203.0,553.0,62.0,56.26766667,499.0,204.0,549.0,57.143,203,0.0,0.0
359,1,0,0,0,0,0.930635838,190.0,190.0,487.0,23.0,39.74366667,519.0,192.0,540.0,59.0205,208,0.0,0.0
360,1,1,0,0,0,0.930635838,154.0,188.0,381.0,,,457.0,187.0,486.0,,200,0.0,1.0
361,1,0,0,0,0,0.930635838,188.0,175.0,502.0,46.0,48.57566667,518.0,197.0,483.0,44.53775,200,0.0,1.0
362,1,0,0,0,0,0.930635838,,171.0,416.0,23.0,35.32766667,434.0,180.0,457.0,25.10475,182,1.0,1.0
363,1,1,0,0,0,0.930635838,177.0,184.0,476.0,31.0,35.32733333,495.0,188.0,514.0,47.339,200,0.0,1.0
364,1,0,0,0,0,0.930635838,,199.0,533.0,77.0,73.93133333,536.0,171.0,533.0,63.02533333,219,0.0,0.0
365,1,0,0,0,0,0.930635838,186.0,201.0,511.0,62.0,56.26766667,522.0,203.0,565.0,68.4875,206,0.0,0.0
366,1,0,0,0,0,0.930635838,175.0,186.0,479.0,69.0,66.95166667,516.0,189.0,561.0,81.09233333,222,0.0,0.0
367,1,0,0,0,0,0.930635838,175.0,184.0,508.0,69.0,66.95166667,526.0,190.0,543.0,54.762,203,0.0,0.0
368,1,0,1,1,0,0.930635838,163.0,170.0,469.0,33.0,53.13366667,500.0,196.0,495.0,54.83175,209,0.0,0.0
369,1,0,0,0,1,0.930635838,182.0,173.0,486.0,62.0,43.01966667,506.0,171.0,501.0,66.52666667,183,1.0,1.0
370,1,0,0,0,0,0.930635838,156.0,155.0,431.0,69.0,72.151,477.0,163.0,474.0,18.27725,175,1.0,1.0
371,1,1,0,0,0,0.930635838,190.0,189.0,463.0,54.0,56.26766667,470.0,188.0,534.0,67.332,184,1.0,1.0
372,1,0,0,0,0,0.930635838,188.0,189.0,503.0,77.0,73.93133333,494.0,186.0,521.0,37.11466667,197,0.0,1.0
373,0,1,0,0,0,0.930635838,237.0,233.0,637.0,85.0,92.30766667,615.0,233.0,644.0,84.979,246,0.0,0.0
374,0,0,0,0,0,0.930635838,192.0,186.0,515.0,92.0,63.53266667,510.0,198.0,539.0,61.3445,192,0.0,1.0
375,1,0,0,0,0,0.930635838,199.0,198.0,514.0,69.0,65.812,521.0,194.0,537.0,68.06733333,206,0.0,0.0
376,1,1,0,0,0,0.930635838,143.0,140.0,426.0,38.0,39.74366667,435.0,176.0,500.0,52.80133333,191,0.0,1.0
377,0,0,0,0,0,0.930635838,211.0,193.0,513.0,69.0,77.63533333,546.0,200.0,571.0,74.36975,207,0.0,0.0
378,0,0,0,0,0,0.930635838,217.0,217.0,573.0,100.0,77.208,592.0,222.0,586.0,78.7815,231,0.0,0.0
379,1,0,0,0,0,0.930635838,171.0,187.0,495.0,69.0,70.65533333,519.0,194.0,520.0,49.79,177,1.0,1.0
380,1,0,0,0,0,0.930635838,184.0,173.0,495.0,54.0,58.11966667,531.0,201.0,523.0,58.68366667,205,0.0,0.0
381,0,0,0,0,0,0.930635838,215.0,200.0,528.0,85.0,78.34733333,524.0,195.0,560.0,66.38675,221,0.0,0.0
382,1,0,0,1,0,0.930635838,121.0,140.0,421.0,38.0,22.792,448.0,180.0,462.0,20.168,174,1.0,1.0
383,1,0,0,0,0,0.930635838,184.0,181.0,519.0,85.0,81.62366667,528.0,199.0,548.0,74.68475,231,0.0,0.0
384,1,0,0,0,0,0.930635838,188.0,188.0,509.0,77.0,72.07966667,528.0,207.0,556.0,61.90466667,214,0.0,0.0
385,0,0,0,0,0,0.930635838,211.0,209.0,574.0,92.0,87.46466667,565.0,233.0,578.0,82.03775,218,0.0,0.0
386,1,0,0,0,0,0.930635838,197.0,202.0,542.0,85.0,87.89133333,586.0,211.0,577.0,87.92025,231,0.0,0.0
387,1,0,0,0,0,0.930635838,166.0,140.0,478.0,54.0,45.584,507.0,154.0,518.0,60.491,177,1.0,1.0
388,1,0,0,1,0,0.930635838,176.0,177.0,492.0,46.0,44.587,506.0,197.0,523.0,56.4075,193,0.0,1.0
389,1,1,0,0,0,0.930635838,157.0,159.0,425.0,23.0,30.91166667,472.0,140.0,501.0,53.04625,185,1.0,1.0
390,1,0,0,0,0,0.930635838,199.0,179.0,507.0,100.0,76.49566667,520.0,195.0,554.0,71.4285,214,0.0,0.0
391,1,0,0,1,0,0.930635838,117.0,150.0,347.0,38.0,43.44733333,380.0,179.0,404.0,59.10366667,172,1.0,1.0
392,0,0,0,0,0,0.930635838,,219.0,591.0,92.0,86.752,592.0,218.0,590.0,77.311,236,0.0,0.0
393,1,0,0,1,0,0.934131737,,,525.0,54.0,44.87166667,529.0,206.0,516.0,54.62175,204,0.0,0.0
394,1,0,0,0,0,0.934782609,,,,,,,175.0,519.0,44.3275,192,0.0,1.0
395,1,0,0,0,0,0.935672515,,140.0,462.0,85.0,67.66366667,526.0,187.0,543.0,74.5795,215,0.0,0.0
396,1,0,0,0,0,0.936046512,188.0,140.0,506.0,85.0,60.68366667,547.0,196.0,534.0,76.75066667,217,0.0,0.0
397,0,0,1,0,0,0.936046512,199.0,193.0,516.0,69.0,73.5045,512.0,207.0,525.0,66.70175,213,0.0,0.0
398,1,0,1,0,0,0.936046512,146.0,177.0,486.0,46.0,46.01133333,522.0,183.0,510.0,31.82775,183,1.0,1.0
399,0,0,0,1,0,0.936046512,194.0,213.0,516.0,62.0,60.68366667,530.0,214.0,570.0,65.86125,217,0.0,0.0
400,0,0,0,0,0,0.936046512,230.0,212.0,571.0,92.0,85.32766667,609.0,230.0,635.0,80.252,238,0.0,0.0
401,1,0,0,0,0,0.936416185,203.0,177.0,494.0,85.0,73.93133333,556.0,197.0,534.0,62.605,210,0.0,0.0
402,1,0,0,0,0,0.936416185,174.0,178.0,489.0,54.0,51.13966667,519.0,199.0,531.0,66.947,202,0.0,0.0
403,0,0,0,0,0,0.936416185,181.0,176.0,489.0,69.0,58.832,499.0,169.0,511.0,51.99575,198,0.0,1.0
404,1,0,0,0,0,0.936416185,180.0,175.0,495.0,85.0,74.64366667,517.0,189.0,559.0,61.44975,197,0.0,1.0
405,1,1,0,0,0,0.936416185,168.0,172.0,441.0,54.0,41.88033333,459.0,160.0,447.0,35.014,167,1.0,1.0
406,1,0,0,0,0,0.936416185,,182.0,462.0,54.0,53.70366667,482.0,186.0,526.0,52.20575,190,0.0,1.0
407,1,0,0,0,0,0.936416185,182.0,182.0,517.0,77.0,75.071,512.0,191.0,534.0,51.68075,203,0.0,0.0
408,1,0,0,0,0,0.936416185,172.0,173.0,479.0,54.0,44.88466667,493.0,161.0,505.0,37.185,194,0.0,1.0
409,1,0,0,0,0,0.936416185,179.0,193.0,524.0,85.0,67.66366667,541.0,202.0,527.0,52.83625,211,0.0,0.0
410,1,0,0,0,0,0.936416185,180.0,188.0,512.0,46.0,41.59566667,529.0,195.0,536.0,55.042,206,0.0,0.0
411,0,0,0,0,0,0.936416185,196.0,191.0,514.0,77.0,57.40733333,519.0,216.0,572.0,67.01675,223,0.0,0.0
412,1,1,0,0,0,0.936416185,167.0,180.0,481.0,54.0,48.57533333,487.0,187.0,519.0,53.92166667,201,0.0,0.0
413,1,0,0,0,0,0.936416185,178.0,178.0,478.0,77.0,72.792,535.0,197.0,522.0,67.85725,203,0.0,0.0
414,1,0,0,0,0,0.936416185,195.0,198.0,484.0,85.0,87.46433333,537.0,185.0,579.0,82.03775,214,0.0,0.0
415,0,1,0,0,0,0.936416185,191.0,196.0,522.0,69.0,55.84033333,533.0,206.0,518.0,60.39925,215,0.0,0.0
416,0,0,0,0,0,0.936416185,215.0,219.0,565.0,85.0,82.76333333,589.0,225.0,587.0,83.50825,231,0.0,0.0
417,1,0,0,0,0,0.936416185,191.0,184.0,502.0,77.0,70.65533333,529.0,194.0,528.0,71.42875,196,0.0,1.0
418,1,0,0,0,0,0.936416185,195.0,203.0,526.0,92.0,93.73233333,551.0,217.0,560.0,84.97925,229,0.0,0.0
419,0,0,0,0,0,0.936416185,222.0,216.0,546.0,100.0,98.148,594.0,225.0,603.0,88.23525,243,0.0,0.0
420,0,0,1,0,0,0.936416185,180.0,165.0,459.0,69.0,76.49566667,515.0,196.0,537.0,67.85725,210,0.0,0.0
421,1,0,0,0,0,0.936416185,199.0,181.0,505.0,62.0,47.43566667,510.0,197.0,521.0,69.32766667,203,0.0,0.0
422,1,0,0,0,0,0.936416185,187.0,177.0,483.0,54.0,39.316,533.0,203.0,558.0,79.41175,208,0.0,0.0
423,1,0,1,0,0,0.936416185,193.0,186.0,481.0,,63.034,518.0,184.0,529.0,60.819,195,0.0,1.0
424,0,0,0,0,0,0.936416185,209.0,183.0,518.0,92.0,75.07133333,550.0,213.0,578.0,74.0545,218,0.0,0.0
425,0,0,0,0,0,0.936416185,176.0,187.0,523.0,85.0,69.87166667,534.0,197.0,553.0,70.7985,206,0.0,0.0
426,1,0,0,0,0,0.936416185,187.0,189.0,513.0,62.0,63.675,512.0,197.0,520.0,67.227,210,0.0,0.0
427,0,0,0,0,0,0.936416185,192.0,180.0,499.0,69.0,63.248,519.0,218.0,550.0,73.21425,215,0.0,0.0
428,1,0,0,0,0,0.936416185,204.0,207.0,566.0,69.0,74.644,575.0,219.0,603.0,74.36975,227,0.0,0.0
429,1,0,1,0,0,0.936416185,173.0,172.0,449.0,62.0,48.148,471.0,162.0,492.0,34.594,206,0.0,0.0
430,1,0,0,0,0,0.936416185,125.0,180.0,456.0,85.0,82.76333333,487.0,187.0,521.0,56.72266667,199,0.0,1.0
431,1,0,1,1,0,0.936416185,172.0,172.0,480.0,85.0,63.96,484.0,192.0,518.0,45.168,193,0.0,1.0
432,1,0,0,0,0,0.936416185,207.0,203.0,550.0,85.0,87.89133333,572.0,224.0,566.0,76.4705,231,0.0,0.0
433,1,0,0,0,0,0.936416185,,194.0,489.0,73.0,68.54433333,523.0,200.0,541.0,68.17225,214,0.0,0.0
434,1,0,0,0,0,0.936416185,194.0,187.0,517.0,85.0,70.65533333,561.0,205.0,568.0,65.54625,208,0.0,0.0
435,0,0,0,0,0,0.936416185,221.0,199.0,564.0,100.0,90.45566667,585.0,223.0,578.0,80.8825,227,0.0,0.0
436,1,0,0,0,0,0.936416185,166.0,170.0,455.0,54.0,39.316,472.0,181.0,463.0,42.157,184,1.0,1.0
437,0,0,0,0,0,0.936416185,233.0,220.0,576.0,100.0,83.47566667,615.0,226.0,592.0,89.776,230,0.0,0.0
438,1,0,0,0,0,0.936416185,,183.0,479.0,62.0,53.70366667,518.0,199.0,520.0,66.387,219,0.0,0.0
439,0,0,0,0,0,0.936416185,187.0,176.0,470.0,54.0,66.239,501.0,192.0,530.0,51.99575,208,0.0,0.0
440,1,0,1,0,0,0.936416185,199.0,174.0,449.0,62.0,74.64366667,466.0,175.0,536.0,54.342,202,0.0,0.0
441,1,1,0,0,0,0.936416185,176.0,140.0,447.0,92.0,79.48733333,491.0,183.0,516.0,53.1515,191,0.0,1.0
442,0,1,0,1,0,0.936416185,,140.0,431.0,62.0,53.846,511.0,173.0,543.0,65.1265,211,0.0,0.0
443,1,0,1,0,0,0.936416185,184.0,163.0,497.0,69.0,63.96,524.0,200.0,530.0,78.7815,210,0.0,0.0
444,1,0,0,0,0,0.936416185,173.0,181.0,514.0,46.0,49.644,515.0,199.0,546.0,66.1765,216,0.0,0.0
445,1,0,0,0,0,0.936416185,156.0,140.0,422.0,23.0,24.872,452.0,186.0,432.0,36.27466667,158,1.0,1.0
446,1,0,0,0,0,0.936416185,199.0,171.0,491.0,69.0,54.41633333,514.0,193.0,513.0,51.09875,211,0.0,0.0
447,1,0,1,0,0,0.936416185,218.0,202.0,526.0,100.0,95.584,531.0,199.0,592.0,77.591,222,0.0,0.0
448,0,0,0,1,0,0.936416185,207.0,201.0,534.0,92.0,88.604,567.0,210.0,580.0,82.353,220,0.0,0.0
449,1,1,0,0,0,0.936416185,140.0,140.0,469.0,46.0,54.84333333,486.0,174.0,486.0,66.52666667,199,0.0,1.0
450,0,0,0,0,0,0.936416185,200.0,201.0,531.0,92.0,84.188,584.0,210.0,565.0,89.07575,221,0.0,0.0
451,1,0,0,1,0,0.936416185,128.0,188.0,355.0,46.0,33.476,428.0,173.0,382.0,38.2355,140,1.0,1.0
452,0,0,0,1,0,0.936416185,,161.0,393.0,15.0,51.99433333,447.0,151.0,480.0,43.27733333,190,0.0,1.0
453,1,0,0,1,0,0.936416185,,165.0,290.0,23.0,25.4275,305.0,168.0,354.0,20.5885,140,1.0,1.0
454,0,0,0,0,0,0.941520468,171.0,171.0,449.0,69.0,61.5385,479.0,175.0,528.0,58.68333333,214,0.0,0.0
455,1,0,0,0,0,0.941860465,187.0,178.0,505.0,62.0,51.13933333,506.0,186.0,498.0,44.11766667,203,0.0,0.0
456,1,0,0,0,0,0.941860465,158.0,140.0,419.0,38.0,69.231,493.0,181.0,556.0,56.30266667,216,0.0,0.0
457,1,0,0,0,0,0.941860465,193.0,207.0,530.0,92.0,77.92033333,526.0,204.0,554.0,52.73125,213,0.0,0.0
458,0,1,0,1,4,0.941860465,115.0,183.0,398.0,0.0,11.82333333,404.0,171.0,427.0,38.23533333,198,0.0,1.0
459,0,0,0,0,0,0.941860465,197.0,200.0,536.0,85.0,77.635,523.0,208.0,583.0,74.36975,215,0.0,0.0
460,1,0,0,1,0,0.941860465,,177.0,350.0,,30.769,364.0,140.0,395.0,29.412,150,1.0,1.0
461,1,1,0,1,0,0.942196532,115.0,167.0,423.0,8.0,17.735,409.0,166.0,414.0,20.378,174,1.0,1.0
462,1,0,0,0,0,0.942196532,199.0,203.0,543.0,100.0,92.30766667,586.0,215.0,575.0,85.29425,229,0.0,0.0
463,0,0,1,0,1,0.942196532,184.0,140.0,472.0,54.0,51.923,474.0,180.0,479.0,35.29433333,185,1.0,1.0
464,1,0,0,0,0,0.942196532,187.0,179.0,500.0,54.0,48.57533333,487.0,185.0,544.0,64.07575,195,0.0,1.0
465,1,0,1,0,0,0.942196532,182.0,184.0,525.0,100.0,77.92,556.0,204.0,553.0,69.74766667,213,0.0,0.0
466,1,0,1,0,0,0.942196532,,170.0,472.0,54.0,63.675,503.0,183.0,517.0,60.18925,197,0.0,1.0
467,0,1,0,0,0,0.942196532,177.0,201.0,514.0,85.0,70.94,514.0,190.0,513.0,67.0165,198,0.0,1.0
468,0,1,0,0,2,0.942196532,,196.0,528.0,,,572.0,210.0,564.0,62.185,203,0.0,0.0
469,0,0,1,0,0,0.942196532,165.0,157.0,462.0,69.0,48.57566667,474.0,140.0,500.0,68.62733333,221,0.0,0.0
470,1,0,0,0,0,0.942196532,184.0,200.0,536.0,62.0,67.66366667,526.0,202.0,510.0,61.44975,218,0.0,0.0
471,1,1,0,0,10,0.942196532,174.0,181.0,469.0,92.0,76.06866667,501.0,191.0,529.0,42.122,211,0.0,0.0
472,1,1,0,0,0,0.942196532,191.0,187.0,562.0,69.0,65.09966667,538.0,206.0,594.0,70.7985,219,0.0,0.0
473,1,0,0,0,0,0.942196532,218.0,218.0,607.0,85.0,77.635,599.0,229.0,611.0,88.2355,235,0.0,0.0
474,1,1,0,0,0,0.942196532,157.0,189.0,462.0,69.0,49.288,489.0,191.0,516.0,49.71966667,204,0.0,0.0
475,1,1,0,0,0,0.942196532,151.0,152.0,384.0,33.0,24.786,413.0,140.0,507.0,35.85433333,157,1.0,1.0
476,0,1,0,0,0,0.942196532,190.0,197.0,532.0,69.0,78.34766667,551.0,212.0,550.0,66.7015,220,0.0,0.0
477,1,1,0,1,0,0.942196532,172.0,171.0,425.0,23.0,45.29933333,489.0,173.0,483.0,75.63033333,185,1.0,1.0
478,1,1,0,0,0,0.942196532,152.0,185.0,453.0,77.0,57.40733333,516.0,203.0,527.0,77.31075,209,0.0,0.0
479,1,0,0,0,0,0.942196532,189.0,187.0,527.0,92.0,76.49566667,541.0,207.0,567.0,87.815,220,0.0,0.0
480,1,0,0,0,0,0.942196532,175.0,140.0,494.0,69.0,58.547,511.0,191.0,533.0,64.566,200,0.0,1.0
481,1,0,0,0,0,0.942196532,190.0,177.0,471.0,62.0,73.93133333,505.0,183.0,497.0,42.752,198,0.0,1.0
482,1,0,0,0,0,0.942196532,184.0,190.0,521.0,62.0,62.53533333,511.0,193.0,547.0,56.61775,209,0.0,0.0
483,0,0,0,0,0,0.942196532,192.0,190.0,509.0,62.0,57.40733333,532.0,222.0,556.0,71.4285,227,0.0,0.0
484,1,0,0,0,0,0.942196532,214.0,201.0,557.0,85.0,85.32733333,570.0,223.0,584.0,74.68475,214,0.0,0.0
485,1,0,0,0,0,0.942196532,205.0,188.0,494.0,69.0,63.67533333,520.0,198.0,519.0,57.56325,204,0.0,0.0
486,1,0,0,0,0,0.942196532,195.0,196.0,524.0,85.0,75.78333333,527.0,192.0,538.0,60.18925,218,0.0,0.0
487,0,0,0,0,0,0.942196532,209.0,199.0,538.0,100.0,87.89166667,559.0,219.0,600.0,79.937,234,0.0,0.0
488,0,0,0,0,0,0.942196532,212.0,210.0,572.0,100.0,85.32733333,577.0,215.0,587.0,77.591,233,0.0,0.0
489,1,0,0,0,0,0.942196532,205.0,180.0,541.0,100.0,74.644,571.0,204.0,578.0,77.591,225,0.0,0.0
490,0,0,1,0,0,0.942196532,192.0,201.0,524.0,85.0,81.62366667,572.0,226.0,572.0,80.25225,225,0.0,0.0
491,1,1,0,0,0,0.942196532,151.0,170.0,464.0,31.0,33.47566667,470.0,142.0,519.0,46.07866667,197,0.0,1.0
492,0,0,0,0,0,0.942196532,185.0,195.0,497.0,85.0,62.53533333,547.0,201.0,543.0,55.77725,209,0.0,0.0
493,1,0,0,0,0,0.942196532,195.0,167.0,490.0,77.0,62.53566667,529.0,209.0,557.0,64.566,206,0.0,0.0
494,0,0,1,0,0,0.942196532,190.0,194.0,531.0,77.0,72.792,555.0,217.0,551.0,74.36975,210,0.0,0.0
495,1,0,1,0,0,0.942196532,166.0,180.0,469.0,38.0,40.02866667,507.0,178.0,519.0,54.83633333,186,0.0,1.0
496,0,0,0,0,0,0.942196532,203.0,207.0,525.0,92.0,81.624,556.0,215.0,578.0,76.1555,215,0.0,0.0
497,1,0,1,0,0,0.942196532,190.0,192.0,529.0,77.0,80.19933333,524.0,195.0,579.0,67.85725,231,0.0,0.0
498,1,0,0,0,0,0.942196532,184.0,210.0,539.0,75.0,61.35,533.0,205.0,540.0,49.57975,221,0.0,0.0
499,1,0,1,0,0,0.942196532,182.0,175.0,479.0,38.0,39.74366667,515.0,192.0,521.0,53.36125,187,0.0,1.0
500,0,0,0,0,0,0.942196532,219.0,216.0,563.0,100.0,89.316,595.0,223.0,588.0,84.34875,235,0.0,0.0
501,0,0,0,0,0,0.942196532,219.0,209.0,539.0,92.0,65.81233333,535.0,195.0,543.0,72.26925,225,0.0,0.0
502,1,0,0,0,0,0.942196532,192.0,195.0,508.0,85.0,63.675,536.0,202.0,554.0,70.86833333,223,0.0,0.0
503,1,0,1,0,1,0.942196532,174.0,161.0,491.0,85.0,56.26766667,461.0,178.0,511.0,35.39875,189,0.0,1.0
504,0,1,0,0,0,0.942196532,152.0,140.0,341.0,,,295.0,,305.0,,162,1.0,1.0
505,1,1,0,0,0,0.942196532,153.0,170.0,403.0,,49.7865,439.0,167.0,455.0,44.53775,163,1.0,1.0
506,1,0,0,0,0,0.942196532,185.0,183.0,498.0,54.0,52.99166667,518.0,192.0,547.0,56.7225,209,0.0,0.0
507,1,0,0,0,0,0.942196532,196.0,187.0,514.0,85.0,69.51566667,553.0,205.0,594.0,76.1555,236,0.0,0.0
508,1,0,0,0,0,0.942196532,194.0,200.0,529.0,77.0,82.76333333,551.0,204.0,559.0,76.1555,217,0.0,0.0
509,1,1,0,0,0,0.942196532,190.0,182.0,462.0,15.0,30.912,503.0,191.0,531.0,61.975,205,0.0,0.0
510,0,0,0,0,0,0.942196532,179.0,196.0,511.0,85.0,76.06833333,523.0,203.0,563.0,62.605,214,0.0,0.0
511,1,0,0,0,0,0.942196532,165.0,184.0,461.0,54.0,52.279,489.0,180.0,478.0,52.521,200,0.0,1.0
512,1,0,0,0,0,0.942196532,170.0,191.0,487.0,92.0,67.664,534.0,196.0,518.0,53.92133333,205,0.0,0.0
513,1,0,0,0,0,0.942196532,207.0,185.0,489.0,77.0,66.95166667,539.0,198.0,550.0,69.64275,221,0.0,0.0
514,1,0,0,0,0,0.942196532,188.0,183.0,512.0,92.0,86.752,529.0,202.0,555.0,80.56725,222,0.0,0.0
515,0,0,0,0,0,0.942196532,206.0,195.0,530.0,92.0,90.45566667,536.0,214.0,558.0,83.193,221,0.0,0.0
516,1,0,0,0,0,0.942196532,171.0,143.0,475.0,69.0,53.27633333,510.0,183.0,522.0,69.32766667,197,0.0,1.0
517,1,0,0,1,0,0.942196532,75.0,140.0,335.0,23.0,47.52133333,350.0,148.0,338.0,37.815,162,1.0,1.0
518,1,0,0,1,0,0.944444444,,,,,,,,,,147,1.0,1.0
519,1,0,0,0,0,0.947368421,229.0,220.0,586.0,92.0,93.73233333,621.0,221.0,635.0,87.92,238,0.0,0.0
520,0,1,0,0,0,0.947368421,206.0,205.0,527.0,92.0,87.89166667,549.0,206.0,578.0,82.353,219,0.0,0.0
521,1,0,0,0,0,0.947368421,180.0,191.0,515.0,67.0,73.78933333,531.0,188.0,510.0,55.7775,192,0.0,1.0
522,1,1,0,0,0,0.947674419,159.0,174.0,463.0,31.0,24.644,462.0,203.0,485.0,31.51233333,197,0.0,1.0
523,1,0,0,0,0,0.947674419,204.0,219.0,551.0,100.0,89.316,593.0,226.0,574.0,80.25225,229,0.0,0.0
524,1,0,0,0,0,0.947674419,199.0,195.0,535.0,92.0,87.89166667,582.0,214.0,612.0,80.392,215,0.0,0.0
525,0,0,0,0,0,0.947674419,211.0,215.0,546.0,85.0,85.32733333,578.0,212.0,606.0,72.584,220,0.0,0.0
526,0,0,0,0,0,0.947674419,200.0,173.0,515.0,85.0,68.80333333,514.0,194.0,562.0,67.36666667,209,0.0,0.0
527,0,0,0,0,0,0.947674419,194.0,205.0,523.0,92.0,79.05966667,552.0,213.0,570.0,73.21425,215,0.0,0.0
528,1,0,0,0,1,0.947976879,189.0,187.0,541.0,77.0,69.51566667,544.0,204.0,539.0,76.09,199,0.0,1.0
529,1,0,0,0,0,0.947976879,211.0,185.0,569.0,100.0,93.73233333,565.0,206.0,587.0,82.878,225,0.0,0.0
530,1,1,0,0,0,0.947976879,225.0,202.0,530.0,77.0,80.91166667,545.0,215.0,538.0,70.273,217,0.0,0.0
531,1,0,0,1,0,0.947976879,145.0,169.0,424.0,38.0,30.7695,458.0,175.0,509.0,35.294,192,0.0,1.0
532,1,1,0,0,0,0.947976879,177.0,173.0,449.0,85.0,72.79166667,473.0,172.0,471.0,41.91175,191,0.0,1.0
533,1,1,0,0,0,0.947976879,174.0,173.0,473.0,38.0,49.288,498.0,183.0,493.0,51.68075,199,0.0,1.0
534,1,0,1,0,0,0.947976879,214.0,212.0,538.0,77.0,77.635,577.0,206.0,565.0,61.975,234,0.0,0.0
535,1,0,0,0,0,0.947976879,140.0,183.0,472.0,46.0,47.86333333,475.0,187.0,517.0,60.5045,198,0.0,1.0
536,1,0,0,0,0,0.947976879,192.0,196.0,515.0,69.0,72.507,518.0,201.0,538.0,63.4455,204,0.0,0.0
537,1,0,1,0,0,0.947976879,186.0,192.0,482.0,77.0,51.13966667,515.0,199.0,523.0,67.01675,214,0.0,0.0
538,1,0,0,0,0,0.947976879,224.0,204.0,567.0,92.0,86.04,574.0,215.0,599.0,89.39075,233,0.0,0.0
539,1,0,0,0,0,0.947976879,163.0,178.0,480.0,54.0,34.6155,496.0,193.0,513.0,46.6385,192,0.0,1.0
540,1,1,0,0,0,0.947976879,185.0,187.0,454.0,100.0,79.772,527.0,171.0,580.0,79.62175,237,0.0,0.0
541,1,0,0,0,0,0.947976879,202.0,186.0,486.0,92.0,70.94033333,531.0,206.0,577.0,70.168,209,0.0,0.0
542,1,0,0,1,0,0.947976879,158.0,156.0,481.0,38.0,31.624,487.0,181.0,496.0,33.473,189,0.0,1.0
543,1,0,0,0,0,0.947976879,213.0,206.0,553.0,85.0,86.03966667,585.0,217.0,585.0,85.81925,221,0.0,0.0
544,0,0,0,0,0,0.947976879,214.0,221.0,580.0,100.0,93.01966667,556.0,232.0,590.0,84.3485,244,0.0,0.0
545,1,0,0,0,0,0.947976879,171.0,140.0,461.0,54.0,53.70366667,492.0,177.0,503.0,40.896,200,0.0,1.0
546,0,0,0,0,0,0.947976879,192.0,192.0,514.0,100.0,77.208,552.0,206.0,543.0,77.941,206,0.0,0.0
547,1,0,0,0,0,0.947976879,194.0,179.0,520.0,69.0,67.23666667,516.0,193.0,544.0,69.608,211,0.0,0.0
548,0,0,0,0,0,0.947976879,182.0,197.0,505.0,62.0,54.416,542.0,198.0,580.0,79.622,217,0.0,0.0
549,1,0,0,0,0,0.947976879,211.0,221.0,539.0,100.0,84.188,593.0,228.0,568.0,79.09675,223,0.0,0.0
550,1,0,0,0,0,0.947976879,198.0,165.0,478.0,77.0,51.13966667,504.0,190.0,556.0,65.54625,217,0.0,0.0
551,0,1,0,0,0,0.947976879,176.0,163.0,476.0,85.0,56.98,477.0,168.0,521.0,44.85325,205,0.0,0.0
552,1,1,0,0,0,0.947976879,225.0,223.0,579.0,92.0,84.6155,584.0,222.0,583.0,76.05066667,240,0.0,0.0
553,0,0,0,0,0,0.947976879,231.0,223.0,590.0,,93.376,592.0,227.0,625.0,87.815,227,0.0,0.0
554,1,0,0,0,0,0.947976879,180.0,188.0,480.0,69.0,79.05966667,518.0,183.0,531.0,86.76475,196,0.0,1.0
555,1,0,1,0,0,0.947976879,206.0,200.0,535.0,92.0,84.188,547.0,203.0,554.0,63.44575,214,0.0,0.0
556,0,0,0,0,0,0.947976879,186.0,189.0,501.0,54.0,57.40733333,514.0,184.0,525.0,56.93275,200,0.0,1.0
557,1,0,0,0,0,0.947976879,199.0,198.0,503.0,38.0,59.97166667,529.0,198.0,555.0,48.9495,205,0.0,0.0
558,1,0,0,0,0,0.947976879,155.0,172.0,453.0,31.0,50.712,472.0,189.0,530.0,53.6765,190,0.0,1.0
559,1,0,1,0,0,0.947976879,173.0,169.0,499.0,69.0,58.26233333,473.0,183.0,500.0,58.26333333,189,0.0,1.0
560,1,0,0,0,0,0.947976879,200.0,182.0,494.0,100.0,72.36466667,518.0,187.0,545.0,71.95375,220,0.0,0.0
561,0,0,0,0,0,0.947976879,206.0,196.0,521.0,92.0,86.752,555.0,208.0,549.0,71.11325,216,0.0,0.0
562,1,0,0,0,0,0.947976879,176.0,173.0,479.0,31.0,60.39866667,490.0,172.0,498.0,54.622,181,1.0,1.0
563,1,0,0,0,0,0.947976879,172.0,175.0,429.0,46.0,43.73233333,503.0,189.0,514.0,69.95775,221,0.0,0.0
564,1,0,0,0,0,0.947976879,218.0,200.0,546.0,92.0,78.34766667,554.0,202.0,565.0,82.038,223,0.0,0.0
565,0,0,0,0,0,0.947976879,217.0,189.0,531.0,69.0,70.94033333,536.0,205.0,593.0,80.252,217,0.0,0.0
566,1,0,0,0,0,0.947976879,169.0,189.0,490.0,77.0,63.675,511.0,172.0,522.0,69.32766667,210,0.0,0.0
567,1,0,0,0,0,0.947976879,187.0,180.0,512.0,69.0,66.23933333,547.0,193.0,561.0,50.21025,200,0.0,1.0
568,0,0,0,0,0,0.947976879,244.0,235.0,623.0,100.0,95.584,635.0,242.0,636.0,85.85433333,240,0.0,0.0
569,0,1,0,0,0,0.947976879,,175.0,396.0,38.0,24.7865,394.0,151.0,487.0,31.37266667,179,1.0,1.0
570,0,0,0,0,0,0.947976879,208.0,198.0,555.0,77.0,85.32733333,556.0,206.0,557.0,76.99575,230,0.0,0.0
571,0,0,1,0,0,0.947976879,204.0,186.0,518.0,85.0,77.635,530.0,198.0,537.0,78.011,207,0.0,0.0
572,1,1,0,0,0,0.947976879,167.0,180.0,469.0,54.0,53.70366667,478.0,181.0,502.0,51.6805,198,0.0,1.0
573,0,0,0,0,0,0.947976879,144.0,178.0,455.0,38.0,36.04,482.0,181.0,480.0,46.6385,207,0.0,0.0
574,1,0,0,0,0,0.947976879,,218.0,561.0,92.0,85.32766667,567.0,217.0,583.0,79.412,232,0.0,0.0
575,0,0,0,0,0,0.947976879,228.0,211.0,575.0,85.0,92.30766667,577.0,241.0,608.0,86.27466667,243,0.0,0.0
576,0,0,0,0,0,0.947976879,202.0,191.0,530.0,85.0,64.38733333,522.0,202.0,551.0,75.84025,208,0.0,0.0
577,0,0,0,0,0,0.947976879,220.0,196.0,569.0,92.0,97.436,563.0,228.0,600.0,81.51266667,211,0.0,0.0
578,1,0,0,0,0,0.947976879,,187.0,529.0,54.0,52.70666667,547.0,202.0,564.0,74.68475,215,0.0,0.0
579,0,1,0,0,0,0.947976879,,173.0,450.0,58.0,62.5,499.0,184.0,512.0,59.244,201,0.0,0.0
580,0,0,0,0,0,0.948905109,181.0,196.0,,,55.556,528.0,197.0,561.0,81.7225,215,0.0,0.0
581,1,0,0,1,0,0.950617284,,,,,,,,399.0,,181,1.0,1.0
582,1,0,0,0,0,0.951219512,,194.0,513.0,92.0,75.356,541.0,203.0,557.0,72.584,218,0.0,0.0
583,1,1,0,0,0,0.952380952,,,,,47.009,443.0,184.0,513.0,29.55166667,168,1.0,1.0
584,1,0,0,0,0,0.953488372,183.0,187.0,498.0,77.0,74.644,502.0,199.0,519.0,57.248,193,0.0,1.0
585,1,0,0,0,0,0.953488372,190.0,163.0,482.0,,37.1045,512.0,180.0,554.0,44.1175,207,0.0,0.0
586,0,0,0,0,0,0.953488372,,219.0,584.0,85.0,86.03966667,596.0,222.0,621.0,84.66375,230,0.0,0.0
587,1,0,0,1,0,0.953488372,142.0,185.0,459.0,54.0,56.98,513.0,197.0,551.0,61.4495,214,0.0,0.0
588,1,0,0,0,0,0.953757225,184.0,193.0,534.0,62.0,65.527,560.0,209.0,570.0,80.252,215,0.0,0.0
589,0,0,0,0,0,0.953757225,183.0,179.0,491.0,77.0,62.53566667,548.0,193.0,542.0,67.0165,207,0.0,0.0
590,1,0,1,0,0,0.953757225,183.0,183.0,480.0,69.0,68.80333333,481.0,191.0,475.0,69.643,184,1.0,1.0
591,1,0,0,0,0,0.953757225,180.0,186.0,514.0,77.0,61.82333333,517.0,189.0,522.0,48.87933333,208,0.0,0.0
592,1,1,0,0,0,0.953757225,183.0,198.0,515.0,54.0,58.83166667,535.0,197.0,522.0,65.8615,208,0.0,0.0
593,1,1,0,0,0,0.953757225,162.0,194.0,476.0,92.0,61.5385,496.0,190.0,519.0,56.40725,197,0.0,1.0
594,0,1,0,0,0,0.953757225,175.0,173.0,497.0,77.0,50.641,505.0,189.0,518.0,57.248,196,0.0,1.0
595,1,0,0,1,0,0.953757225,154.0,140.0,412.0,31.0,35.04266667,460.0,154.0,434.0,41.73633333,148,1.0,1.0
596,1,0,0,0,0,0.953757225,204.0,211.0,550.0,85.0,79.487,573.0,216.0,564.0,86.4495,221,0.0,0.0
597,0,0,0,0,0,0.953757225,182.0,184.0,506.0,85.0,77.92,540.0,201.0,532.0,74.37,226,0.0,0.0
598,1,1,0,0,0,0.953757225,176.0,179.0,475.0,75.0,50.78366667,488.0,172.0,519.0,45.16825,192,0.0,1.0
599,1,0,0,0,0,0.953757225,213.0,215.0,570.0,100.0,94.44433333,578.0,219.0,631.0,79.55166667,232,0.0,0.0
600,1,1,0,0,0,0.953757225,188.0,186.0,512.0,85.0,58.11966667,501.0,198.0,492.0,50.525,196,0.0,1.0
601,0,0,0,0,0,0.953757225,218.0,218.0,575.0,92.0,93.02,583.0,228.0,631.0,89.706,226,0.0,0.0
602,0,0,0,1,0,0.953757225,176.0,140.0,450.0,46.0,55.55566667,498.0,188.0,493.0,63.02533333,197,0.0,1.0
603,0,1,0,0,0,0.953757225,203.0,203.0,536.0,85.0,85.32733333,582.0,212.0,586.0,83.50825,225,0.0,0.0
604,1,0,0,0,0,0.953757225,178.0,190.0,521.0,54.0,54.84333333,514.0,200.0,538.0,68.17225,215,0.0,0.0
605,1,0,0,0,0,0.953757225,192.0,187.0,498.0,54.0,52.99166667,510.0,193.0,523.0,51.891,198,0.0,1.0
606,1,0,0,1,0,0.953757225,164.0,180.0,478.0,92.0,63.96033333,512.0,200.0,539.0,69.748,207,0.0,0.0
607,1,0,0,0,0,0.953757225,200.0,192.0,470.0,62.0,36.752,452.0,163.0,494.0,56.40775,206,0.0,0.0
608,0,0,1,0,0,0.953757225,171.0,186.0,505.0,100.0,77.208,516.0,200.0,534.0,76.68075,202,0.0,0.0
609,0,0,0,0,0,0.953757225,204.0,209.0,549.0,100.0,92.30766667,563.0,215.0,579.0,78.7815,241,0.0,0.0
610,1,0,0,0,0,0.953757225,212.0,168.0,513.0,62.0,58.11966667,514.0,195.0,547.0,59.03375,201,0.0,0.0
611,0,1,0,0,0,0.953757225,218.0,204.0,551.0,92.0,83.476,591.0,216.0,586.0,77.94125,235,0.0,0.0
612,1,1,0,0,0,0.953757225,179.0,185.0,458.0,23.0,28.34766667,486.0,172.0,491.0,61.975,189,0.0,1.0
613,0,0,0,0,0,0.953757225,220.0,205.0,555.0,92.0,88.604,548.0,214.0,575.0,84.979,230,0.0,0.0
614,0,0,0,0,0,0.953757225,219.0,215.0,608.0,100.0,98.148,611.0,230.0,617.0,86.4495,245,0.0,0.0
615,0,0,0,0,0,0.953757225,200.0,194.0,535.0,85.0,80.91166667,554.0,204.0,577.0,77.62625,224,0.0,0.0
616,0,0,0,0,0,0.953757225,232.0,219.0,587.0,92.0,93.02,608.0,219.0,596.0,85.81925,237,0.0,0.0
617,0,0,0,0,0,0.953757225,232.0,214.0,575.0,100.0,96.29633333,600.0,226.0,592.0,95.58825,223,0.0,0.0
618,1,1,0,0,0,0.953757225,168.0,203.0,514.0,85.0,88.604,542.0,210.0,579.0,79.13166667,218,0.0,0.0
619,1,0,0,0,0,0.953757225,187.0,207.0,519.0,85.0,75.78333333,560.0,204.0,564.0,77.17066667,225,0.0,0.0
620,1,0,0,0,0,0.953757225,147.0,185.0,444.0,15.0,14.38766667,477.0,147.0,484.0,47.059,170,1.0,1.0
621,1,0,0,0,0,0.953757225,190.0,208.0,527.0,85.0,73.93133333,535.0,207.0,531.0,57.84333333,199,0.0,1.0
622,0,0,1,0,0,0.953757225,138.0,166.0,422.0,23.0,40.171,514.0,140.0,516.0,45.16825,214,0.0,0.0
623,1,0,0,0,0,0.953757225,204.0,192.0,539.0,85.0,88.604,513.0,206.0,561.0,72.584,219,0.0,0.0
624,1,0,1,0,0,0.953757225,186.0,174.0,461.0,38.0,37.89166667,499.0,182.0,518.0,43.69733333,202,0.0,0.0
625,1,0,0,0,0,0.953757225,177.0,189.0,506.0,62.0,79.05966667,516.0,183.0,516.0,63.86575,208,0.0,0.0
626,1,0,0,0,0,0.953757225,219.0,205.0,565.0,100.0,93.01966667,596.0,222.0,605.0,86.44975,232,0.0,0.0
627,1,0,0,0,0,0.953757225,201.0,187.0,514.0,83.0,62.037,572.0,206.0,547.0,68.6975,216,0.0,0.0
628,0,1,0,0,0,0.953757225,170.0,188.0,491.0,92.0,74.929,473.0,186.0,490.0,56.6175,194,0.0,1.0
629,1,0,0,0,0,0.953757225,210.0,205.0,543.0,92.0,85.043,564.0,207.0,583.0,67.437,222,0.0,0.0
630,1,0,0,0,0,0.953757225,,196.0,485.0,85.0,66.95166667,536.0,217.0,564.0,76.681,207,0.0,0.0
631,1,1,0,0,0,0.953757225,203.0,201.0,540.0,77.0,85.5205,544.0,208.0,573.0,70.3785,219,0.0,0.0
632,1,0,0,0,0,0.953757225,161.0,166.0,431.0,8.0,27.92,461.0,168.0,482.0,45.7985,179,1.0,1.0
633,1,0,0,0,0,0.953757225,190.0,185.0,513.0,85.0,75.427,538.0,202.0,536.0,68.62733333,218,0.0,0.0
634,0,1,0,0,0,0.953757225,167.0,173.0,423.0,69.0,52.99166667,484.0,140.0,533.0,41.9115,202,0.0,0.0
635,1,0,0,0,0,0.953757225,,188.0,523.0,92.0,80.91166667,553.0,213.0,574.0,69.95775,223,0.0,0.0
636,1,0,0,1,0,0.953757225,,140.0,340.0,46.0,27.92033333,355.0,140.0,359.0,17.647,156,1.0,1.0
637,1,1,0,0,0,0.953757225,,140.0,471.0,54.0,61.111,505.0,190.0,543.0,79.307,216,0.0,0.0
638,1,0,0,0,0,0.956521739,,,,,,,,573.0,79.972,226,0.0,0.0
639,1,0,0,1,0,0.958677686,,,,,33.333,289.0,169.0,332.0,,163,1.0,1.0
640,1,0,0,0,0,0.958823529,207.0,191.0,519.0,92.0,79.05966667,547.0,214.0,553.0,69.64275,213,0.0,0.0
641,0,0,0,0,0,0.959064327,214.0,210.0,562.0,92.0,80.91166667,609.0,213.0,589.0,86.76475,240,0.0,0.0
642,0,0,0,0,0,0.959183673,,185.0,,54.0,42.30766667,503.0,190.0,512.0,40.96625,199,0.0,1.0
643,1,0,1,0,1,0.959302326,173.0,177.0,422.0,38.0,38.6755,489.0,160.0,498.0,33.9285,179,1.0,1.0
644,1,0,0,0,0,0.959302326,209.0,221.0,575.0,77.0,71.36733333,579.0,237.0,599.0,85.014,236,0.0,0.0
645,1,0,0,0,0,0.959302326,212.0,214.0,574.0,85.0,85.32733333,594.0,212.0,605.0,88.23533333,234,0.0,0.0
646,1,0,0,0,0,0.959302326,197.0,179.0,483.0,69.0,58.547,540.0,202.0,564.0,78.43166667,203,0.0,0.0
647,0,0,0,0,0,0.959302326,,157.0,481.0,77.0,69.683,520.0,200.0,574.0,60.18925,228,0.0,0.0
648,0,1,0,0,0,0.959537572,203.0,168.0,477.0,92.0,69.231,528.0,210.0,577.0,42.0165,204,0.0,0.0
649,1,0,0,0,0,0.959537572,188.0,169.0,484.0,46.0,47.436,512.0,184.0,498.0,52.20575,192,0.0,1.0
650,1,0,0,0,0,0.959537572,190.0,172.0,481.0,100.0,77.208,528.0,191.0,553.0,78.011,204,0.0,0.0
651,1,0,0,0,0,0.959537572,200.0,170.0,480.0,77.0,66.95166667,513.0,198.0,533.0,50.21025,214,0.0,0.0
652,1,0,0,0,0,0.959537572,203.0,183.0,522.0,100.0,80.91166667,516.0,193.0,516.0,69.01275,206,0.0,0.0
653,1,0,0,0,0,0.959537572,177.0,176.0,507.0,46.0,41.59566667,501.0,193.0,550.0,37.185,203,0.0,0.0
654,0,0,0,0,0,0.959537572,140.0,171.0,395.0,31.0,29.772,458.0,172.0,441.0,36.5545,182,1.0,1.0
655,1,1,0,0,0,0.959537572,146.0,152.0,410.0,54.0,54.416,489.0,181.0,533.0,42.647,214,0.0,0.0
656,1,1,0,0,0,0.959537572,180.0,158.0,501.0,100.0,80.48433333,527.0,206.0,576.0,86.27433333,224,0.0,0.0
657,1,1,0,0,0,0.959537572,179.0,187.0,489.0,46.0,48.57566667,511.0,169.0,509.0,51.681,205,0.0,0.0
658,1,1,0,0,0,0.959537572,121.0,176.0,404.0,15.0,30.912,435.0,180.0,495.0,44.80475,192,0.0,1.0
659,1,1,0,0,0,0.959537572,165.0,180.0,467.0,15.0,43.44733333,475.0,192.0,476.0,43.067,197,0.0,1.0
660,1,0,1,0,0,0.959537572,140.0,194.0,448.0,77.0,61.23666667,500.0,183.0,531.0,73.73975,228,0.0,0.0
661,1,1,0,0,2,0.959537572,,153.0,395.0,,27.778,421.0,188.0,444.0,21.56866667,184,1.0,1.0
662,1,0,0,0,0,0.959537572,177.0,191.0,508.0,77.0,67.66366667,493.0,192.0,546.0,66.70175,206,0.0,0.0
663,1,0,1,0,0,0.959537572,214.0,193.0,544.0,77.0,78.34766667,554.0,217.0,544.0,85.85433333,241,0.0,0.0
664,1,0,0,0,0,0.959537572,198.0,201.0,531.0,77.0,64.38766667,541.0,207.0,612.0,75.8965,211,0.0,0.0
665,0,1,0,0,0,0.959537572,,193.0,479.0,77.0,77.3505,484.0,171.0,507.0,60.9245,201,0.0,0.0
666,1,0,0,0,0,0.959537572,198.0,192.0,518.0,100.0,79.05966667,522.0,199.0,557.0,64.28575,220,0.0,0.0
667,0,0,0,0,0,0.959537572,213.0,203.0,545.0,92.0,89.31633333,553.0,221.0,583.0,91.73666667,220,0.0,0.0
668,0,0,1,0,0,0.959537572,206.0,203.0,530.0,85.0,82.76333333,545.0,208.0,606.0,75.84025,225,0.0,0.0
669,0,0,0,0,0,0.959537572,194.0,181.0,542.0,69.0,75.071,573.0,213.0,569.0,70.86833333,226,0.0,0.0
670,1,1,0,0,0,0.959537572,158.0,178.0,480.0,62.0,52.279,490.0,176.0,532.0,53.466,201,0.0,0.0
671,1,0,0,0,0,0.959537572,206.0,203.0,532.0,92.0,93.73233333,585.0,208.0,580.0,75.63033333,219,0.0,0.0
672,0,0,0,0,0,0.959537572,198.0,187.0,519.0,92.0,63.74666667,552.0,195.0,564.0,45.098,202,0.0,0.0
673,1,0,0,0,0,0.959537572,199.0,165.0,517.0,62.0,58.11966667,535.0,189.0,547.0,63.44525,210,0.0,0.0
674,0,0,0,0,0,0.959537572,213.0,215.0,560.0,85.0,81.62366667,575.0,229.0,577.0,83.82375,235,0.0,0.0
675,1,0,0,0,0,0.959537572,197.0,181.0,502.0,85.0,72.79166667,527.0,188.0,533.0,64.28575,198,0.0,1.0
676,0,0,0,0,0,0.959537572,191.0,191.0,528.0,77.0,76.49566667,537.0,212.0,557.0,64.91625,206,0.0,0.0
677,1,0,0,0,0,0.959537572,227.0,189.0,546.0,92.0,87.46466667,545.0,219.0,591.0,87.92025,237,0.0,0.0
678,0,0,0,0,0,0.959537572,213.0,206.0,517.0,85.0,83.47566667,574.0,213.0,580.0,67.54225,223,0.0,0.0
679,1,0,1,0,0,0.959537572,171.0,199.0,442.0,92.0,77.208,465.0,194.0,529.0,63.7605,196,0.0,1.0
680,0,0,0,0,0,0.959537572,213.0,197.0,530.0,92.0,79.77233333,538.0,198.0,563.0,82.353,225,0.0,0.0
681,0,0,0,0,0,0.959537572,202.0,197.0,546.0,46.0,54.84333333,557.0,219.0,567.0,64.706,212,0.0,0.0
682,1,0,0,0,0,0.959537572,185.0,184.0,517.0,85.0,80.91166667,516.0,192.0,566.0,71.4285,213,0.0,0.0
683,1,0,0,0,0,0.959537572,171.0,181.0,487.0,92.0,80.91166667,543.0,216.0,558.0,86.76475,221,0.0,0.0
684,0,0,0,0,0,0.959537572,203.0,201.0,566.0,92.0,93.73233333,554.0,217.0,591.0,81.72275,216,0.0,0.0
685,0,0,1,0,0,0.959537572,209.0,175.0,515.0,77.0,79.487,530.0,182.0,576.0,73.372,202,0.0,0.0
686,1,0,0,0,0,0.959537572,189.0,199.0,533.0,85.0,76.923,535.0,198.0,564.0,78.7815,219,0.0,0.0
687,0,0,0,0,0,0.959537572,202.0,190.0,579.0,92.0,73.93166667,573.0,208.0,540.0,72.899,224,0.0,0.0
688,1,0,0,0,0,0.959537572,200.0,190.0,497.0,77.0,69.51566667,552.0,203.0,541.0,81.4075,219,0.0,0.0
689,0,0,0,0,0,0.959537572,228.0,206.0,562.0,85.0,83.47566667,608.0,215.0,621.0,75.52525,231,0.0,0.0
690,1,0,0,0,0,0.959537572,193.0,192.0,533.0,62.0,61.111,544.0,201.0,562.0,71.4285,208,0.0,0.0
691,0,0,0,0,0,0.959537572,,183.0,511.0,69.0,69.51566667,507.0,197.0,526.0,52.206,206,0.0,0.0
692,1,1,0,0,0,0.959537572,176.0,177.0,463.0,69.0,60.684,494.0,181.0,525.0,51.3655,190,0.0,1.0
693,1,0,0,0,0,0.959537572,187.0,194.0,508.0,100.0,85.32733333,515.0,198.0,524.0,86.76475,223,0.0,0.0
694,1,0,0,0,0,0.959537572,196.0,189.0,500.0,69.0,82.76333333,512.0,213.0,560.0,73.188,213,0.0,0.0
695,1,1,0,1,0,0.959537572,125.0,169.0,408.0,38.0,34.90066667,408.0,175.0,428.0,25.33925,186,0.0,1.0
696,0,0,0,0,0,0.959537572,195.0,171.0,534.0,85.0,70.0855,513.0,201.0,565.0,77.521,225,0.0,0.0
697,0,0,1,0,0,0.959537572,182.0,181.0,460.0,85.0,77.92,517.0,188.0,544.0,71.11325,190,0.0,1.0
698,0,1,0,0,0,0.959537572,185.0,195.0,507.0,100.0,92.911,531.0,213.0,562.0,78.46625,220,0.0,0.0
699,0,1,0,0,0,0.959537572,198.0,199.0,539.0,69.0,70.228,526.0,207.0,557.0,69.64275,212,0.0,0.0
700,1,0,0,1,0,0.959537572,151.0,140.0,420.0,92.0,47.721,476.0,183.0,471.0,49.79,187,0.0,1.0
701,1,1,0,0,0,0.961904762,,180.0,,,,,147.0,466.0,,191,0.0,1.0
702,1,0,0,0,0,0.962121212,,195.0,,,64.7435,546.0,202.0,540.0,69.958,224,0.0,0.0
703,0,0,0,0,0,0.9625,,,,,,,,470.0,35.714,177,1.0,1.0
704,1,0,0,1,0,0.964912281,165.0,178.0,453.0,62.0,76.49533333,562.0,187.0,521.0,72.26925,202,0.0,0.0
705,0,1,0,0,0,0.965116279,150.0,188.0,371.0,54.0,38.604,470.0,140.0,448.0,29.972,186,0.0,1.0
706,1,0,0,1,0,0.965116279,173.0,182.0,474.0,69.0,62.53566667,497.0,188.0,486.0,60.64433333,199,0.0,1.0
707,1,0,0,0,0,0.965317919,192.0,167.0,483.0,77.0,68.376,495.0,184.0,528.0,40.231,195,0.0,1.0
708,1,0,0,0,0,0.965317919,203.0,194.0,546.0,77.0,73.21933333,562.0,211.0,569.0,75.00025,227,0.0,0.0
709,1,1,0,0,0,0.965317919,169.0,168.0,445.0,31.0,36.46733333,485.0,169.0,503.0,21.98866667,156,1.0,1.0
710,1,0,0,0,0,0.965317919,179.0,177.0,480.0,46.0,37.89166667,496.0,178.0,518.0,47.19866667,187,0.0,1.0
711,0,1,0,0,0,0.965317919,171.0,182.0,481.0,,69.658,521.0,184.0,516.0,59.03375,207,0.0,0.0
712,0,1,0,0,0,0.965317919,144.0,166.0,434.0,46.0,64.38766667,488.0,171.0,491.0,69.643,198,0.0,1.0
713,0,1,0,0,0,0.965317919,161.0,188.0,507.0,77.0,70.65533333,526.0,202.0,564.0,51.54066667,206,0.0,0.0
714,1,0,0,0,0,0.965317919,187.0,194.0,528.0,77.0,70.65533333,564.0,213.0,554.0,74.0545,219,0.0,0.0
715,1,1,0,0,0,0.965317919,,166.0,419.0,38.0,42.534,413.0,159.0,488.0,,202,0.0,0.0
716,1,0,0,1,0,0.965317919,,174.0,467.0,62.0,58.547,482.0,168.0,512.0,28.3615,182,1.0,1.0
717,1,0,0,0,0,0.965317919,218.0,203.0,538.0,92.0,86.04,567.0,216.0,594.0,92.157,223,0.0,0.0
718,1,0,0,0,0,0.965317919,177.0,186.0,486.0,85.0,58.83166667,490.0,185.0,522.0,53.9915,214,0.0,0.0
719,1,1,0,0,0,0.965317919,132.0,173.0,454.0,38.0,31.624,462.0,166.0,468.0,16.597,195,0.0,1.0
720,1,0,0,0,0,0.965317919,184.0,191.0,532.0,62.0,63.675,519.0,197.0,533.0,64.916,213,0.0,0.0
721,0,1,0,0,0,0.965317919,192.0,202.0,541.0,69.0,79.05966667,559.0,216.0,590.0,81.4075,216,0.0,0.0
722,1,0,0,0,0,0.965317919,177.0,182.0,468.0,54.0,51.852,478.0,154.0,489.0,48.03933333,195,0.0,1.0
723,0,0,0,0,0,0.965317919,177.0,208.0,511.0,77.0,58.832,532.0,208.0,552.0,62.60475,204,0.0,0.0
724,1,0,0,0,0,0.965317919,197.0,192.0,507.0,69.0,63.96,521.0,203.0,534.0,65.406,216,0.0,0.0
725,0,0,0,0,0,0.965317919,199.0,183.0,478.0,85.0,81.62366667,535.0,210.0,553.0,75.525,234,0.0,0.0
726,1,0,0,1,0,0.965317919,169.0,179.0,489.0,69.0,65.812,503.0,197.0,504.0,57.248,206,0.0,0.0
727,0,0,0,0,0,0.965317919,193.0,194.0,515.0,69.0,76.49566667,552.0,197.0,536.0,64.0755,212,0.0,0.0
728,1,1,0,0,0,0.965317919,138.0,178.0,406.0,50.0,36.89466667,428.0,183.0,472.0,51.6805,179,1.0,1.0
729,1,1,0,0,0,0.965317919,185.0,175.0,461.0,46.0,31.624,474.0,193.0,516.0,39.07566667,198,0.0,1.0
730,0,0,1,0,0,0.965317919,209.0,188.0,528.0,77.0,79.05966667,528.0,206.0,608.0,78.01133333,212,0.0,0.0
731,0,0,0,0,0,0.965317919,214.0,214.0,551.0,100.0,87.89166667,538.0,225.0,537.0,71.4285,225,0.0,0.0
732,1,0,0,0,0,0.965317919,205.0,206.0,564.0,92.0,80.19933333,565.0,216.0,574.0,63.4455,209,0.0,0.0
733,1,0,0,0,0,0.965317919,190.0,192.0,511.0,85.0,73.21933333,530.0,189.0,561.0,67.36666667,196,0.0,1.0
734,1,0,0,0,0,0.965317919,199.0,198.0,512.0,92.0,70.228,551.0,209.0,548.0,74.37,222,0.0,0.0
735,0,0,0,0,0,0.965317919,207.0,210.0,544.0,85.0,77.635,585.0,215.0,600.0,89.70575,238,0.0,0.0
736,1,0,0,0,0,0.965317919,231.0,212.0,580.0,100.0,88.604,611.0,223.0,609.0,85.29425,222,0.0,0.0
737,1,0,1,0,0,0.965317919,209.0,190.0,533.0,77.0,76.49566667,528.0,207.0,565.0,75.84025,223,0.0,0.0
738,1,0,0,0,0,0.965317919,174.0,183.0,526.0,54.0,60.68366667,514.0,190.0,542.0,64.0755,206,0.0,0.0
739,1,0,0,0,0,0.965317919,228.0,225.0,601.0,92.0,84.188,595.0,225.0,612.0,88.23525,248,0.0,0.0
740,0,0,0,0,0,0.965317919,203.0,209.0,531.0,100.0,78.34766667,546.0,215.0,597.0,84.979,220,0.0,0.0
741,1,0,0,0,0,0.965317919,194.0,184.0,475.0,,76.282,510.0,183.0,566.0,72.549,204,0.0,0.0
742,0,0,0,0,0,0.965317919,184.0,167.0,522.0,69.0,54.84333333,535.0,197.0,568.0,69.74766667,215,0.0,0.0
743,1,1,0,0,0,0.965317919,163.0,166.0,420.0,62.0,77.208,466.0,180.0,468.0,46.95375,185,1.0,1.0
744,1,0,0,1,0,0.965317919,157.0,177.0,459.0,46.0,38.604,473.0,165.0,509.0,61.1345,193,0.0,1.0
745,1,0,1,0,0,0.965317919,188.0,191.0,520.0,69.0,59.97166667,514.0,196.0,516.0,63.76025,195,0.0,1.0
746,0,0,0,0,0,0.965317919,194.0,193.0,522.0,85.0,56.25933333,525.0,197.0,545.0,67.8575,211,0.0,0.0
747,0,0,0,0,0,0.965317919,224.0,229.0,602.0,85.0,87.17933333,621.0,232.0,633.0,89.70575,239,0.0,0.0
748,1,0,0,0,0,0.965317919,200.0,202.0,525.0,62.0,71.36733333,541.0,212.0,554.0,73.24933333,210,0.0,0.0
749,0,0,0,0,0,0.965317919,196.0,204.0,550.0,92.0,85.32766667,542.0,216.0,548.0,79.0965,228,0.0,0.0
750,0,0,0,0,0,0.965317919,180.0,186.0,503.0,62.0,57.40733333,507.0,197.0,523.0,60.50425,196,0.0,1.0
751,1,0,1,0,0,0.965317919,206.0,184.0,526.0,85.0,68.80333333,542.0,196.0,531.0,76.1555,209,0.0,0.0
752,1,0,0,0,0,0.965317919,195.0,173.0,496.0,92.0,72.792,517.0,205.0,540.0,71.42875,212,0.0,0.0
753,1,1,0,0,0,0.965317919,177.0,168.0,475.0,8.0,23.64666667,483.0,179.0,473.0,31.828,172,1.0,1.0
754,0,0,0,0,0,0.965317919,224.0,217.0,593.0,85.0,86.752,568.0,218.0,581.0,82.353,230,0.0,0.0
755,1,1,0,0,0,0.965317919,206.0,205.0,556.0,69.0,75.78366667,536.0,194.0,555.0,86.4495,213,0.0,0.0
756,1,0,1,0,1,0.965317919,199.0,180.0,470.0,38.0,43.875,495.0,140.0,521.0,44.01266667,190,0.0,1.0
757,1,0,0,0,0,0.965317919,171.0,175.0,498.0,85.0,61.396,491.0,180.0,514.0,44.958,201,0.0,0.0
758,0,0,0,0,0,0.965317919,188.0,184.0,537.0,62.0,68.091,534.0,208.0,555.0,64.28575,215,0.0,0.0
759,1,1,0,0,0,0.965317919,194.0,166.0,516.0,85.0,75.071,538.0,192.0,490.0,43.27733333,205,0.0,0.0
760,0,0,0,0,0,0.965317919,228.0,212.0,572.0,77.0,87.17933333,583.0,233.0,583.0,79.972,223,0.0,0.0
761,1,0,0,0,0,0.965317919,196.0,209.0,545.0,100.0,81.62366667,556.0,214.0,590.0,77.17066667,218,0.0,0.0
762,0,0,1,0,0,0.965317919,198.0,194.0,515.0,69.0,66.95166667,563.0,204.0,598.0,71.11325,223,0.0,0.0
763,1,0,0,0,0,0.965317919,201.0,181.0,495.0,77.0,72.792,532.0,200.0,581.0,72.269,222,0.0,0.0
764,1,1,0,1,0,0.965317919,75.0,140.0,424.0,31.0,27.635,425.0,153.0,472.0,32.563,189,0.0,1.0
765,0,0,0,0,0,0.965317919,199.0,194.0,519.0,85.0,60.68366667,549.0,204.0,572.0,70.58833333,229,0.0,0.0
766,1,0,0,1,0,0.965317919,119.0,177.0,340.0,31.0,33.90333333,385.0,149.0,436.0,62.60533333,162,1.0,1.0
767,0,0,0,0,0,0.965317919,229.0,218.0,573.0,92.0,86.752,563.0,226.0,607.0,86.1345,230,0.0,0.0
768,1,0,0,0,0,0.965317919,,140.0,506.0,77.0,56.98033333,514.0,191.0,520.0,59.104,200,0.0,1.0
769,0,0,0,0,0,0.965517241,,,,,,,,,,245,0.0,0.0
770,1,0,0,0,0,0.96969697,,,,,,,216.0,562.0,74.5795,226,0.0,0.0
771,1,0,0,0,0,0.970760234,,201.0,557.0,77.0,64.38766667,540.0,210.0,567.0,80.56725,228,0.0,0.0
772,1,0,0,0,0,0.970760234,227.0,210.0,561.0,100.0,100.0,598.0,224.0,595.0,92.647,240,0.0,0.0
773,1,0,0,0,0,0.970930233,154.0,189.0,464.0,15.0,34.33066667,482.0,162.0,514.0,52.80133333,185,1.0,1.0
774,1,0,1,0,0,0.970930233,155.0,140.0,463.0,23.0,39.45866667,481.0,173.0,487.0,67.367,180,1.0,1.0
775,1,0,0,1,0,0.970930233,172.0,140.0,459.0,54.0,45.584,512.0,195.0,518.0,44.0125,193,0.0,1.0
776,1,0,0,0,0,0.970930233,191.0,169.0,463.0,69.0,51.13966667,475.0,187.0,539.0,63.02533333,203,0.0,0.0
777,1,0,0,0,0,0.970930233,171.0,183.0,425.0,,36.5385,499.0,181.0,498.0,48.87966667,196,0.0,1.0
778,0,0,0,0,0,0.970930233,186.0,199.0,513.0,69.0,60.684,501.0,177.0,519.0,48.94925,213,0.0,0.0
779,1,0,1,1,0,0.970930233,136.0,181.0,383.0,38.0,41.59566667,411.0,176.0,502.0,30.392,197,0.0,1.0
780,0,1,0,0,0,0.971098266,189.0,195.0,461.0,92.0,75.78366667,497.0,185.0,552.0,64.0755,190,0.0,1.0
781,1,0,0,0,0,0.971098266,179.0,198.0,511.0,54.0,66.524,533.0,194.0,544.0,62.29,209,0.0,0.0
782,1,0,0,0,0,0.971098266,184.0,185.0,479.0,62.0,46.01133333,539.0,155.0,577.0,54.342,205,0.0,0.0
783,0,1,0,0,0,0.971098266,168.0,140.0,503.0,46.0,44.15966667,523.0,176.0,510.0,48.10925,198,0.0,1.0
784,1,0,0,0,0,0.971098266,190.0,167.0,510.0,92.0,69.80066667,520.0,208.0,538.0,64.566,228,0.0,0.0
785,1,1,0,1,0,0.971098266,169.0,182.0,488.0,54.0,55.55566667,472.0,185.0,515.0,71.6385,202,0.0,0.0
786,1,1,0,0,0,0.971098266,178.0,171.0,508.0,69.0,66.95166667,558.0,183.0,554.0,77.591,219,0.0,0.0
787,0,0,0,0,0,0.971098266,170.0,184.0,517.0,54.0,55.55566667,514.0,201.0,526.0,44.958,201,0.0,0.0
788,1,0,0,0,0,0.971098266,182.0,188.0,508.0,92.0,84.188,546.0,203.0,570.0,76.1555,209,0.0,0.0
789,1,0,0,0,0,0.971098266,180.0,177.0,462.0,31.0,35.32733333,477.0,180.0,493.0,51.891,195,0.0,1.0
790,1,1,0,0,0,0.971098266,186.0,140.0,405.0,85.0,48.148,430.0,180.0,490.0,51.3655,176,1.0,1.0
791,0,0,0,0,0,0.971098266,204.0,199.0,558.0,92.0,93.02,547.0,214.0,557.0,81.7225,225,0.0,0.0
792,1,0,0,0,0,0.971098266,193.0,183.0,496.0,62.0,50.0,516.0,197.0,522.0,53.22133333,195,0.0,1.0
793,1,0,0,0,0,0.971098266,195.0,202.0,542.0,69.0,70.7265,542.0,194.0,564.0,77.591,218,0.0,0.0
794,0,0,0,0,0,0.971098266,187.0,200.0,513.0,62.0,75.78333333,525.0,211.0,549.0,83.19325,206,0.0,0.0
795,1,0,0,1,0,0.971098266,165.0,140.0,462.0,46.0,36.752,497.0,183.0,515.0,43.27733333,193,0.0,1.0
796,1,0,0,0,0,0.971098266,204.0,140.0,489.0,77.0,70.22766667,523.0,210.0,530.0,65.86125,219,0.0,0.0
797,0,0,0,0,0,0.971098266,198.0,200.0,561.0,92.0,92.094,552.0,215.0,585.0,80.252,230,0.0,0.0
798,0,1,0,0,0,0.971098266,202.0,203.0,531.0,85.0,78.34733333,552.0,215.0,566.0,73.21425,228,0.0,0.0
799,0,0,0,0,0,0.971098266,212.0,183.0,514.0,85.0,81.62366667,526.0,204.0,544.0,71.1135,213,0.0,0.0
800,1,1,0,0,1,0.971098266,147.0,140.0,421.0,69.0,43.73233333,449.0,191.0,522.0,45.48325,182,1.0,1.0
801,0,0,0,0,0,0.971098266,203.0,164.0,492.0,92.0,91.88033333,526.0,190.0,526.0,66.10633333,206,0.0,0.0
802,0,0,0,0,0,0.971098266,211.0,203.0,608.0,92.0,93.02,579.0,223.0,559.0,87.395,233,0.0,0.0
803,0,0,0,0,0,0.971098266,228.0,224.0,586.0,100.0,93.73233333,611.0,227.0,624.0,91.1765,233,0.0,0.0
804,1,0,0,0,0,0.971098266,181.0,173.0,504.0,54.0,56.26766667,526.0,188.0,527.0,69.958,212,0.0,0.0
805,0,0,0,0,0,0.971098266,203.0,201.0,526.0,62.0,70.655,549.0,195.0,535.0,74.36975,213,0.0,0.0
806,1,0,1,0,0,0.971098266,162.0,181.0,479.0,85.0,72.344,508.0,179.0,532.0,46.91866667,175,1.0,1.0
807,1,0,0,0,0,0.971098266,211.0,216.0,552.0,100.0,86.04,596.0,230.0,568.0,83.47333333,230,0.0,0.0
808,0,0,0,0,0,0.971098266,215.0,211.0,544.0,85.0,70.22766667,561.0,212.0,591.0,76.47066667,227,0.0,0.0
809,0,0,0,0,0,0.971098266,217.0,207.0,600.0,92.0,90.45566667,596.0,232.0,608.0,76.99575,232,0.0,0.0
810,0,0,0,0,0,0.971098266,203.0,195.0,536.0,92.0,87.89166667,538.0,197.0,569.0,74.68475,224,0.0,0.0
811,1,0,0,0,0,0.971098266,208.0,211.0,547.0,85.0,77.92,571.0,225.0,559.0,77.591,228,0.0,0.0
812,0,0,0,0,0,0.971098266,200.0,223.0,553.0,85.0,89.74333333,530.0,194.0,565.0,71.28833333,195,0.0,1.0
813,1,0,0,0,0,0.971098266,196.0,195.0,494.0,85.0,68.80333333,522.0,186.0,549.0,61.97475,197,0.0,1.0
814,0,0,0,0,0,0.971098266,221.0,226.0,592.0,100.0,93.01966667,596.0,219.0,606.0,88.23525,234,0.0,0.0
815,0,0,0,0,0,0.971098266,217.0,222.0,606.0,92.0,95.584,606.0,247.0,616.0,87.605,236,0.0,0.0
816,0,0,0,0,0,0.971098266,184.0,189.0,497.0,62.0,61.82333333,521.0,210.0,527.0,69.64275,223,0.0,0.0
817,0,0,0,1,0,0.971098266,165.0,165.0,456.0,54.0,41.168,493.0,191.0,523.0,47.269,203,0.0,0.0
818,1,1,0,0,0,0.971098266,127.0,185.0,429.0,100.0,75.356,552.0,203.0,555.0,81.4075,218,0.0,0.0
819,0,0,0,0,0,0.971098266,211.0,205.0,530.0,100.0,88.604,561.0,219.0,565.0,82.87825,230,0.0,0.0
820,0,0,0,0,0,0.971098266,208.0,217.0,578.0,100.0,75.356,590.0,220.0,574.0,86.76475,227,0.0,0.0
821,0,0,0,0,0,0.971098266,186.0,189.0,493.0,75.0,64.45866667,508.0,183.0,516.0,70.5885,198,0.0,1.0
822,0,0,1,0,0,0.971098266,164.0,181.0,481.0,85.0,75.78333333,516.0,191.0,547.0,67.542,202,0.0,0.0
823,0,0,0,0,0,0.971098266,189.0,166.0,494.0,46.0,60.684,516.0,199.0,523.0,63.76025,186,0.0,1.0
824,1,0,0,0,0,0.971098266,216.0,216.0,592.0,92.0,83.476,588.0,220.0,590.0,82.35275,232,0.0,0.0
825,0,0,0,0,0,0.971098266,214.0,216.0,567.0,85.0,78.34733333,570.0,222.0,569.0,83.19325,232,0.0,0.0
826,1,0,0,0,0,0.971098266,197.0,203.0,527.0,85.0,91.168,546.0,218.0,560.0,72.12866667,232,0.0,0.0
827,1,0,0,0,0,0.971098266,213.0,206.0,575.0,92.0,83.476,589.0,213.0,552.0,80.25225,234,0.0,0.0
828,0,0,0,0,0,0.971098266,211.0,204.0,539.0,77.0,80.19933333,578.0,217.0,596.0,83.19325,236,0.0,0.0
829,1,0,0,0,0,0.971098266,232.0,199.0,560.0,100.0,89.74366667,565.0,212.0,570.0,75.21,217,0.0,0.0
830,1,1,0,0,0,0.971098266,168.0,143.0,439.0,77.0,79.05966667,515.0,192.0,525.0,59.664,199,0.0,1.0
831,0,0,0,0,0,0.971098266,142.0,166.0,418.0,23.0,32.33633333,469.0,187.0,472.0,30.67233333,178,1.0,1.0
832,1,0,1,0,0,0.971098266,157.0,180.0,433.0,40.0,57.493,465.0,174.0,481.0,56.09275,191,0.0,1.0
833,1,0,0,0,0,0.971098266,174.0,196.0,500.0,92.0,90.5985,532.0,208.0,540.0,65.756,214,0.0,0.0
834,1,0,0,0,0,0.971098266,228.0,227.0,607.0,100.0,94.87166667,598.0,231.0,607.0,84.34875,248,0.0,0.0
835,1,0,0,0,0,0.971098266,179.0,189.0,492.0,85.0,92.30766667,531.0,204.0,529.0,58.26366667,216,0.0,0.0
836,1,0,0,0,0,0.971098266,207.0,188.0,522.0,77.0,77.92,514.0,194.0,512.0,58.08825,207,0.0,0.0
837,0,0,0,0,0,0.971098266,,177.0,,92.0,81.624,,209.0,,78.7815,210,0.0,0.0
838,1,0,0,0,0,0.971098266,151.0,168.0,418.0,23.0,33.90333333,474.0,146.0,466.0,60.5045,185,1.0,1.0
839,1,0,0,0,0,0.971098266,166.0,175.0,490.0,77.0,65.09966667,509.0,140.0,531.0,83.47333333,211,0.0,0.0
840,1,0,0,0,0,0.971098266,208.0,201.0,557.0,92.0,92.30766667,590.0,227.0,594.0,88.23533333,232,0.0,0.0
841,1,0,0,1,0,0.971098266,167.0,185.0,498.0,69.0,59.54433333,516.0,168.0,508.0,54.51675,202,0.0,0.0
842,0,0,0,1,0,0.971098266,179.0,160.0,498.0,46.0,38.604,506.0,191.0,542.0,46.95375,203,0.0,0.0
843,1,1,0,1,0,0.971098266,75.0,171.0,394.0,92.0,71.93733333,432.0,174.0,589.0,50.9455,200,0.0,1.0
844,1,1,0,0,0,0.971098266,142.0,170.0,432.0,85.0,64.38733333,469.0,174.0,511.0,54.622,173,1.0,1.0
845,1,0,0,1,0,0.971098266,75.0,140.0,381.0,31.0,27.849,408.0,173.0,431.0,37.18475,182,1.0,1.0
846,1,0,0,0,0,0.971098266,167.0,196.0,462.0,54.0,49.288,515.0,184.0,526.0,54.307,204,0.0,0.0
847,1,0,0,1,0,0.971098266,172.0,140.0,339.0,15.0,37.607,363.0,178.0,389.0,35.08375,140,1.0,1.0
848,1,0,0,1,0,0.971428571,,,,46.0,42.59266667,351.0,144.0,375.0,40.89633333,172,1.0,1.0
849,1,1,0,0,0,0.972972973,179.0,149.0,,,,,199.0,480.0,47.899,191,0.0,1.0
850,0,0,0,0,0,0.974193548,206.0,192.0,518.0,100.0,87.46433333,541.0,215.0,591.0,73.24933333,217,0.0,0.0
851,1,0,0,1,0,0.976608187,185.0,191.0,493.0,92.0,79.77233333,511.0,205.0,570.0,64.07575,224,0.0,0.0
852,0,0,1,0,0,0.976744186,209.0,187.0,516.0,92.0,68.09133333,541.0,187.0,526.0,50.84033333,219,0.0,0.0
853,0,0,1,0,0,0.976744186,186.0,165.0,468.0,38.0,60.8975,540.0,205.0,538.0,71.28833333,191,0.0,1.0
854,1,0,0,0,0,0.976878613,167.0,183.0,480.0,100.0,94.87166667,517.0,194.0,547.0,75.21,220,0.0,0.0
855,1,0,0,0,2,0.976878613,200.0,180.0,527.0,85.0,59.54433333,562.0,187.0,524.0,52.801,201,0.0,0.0
856,1,0,0,0,0,0.976878613,211.0,202.0,550.0,62.0,47.86333333,514.0,193.0,567.0,60.50425,208,0.0,0.0
857,1,0,1,0,0,0.976878613,185.0,164.0,490.0,77.0,66.95166667,514.0,181.0,546.0,71.74375,193,0.0,1.0
858,1,0,0,0,0,0.976878613,176.0,183.0,491.0,77.0,68.80333333,522.0,205.0,524.0,64.91625,202,0.0,0.0
859,1,1,0,0,0,0.976878613,187.0,186.0,477.0,92.0,83.04833333,526.0,188.0,522.0,81.72275,202,0.0,0.0
860,1,0,0,0,0,0.976878613,176.0,168.0,492.0,69.0,62.53566667,500.0,197.0,531.0,61.48466667,208,0.0,0.0
861,1,1,0,0,0,0.976878613,176.0,,394.0,,,391.0,,481.0,,158,1.0,1.0
862,1,1,0,0,0,0.976878613,187.0,172.0,470.0,92.0,73.50433333,514.0,185.0,516.0,69.748,199,0.0,1.0
863,1,0,1,0,0,0.976878613,170.0,168.0,495.0,92.0,65.81233333,573.0,190.0,595.0,46.954,222,0.0,0.0
864,1,0,0,1,0,0.976878613,177.0,185.0,497.0,92.0,75.356,519.0,197.0,518.0,77.626,201,0.0,0.0
865,1,0,0,0,0,0.976878613,194.0,202.0,534.0,92.0,72.08,547.0,201.0,530.0,60.64433333,216,0.0,0.0
866,1,0,0,1,0,0.976878613,181.0,189.0,491.0,54.0,52.99166667,506.0,199.0,558.0,74.5795,216,0.0,0.0
867,0,0,0,1,0,0.976878613,148.0,140.0,423.0,54.0,51.852,497.0,185.0,506.0,48.03933333,204,0.0,0.0
868,0,0,0,0,0,0.976878613,208.0,194.0,531.0,77.0,73.93133333,556.0,212.0,554.0,71.1135,218,0.0,0.0
869,0,0,0,0,0,0.976878613,189.0,190.0,481.0,85.0,72.07966667,503.0,194.0,543.0,44.853,199,0.0,1.0
870,1,0,0,0,0,0.976878613,183.0,181.0,491.0,62.0,43.01966667,501.0,193.0,525.0,56.723,205,0.0,0.0
871,1,0,1,0,0,0.976878613,223.0,194.0,547.0,85.0,89.74333333,570.0,209.0,600.0,84.31366667,213,0.0,0.0
872,1,0,1,0,0,0.976878613,165.0,173.0,472.0,46.0,58.11966667,494.0,193.0,537.0,61.90466667,214,0.0,0.0
873,0,1,0,0,0,0.976878613,231.0,212.0,572.0,92.0,97.436,600.0,229.0,618.0,84.66375,239,0.0,0.0
874,0,0,0,0,0,0.976878613,218.0,214.0,559.0,92.0,87.89166667,583.0,219.0,605.0,82.03775,235,0.0,0.0
875,0,1,0,0,0,0.976878613,189.0,189.0,525.0,85.0,60.68366667,518.0,197.0,553.0,49.26475,202,0.0,0.0
876,1,0,1,0,0,0.976878613,177.0,164.0,399.0,23.0,43.01966667,500.0,140.0,492.0,49.895,198,0.0,1.0
877,0,0,0,0,0,0.976878613,174.0,198.0,518.0,77.0,68.376,533.0,202.0,558.0,68.17225,208,0.0,0.0
878,0,0,0,0,0,0.976878613,197.0,183.0,501.0,69.0,55.55566667,528.0,189.0,534.0,52.381,198,0.0,1.0
879,0,1,0,1,0,0.976878613,155.0,140.0,435.0,38.0,42.308,487.0,190.0,484.0,52.801,192,0.0,1.0
880,0,0,0,0,0,0.976878613,219.0,207.0,545.0,92.0,85.32766667,554.0,212.0,586.0,80.392,235,0.0,0.0
881,1,0,0,0,0,0.976878613,198.0,194.0,529.0,77.0,56.98033333,520.0,201.0,529.0,67.017,206,0.0,0.0
882,1,0,0,0,0,0.976878613,217.0,188.0,514.0,92.0,79.77233333,543.0,204.0,539.0,82.353,218,0.0,0.0
883,1,0,0,0,0,0.976878613,178.0,140.0,451.0,54.0,63.675,500.0,190.0,517.0,56.93275,203,0.0,0.0
884,1,0,0,0,0,0.976878613,183.0,192.0,519.0,100.0,91.168,551.0,224.0,558.0,77.521,229,0.0,0.0
885,1,0,0,0,0,0.976878613,187.0,179.0,519.0,77.0,71.36733333,529.0,202.0,549.0,77.17066667,217,0.0,0.0
886,1,0,0,0,0,0.976878613,188.0,196.0,528.0,100.0,89.316,537.0,215.0,564.0,85.29425,218,0.0,0.0
887,1,0,0,0,0,0.976878613,210.0,207.0,543.0,92.0,87.89166667,546.0,214.0,571.0,74.36975,218,0.0,0.0
888,1,0,1,0,0,0.976878613,182.0,181.0,479.0,100.0,86.111,513.0,175.0,594.0,73.2145,200,0.0,1.0
889,1,0,0,1,0,0.976878613,169.0,191.0,497.0,77.0,75.78333333,541.0,193.0,536.0,70.86866667,208,0.0,0.0
890,1,1,0,0,0,0.976878613,191.0,191.0,495.0,77.0,72.07966667,515.0,186.0,544.0,79.55166667,212,0.0,0.0
891,0,0,0,0,0,0.976878613,225.0,226.0,600.0,92.0,89.74366667,593.0,227.0,588.0,84.66375,246,0.0,0.0
892,0,0,0,0,0,0.976878613,218.0,217.0,575.0,92.0,86.752,590.0,229.0,610.0,89.39075,225,0.0,0.0
893,1,0,0,0,0,0.976878613,194.0,188.0,567.0,100.0,86.752,558.0,202.0,564.0,87.605,218,0.0,0.0
894,0,0,1,0,0,0.976878613,174.0,174.0,512.0,85.0,65.3845,512.0,199.0,529.0,58.26333333,211,0.0,0.0
895,1,0,0,0,0,0.976878613,212.0,202.0,546.0,100.0,84.188,575.0,208.0,564.0,76.47033333,217,0.0,0.0
896,0,0,0,0,0,0.976878613,226.0,235.0,580.0,100.0,94.87166667,,231.0,591.0,82.878,231,0.0,0.0
897,1,0,0,0,0,0.976878613,177.0,179.0,507.0,69.0,50.71233333,527.0,190.0,527.0,76.05033333,205,0.0,0.0
898,1,0,0,0,0,0.976878613,177.0,191.0,458.0,85.0,49.28766667,486.0,170.0,509.0,46.63875,190,0.0,1.0
899,1,0,0,0,0,0.976878613,181.0,140.0,462.0,23.0,33.476,514.0,183.0,496.0,52.836,178,1.0,1.0
900,0,0,0,0,0,0.976878613,205.0,209.0,528.0,85.0,86.03966667,539.0,195.0,562.0,76.99575,223,0.0,0.0
901,0,0,0,0,0,0.976878613,176.0,190.0,487.0,69.0,66.95166667,506.0,193.0,522.0,56.72266667,204,0.0,0.0
902,1,0,0,0,0,0.976878613,,179.0,480.0,62.0,73.21933333,517.0,199.0,523.0,64.916,210,0.0,0.0
903,1,0,0,0,0,0.976878613,169.0,164.0,474.0,62.0,50.0,517.0,182.0,500.0,52.206,191,0.0,1.0
904,0,0,0,0,0,0.976878613,197.0,196.0,537.0,85.0,73.21933333,570.0,214.0,579.0,83.89333333,228,0.0,0.0
905,1,0,0,0,0,0.976878613,237.0,239.0,599.0,92.0,87.17966667,598.0,231.0,625.0,82.353,230,0.0,0.0
906,1,0,1,1,0,0.976878613,174.0,182.0,461.0,54.0,60.399,505.0,185.0,522.0,53.22133333,215,0.0,0.0
907,1,0,0,0,0,0.976878613,180.0,207.0,531.0,77.0,68.80333333,553.0,211.0,569.0,70.58833333,210,0.0,0.0
908,1,0,0,0,0,0.976878613,,183.0,478.0,62.0,51.13933333,503.0,193.0,529.0,46.95375,199,0.0,1.0
909,1,0,0,0,0,0.980769231,,,,,,,,534.0,,206,0.0,0.0
910,0,0,0,0,0,0.981132075,,,,,,,198.0,540.0,78.7815,216,0.0,0.0
911,0,1,0,0,0,0.98245614,155.0,175.0,474.0,85.0,82.76333333,485.0,184.0,483.0,56.93275,189,0.0,1.0
912,1,1,0,0,0,0.98255814,177.0,192.0,499.0,85.0,57.69233333,517.0,197.0,536.0,63.44533333,207,0.0,0.0
913,1,1,0,0,0,0.98255814,75.0,180.0,411.0,46.0,34.90033333,443.0,177.0,414.0,32.458,187,0.0,1.0
914,1,0,0,0,0,0.98255814,183.0,189.0,521.0,85.0,73.93133333,516.0,188.0,575.0,76.33066667,214,0.0,0.0
915,1,0,0,0,0,0.98255814,167.0,193.0,500.0,62.0,72.4355,514.0,191.0,520.0,61.975,189,0.0,1.0
916,1,0,1,0,0,0.98255814,154.0,177.0,450.0,62.0,48.57533333,479.0,174.0,529.0,40.126,189,0.0,1.0
917,0,0,0,0,0,0.98255814,205.0,209.0,529.0,85.0,82.76333333,569.0,208.0,556.0,83.89366667,231,0.0,0.0
918,1,0,0,0,0,0.98255814,209.0,201.0,532.0,92.0,90.45566667,560.0,202.0,567.0,89.391,241,0.0,0.0
919,1,0,0,0,0,0.98265896,175.0,186.0,494.0,69.0,58.832,519.0,184.0,520.0,69.01275,197,0.0,1.0
920,1,0,0,0,0,0.98265896,187.0,177.0,515.0,69.0,54.13133333,518.0,203.0,536.0,59.87375,199,0.0,1.0
921,1,0,0,0,0,0.98265896,175.0,171.0,440.0,62.0,65.09933333,495.0,184.0,506.0,62.81525,195,0.0,1.0
922,1,0,0,0,0,0.98265896,199.0,192.0,517.0,92.0,68.09133333,556.0,200.0,555.0,62.81525,200,0.0,1.0
923,1,0,0,0,0,0.98265896,182.0,194.0,520.0,85.0,59.54433333,517.0,194.0,523.0,59.874,211,0.0,0.0
924,1,1,0,0,0,0.98265896,146.0,140.0,425.0,,31.25,388.0,168.0,499.0,,196,0.0,1.0
925,1,0,1,0,0,0.98265896,171.0,140.0,457.0,15.0,29.48733333,471.0,174.0,474.0,41.03633333,210,0.0,0.0
926,1,0,0,0,0,0.98265896,179.0,192.0,486.0,77.0,61.396,522.0,186.0,518.0,48.7395,211,0.0,0.0
927,0,0,0,0,0,0.98265896,178.0,193.0,505.0,77.0,70.22766667,524.0,210.0,548.0,77.62625,219,0.0,0.0
928,1,1,0,1,0,0.98265896,168.0,140.0,455.0,46.0,39.03166667,451.0,178.0,429.0,30.98725,178,1.0,1.0
929,0,0,0,0,0,0.98265896,,205.0,595.0,92.0,87.89166667,577.0,224.0,569.0,78.4665,228,0.0,0.0
930,0,0,1,0,0,0.98265896,206.0,193.0,485.0,77.0,66.23933333,555.0,226.0,589.0,52.20575,215,0.0,0.0
931,1,0,0,0,0,0.98265896,184.0,140.0,474.0,38.0,37.17966667,514.0,182.0,512.0,42.99733333,195,0.0,1.0
932,1,0,0,0,0,0.98265896,222.0,227.0,587.0,92.0,79.48733333,594.0,214.0,597.0,88.23525,237,0.0,0.0
933,1,0,0,0,0,0.98265896,189.0,192.0,528.0,77.0,65.812,521.0,199.0,528.0,60.64433333,205,0.0,0.0
934,0,0,0,0,0,0.98265896,218.0,205.0,583.0,92.0,97.436,585.0,220.0,603.0,85.294,252,0.0,0.0
935,0,0,0,1,0,0.98265896,169.0,177.0,506.0,54.0,46.72366667,514.0,176.0,524.0,45.65833333,200,0.0,1.0
936,1,0,0,0,0,0.98265896,219.0,209.0,571.0,100.0,87.89166667,610.0,220.0,603.0,82.038,225,0.0,0.0
937,1,1,0,0,0,0.98265896,175.0,165.0,392.0,69.0,54.06,357.0,150.0,451.0,,166,1.0,1.0
938,1,1,0,0,0,0.98265896,163.0,172.0,410.0,46.0,45.584,403.0,189.0,500.0,29.5165,185,1.0,1.0
939,1,0,0,0,0,0.98265896,171.0,187.0,459.0,54.0,59.54433333,519.0,184.0,512.0,70.4835,207,0.0,0.0
940,1,0,0,0,0,0.98265896,164.0,183.0,498.0,54.0,55.55566667,522.0,188.0,588.0,60.5045,202,0.0,0.0
941,1,0,1,0,0,0.98265896,,140.0,446.0,31.0,35.32733333,485.0,172.0,510.0,32.14275,195,0.0,1.0
942,1,0,0,0,0,0.98265896,167.0,140.0,469.0,46.0,48.29066667,503.0,184.0,513.0,52.381,206,0.0,0.0
943,1,1,0,0,0,0.98265896,175.0,188.0,501.0,62.0,57.40733333,527.0,205.0,536.0,66.38675,204,0.0,0.0
944,1,0,0,1,0,0.98265896,159.0,173.0,464.0,54.0,58.83166667,497.0,195.0,507.0,60.9245,209,0.0,0.0
945,1,0,0,0,0,0.98265896,176.0,168.0,494.0,85.0,71.36733333,513.0,207.0,540.0,71.28833333,207,0.0,0.0
946,0,0,0,0,0,0.98265896,189.0,183.0,509.0,85.0,73.93133333,509.0,201.0,531.0,60.81925,204,0.0,0.0
947,0,0,0,0,0,0.98265896,177.0,140.0,454.0,69.0,80.19933333,499.0,206.0,513.0,44.538,195,0.0,1.0
948,1,0,0,0,0,0.98265896,202.0,175.0,468.0,100.0,79.05966667,541.0,188.0,533.0,55.46225,194,0.0,1.0
949,1,0,0,0,0,0.98265896,221.0,235.0,611.0,100.0,97.436,618.0,237.0,632.0,90.8615,246,0.0,0.0
950,0,1,0,0,0,0.98265896,229.0,228.0,612.0,100.0,91.168,618.0,242.0,603.0,92.01675,240,0.0,0.0
951,0,0,0,0,0,0.98265896,195.0,191.0,515.0,77.0,72.07966667,536.0,205.0,544.0,70.028,212,0.0,0.0
952,0,0,0,0,0,0.98265896,189.0,176.0,513.0,69.0,56.98033333,525.0,189.0,534.0,79.55166667,210,0.0,0.0
953,0,0,0,0,0,0.98265896,208.0,208.0,554.0,92.0,87.17966667,585.0,213.0,607.0,76.15525,226,0.0,0.0
954,0,0,0,0,0,0.98265896,218.0,219.0,606.0,85.0,94.87166667,626.0,233.0,623.0,89.391,249,0.0,0.0
955,0,0,0,0,0,0.98265896,232.0,216.0,583.0,92.0,89.74366667,594.0,221.0,596.0,82.353,241,0.0,0.0
956,0,0,0,0,0,0.98265896,192.0,185.0,512.0,69.0,65.09966667,524.0,203.0,530.0,71.70866667,217,0.0,0.0
957,0,0,0,0,0,0.98265896,177.0,176.0,488.0,46.0,39.74366667,492.0,187.0,523.0,38.34025,206,0.0,0.0
958,0,0,0,0,0,0.98265896,211.0,200.0,537.0,85.0,77.92,544.0,216.0,582.0,70.5885,227,0.0,0.0
959,0,0,0,0,0,0.98265896,195.0,198.0,523.0,85.0,68.80333333,526.0,202.0,554.0,81.72275,218,0.0,0.0
960,1,0,0,0,0,0.98265896,176.0,179.0,490.0,54.0,45.584,533.0,193.0,538.0,45.37833333,216,0.0,0.0
961,0,0,0,0,0,0.98265896,204.0,220.0,524.0,100.0,82.05133333,534.0,221.0,533.0,57.563,217,0.0,0.0
962,1,0,0,0,0,0.98265896,200.0,181.0,487.0,54.0,48.148,527.0,165.0,531.0,59.664,201,0.0,0.0
963,1,0,0,0,0,0.98265896,179.0,183.0,491.0,69.0,64.38766667,507.0,187.0,519.0,61.48433333,197,0.0,1.0
964,0,0,0,0,0,0.98265896,190.0,188.0,493.0,77.0,69.51566667,534.0,184.0,558.0,75.52525,214,0.0,0.0
965,0,1,0,0,0,0.98265896,208.0,201.0,510.0,100.0,94.87166667,573.0,216.0,584.0,62.60533333,229,0.0,0.0
966,1,0,1,0,0,0.98265896,191.0,184.0,488.0,77.0,57.69233333,495.0,193.0,535.0,65.231,196,0.0,1.0
967,1,1,0,0,0,0.98265896,163.0,182.0,470.0,85.0,76.923,470.0,194.0,512.0,43.69725,204,0.0,0.0
968,0,0,0,0,0,0.98265896,156.0,171.0,451.0,54.0,51.13966667,493.0,182.0,524.0,61.66,202,0.0,0.0
969,0,0,0,0,0,0.98265896,174.0,178.0,475.0,77.0,49.57266667,492.0,188.0,512.0,41.1765,185,1.0,1.0
970,1,0,0,0,0,0.98265896,201.0,191.0,521.0,100.0,83.04833333,547.0,212.0,566.0,81.09275,217,0.0,0.0
971,1,0,1,0,0,0.98265896,140.0,172.0,423.0,23.0,28.34766667,449.0,154.0,460.0,54.30675,210,0.0,0.0
972,1,0,0,0,0,0.98265896,197.0,207.0,556.0,92.0,88.604,578.0,232.0,601.0,84.97925,235,0.0,0.0
973,1,0,0,0,0,0.98265896,165.0,167.0,478.0,62.0,57.83466667,491.0,175.0,511.0,52.381,215,0.0,0.0
974,1,0,0,0,0,0.98265896,179.0,171.0,510.0,69.0,68.80333333,522.0,190.0,517.0,62.29,207,0.0,0.0
975,1,1,0,0,0,0.98265896,200.0,140.0,462.0,92.0,59.54433333,500.0,173.0,505.0,50.52525,199,0.0,1.0
976,1,0,0,0,0,0.98265896,197.0,215.0,585.0,100.0,93.01966667,601.0,231.0,625.0,78.78125,234,0.0,0.0
977,1,1,0,0,0,0.98265896,118.0,161.0,409.0,15.0,21.36766667,423.0,166.0,512.0,55.042,185,1.0,1.0
978,0,0,0,0,0,0.98265896,190.0,190.0,488.0,54.0,55.55566667,516.0,201.0,531.0,50.42025,205,0.0,0.0
979,1,0,0,0,0,0.98265896,177.0,182.0,483.0,77.0,69.80066667,492.0,183.0,515.0,64.91625,194,0.0,1.0
980,1,0,0,0,0,0.98265896,173.0,177.0,499.0,77.0,83.47566667,511.0,198.0,534.0,72.82933333,216,0.0,0.0
981,1,0,0,0,1,0.98265896,212.0,208.0,559.0,69.0,80.19933333,569.0,211.0,585.0,73.21425,227,0.0,0.0
982,1,0,0,0,0,0.98265896,209.0,193.0,531.0,85.0,73.21933333,600.0,203.0,573.0,67.437,200,0.0,1.0
983,1,0,0,0,0,0.98265896,192.0,210.0,558.0,77.0,73.93133333,587.0,225.0,582.0,81.93266667,224,0.0,0.0
984,1,0,1,0,0,0.98265896,188.0,187.0,508.0,69.0,79.48733333,498.0,189.0,538.0,55.88233333,208,0.0,0.0
985,1,1,0,0,0,0.98265896,196.0,203.0,414.0,69.0,73.93166667,453.0,192.0,553.0,66.7015,208,0.0,0.0
986,0,0,0,0,0,0.98265896,204.0,186.0,512.0,77.0,54.84333333,536.0,208.0,567.0,71.24475,222,0.0,0.0
987,1,1,0,1,0,0.98265896,128.0,175.0,435.0,31.0,35.32733333,470.0,191.0,500.0,59.0335,192,0.0,1.0
988,1,0,1,0,0,0.98265896,140.0,169.0,446.0,77.0,83.47566667,497.0,183.0,519.0,43.6975,199,0.0,1.0
989,0,0,0,0,0,0.986842105,,,,,,,,579.0,79.55166667,220,0.0,0.0
990,1,0,0,0,0,0.987951807,172.0,146.0,462.0,69.0,62.3935,507.0,193.0,514.0,45.69325,202,0.0,0.0
991,1,1,0,0,0,0.988304094,178.0,182.0,468.0,54.0,52.99166667,477.0,140.0,502.0,42.43675,197,0.0,1.0
992,1,1,0,0,0,0.988372093,144.0,169.0,420.0,92.0,87.89166667,543.0,186.0,539.0,75.21025,202,0.0,0.0
993,1,0,0,0,0,0.988372093,159.0,144.0,487.0,54.0,37.46433333,494.0,173.0,517.0,78.011,199,0.0,1.0
994,0,0,0,0,0,0.988372093,186.0,167.0,519.0,92.0,89.74366667,551.0,213.0,558.0,79.972,221,0.0,0.0
995,0,0,1,0,0,0.988372093,215.0,204.0,582.0,,92.3075,554.0,216.0,612.0,83.1935,229,0.0,0.0
996,1,0,0,0,0,0.988372093,179.0,183.0,512.0,62.0,84.61533333,509.0,185.0,542.0,65.86125,208,0.0,0.0
997,1,0,0,1,0,0.988439306,161.0,147.0,432.0,31.0,30.91166667,476.0,171.0,482.0,48.45933333,184,1.0,1.0
998,1,0,0,0,0,0.988439306,191.0,184.0,498.0,23.0,47.151,511.0,181.0,535.0,64.39075,223,0.0,0.0
999,1,1,0,0,0,0.988439306,179.0,180.0,491.0,54.0,46.01133333,513.0,195.0,529.0,67.017,197,0.0,1.0
1000,1,0,0,1,0,0.988439306,167.0,185.0,468.0,46.0,49.288,508.0,179.0,509.0,62.605,196,0.0,1.0
1001,1,1,0,0,0,0.988439306,184.0,174.0,482.0,69.0,65.171,478.0,166.0,498.0,39.706,192,0.0,1.0
1002,1,1,0,0,0,0.988439306,179.0,180.0,475.0,,71.795,464.0,168.0,480.0,58.7185,189,0.0,1.0
1003,1,1,0,0,0,0.988439306,167.0,191.0,499.0,69.0,68.80333333,518.0,181.0,546.0,69.11775,207,0.0,0.0
1004,1,0,1,0,0,0.988439306,178.0,166.0,491.0,100.0,69.51566667,517.0,196.0,553.0,55.18233333,211,0.0,0.0
1005,1,1,0,0,0,0.988439306,158.0,140.0,451.0,62.0,60.68366667,436.0,193.0,513.0,46.3235,189,0.0,1.0
1006,1,1,0,0,0,0.988439306,151.0,178.0,405.0,23.0,50.0,478.0,170.0,515.0,51.26066667,158,1.0,1.0
1007,1,1,0,0,0,0.988439306,176.0,163.0,481.0,85.0,53.70366667,503.0,184.0,514.0,46.49833333,202,0.0,0.0
1008,0,0,0,0,0,0.988439306,201.0,189.0,527.0,92.0,79.05966667,558.0,202.0,580.0,79.972,216,0.0,0.0
1009,1,0,0,0,0,0.988439306,196.0,192.0,515.0,77.0,56.98033333,528.0,198.0,552.0,67.787,211,0.0,0.0
1010,1,0,0,0,0,0.988439306,166.0,168.0,420.0,31.0,28.34766667,458.0,140.0,502.0,45.588,181,1.0,1.0
1011,0,0,0,0,0,0.988439306,205.0,203.0,534.0,100.0,90.45566667,557.0,217.0,581.0,87.81533333,221,0.0,0.0
1012,0,1,0,1,0,0.988439306,142.0,181.0,408.0,23.0,40.88333333,413.0,143.0,459.0,33.053,182,1.0,1.0
1013,1,0,0,0,0,0.988439306,194.0,200.0,513.0,62.0,64.81466667,521.0,201.0,522.0,68.90766667,209,0.0,0.0
1014,0,0,0,0,0,0.988439306,198.0,195.0,517.0,85.0,61.396,529.0,217.0,556.0,69.958,224,0.0,0.0
1015,1,0,0,0,0,0.988439306,204.0,193.0,543.0,85.0,68.162,554.0,194.0,551.0,85.01366667,224,0.0,0.0
1016,0,0,0,0,0,0.988439306,189.0,163.0,496.0,92.0,70.94033333,505.0,204.0,539.0,68.90766667,210,0.0,0.0
1017,0,0,0,0,0,0.988439306,221.0,217.0,555.0,92.0,84.61533333,599.0,217.0,615.0,85.29425,238,0.0,0.0
1018,0,1,0,0,0,0.988439306,186.0,182.0,462.0,23.0,35.32766667,511.0,177.0,491.0,54.762,205,0.0,0.0
1019,1,0,0,0,0,0.988439306,192.0,191.0,513.0,46.0,51.567,536.0,213.0,522.0,68.6975,210,0.0,0.0
1020,0,0,0,0,0,0.988439306,168.0,180.0,478.0,69.0,65.09966667,520.0,204.0,550.0,58.26366667,220,0.0,0.0
1021,0,0,0,0,0,0.988439306,198.0,203.0,568.0,100.0,95.584,579.0,219.0,581.0,77.62625,224,0.0,0.0
1022,0,0,0,0,0,0.988439306,190.0,197.0,521.0,92.0,91.88033333,559.0,207.0,574.0,74.79,217,0.0,0.0
1023,1,1,0,0,0,0.988439306,144.0,170.0,461.0,38.0,31.624,479.0,179.0,496.0,44.53766667,195,0.0,1.0
1024,1,0,1,0,0,0.988439306,161.0,158.0,427.0,69.0,57.69233333,503.0,173.0,546.0,72.58425,202,0.0,0.0
1025,1,0,0,1,0,0.988439306,168.0,192.0,471.0,54.0,49.288,511.0,185.0,511.0,51.961,197,0.0,1.0
1026,1,0,0,0,0,0.988439306,208.0,213.0,512.0,100.0,70.94033333,551.0,204.0,548.0,71.4285,226,0.0,0.0
1027,0,0,0,0,0,0.988439306,224.0,223.0,575.0,100.0,92.30766667,599.0,228.0,633.0,90.19633333,245,0.0,0.0
1028,0,0,0,0,0,0.988439306,194.0,190.0,524.0,69.0,57.69233333,510.0,198.0,541.0,51.36575,197,0.0,1.0
1029,0,0,0,0,0,0.988439306,162.0,174.0,480.0,92.0,81.909,510.0,188.0,515.0,69.328,200,0.0,1.0
1030,0,0,0,0,0,0.988439306,,193.0,522.0,85.0,92.30766667,566.0,216.0,594.0,73.42425,215,0.0,0.0
1031,1,0,0,0,0,0.988439306,203.0,210.0,564.0,85.0,79.05966667,550.0,216.0,563.0,83.19325,224,0.0,0.0
1032,0,0,0,0,0,0.988439306,189.0,186.0,520.0,92.0,76.49566667,526.0,210.0,522.0,71.1135,203,0.0,0.0
1033,1,0,0,0,0,0.988439306,205.0,198.0,525.0,85.0,73.21933333,546.0,196.0,551.0,69.53775,209,0.0,0.0
1034,1,0,0,0,0,0.988439306,217.0,225.0,577.0,77.0,82.05133333,584.0,212.0,611.0,82.353,226,0.0,0.0
1035,1,0,0,0,0,0.988439306,176.0,184.0,511.0,92.0,76.49566667,514.0,198.0,516.0,68.4875,219,0.0,0.0
1036,0,1,0,0,0,0.988439306,205.0,208.0,557.0,92.0,79.77233333,550.0,215.0,593.0,77.311,214,0.0,0.0
1037,0,1,0,0,0,0.988439306,164.0,157.0,443.0,85.0,73.21933333,495.0,148.0,482.0,64.811,206,0.0,0.0
1038,0,0,0,0,0,0.988439306,191.0,183.0,519.0,77.0,67.66366667,496.0,190.0,561.0,55.77725,212,0.0,0.0
1039,0,0,0,0,0,0.988439306,189.0,198.0,528.0,77.0,66.95166667,533.0,215.0,555.0,57.248,214,0.0,0.0
1040,1,0,0,0,0,0.988439306,202.0,175.0,503.0,85.0,57.40733333,526.0,196.0,558.0,54.62175,221,0.0,0.0
1041,1,0,0,0,0,0.988439306,165.0,160.0,437.0,77.0,81.62366667,461.0,185.0,520.0,54.34166667,194,0.0,1.0
1042,1,0,0,0,0,0.988439306,216.0,205.0,511.0,77.0,75.78333333,545.0,206.0,573.0,62.60533333,221,0.0,0.0
1043,1,0,0,0,0,0.988439306,229.0,215.0,562.0,92.0,93.02,618.0,221.0,606.0,89.706,228,0.0,0.0
1044,1,0,0,0,0,0.988439306,190.0,140.0,486.0,92.0,66.52433333,502.0,185.0,516.0,59.10366667,199,0.0,1.0
1045,1,0,1,0,0,0.988439306,169.0,171.0,464.0,75.0,51.389,493.0,167.0,530.0,48.109,194,0.0,1.0
1046,0,0,1,0,0,0.988439306,222.0,195.0,523.0,85.0,77.635,559.0,214.0,578.0,77.626,227,0.0,0.0
1047,1,0,0,0,0,0.988439306,215.0,207.0,555.0,100.0,87.89166667,572.0,220.0,568.0,83.19325,229,0.0,0.0
1048,1,0,0,0,0,0.988439306,200.0,209.0,572.0,100.0,86.752,572.0,208.0,566.0,91.73666667,234,0.0,0.0
1049,1,0,0,0,0,0.988439306,192.0,204.0,521.0,92.0,72.792,531.0,212.0,545.0,59.87425,219,0.0,0.0
1050,1,1,0,0,0,0.988439306,153.0,174.0,472.0,69.0,50.0,479.0,184.0,482.0,64.496,195,0.0,1.0
1051,0,0,0,1,0,0.993197279,,,,38.0,46.724,350.0,179.0,373.0,38.93533333,162,1.0,1.0
1052,1,0,0,0,0,0.994186047,216.0,204.0,572.0,77.0,69.51566667,571.0,223.0,544.0,73.73975,226,0.0,0.0
1053,0,0,0,0,0,0.994186047,196.0,201.0,518.0,85.0,65.09966667,532.0,204.0,550.0,69.643,209,0.0,0.0
1054,1,0,0,1,0,0.994186047,124.0,,342.0,,30.769,379.0,167.0,456.0,42.9095,183,1.0,1.0
1055,0,0,0,0,0,0.994219653,189.0,184.0,518.0,85.0,71.36733333,567.0,216.0,559.0,70.27325,211,0.0,0.0
1056,1,0,1,0,0,0.994219653,174.0,158.0,446.0,62.0,66.524,486.0,206.0,514.0,52.521,206,0.0,0.0
1057,1,0,0,1,0,0.994219653,186.0,196.0,514.0,54.0,66.239,520.0,210.0,534.0,72.269,221,0.0,0.0
1058,1,1,0,0,0,0.994219653,208.0,199.0,516.0,92.0,79.77233333,530.0,189.0,529.0,51.26033333,213,0.0,0.0
1059,1,0,1,0,0,0.994219653,176.0,195.0,509.0,69.0,58.12,509.0,188.0,531.0,64.07575,190,0.0,1.0
1060,1,0,0,0,0,0.994219653,172.0,191.0,492.0,69.0,67.66366667,510.0,196.0,512.0,43.38225,193,0.0,1.0
1061,1,0,0,1,0,0.994219653,196.0,188.0,496.0,54.0,51.13966667,515.0,199.0,521.0,50.84033333,204,0.0,0.0
1062,1,1,0,0,0,0.994219653,170.0,158.0,460.0,69.0,67.66366667,494.0,140.0,490.0,62.60533333,179,1.0,1.0
1063,1,0,0,0,0,0.994219653,219.0,206.0,539.0,92.0,82.33633333,592.0,221.0,595.0,81.93266667,222,0.0,0.0
1064,1,1,0,0,0,0.994219653,129.0,140.0,393.0,23.0,15.812,437.0,140.0,490.0,34.31366667,176,1.0,1.0
1065,1,0,0,0,0,0.994219653,177.0,187.0,495.0,77.0,73.50433333,533.0,192.0,541.0,40.196,202,0.0,0.0
1066,0,0,0,0,0,0.994219653,210.0,196.0,514.0,77.0,87.17933333,575.0,218.0,564.0,81.4075,222,0.0,0.0
1067,1,0,1,0,0,0.994219653,171.0,140.0,486.0,54.0,68.80333333,505.0,183.0,495.0,63.34825,186,0.0,1.0
1068,1,0,0,0,0,0.994219653,179.0,178.0,477.0,92.0,82.265,536.0,154.0,558.0,56.3025,206,0.0,0.0
1069,1,0,1,0,0,0.994219653,177.0,181.0,483.0,63.0,78.24066667,524.0,184.0,493.0,49.29966667,204,0.0,0.0
1070,0,0,0,0,0,0.994219653,204.0,205.0,520.0,100.0,94.87166667,574.0,214.0,572.0,84.664,226,0.0,0.0
1071,0,0,0,0,0,0.994219653,207.0,186.0,535.0,69.0,79.06,557.0,205.0,549.0,82.353,214,0.0,0.0
1072,0,0,0,0,0,0.994219653,222.0,216.0,576.0,100.0,93.73233333,617.0,228.0,619.0,87.92,253,0.0,0.0
1073,0,0,1,0,0,0.994219653,217.0,190.0,502.0,100.0,92.30766667,569.0,212.0,555.0,86.765,218,0.0,0.0
1074,0,0,0,0,0,0.994219653,174.0,181.0,501.0,69.0,69.943,522.0,190.0,517.0,63.44533333,206,0.0,0.0
1075,0,0,0,0,0,0.994219653,218.0,224.0,555.0,92.0,74.644,586.0,222.0,611.0,83.8235,235,0.0,0.0
1076,1,0,0,0,0,0.994219653,191.0,179.0,516.0,100.0,86.04,521.0,199.0,557.0,80.67233333,205,0.0,0.0
1077,0,0,0,0,0,0.994219653,208.0,194.0,505.0,92.0,84.188,551.0,206.0,592.0,87.60525,236,0.0,0.0
1078,0,0,0,0,0,0.994219653,209.0,192.0,515.0,85.0,82.76333333,537.0,199.0,550.0,68.1725,219,0.0,0.0
1079,0,0,0,0,0,0.994219653,216.0,213.0,561.0,77.0,70.65533333,568.0,215.0,590.0,77.311,236,0.0,0.0
1080,1,0,0,1,0,0.994219653,167.0,178.0,470.0,54.0,44.15966667,513.0,198.0,516.0,52.731,208,0.0,0.0
1081,1,0,0,0,0,0.994219653,177.0,169.0,509.0,54.0,46.01133333,514.0,175.0,513.0,41.91175,202,0.0,0.0
1082,0,0,0,0,0,0.994219653,230.0,243.0,613.0,92.0,97.436,633.0,231.0,639.0,91.1765,236,0.0,0.0
1083,1,0,0,0,0,0.994219653,204.0,193.0,504.0,100.0,71.65233333,546.0,203.0,574.0,71.4285,213,0.0,0.0
1084,0,0,0,0,0,0.994219653,194.0,183.0,517.0,100.0,56.55266667,518.0,192.0,539.0,63.7605,207,0.0,0.0
1085,1,0,0,0,0,0.994219653,186.0,191.0,514.0,92.0,77.208,536.0,202.0,548.0,68.17225,200,0.0,1.0
1086,1,0,0,0,0,0.994219653,197.0,194.0,517.0,92.0,77.92033333,537.0,209.0,569.0,69.32766667,230,0.0,0.0
1087,0,0,0,0,0,0.994219653,179.0,191.0,499.0,77.0,69.51566667,527.0,197.0,527.0,77.591,199,0.0,1.0
1088,0,0,0,0,0,0.994219653,209.0,215.0,555.0,100.0,95.584,583.0,222.0,586.0,84.34875,229,0.0,0.0
1089,0,0,0,0,0,0.994219653,206.0,205.0,553.0,92.0,92.30766667,558.0,222.0,583.0,84.979,227,0.0,0.0
1090,0,1,0,0,0,0.994219653,134.0,151.0,429.0,38.0,38.17666667,461.0,163.0,454.0,38.4455,143,1.0,1.0
1091,1,0,0,0,0,0.994219653,181.0,167.0,464.0,77.0,65.09966667,500.0,195.0,533.0,59.66375,208,0.0,0.0
1092,1,0,0,0,0,0.994219653,209.0,203.0,539.0,69.0,75.78366667,559.0,212.0,585.0,68.48725,222,0.0,0.0
1093,1,0,0,0,0,0.994219653,206.0,212.0,560.0,77.0,71.36733333,563.0,220.0,585.0,83.193,227,0.0,0.0
1094,1,0,0,0,0,0.994219653,191.0,175.0,522.0,69.0,78.34766667,528.0,207.0,566.0,73.73975,210,0.0,0.0
1095,1,0,0,0,0,0.994219653,202.0,207.0,554.0,92.0,85.32766667,591.0,214.0,583.0,86.4495,233,0.0,0.0
1096,0,0,0,0,0,0.994219653,182.0,177.0,470.0,62.0,59.25933333,496.0,195.0,521.0,55.602,207,0.0,0.0
1097,0,0,0,0,0,0.994219653,163.0,140.0,446.0,69.0,69.9095,479.0,163.0,486.0,39.706,177,1.0,1.0
1098,1,0,0,0,0,0.994219653,203.0,195.0,549.0,77.0,69.943,571.0,207.0,564.0,80.56725,216,0.0,0.0
1099,0,0,0,0,0,0.994219653,,199.0,529.0,85.0,85.32733333,577.0,212.0,604.0,72.269,232,0.0,0.0
1100,1,0,0,0,0,1.0,190.0,203.0,529.0,77.0,76.49566667,535.0,209.0,522.0,73.66966667,209,0.0,0.0
1101,1,0,0,0,0,1.0,181.0,181.0,486.0,69.0,65.09966667,508.0,178.0,521.0,64.986,198,0.0,1.0
1102,1,0,0,0,0,1.0,204.0,200.0,560.0,92.0,79.05966667,541.0,213.0,562.0,90.196,225,0.0,0.0
1103,1,1,0,0,0,1.0,163.0,169.0,438.0,77.0,70.94033333,476.0,186.0,500.0,57.563,173,1.0,1.0
1104,0,0,1,0,0,1.0,158.0,167.0,427.0,62.0,56.98,503.0,195.0,530.0,39.776,204,0.0,0.0
1105,0,0,0,0,0,1.0,174.0,140.0,474.0,54.0,59.54433333,554.0,203.0,534.0,78.011,195,0.0,1.0
1106,1,0,0,0,0,1.0,242.0,242.0,636.0,100.0,97.436,661.0,240.0,693.0,84.66375,251,0.0,0.0
1107,1,0,0,0,0,1.0,188.0,178.0,529.0,85.0,66.95166667,551.0,191.0,512.0,67.01675,211,0.0,0.0
1108,0,1,0,0,0,1.0,208.0,189.0,537.0,85.0,70.22766667,546.0,210.0,559.0,44.01275,211,0.0,0.0
1109,1,0,0,0,0,1.0,195.0,191.0,519.0,62.0,54.843,527.0,210.0,517.0,53.466,214,0.0,0.0
1110,1,0,0,0,0,1.0,249.0,240.0,628.0,100.0,95.584,662.0,230.0,678.0,95.65833333,245,0.0,0.0
1111,1,0,0,1,0,1.0,163.0,154.0,423.0,23.0,35.32766667,463.0,177.0,471.0,28.29133333,178,1.0,1.0
1112,1,1,0,0,0,1.0,140.0,160.0,385.0,38.0,22.792,401.0,163.0,450.0,31.9325,182,1.0,1.0
1113,1,0,0,0,0,1.0,189.0,193.0,512.0,77.0,68.09133333,532.0,203.0,537.0,66.947,217,0.0,0.0
1114,0,0,0,0,0,1.0,191.0,194.0,533.0,92.0,70.94033333,511.0,204.0,557.0,62.28975,211,0.0,0.0
1115,1,0,0,0,0,1.0,215.0,211.0,576.0,100.0,100.0,595.0,215.0,603.0,89.391,240,0.0,0.0
1116,1,0,0,0,0,1.0,194.0,228.0,564.0,92.0,89.74366667,595.0,244.0,588.0,81.51233333,231,0.0,0.0
1117,1,0,0,0,0,1.0,218.0,205.0,561.0,85.0,86.03966667,554.0,216.0,576.0,70.44833333,219,0.0,0.0
1118,0,0,0,0,0,1.0,235.0,229.0,573.0,92.0,90.45566667,599.0,254.0,617.0,86.76475,229,0.0,0.0
1119,1,0,0,0,0,1.0,215.0,213.0,554.0,85.0,81.62366667,578.0,221.0,582.0,83.5085,222,0.0,0.0
1120,0,0,1,0,0,1.0,197.0,188.0,492.0,62.0,44.87166667,515.0,179.0,523.0,60.18925,207,0.0,0.0
1121,1,0,0,0,0,1.0,225.0,204.0,570.0,92.0,84.90033333,570.0,222.0,611.0,87.60525,225,0.0,0.0
1122,0,0,0,0,0,1.0,181.0,177.0,511.0,85.0,61.396,536.0,175.0,511.0,79.972,207,0.0,0.0
1123,1,0,0,0,0,1.0,164.0,182.0,463.0,85.0,87.17933333,493.0,190.0,552.0,45.168,196,0.0,1.0
1124,1,0,0,0,0,1.0,180.0,190.0,503.0,92.0,70.228,549.0,203.0,545.0,76.01825,217,0.0,0.0
1125,1,0,0,1,0,1.0,155.0,174.0,407.0,46.0,48.86033333,427.0,152.0,496.0,45.168,195,0.0,1.0
1126,1,0,0,0,0,1.0,183.0,190.0,520.0,69.0,60.684,516.0,187.0,524.0,47.47875,202,0.0,0.0
1127,0,0,1,0,0,1.0,180.0,185.0,453.0,77.0,60.78433333,483.0,140.0,520.0,53.46625,193,0.0,1.0
1128,1,1,0,0,0,1.0,165.0,169.0,449.0,92.0,90.02866667,486.0,168.0,481.0,45.238,186,0.0,1.0
1129,1,0,0,0,0,1.0,209.0,223.0,568.0,92.0,92.30766667,570.0,229.0,603.0,91.73666667,236,0.0,0.0
1130,1,0,0,0,0,1.0,191.0,185.0,518.0,77.0,65.09966667,518.0,202.0,527.0,50.105,210,0.0,0.0
1131,1,0,0,0,0,1.0,213.0,198.0,500.0,54.0,62.53533333,521.0,199.0,524.0,56.4075,206,0.0,0.0
1132,1,0,0,0,0,1.0,163.0,181.0,492.0,46.0,41.88033333,502.0,179.0,503.0,52.83625,201,0.0,0.0
1133,0,0,0,0,0,1.0,225.0,208.0,559.0,100.0,100.0,600.0,228.0,601.0,86.1345,229,0.0,0.0
1134,0,0,0,0,0,1.0,220.0,212.0,571.0,92.0,92.30766667,582.0,232.0,596.0,85.29425,223,0.0,0.0
1135,1,0,0,0,0,1.0,185.0,188.0,484.0,85.0,75.641,514.0,174.0,569.0,56.7225,212,0.0,0.0
1136,0,0,0,0,0,1.0,191.0,199.0,518.0,77.0,87.17933333,568.0,188.0,572.0,70.2075,218,0.0,0.0
1137,1,0,0,0,0,1.0,,,,,,,,,39.0755,198,0.0,1.0
