ID,G1_Race,G1_Sex,G1_DIBELS_Spring_TTLattempted_Wo,G1_DIBELS_Spring_INCR_words,G1_DIBELS_Spring_RS,G1_DIBELS_IceCream_TTLattempted_,G1_DIBELS_IceCream_INCR_words,G1_DIBELS_IceCream_RS,G1_DIBELS_CheckUp_TTLattempted_W,G1_DIBELS_CheckUp_INCR_words,G1_DIBELS_CheckUp_RS,G1_StanBin_RS,G1_StanBin_SAS,G1_WRAT3Spell_RS,G1_WRAT3Spell_SS,G1_WJAIII_WidRS,G1_WJAIII_WidSS,G1_WJAIII_WidWS,G1_WJAIII_PCompRS,G1_WJAIII_PCompSS,G1_WJAIII_PCompWS,G1_WJAIII_WattRS,G1_WJAIII_WattSS,G1_WJAIII_WattWS,G1_WJAIII_OCompRS,G1_WJAIII_OCompSS,G1_WJAIII_OCompWS,G1_ExpPassRdg_1Windows_correct,G1_ExpPassRdg_1Windows_time,G1_ExpPassRdg_2Earth_correct,G1_ExpPassRdg_2Earth_time,G1_TOWRE2_TTLAttempted_WD_C,G1_TOWRE2_TTL_INCR_WD_C,G1_TOWREWdC_RS,G1_TOWRE2_WdC_SS,G1_TOWRE2_TTLAttempted_WD_D,G1_TOWRE2_TTL_INCR_WD_D,G1_TOWREWdD_RS,G1_TOWRE2_WdD_SS,G1_TOWRE2_TTLAttempted_NWd_C,G1_TOWRE2_TTLG1__INCR_NWd_C,G1_TOWRENonWdC_RS,G1_TOWRE2_NWdC_SS,G1_TOWRE2_TTLAttempted_NWd_D,G1_TOWRE2_TTL_INCR_NWd_D,G1_TOWRENonWdD_RS,G1_TOWRE2_NWdD_SS,G1_ExpPassListening_1Pierre_corr,G1_ExpPassListening_2Tree_correc,G1_WASI_Vocab_RS,G1_WASI_Vocab_TScore,G1_WIAT2_Alpha_RS,G1_WIAT2_WF_RS,G1_WIAT2_WF_AgeBased_Q,G1_WIAT2_WF_GradeBased_Q,G1_WIAT2_Sentences_RS,G1_WIAT2_WE_TTL_AgeBasedRS,G1_WIAT2_WE_TTL_AgeBasedSS,G1_WIAT2_WE_TTL_GradeBasedRS,G1_WIAT2_WE_TTL_GradeBasedSS,G1_WIAT2_SP_RS,G1_WIAT2_SP_AgeBasedSS,G1_WIAT2_SP_GradeBasedSS,G1_WIAT2_WL_AgeBasedSumSS,G1_WIAT2_WL_GradeBasedSumSS,G1_WIAT2_WL_AgeBasedCompSS,G1_WIAT2_WL_GradeBasedCompSS,G1_WRMT_PCompRS,G1_WRMT_PCompSS,G1_WRMT_PCompWS,G1_MemSpan_A_RS,G1_MemSpan_B_RS,G1_TOSREC_NumCorrect_FormA,G1_TOSREC_NumINCORRECT_FormA,G1_ToSRE_G1_A_RS,G1_ToSRE_G1_A_IS,G1_TOSREC_NumCorrect_FormD,G1_TOSREC_NumINCORRECT_FormD,G1_ToSRE_G1_D_RS,G1_ToSRE_G1_D_IS,G1_WUR_0708_1N,G1_WUR_0708_2E,G1_WUR_0708_3N,G1_WUR_0708_4E,G1_SAT10_0708_Rd_Pctl,G2_Race,G2_Sex,G2_DIBELS_RollrCoast_TTLattempte,G2_DIBELS_RollrCoast_INCorrect_w,G2_DIBELS_RollrCoast_RS,G2_DIBELS_MovingDay_TTLattempted,G2_DIBELS_MovingDay_INCorrect_wo,G2_DIBELS_MovingDay_RS,G2_DIBELS_Stars_TTLattempted_Wor,G2_DIBELS_Stars_INCorrect_words,G2_DIBELS_Stars_RS,G2_StanBin_RS,G2_StanBin_SAS,G2_WRAT3Spell_RS,G2_WRAT3Spell_SS,G2_WJAIII_WidRS,G2_WJAIII_WidSS,G2_WJAIII_WidWS,G2_WJAIII_PCompRS,G2_WJAIII_PCompSS,G2_WJAIII_PCompWS,G2_WJAIII_WattRS,G2_WJAIII_WattSS,G2_WJAIII_WattWS,G2_WJAIII_OCompRS,G2_WJAIII_OCompSS,G2_WJAIII_OCompWS,G2_ExpPassRdg_1Windows_time,G2_ExpPassRdg_1Windows_correct,G2_ExpPassRdg_2Earth_time,G2_ExpPassRdg_2Earth_correct,G2_TOWRE2_TTLAttempted_WD_A,G2_TOWRE2_TTL_INCR_WD_A,G2_TOWRE2_WdA_RS,G2_TOWRE2_WdA_SS,G2_TOWRE2_TTLAttempted_WD_B,G2_TOWRE2_TTL_INCR_WD_B,G2_TOWRE2_WdB_RS,G2_TOWRE2_WdB_SS,G2_TOWRE2_TTLAttempted_nonwd_A,G2_TOWRE2_TTL_INCR_NWd_A,G2_TOWRE2_NWdA_RS,G2_TOWRE2_NWdA_SS,G2_TOWRE2_TTLAttempted_NWd_B,G2_TOWRE2_TTL_INCR_NWd_B,G2_TOWRE2_NWdB_RS,G2_TOWRE2_NWdB_SS,G2_ExpPassListening_1Pierre_corr,G2_ExpPassListening_2Tree_correc,G2_WASI_Vocab_RS,G2_WASI_Vocab_TScore,G2_WIAT2_Alpha_RS,G2_WIAT2_WF_RS,G2_WIAT2_WF_AgeBased_Q,G2_WIAT2_WF_GradeBased_Q,G2_WIAT2_Sentences_RS,G2_WIAT2_WE_TTL_AgeBasedRS,G2_WIAT2_WE_TTL_AgeBasedSS,G2_WIAT2_WE_TTL_GradeBasedRS,G2_WIAT2_WE_TTL_GradeBasedSS,G2_WIAT2_SP_RS,G2_WIAT2_SP_AgeBasedSS,G2_WIAT2_SP_GradeBasedSS,G2_WIAT2_WL_AgeBasedsumSS,G2_WIAT2_WL_GradeBasedSumSS,G2_WIAT2_WL_AgeBasedCompSS,G2_WIAT2_WL_GradeBasedCompSS,G2_WRMT_PCompRS,G2_WRMT_PCompSS,G2_WRMT_PCompWS,G2_MemSpan_G2_A_RS,G2_MemSpan_G2_B_RS,G2_TOSREC_NumCorrect_FormA,G2_TOSREC_NumINCORRECT_FormA,G2_ToSRE_G2_A_RS,G2_ToSRE_G2_A_IS,G2_TOSREC_NumCorrect_FormD,G2_TOSREC_NumINCORRECT_FormD,G2_ToSRE_G2_D_RS,G2_ToSRE_G2_D_IS,G2_WUR_0809_1N,G2_WUR_0809_2E,G2_WUR_0809_3N,G2_WUR_0809_4E,G2_SAT10_Rd_Pctl,G3_DIBELS_FldTrp_TTLattempted_Wo,G3_DIBELS_FldTrpNumber_INCR1,G3_DIBELS_ORF_FldTrp_RS,G3_DIBELS_Keiko_TTLattempted_Wor,G3_DIBELS_KeikoNumber_INCR2,G3_DIBELS_ORF_Keiko_RS,G3_DIBELS_Email_TTLattempted_Wor,G3_DIBELS_EmailNumber_INCR3,G3_DIBELS_ORF_Email_RS,G3_StanBin_RS,G3_StanBin_SAS,G3_WRAT3Spell_RS,G3_WRAT3Spell_SS,G3_WJAIII_WidRS,G3_WJAIII_WidSS,G3_WJAIII_WidWS,G3_WJAIII_PCompRS,G3_WJAIII_PCompSS,G3_WJAIII_PCompWS,G3_WJAIII_WAttackRS,G3_WJAIII_WAttackSS,G3_WJAIII_WWttackWS,G3_WJAIII_OCompRS,G3_WJAIII_OCompSS,G3_WJAIII_OCompWS,G3_ExpPassRdg_1NewHome_time,G3_ExpPassRdg_1NewHome_correct1_,G3_ExpPassRdg_1NewHome_correct10,G3_ExpPassRdg_2Oceans_time,G3_ExpPassRdg_2Oceans_correct1_4,G3_ExpPassRdg_2Oceans_correct1_5,G3_TOWRE2_TTLAttempted_WD_C,G3_TOWRE2_SightWd_FormC_NUM_INCR,G3_TOWRE2_SightWd_formC_RS,G3_TOWRE2_SightWd_formC_SS,G3_TOWRE2_TTLAttempted_WD_D,G3_TOWRE2_SightWd_FormD_NUM_INCR,G3_TOWRE2_SightWd_FormD_RS,G3_TOWRE2_SightWd_FormD_SS,G3_TOWRE2_TTLAttempted_nonwd_C,G3_TOWRE2_NONwd_FormC_NUM_INCR,G3_TOWRE2_NonWd_FormC_RS,G3_TOWRE2_NonWd_FormC_SS,G3_TOWRE2_TTLAttempted_NONwd_D,G3_TOWRE2_NONwd_FormD_Num_INCR,G3_TOWRE2_NonWd_FormD_RS,G3_TOWRE2_NonWd_FormD_SS,G3_ExpPassListening_TheOwl_corre,G3_ExpPassListening_TheOwl_corr0,G3_ExpPassListening_Bats_correct,G3_ExpPassListening_Bats_correc0,G3_WASI_Vocab_RS,G3_WASI_Vocab_TScore,G3_WIAT2_WF_RS,G3_WIAT2_WF_AgeBased_Q,G3_WIAT2_WF_GradeBased_Q,G3_WIAT2_Sentences_RS,G3_WIAT2_Paragraph_RubricRS,G3_WIAT2_WE_AgeBasedRS,G3_WIAT2_WE_AgeBasedSS,G3_WIAT2_WE_GradeBasedRS,G3_WIAT2_WE_GradeBasedSS,G3_WIAT2_SP_RS,G3_WIAT2_SP_AgeBasedSS,G3_WIAT2_SP_GradeBasedSS,G3_WIAT2_WL_SumOfSS_AgeBased,G3_WIAT2_WL_GradeBasedsumSS,G3_WIAT2_WL_CompScore_AgeBased,G3_WIAT2_WL_GradeBasedCompositeS,G3_WIAT2_Paragraph_HolisticScore,G3_WIAT2_WordCount,G3_WIAT2_ParagraphWdCountQuartil,G3_WIAT2_ParagraphWdCountQuarti0,G3_WRMT_PSGCompRS,G3_WRMT_PSGCompSS,G3_WRMT_PSGCompW,G3_MemSpan_G3_A_RS,G3_MemSpan_G3_B_RS,G3_TOSREC3A_NUM_Correct,G3_TOSREC3A_NUM_INCORRECT,G3_TOSREC3A_RS,G3_TOSREC3A_IS,G3_TOSREC3D_NUM_Correct,G3_TOSREC3D_NUM_INCORRECT,G3_TOSREC3D_RS,G3_TOSRECG3D_IS,G3_WUR_0910_1E,G3_WUR_0910_2N,G3_WUR_0910_3E,G3_WUR_0910_4N,G3_SAT10_0910_Rd_pctl,G4_DIBELS_LionMouse_TTLAttempted,G4_DIBELS_LionMouse_INCR,G4_DIBELS_ORF_LionMouse_RS,G4_DIBELS_AirplHist_TTLAttempted,G4_DIBELS_AirplHist_Number_INCR,G4_DIBELS_ORF_AirplHist_RS,G4_DIBELS_10thBday_TTLAttempted,G4_DIBELS_10thBday_Number_INCR,G4_DIBELS_ORF_10thBday_RS,G4_StanBin_RS,G4_StanBin_SAS,G4_WRAT3Spell_RS,G4_WRAT3Spell_SS,G4_WJAIII_WidRS,G4_WJAIII_WidSS,G4_WJAIII_WidWS,G4_WJAIII_PCompRS,G4_WJAIII_PCompSS,G4_WJAIII_PCompWS,G4_WJAIII_WAttackRS,G4_WJAIII_WAttackSS,G4_WJAIII_WWttackWS,G4_WJAIII_OCompRS,G4_WJAIII_OCompSS,G4_WJAIII_OCompWS,G4_ExpPassRdg_AndrewsFath_timeSE,G4_ExpPassRdg_AndrewsFath_correc,G4_ExpPassRdg_AndrewsFath_corre0,G4_ExpPsgRdg_MYTHS_timeSEC,G4_ExpPsgRdg_MYTHS_correct1_4,G4_ExpPsgRdg_MYTHS_correct1_5,G4_TOWRE2_SightWd_FormA_TTLAttem,G4_TOWRE2_SightWd_FormA_NUM_INCR,G4_TOWRE2_SightWd_formA_RS,G4_TOWRE2_SightWd_formA_SS,G4_TOWRE2_SightWd_FormB_TTLAttem,G4_TOWRE2_SightWd_FormB_INCR,G4_TOWRE2_SightWd_FormB_RS,G4_TOWRE2_SightWd_FormB_SS,G4_TOWRE2_NONwd_FormA_TTLAttempt,G4_TOWRE2_NONwd_FormA_INCR,G4_TOWRE2_NonWd_FormA_RS,G4_TOWRE2_NonWd_FormA_SS,G4_TOWRE2_NONwd_FormB_TTLAttempt,G4_TOWRE2_NONwd_FormB_INCR,G4_TOWRE2_NonWd_FormB_RS,G4_TOWRE2_NonWd_FormB_SS,G4_ExpPassListening_SummerVac1_4,G4_ExpPassListening_SummerVac1_5,G4_ExpPassListening_RAINBOWS1_4,G4_ExpPassListening_RAINBOWS1_5,G4_WASI_Vocab_RS,G4_WASI_Vocab_TScore,G4_WIAT2_WF_RoundObj_RS,G4_WIAT2_WF_RoundObj_AgeBasedQ,G4_WIAT2_WF_RoundObj_GradeBasedQ,G4_WIAT2_Sentences_RS,G4_WIAT2_Para_Rubric_RS,G4_WIAT2_WE_AgeBasedRS,G4_WIAT2_WE_AgeBasedSS,G4_WIAT2_WE_GradeBasedRS,G4_WIAT2_WE_GradeBasedSS,G4_WIAT2_SP_RS,G4_WIAT2_SP_AgeBasedSS,G4_WIAT2_SP_GradeBasedSS,G4_WIAT2_WL_AgeBased_SumOfSS,G4_WIAT2_WL_GradeBased_SumOfSS,G4_WIAT2_WL_AgeBased_CompSS,G4_WIAT2_WL_GradeBased_CompSS,G4_WIAT2_Para_HolisticScore,G4_WIAT2_WordCount,G4_WIAT2_ParaWdCountQ_AgeBased,G4_WIAT2_ParaWdCountQ_GradeBased,G4_WRMT_PSGCompRS,WRMT_PSGCompSS,G4_WRMT_PSGCompW,G4_MemSpan_G4_A_RS,G4_MemSpan_G4_B_RS,G4_TOSREC4A_NUM_Correct,G4_TOSREC4A_NUM_INCORRECT,G4_TOSREC4A_RS,G4_TOSREC4A_IS,G4_TOSREC4D_NUM_Correct,G4_TOSREC4D_NUM_INCORRECT,G4_TOSREC4D_RS,G4_TOSRECG4D_IS,G4_WUR_1E_LCS,G4_WUR_2N_LCS,G4_WUR_3E_LCS,G4_WUR_4N_LCS,G4_SAT_10_LCS,crossed_spell_target
1,1.0,2.0,88.0,0.0,88.0,105.0,1.0,104.0,93.0,0.0,93.0,15.0,44.0,26.0,137.0,46.0,139.0,486.0,24.0,130.0,483.0,21.0,138.0,500.0,13.0,109.0,478.0,3.0,160.0,2.0,71.0,70.0,2.0,68.0,143.0,71.0,4.0,67.0,142.0,37.0,5.0,32.0,126.0,31.0,3.0,28.0,122.0,0.0,1.0,27.0,58.0,1.0,3.0,2.0,2.0,2.0,5.0,98.0,5.0,98.0,15.0,109.0,108.0,207.0,206.0,103.0,102.0,27.0,122.0,479.0,1.0,2.0,34.0,1.0,33.0,135.0,36.0,2.0,34.0,137.0,,,,,,1.0,2.0,186.0,3.0,183.0,185.0,1.0,184.0,170.0,2.0,168.0,21.0,52.0,28.0,122.0,56.0,129.0,514.0,31.0,123.0,503.0,25.0,122.0,510.0,22.0,129.0,509.0,72.0,3.0,37.0,3.0,81.0,0.0,81.0,138.0,83.0,3.0,80.0,137.0,56.0,3.0,53.0,133.0,56.0,8.0,48.0,129.0,0.0,2.0,31.0,58.0,6.0,7.0,4.0,4.0,4.0,14.0,122.0,14.0,127.0,26.0,119.0,120.0,241.0,247.0,124.0,128.0,37.0,122.0,498.0,2.0,1.0,44.0,3.0,41.0,134.0,47.0,3.0,44.0,135.0,,,,,,186.0,4.0,182.0,168.0,6.0,162.0,183.0,4.0,179.0,22.0,50.0,30.0,116.0,60.0,124.0,525.0,29.0,107.0,497.0,28.0,120.0,520.0,21.0,118.0,506.0,52.0,1.0,,68.0,3.0,,88.0,0.0,88.0,138.0,85.0,2.0,83.0,133.0,59.0,4.0,55.0,131.0,56.0,3.0,53.0,129.0,2.0,,3.0,,38.0,64.0,4.0,1.0,1.0,10.0,12.0,23.0,120.0,23.0,121.0,31.0,119.0,115.0,239.0,236.0,123.0,121.0,4.0,106.0,4.0,4.0,36.0,112.0,496.0,4.0,6.0,41.0,2.0,39.0,127.0,43.0,2.0,41.0,126.0,,,,,,178.0,4.0,174.0,175.0,3.0,172.0,218.0,1.0,217.0,25.0,55.0,30.0,111.0,61.0,120.0,527.0,31.0,106.0,503.0,27.0,113.0,517.0,26.0,127.0,523.0,52.0,1.0,,54.0,1.0,,81.0,0.0,81.0,119.0,90.0,2.0,88.0,131.0,66.0,8.0,58.0,131.0,66.0,4.0,62.0,145.0,2.0,,3.0,,45.0,65.0,4.0,1.0,1.0,9.0,16.0,26.0,121.0,26.0,125.0,35.0,117.0,117.0,238.0,242.0,122.0,125.0,3.0,93.0,4.0,4.0,41.0,112.0,505.0,9.0,5.0,45.0,1.0,44.0,128.0,39.0,0.0,39.0,118.0,,,,,,
2,4.0,1.0,81.0,0.0,81.0,85.0,1.0,84.0,94.0,2.0,92.0,18.0,51.0,22.0,127.0,43.0,141.0,477.0,21.0,130.0,475.0,17.0,138.0,491.0,13.0,111.0,478.0,1.0,165.0,3.0,104.0,42.0,1.0,41.0,118.0,45.0,2.0,43.0,119.0,24.0,7.0,17.0,115.0,22.0,6.0,16.0,113.0,1.0,2.0,24.0,54.0,5.0,2.0,2.0,2.0,3.0,10.0,120.0,10.0,121.0,19.0,127.0,118.0,247.0,239.0,129.0,123.0,19.0,119.0,466.0,2.0,2.0,24.0,2.0,22.0,122.0,19.0,1.0,18.0,114.0,,,,,,4.0,1.0,140.0,6.0,134.0,122.0,3.0,119.0,102.0,3.0,99.0,21.0,54.0,28.0,125.0,48.0,125.0,491.0,27.0,119.0,491.0,23.0,124.0,505.0,16.0,111.0,489.0,85.0,3.0,66.0,3.0,59.0,1.0,58.0,117.0,54.0,0.0,54.0,114.0,34.0,6.0,28.0,113.0,34.0,4.0,30.0,115.0,2.0,2.0,32.0,61.0,6.0,3.0,1.0,1.0,4.0,11.0,113.0,11.0,116.0,28.0,131.0,126.0,244.0,242.0,127.0,125.0,32.0,119.0,488.0,2.0,3.0,32.0,3.0,29.0,113.0,38.0,0.0,38.0,125.0,,,,,,158.0,0.0,158.0,140.0,2.0,138.0,153.0,0.0,153.0,23.0,53.0,36.0,131.0,59.0,120.0,522.0,34.0,120.0,512.0,29.0,121.0,525.0,23.0,122.0,513.0,57.0,3.0,,77.0,4.0,,72.0,0.0,72.0,112.0,77.0,0.0,77.0,119.0,41.0,1.0,40.0,111.0,43.0,6.0,37.0,107.0,2.0,,4.0,,38.0,61.0,10.0,4.0,3.0,7.0,18.0,29.0,140.0,28.0,137.0,42.0,142.0,140.0,282.0,277.0,153.0,148.0,4.0,56.0,4.0,4.0,45.0,125.0,512.0,4.0,4.0,39.0,2.0,37.0,124.0,34.0,2.0,32.0,103.0,,4.0,3.5,4.0,,131.0,0.0,131.0,143.0,2.0,141.0,149.0,1.0,148.0,25.0,55.0,39.0,137.0,63.0,124.0,533.0,34.0,116.0,512.0,30.0,122.0,530.0,24.0,121.0,516.0,55.0,4.0,,66.0,2.0,,76.0,1.0,75.0,109.0,75.0,2.0,73.0,106.0,49.0,7.0,42.0,110.0,47.0,3.0,44.0,112.0,1.0,,4.0,,43.0,66.0,10.0,3.0,3.0,7.0,17.0,27.0,128.0,27.0,129.0,42.0,138.0,134.0,266.0,263.0,142.0,139.0,3.0,52.0,4.0,3.0,46.0,121.0,514.0,7.0,6.0,38.0,0.0,38.0,120.0,36.0,1.0,35.0,112.0,3.0,4.0,,4.0,,
3,2.0,1.0,23.0,6.0,17.0,20.0,2.0,18.0,22.0,8.0,14.0,19.0,48.0,19.0,95.0,28.0,97.0,423.0,11.0,85.0,438.0,8.0,103.0,468.0,14.0,105.0,482.0,1.0,270.0,3.0,270.0,17.0,4.0,13.0,78.0,21.0,5.0,16.0,80.0,14.0,6.0,8.0,86.0,12.0,4.0,8.0,86.0,0.0,1.0,21.0,44.0,3.0,4.0,2.0,3.0,3.0,8.0,107.0,9.0,117.0,16.0,101.0,110.0,208.0,227.0,104.0,115.0,15.0,99.0,459.0,1.0,0.0,28.0,22.0,6.0,96.0,28.0,22.0,6.0,94.0,,,4.5,5.0,70.0,2.0,1.0,,,,,,,,,,,,,,,,,,,,,,,,,,,,,,,,,,,,,,,,,,,,,,,,,,,,,,,,,,,,,,,,,,,,,,,,,,,,,,,3.0,4.5,4.5,5.0,,,,,,,,,,,,,,,,,,,,,,,,,,,,,,,,,,,,,,,,,,,,,,,,,,,,,,,,,,,,,,,,,,,,,,,,,,,,,,,,,,,,,,,,3.0,5.0,5.0,4.5,,118.0,4.0,114.0,127.0,4.0,123.0,150.0,3.0,147.0,24.0,48.0,27.0,93.0,56.0,105.0,514.0,31.0,99.0,503.0,24.0,103.0,508.0,26.0,120.0,523.0,95.0,2.0,,99.0,1.0,,71.0,0.0,71.0,100.0,71.0,0.0,71.0,100.0,40.0,7.0,33.0,95.0,40.0,3.0,37.0,99.0,4.0,,1.0,,41.0,53.0,6.0,1.0,1.0,8.0,13.0,22.0,107.0,22.0,110.0,26.0,89.0,92.0,196.0,202.0,97.0,100.0,3.0,71.0,4.0,4.0,38.0,99.0,500.0,3.0,3.0,32.0,2.0,30.0,108.0,35.0,0.0,35.0,112.0,3.0,4.0,,,,
4,1.0,2.0,18.0,9.0,9.0,15.0,8.0,7.0,13.0,9.0,4.0,15.0,42.0,17.0,93.0,23.0,98.0,404.0,10.0,89.0,434.0,5.0,103.0,452.0,10.0,96.0,468.0,0.0,93.0,2.0,120.0,25.0,17.0,8.0,78.0,17.0,9.0,8.0,78.0,14.0,5.0,9.0,92.0,12.0,6.0,6.0,86.0,0.0,0.0,24.0,50.0,2.0,0.0,0.0,0.0,0.0,2.0,82.0,2.0,81.0,6.0,80.0,80.0,162.0,161.0,80.0,79.0,7.0,96.0,444.0,3.0,0.0,9.0,7.0,2.0,85.0,8.0,8.0,0.0,80.0,,,,,,1.0,2.0,98.0,0.0,98.0,80.0,1.0,79.0,87.0,1.0,86.0,21.0,52.0,21.0,94.0,37.0,98.0,457.0,21.0,97.0,475.0,7.0,92.0,464.0,17.0,109.0,492.0,137.0,2.0,83.0,2.0,58.0,2.0,56.0,106.0,57.0,3.0,54.0,104.0,43.0,16.0,27.0,104.0,38.0,17.0,21.0,97.0,1.0,2.0,24.0,45.0,4.0,3.0,1.0,1.0,1.0,6.0,94.0,6.0,96.0,19.0,98.0,97.0,192.0,193.0,95.0,95.0,28.0,105.0,481.0,5.0,4.0,20.0,2.0,18.0,97.0,21.0,1.0,20.0,101.0,,,,,,99.0,0.0,99.0,88.0,7.0,81.0,103.0,1.0,102.0,21.0,48.0,26.0,99.0,52.0,108.0,503.0,28.0,100.0,494.0,22.0,106.0,502.0,15.0,96.0,485.0,147.0,1.0,,153.0,2.0,,66.0,1.0,65.0,104.0,59.0,2.0,57.0,95.0,37.0,11.0,26.0,94.0,39.0,8.0,31.0,100.0,3.0,,2.0,,31.0,51.0,4.0,1.0,1.0,4.0,9.0,14.0,94.0,14.0,94.0,25.0,101.0,99.0,195.0,193.0,96.0,95.0,2.0,50.0,4.0,4.0,34.0,104.0,492.0,6.0,6.0,25.0,1.0,24.0,103.0,25.0,2.0,23.0,102.0,,,,,,101.0,6.0,95.0,100.0,4.0,96.0,139.0,0.0,139.0,22.0,47.0,31.0,110.0,54.0,105.0,508.0,32.0,106.0,506.0,21.0,100.0,500.0,20.0,105.0,502.0,101.0,2.0,,132.0,1.0,,68.0,0.0,68.0,100.0,72.0,5.0,67.0,98.0,43.0,7.0,36.0,102.0,47.0,13.0,34.0,100.0,3.0,,3.0,,32.0,45.0,5.0,1.0,1.0,6.0,14.0,21.0,107.0,21.0,108.0,31.0,105.0,108.0,212.0,216.0,106.0,108.0,2.0,41.0,2.0,3.0,41.0,110.0,505.0,7.0,8.0,24.0,2.0,22.0,93.0,24.0,5.0,19.0,87.0,,,,,,0.0
5,2.0,1.0,16.0,9.0,7.0,15.0,7.0,8.0,13.0,10.0,3.0,18.0,49.0,15.0,93.0,22.0,100.0,400.0,9.0,90.0,430.0,6.0,110.0,459.0,11.0,100.0,471.0,0.0,31.0,2.0,45.0,33.0,28.0,5.0,77.0,14.0,9.0,5.0,77.0,16.0,10.0,6.0,89.0,7.0,6.0,1.0,76.0,0.0,2.0,17.0,41.0,0.0,6.0,4.0,4.0,0.0,4.0,94.0,4.0,92.0,12.0,101.0,99.0,195.0,191.0,96.0,94.0,4.0,93.0,435.0,0.0,0.0,16.0,16.0,0.0,80.0,20.0,18.0,2.0,86.0,,,,,,2.0,1.0,68.0,6.0,62.0,59.0,5.0,54.0,65.0,2.0,63.0,16.0,40.0,20.0,93.0,37.0,101.0,457.0,17.0,91.0,462.0,15.0,106.0,487.0,16.0,107.0,489.0,68.0,2.0,41.0,2.0,50.0,6.0,44.0,100.0,55.0,14.0,41.0,97.0,26.0,8.0,18.0,97.0,19.0,8.0,11.0,87.0,0.0,1.0,17.0,35.0,2.0,1.0,1.0,1.0,1.0,4.0,86.0,4.0,87.0,16.0,91.0,88.0,177.0,175.0,87.0,86.0,17.0,95.0,462.0,1.0,2.0,14.0,7.0,7.0,78.0,13.0,3.0,10.0,87.0,,,,,,70.0,4.0,66.0,67.0,6.0,61.0,89.0,3.0,86.0,21.0,48.0,22.0,87.0,42.0,96.0,473.0,15.0,79.0,454.0,12.0,95.0,480.0,16.0,100.0,489.0,61.0,1.0,,93.0,2.0,,62.0,4.0,58.0,96.0,65.0,6.0,59.0,97.0,34.0,7.0,27.0,95.0,46.0,28.0,18.0,84.0,2.0,,2.0,,28.0,47.0,5.0,1.0,1.0,2.0,10.0,13.0,92.0,13.0,92.0,18.0,84.0,82.0,176.0,174.0,86.0,85.0,3.0,27.0,2.0,2.0,24.0,93.0,474.0,1.0,2.0,23.0,8.0,15.0,88.0,22.0,8.0,14.0,90.0,,,,,,80.0,8.0,72.0,97.0,7.0,90.0,107.0,3.0,104.0,23.0,49.0,25.0,93.0,47.0,96.0,489.0,25.0,92.0,486.0,16.0,95.0,489.0,19.0,103.0,499.0,51.0,0.0,,62.0,0.0,,69.0,1.0,68.0,100.0,76.0,5.0,71.0,103.0,49.0,22.0,27.0,91.0,52.0,27.0,25.0,89.0,2.0,,1.0,,29.0,42.0,5.0,1.0,1.0,3.0,7.0,11.0,81.0,11.0,82.0,23.0,87.0,87.0,168.0,169.0,83.0,83.0,2.0,43.0,3.0,3.0,30.0,93.0,485.0,3.0,3.0,31.0,5.0,26.0,101.0,29.0,6.0,23.0,93.0,,,,,,0.0
6,2.0,2.0,40.0,9.0,31.0,27.0,10.0,17.0,40.0,10.0,30.0,19.0,51.0,14.0,90.0,29.0,114.0,427.0,14.0,106.0,450.0,9.0,120.0,471.0,13.0,108.0,478.0,0.0,261.0,1.0,104.0,29.0,14.0,15.0,87.0,29.0,12.0,17.0,89.0,13.0,6.0,7.0,92.0,15.0,8.0,7.0,92.0,1.0,2.0,23.0,51.0,3.0,0.0,0.0,0.0,1.0,4.0,94.0,4.0,92.0,14.0,106.0,105.0,200.0,197.0,99.0,98.0,15.0,110.0,459.0,2.0,0.0,13.0,3.0,10.0,105.0,11.0,5.0,6.0,94.0,,,,,,2.0,2.0,107.0,1.0,106.0,99.0,2.0,97.0,77.0,4.0,73.0,16.0,40.0,22.0,100.0,37.0,103.0,457.0,18.0,94.0,465.0,11.0,102.0,477.0,16.0,108.0,489.0,110.0,2.0,65.0,4.0,55.0,2.0,53.0,108.0,47.0,2.0,45.0,100.0,19.0,4.0,15.0,93.0,20.0,6.0,14.0,91.0,2.0,3.0,29.0,54.0,4.0,1.0,1.0,1.0,2.0,7.0,99.0,7.0,99.0,19.0,102.0,97.0,201.0,196.0,99.0,97.0,27.0,107.0,479.0,2.0,1.0,19.0,8.0,11.0,86.0,22.0,2.0,20.0,101.0,,,,,,120.0,1.0,119.0,92.0,9.0,83.0,130.0,2.0,128.0,24.0,55.0,27.0,103.0,46.0,103.0,486.0,28.0,104.0,494.0,19.0,104.0,495.0,19.0,110.0,499.0,52.0,1.0,,47.0,1.0,,67.0,2.0,65.0,111.0,59.0,2.0,57.0,101.0,32.0,10.0,22.0,93.0,35.0,14.0,21.0,92.0,1.0,,0.0,,32.0,55.0,4.0,1.0,1.0,4.0,12.0,17.0,103.0,17.0,102.0,22.0,96.0,92.0,199.0,194.0,98.0,96.0,3.0,43.0,4.0,3.0,31.0,101.0,486.0,5.0,5.0,33.0,2.0,31.0,114.0,31.0,3.0,28.0,108.0,,,,,,,,,,,,,,,,,,,,,,,,,,,,,,,,,,,,,,,,,,,,,,,,,,,,,,,,,,,,,,,,,,,,,,,,,,,,,,,,,,,,,,,,,,,,,,,,,1.0
7,3.0,1.0,13.0,1.0,12.0,10.0,4.0,6.0,9.0,5.0,4.0,15.0,42.0,16.0,91.0,26.0,101.0,416.0,9.0,86.0,430.0,9.0,111.0,471.0,11.0,98.0,471.0,0.0,222.0,1.0,116.0,13.0,5.0,8.0,78.0,8.0,2.0,6.0,76.0,0.0,0.0,0.0,72.0,1.0,1.0,0.0,72.0,0.0,2.0,19.0,42.0,0.0,4.0,3.0,3.0,0.0,3.0,87.0,3.0,87.0,11.0,93.0,96.0,180.0,183.0,88.0,90.0,10.0,99.0,450.0,0.0,1.0,15.0,16.0,0.0,80.0,16.0,23.0,0.0,80.0,,,,,,3.0,1.0,90.0,0.0,90.0,67.0,1.0,66.0,66.0,1.0,65.0,18.0,43.0,21.0,91.0,41.0,103.0,470.0,20.0,94.0,472.0,20.0,110.0,498.0,16.0,105.0,489.0,183.0,3.0,138.0,4.0,53.0,3.0,50.0,94.0,53.0,2.0,51.0,95.0,29.0,2.0,27.0,100.0,28.0,5.0,23.0,95.0,1.0,4.0,26.0,47.0,4.0,4.0,1.0,2.0,0.0,5.0,89.0,6.0,96.0,17.0,89.0,91.0,178.0,187.0,87.0,92.0,28.0,104.0,481.0,4.0,6.0,20.0,1.0,19.0,99.0,22.0,0.0,22.0,103.0,,,,,,101.0,0.0,101.0,78.0,0.0,78.0,98.0,0.0,98.0,28.0,62.0,26.0,99.0,53.0,109.0,506.0,25.0,95.0,486.0,26.0,113.0,513.0,18.0,104.0,496.0,112.0,2.0,,126.0,2.0,,65.0,2.0,63.0,102.0,69.0,0.0,69.0,109.0,39.0,1.0,38.0,109.0,41.0,2.0,39.0,110.0,2.0,,2.0,,31.0,51.0,5.0,1.0,1.0,0.0,5.0,6.0,75.0,6.0,76.0,21.0,91.0,89.0,166.0,165.0,82.0,81.0,2.0,71.0,4.0,4.0,32.0,99.0,488.0,4.0,6.0,25.0,4.0,21.0,98.0,29.0,2.0,27.0,107.0,,,,,,96.0,1.0,95.0,86.0,4.0,82.0,107.0,0.0,107.0,28.0,59.0,31.0,110.0,64.0,123.0,536.0,32.0,106.0,506.0,26.0,109.0,513.0,20.0,105.0,502.0,107.0,2.0,,110.0,0.0,,65.0,0.0,65.0,96.0,64.0,0.0,64.0,95.0,42.0,1.0,41.0,108.0,35.0,0.0,35.0,101.0,3.0,,2.0,,39.0,55.0,3.0,1.0,1.0,2.0,10.0,13.0,86.0,13.0,88.0,30.0,103.0,105.0,189.0,193.0,93.0,95.0,2.0,48.0,3.0,3.0,36.0,99.0,496.0,5.0,7.0,25.0,1.0,24.0,97.0,26.0,1.0,25.0,96.0,,,,,,0.0
8,2.0,1.0,26.0,11.0,15.0,24.0,7.0,17.0,21.0,13.0,8.0,20.0,54.0,19.0,111.0,22.0,105.0,400.0,14.0,108.0,450.0,6.0,116.0,459.0,17.0,123.0,492.0,1.0,46.0,2.0,22.0,23.0,8.0,15.0,87.0,24.0,11.0,13.0,85.0,18.0,15.0,3.0,83.0,14.0,12.0,2.0,80.0,1.0,4.0,29.0,61.0,1.0,3.0,2.0,2.0,0.0,3.0,89.0,3.0,87.0,7.0,88.0,83.0,177.0,170.0,87.0,83.0,11.0,108.0,452.0,0.0,0.0,13.0,9.0,4.0,90.0,12.0,11.0,1.0,83.0,,,,,,2.0,1.0,97.0,5.0,92.0,109.0,6.0,103.0,104.0,15.0,89.0,22.0,54.0,21.0,97.0,42.0,113.0,473.0,17.0,94.0,462.0,11.0,104.0,477.0,18.0,116.0,496.0,61.0,3.0,26.0,1.0,64.0,6.0,58.0,115.0,62.0,5.0,57.0,111.0,40.0,28.0,12.0,88.0,37.0,27.0,10.0,85.0,1.0,4.0,33.0,60.0,1.0,4.0,2.0,2.0,2.0,5.0,91.0,5.0,92.0,17.0,98.0,91.0,189.0,183.0,93.0,90.0,26.0,108.0,477.0,4.0,3.0,19.0,3.0,16.0,94.0,24.0,3.0,21.0,102.0,,,,,,96.0,3.0,93.0,93.0,4.0,89.0,115.0,1.0,114.0,26.0,63.0,25.0,100.0,48.0,107.0,491.0,27.0,103.0,491.0,15.0,100.0,487.0,23.0,125.0,513.0,99.0,2.0,,146.0,4.0,,55.0,2.0,53.0,97.0,61.0,3.0,58.0,102.0,31.0,9.0,22.0,93.0,32.0,13.0,19.0,89.0,4.0,,3.0,,39.0,66.0,1.0,1.0,0.0,4.0,11.0,16.0,100.0,15.0,97.0,22.0,96.0,92.0,196.0,189.0,97.0,93.0,2.0,22.0,2.0,2.0,33.0,107.0,490.0,2.0,4.0,29.0,1.0,28.0,110.0,32.0,0.0,32.0,112.0,,,,,,110.0,4.0,106.0,122.0,19.0,103.0,142.0,7.0,135.0,28.0,62.0,21.0,84.0,52.0,104.0,503.0,28.0,98.0,494.0,19.0,99.0,495.0,23.0,117.0,513.0,73.0,1.0,,66.0,2.0,,67.0,2.0,65.0,96.0,67.0,3.0,64.0,95.0,46.0,16.0,30.0,95.0,47.0,21.0,26.0,90.0,2.0,,2.0,,41.0,60.0,9.0,3.0,3.0,3.0,9.0,15.0,93.0,15.0,92.0,23.0,89.0,87.0,182.0,179.0,89.0,88.0,2.0,75.0,4.0,4.0,40.0,110.0,503.0,5.0,4.0,30.0,2.0,28.0,104.0,25.0,3.0,22.0,91.0,,,,,,
9,2.0,1.0,19.0,5.0,14.0,21.0,9.0,12.0,18.0,9.0,9.0,16.0,44.0,20.0,104.0,21.0,95.0,396.0,12.0,94.0,442.0,7.0,109.0,464.0,9.0,93.0,464.0,0.0,187.0,2.0,65.0,16.0,4.0,12.0,82.0,29.0,13.0,16.0,86.0,14.0,4.0,10.0,94.0,13.0,3.0,10.0,94.0,0.0,3.0,20.0,44.0,4.0,0.0,0.0,0.0,0.0,4.0,92.0,4.0,92.0,13.0,98.0,102.0,190.0,194.0,94.0,96.0,10.0,100.0,450.0,0.0,1.0,7.0,2.0,5.0,94.0,12.0,16.0,0.0,80.0,,,,,,2.0,1.0,114.0,1.0,113.0,99.0,3.0,96.0,77.0,0.0,77.0,20.0,49.0,28.0,117.0,45.0,110.0,483.0,23.0,100.0,480.0,22.0,114.0,502.0,13.0,96.0,478.0,102.0,0.0,100.0,1.0,63.0,1.0,62.0,112.0,58.0,1.0,57.0,107.0,31.0,1.0,30.0,107.0,34.0,4.0,30.0,107.0,0.0,0.0,25.0,47.0,1.0,2.0,1.0,1.0,2.0,4.0,86.0,4.0,87.0,24.0,110.0,113.0,196.0,200.0,97.0,99.0,30.0,108.0,485.0,3.0,3.0,22.0,4.0,18.0,97.0,18.0,1.0,17.0,97.0,,,,,,,,,,,,,,,,,,,,,,,,,,,,,,,,,,,,,,,,,,,,,,,,,,,,,,,,,,,,,,,,,,,,,,,,,,,,,,,,,,,,,,,,,,,,,,,,,133.0,3.0,130.0,134.0,2.0,132.0,160.0,3.0,157.0,21.0,44.0,33.0,116.0,58.0,112.0,519.0,29.0,98.0,497.0,28.0,114.0,520.0,18.0,99.0,496.0,89.0,2.0,,81.0,2.0,,70.0,1.0,69.0,101.0,73.0,0.0,73.0,106.0,45.0,5.0,40.0,107.0,51.0,4.0,47.0,116.0,0.0,,2.0,,32.0,45.0,7.0,2.0,2.0,1.0,11.0,14.0,89.0,14.0,90.0,34.0,112.0,114.0,201.0,204.0,99.0,101.0,2.0,63.0,4.0,4.0,38.0,104.0,500.0,9.0,9.0,30.0,3.0,27.0,102.0,29.0,2.0,27.0,99.0,,,,,,
10,2.0,2.0,28.0,8.0,20.0,22.0,7.0,15.0,25.0,6.0,19.0,20.0,54.0,19.0,100.0,27.0,106.0,420.0,13.0,98.0,446.0,10.0,117.0,474.0,12.0,102.0,475.0,0.0,192.0,2.0,87.0,27.0,8.0,19.0,89.0,27.0,7.0,20.0,90.0,17.0,9.0,8.0,90.0,11.0,2.0,9.0,92.0,2.0,2.0,20.0,44.0,2.0,0.0,0.0,0.0,1.0,3.0,87.0,3.0,87.0,14.0,101.0,105.0,188.0,192.0,91.0,95.0,12.0,104.0,454.0,0.0,3.0,11.0,10.0,1.0,83.0,13.0,9.0,4.0,90.0,,,,,,2.0,2.0,97.0,2.0,95.0,83.0,3.0,80.0,74.0,3.0,71.0,23.0,58.0,20.0,90.0,36.0,98.0,453.0,26.0,108.0,488.0,7.0,93.0,464.0,21.0,123.0,506.0,99.0,3.0,67.0,2.0,52.0,3.0,49.0,99.0,53.0,7.0,46.0,97.0,30.0,17.0,13.0,84.0,29.0,15.0,14.0,85.0,1.0,3.0,28.0,52.0,7.0,2.0,1.0,1.0,4.0,12.0,114.0,12.0,120.0,17.0,93.0,91.0,207.0,211.0,103.0,105.0,28.0,106.0,481.0,0.0,2.0,22.0,4.0,18.0,97.0,20.0,1.0,19.0,99.0,,,,,,104.0,2.0,102.0,99.0,8.0,91.0,137.0,1.0,136.0,23.0,53.0,24.0,93.0,48.0,104.0,491.0,26.0,98.0,488.0,15.0,98.0,487.0,19.0,109.0,499.0,89.0,3.0,,118.0,3.0,,64.0,2.0,62.0,101.0,61.0,3.0,58.0,96.0,23.0,12.0,11.0,74.0,26.0,13.0,13.0,77.0,2.0,,4.0,,31.0,51.0,10.0,4.0,3.0,5.0,8.0,17.0,102.0,16.0,100.0,22.0,93.0,92.0,195.0,192.0,96.0,95.0,2.0,78.0,4.0,4.0,33.0,104.0,490.0,4.0,4.0,28.0,2.0,26.0,106.0,22.0,3.0,19.0,97.0,,,,,,130.0,2.0,128.0,131.0,4.0,127.0,173.0,3.0,170.0,26.0,56.0,27.0,99.0,54.0,106.0,508.0,31.0,103.0,503.0,14.0,93.0,484.0,24.0,118.0,516.0,64.0,2.0,,69.0,2.0,,71.0,2.0,69.0,101.0,72.0,5.0,67.0,98.0,36.0,23.0,13.0,73.0,44.0,22.0,22.0,85.0,3.0,,1.0,,43.0,61.0,10.0,3.0,3.0,7.0,17.0,27.0,122.0,27.0,129.0,29.0,101.0,102.0,223.0,231.0,113.0,118.0,3.0,94.0,4.0,4.0,37.0,103.0,498.0,3.0,6.0,33.0,3.0,30.0,108.0,35.0,1.0,34.0,110.0,,,,,,
11,2.0,2.0,103.0,2.0,101.0,96.0,2.0,94.0,93.0,4.0,89.0,19.0,54.0,23.0,131.0,43.0,141.0,477.0,24.0,136.0,483.0,19.0,141.0,495.0,17.0,125.0,492.0,2.0,277.0,4.0,68.0,51.0,0.0,51.0,129.0,56.0,3.0,53.0,131.0,31.0,7.0,24.0,122.0,26.0,10.0,16.0,113.0,1.0,2.0,22.0,52.0,3.0,2.0,2.0,2.0,2.0,7.0,110.0,7.0,108.0,19.0,127.0,118.0,237.0,226.0,122.0,115.0,33.0,132.0,490.0,3.0,2.0,30.0,0.0,30.0,132.0,33.0,0.0,33.0,136.0,,,,,,2.0,2.0,170.0,3.0,167.0,163.0,4.0,159.0,126.0,4.0,122.0,21.0,54.0,28.0,125.0,52.0,130.0,503.0,28.0,121.0,494.0,27.0,130.0,517.0,19.0,122.0,499.0,53.0,3.0,38.0,2.0,72.0,0.0,72.0,131.0,65.0,0.0,65.0,123.0,46.0,4.0,42.0,128.0,44.0,2.0,42.0,128.0,2.0,2.0,36.0,67.0,5.0,6.0,3.0,3.0,5.0,13.0,120.0,13.0,123.0,32.0,141.0,139.0,261.0,262.0,139.0,138.0,35.0,123.0,494.0,3.0,2.0,31.0,1.0,30.0,115.0,39.0,1.0,38.0,125.0,,,,,,182.0,4.0,178.0,183.0,3.0,180.0,177.0,1.0,176.0,25.0,60.0,31.0,120.0,58.0,124.0,519.0,32.0,119.0,506.0,24.0,114.0,508.0,21.0,120.0,506.0,40.0,4.0,,54.0,2.0,,73.0,1.0,72.0,120.0,78.0,1.0,77.0,126.0,52.0,4.0,48.0,123.0,50.0,2.0,48.0,123.0,3.0,,3.0,,37.0,64.0,11.0,4.0,4.0,6.0,11.0,21.0,118.0,21.0,114.0,34.0,130.0,122.0,248.0,236.0,129.0,121.0,2.0,52.0,4.0,4.0,43.0,126.0,509.0,4.0,5.0,36.0,3.0,33.0,117.0,38.0,1.0,37.0,120.0,,,,,,161.0,2.0,159.0,167.0,1.0,166.0,189.0,3.0,186.0,27.0,59.0,36.0,129.0,59.0,118.0,522.0,36.0,123.0,518.0,27.0,114.0,517.0,23.0,119.0,513.0,35.0,3.0,,32.0,2.0,,73.0,1.0,72.0,105.0,72.0,1.0,71.0,103.0,54.0,4.0,50.0,120.0,54.0,7.0,47.0,116.0,3.0,,2.0,,49.0,74.0,3.0,1.0,1.0,8.0,15.0,24.0,120.0,24.0,118.0,43.0,140.0,137.0,260.0,255.0,138.0,133.0,2.0,89.0,4.0,4.0,50.0,130.0,521.0,6.0,10.0,43.0,2.0,41.0,124.0,40.0,2.0,38.0,117.0,,,,,,
12,1.0,1.0,27.0,5.0,22.0,30.0,11.0,19.0,26.0,12.0,14.0,19.0,54.0,20.0,115.0,26.0,113.0,416.0,15.0,113.0,454.0,9.0,124.0,471.0,13.0,110.0,478.0,0.0,30.0,3.0,16.0,22.0,4.0,18.0,94.0,27.0,10.0,17.0,93.0,16.0,6.0,10.0,101.0,9.0,2.0,7.0,95.0,3.0,1.0,17.0,41.0,1.0,2.0,2.0,2.0,0.0,3.0,89.0,3.0,87.0,15.0,109.0,108.0,198.0,195.0,98.0,96.0,10.0,108.0,450.0,2.0,1.0,25.0,15.0,10.0,105.0,25.0,25.0,0.0,80.0,,,,,,1.0,1.0,76.0,4.0,72.0,84.0,0.0,84.0,65.0,1.0,64.0,19.0,48.0,25.0,114.0,46.0,120.0,486.0,21.0,103.0,475.0,20.0,117.0,498.0,9.0,89.0,464.0,117.0,0.0,63.0,2.0,62.0,2.0,60.0,117.0,52.0,3.0,49.0,104.0,29.0,1.0,28.0,109.0,31.0,5.0,26.0,107.0,0.0,2.0,17.0,36.0,1.0,3.0,1.0,1.0,0.0,2.0,77.0,2.0,77.0,21.0,107.0,103.0,184.0,180.0,90.0,89.0,24.0,107.0,474.0,1.0,0.0,16.0,0.0,16.0,94.0,13.0,1.0,12.0,90.0,,,,,,91.0,1.0,90.0,81.0,5.0,76.0,108.0,0.0,108.0,21.0,50.0,28.0,110.0,54.0,116.0,508.0,25.0,99.0,486.0,23.0,111.0,505.0,17.0,105.0,492.0,50.0,2.0,,68.0,1.0,,56.0,0.0,56.0,100.0,61.0,1.0,60.0,104.0,29.0,4.0,25.0,97.0,32.0,5.0,27.0,100.0,0.0,,1.0,,30.0,52.0,3.0,1.0,1.0,3.0,13.0,17.0,103.0,17.0,102.0,22.0,96.0,92.0,199.0,194.0,98.0,96.0,2.0,14.0,1.0,1.0,32.0,105.0,488.0,2.0,1.0,23.0,1.0,22.0,100.0,23.0,2.0,21.0,100.0,,,,,,95.0,2.0,93.0,113.0,5.0,108.0,129.0,1.0,128.0,24.0,53.0,33.0,120.0,58.0,115.0,519.0,31.0,106.0,503.0,22.0,104.0,502.0,19.0,105.0,499.0,60.0,0.0,,68.0,1.0,,59.0,0.0,59.0,88.0,59.0,0.0,59.0,88.0,41.0,5.0,36.0,102.0,37.0,1.0,36.0,102.0,2.0,,2.0,,27.0,40.0,8.0,2.0,2.0,2.0,14.0,18.0,101.0,18.0,100.0,32.0,110.0,110.0,211.0,210.0,105.0,105.0,2.0,25.0,1.0,1.0,41.0,112.0,505.0,2.0,3.0,23.0,3.0,20.0,89.0,22.0,0.0,22.0,91.0,,,,,,
13,2.0,1.0,12.0,5.0,7.0,12.0,5.0,7.0,11.0,6.0,5.0,15.0,44.0,16.0,105.0,21.0,108.0,396.0,10.0,103.0,434.0,4.0,113.0,443.0,6.0,89.0,453.0,0.0,739.0,2.0,621.0,15.0,8.0,7.0,82.0,17.0,9.0,8.0,83.0,15.0,7.0,8.0,97.0,14.0,10.0,4.0,87.0,0.0,0.0,20.0,48.0,2.0,1.0,1.0,1.0,0.0,3.0,91.0,3.0,87.0,11.0,104.0,96.0,195.0,183.0,96.0,90.0,6.0,105.0,441.0,0.0,0.0,3.0,5.0,0.0,80.0,4.0,2.0,2.0,86.0,,,,,,2.0,1.0,73.0,10.0,63.0,79.0,10.0,69.0,102.0,48.0,54.0,13.0,37.0,18.0,94.0,37.0,111.0,457.0,18.0,100.0,465.0,11.0,108.0,477.0,15.0,108.0,485.0,29.0,0.0,34.0,1.0,56.0,9.0,47.0,108.0,57.0,12.0,45.0,106.0,36.0,19.0,17.0,100.0,48.0,29.0,19.0,103.0,0.0,0.0,22.0,46.0,1.0,6.0,3.0,3.0,0.0,4.0,87.0,4.0,87.0,13.0,93.0,80.0,180.0,167.0,88.0,82.0,21.0,106.0,469.0,0.0,1.0,14.0,6.0,8.0,80.0,14.0,6.0,8.0,84.0,,,,,,96.0,35.0,61.0,108.0,43.0,65.0,95.0,8.0,87.0,22.0,52.0,23.0,93.0,41.0,99.0,470.0,20.0,92.0,472.0,12.0,97.0,480.0,14.0,97.0,482.0,106.0,0.0,,86.0,2.0,,71.0,8.0,63.0,109.0,54.0,4.0,50.0,94.0,47.0,25.0,22.0,93.0,42.0,28.0,14.0,82.0,2.0,,2.0,,28.0,50.0,5.0,1.0,1.0,0.0,10.0,11.0,89.0,11.0,87.0,17.0,89.0,80.0,178.0,167.0,87.0,82.0,2.0,35.0,3.0,3.0,21.0,94.0,469.0,2.0,1.0,18.0,3.0,15.0,88.0,19.0,3.0,16.0,93.0,,,,,,80.0,12.0,68.0,91.0,11.0,80.0,115.0,6.0,109.0,22.0,49.0,24.0,93.0,47.0,99.0,489.0,22.0,89.0,477.0,18.0,99.0,493.0,12.0,86.0,475.0,34.0,0.0,,29.0,1.0,,72.0,2.0,70.0,102.0,77.0,9.0,68.0,100.0,54.0,28.0,26.0,90.0,56.0,39.0,17.0,79.0,0.0,,0.0,,30.0,47.0,8.0,2.0,2.0,2.0,9.0,13.0,92.0,13.0,88.0,18.0,81.0,76.0,173.0,164.0,85.0,80.0,2.0,33.0,2.0,2.0,31.0,98.0,486.0,4.0,3.0,30.0,6.0,24.0,97.0,25.0,4.0,21.0,90.0,,,,,,
14,4.0,2.0,143.0,2.0,141.0,145.0,4.0,141.0,159.0,6.0,153.0,22.0,57.0,25.0,117.0,44.0,125.0,480.0,29.0,128.0,497.0,21.0,125.0,500.0,16.0,114.0,489.0,4.0,33.0,3.0,23.0,54.0,2.0,52.0,112.0,56.0,2.0,54.0,114.0,32.0,8.0,24.0,108.0,39.0,12.0,27.0,112.0,2.0,4.0,37.0,69.0,4.0,0.0,0.0,0.0,1.0,5.0,95.0,5.0,98.0,27.0,128.0,137.0,223.0,235.0,113.0,120.0,35.0,123.0,494.0,3.0,4.0,41.0,0.0,41.0,143.0,45.0,1.0,44.0,146.0,,,,,,4.0,2.0,161.0,3.0,158.0,161.0,0.0,161.0,119.0,2.0,117.0,23.0,55.0,29.0,117.0,46.0,109.0,486.0,32.0,120.0,506.0,21.0,111.0,500.0,20.0,118.0,502.0,30.0,4.0,23.0,3.0,69.0,2.0,67.0,113.0,68.0,0.0,68.0,114.0,47.0,6.0,41.0,116.0,47.0,6.0,41.0,116.0,3.0,4.0,41.0,70.0,6.0,2.0,1.0,1.0,7.0,14.0,118.0,14.0,127.0,29.0,118.0,130.0,236.0,257.0,121.0,135.0,42.0,125.0,507.0,4.0,5.0,41.0,0.0,41.0,134.0,49.0,0.0,49.0,143.0,,,,,,167.0,1.0,166.0,146.0,3.0,143.0,179.0,1.0,178.0,27.0,59.0,34.0,121.0,55.0,112.0,511.0,37.0,127.0,521.0,26.0,112.0,513.0,25.0,126.0,520.0,33.0,4.0,,55.0,4.0,,83.0,4.0,79.0,116.0,85.0,3.0,82.0,121.0,56.0,12.0,44.0,112.0,54.0,10.0,44.0,112.0,4.0,,3.0,,47.0,71.0,9.0,3.0,3.0,6.0,22.0,31.0,138.0,31.0,149.0,36.0,123.0,127.0,261.0,276.0,139.0,148.0,4.0,67.0,4.0,4.0,43.0,118.0,509.0,2.0,9.0,55.0,3.0,52.0,145.0,56.0,3.0,53.0,145.0,,,,,,173.0,2.0,171.0,162.0,3.0,159.0,200.0,1.0,199.0,29.0,59.0,35.0,118.0,60.0,115.0,525.0,34.0,112.0,512.0,25.0,107.0,510.0,26.0,123.0,523.0,26.0,4.0,,24.0,3.0,,82.0,2.0,80.0,113.0,86.0,2.0,84.0,120.0,59.0,6.0,53.0,121.0,55.0,9.0,46.0,111.0,2.0,,4.0,,49.0,66.0,9.0,2.0,3.0,8.0,17.0,27.0,121.0,28.0,133.0,40.0,123.0,129.0,244.0,262.0,127.0,138.0,3.0,67.0,4.0,4.0,52.0,129.0,524.0,12.0,11.0,60.0,0.0,60.0,146.0,59.0,1.0,58.0,146.0,,,,,,
15,1.0,2.0,14.0,4.0,10.0,22.0,5.0,17.0,18.0,6.0,12.0,15.0,42.0,20.0,104.0,28.0,104.0,423.0,14.0,97.0,450.0,8.0,109.0,468.0,10.0,95.0,468.0,0.0,364.0,2.0,189.0,26.0,10.0,16.0,86.0,31.0,11.0,20.0,90.0,17.0,7.0,10.0,94.0,13.0,1.0,12.0,97.0,0.0,3.0,22.0,48.0,5.0,2.0,2.0,2.0,1.0,8.0,108.0,8.0,112.0,14.0,101.0,105.0,209.0,217.0,104.0,109.0,15.0,104.0,459.0,3.0,1.0,11.0,0.0,11.0,107.0,12.0,2.0,10.0,101.0,,,,,,1.0,2.0,,,,,,,,,,,,,,,,,,,,,,,,,,,,,,,,,,,,,,,,,,,,,,,,,,,,,,,,,,,,,,,,,,,,,,,,,,,,,,,,,,,,,,,,,,,,,,,,,,,,,,,,,,,,,,,,,,,,,,,,,,,,,,,,,,,,,,,,,,,,,,,,,,,,,,,,,,,,,,,,,,,,,,,,,,,,,,,,,,,,,,,,,,,,,,,,,,,,,,,,,,,,,,,,,,,,,,,,,,,,,,,,,,,,,,,,,,,,,,,,,,,,,,,,,,,,,,,,,,,,,,,,,,
16,1.0,2.0,23.0,6.0,17.0,19.0,8.0,11.0,20.0,8.0,12.0,18.0,49.0,21.0,108.0,28.0,106.0,423.0,13.0,96.0,446.0,5.0,103.0,452.0,9.0,93.0,464.0,0.0,97.0,2.0,85.0,25.0,7.0,18.0,88.0,35.0,14.0,21.0,91.0,13.0,9.0,4.0,82.0,17.0,12.0,5.0,84.0,0.0,1.0,17.0,39.0,3.0,0.0,0.0,0.0,1.0,4.0,92.0,4.0,92.0,15.0,104.0,108.0,196.0,200.0,97.0,99.0,10.0,100.0,450.0,0.0,2.0,5.0,1.0,4.0,90.0,11.0,2.0,9.0,99.0,,,,,,1.0,2.0,97.0,2.0,95.0,75.0,1.0,74.0,88.0,8.0,80.0,17.0,42.0,22.0,97.0,42.0,106.0,473.0,20.0,95.0,472.0,6.0,89.0,459.0,12.0,94.0,475.0,95.0,0.0,75.0,2.0,44.0,2.0,42.0,89.0,54.0,2.0,52.0,102.0,29.0,19.0,10.0,81.0,27.0,19.0,8.0,77.0,0.0,0.0,19.0,38.0,4.0,2.0,1.0,1.0,3.0,8.0,101.0,8.0,103.0,20.0,101.0,100.0,202.0,203.0,100.0,101.0,24.0,99.0,474.0,2.0,2.0,20.0,1.0,19.0,99.0,19.0,1.0,18.0,98.0,,,,,,91.0,13.0,78.0,86.0,11.0,75.0,102.0,6.0,96.0,16.0,37.0,25.0,96.0,42.0,95.0,473.0,23.0,93.0,480.0,13.0,95.0,482.0,13.0,91.0,478.0,70.0,0.0,,68.0,2.0,,45.0,0.0,45.0,80.0,47.0,0.0,47.0,82.0,31.0,11.0,20.0,86.0,33.0,13.0,20.0,86.0,0.0,,3.0,,26.0,43.0,5.0,1.0,1.0,3.0,16.0,20.0,110.0,20.0,111.0,22.0,95.0,92.0,205.0,203.0,102.0,101.0,2.0,48.0,4.0,4.0,24.0,92.0,474.0,1.0,1.0,28.0,4.0,24.0,103.0,20.0,4.0,16.0,93.0,,,,,,97.0,19.0,78.0,119.0,12.0,107.0,149.0,18.0,131.0,20.0,42.0,27.0,99.0,43.0,90.0,477.0,23.0,87.0,480.0,10.0,87.0,474.0,15.0,90.0,485.0,39.0,1.0,,55.0,1.0,,67.0,1.0,66.0,97.0,68.0,3.0,65.0,96.0,49.0,26.0,23.0,86.0,54.0,34.0,20.0,82.0,0.0,,1.0,,27.0,39.0,1.0,1.0,0.0,2.0,16.0,19.0,102.0,18.0,100.0,25.0,92.0,92.0,194.0,192.0,96.0,95.0,2.0,84.0,4.0,4.0,32.0,95.0,488.0,2.0,3.0,30.0,7.0,23.0,95.0,29.0,6.0,23.0,93.0,,,,,,
17,3.0,1.0,30.0,7.0,23.0,22.0,9.0,13.0,21.0,10.0,11.0,18.0,49.0,19.0,106.0,25.0,108.0,412.0,11.0,98.0,438.0,4.0,105.0,443.0,7.0,89.0,457.0,0.0,130.0,2.0,94.0,33.0,18.0,15.0,87.0,25.0,11.0,14.0,86.0,21.0,13.0,8.0,94.0,21.0,16.0,5.0,87.0,0.0,1.0,15.0,38.0,3.0,0.0,0.0,0.0,0.0,3.0,89.0,3.0,87.0,13.0,103.0,102.0,192.0,189.0,95.0,93.0,8.0,103.0,446.0,0.0,0.0,3.0,3.0,0.0,80.0,4.0,2.0,2.0,86.0,,,,,,3.0,1.0,112.0,17.0,95.0,102.0,5.0,97.0,92.0,4.0,88.0,19.0,46.0,21.0,97.0,39.0,107.0,464.0,20.0,99.0,472.0,15.0,109.0,487.0,14.0,102.0,482.0,87.0,3.0,54.0,2.0,76.0,16.0,60.0,117.0,77.0,12.0,65.0,122.0,52.0,24.0,28.0,109.0,46.0,22.0,24.0,104.0,0.0,2.0,18.0,37.0,4.0,2.0,1.0,1.0,1.0,6.0,95.0,6.0,96.0,16.0,96.0,88.0,191.0,184.0,94.0,91.0,16.0,96.0,461.0,2.0,2.0,23.0,6.0,17.0,95.0,24.0,4.0,20.0,101.0,,,,,,118.0,7.0,111.0,109.0,10.0,99.0,118.0,4.0,114.0,19.0,43.0,23.0,93.0,45.0,102.0,483.0,18.0,86.0,465.0,20.0,106.0,498.0,10.0,84.0,468.0,81.0,1.0,,78.0,2.0,,67.0,3.0,64.0,110.0,63.0,0.0,63.0,109.0,38.0,11.0,27.0,100.0,45.0,11.0,34.0,108.0,1.0,,1.0,,21.0,38.0,4.0,1.0,1.0,2.0,8.0,11.0,87.0,11.0,87.0,22.0,96.0,92.0,183.0,179.0,90.0,88.0,2.0,30.0,3.0,3.0,29.0,99.0,483.0,3.0,2.0,26.0,1.0,25.0,105.0,27.0,1.0,26.0,106.0,,,,,,132.0,20.0,112.0,117.0,2.0,115.0,144.0,8.0,136.0,21.0,46.0,24.0,93.0,53.0,106.0,506.0,28.0,98.0,494.0,22.0,104.0,502.0,18.0,101.0,496.0,64.0,0.0,,78.0,0.0,,68.0,0.0,68.0,100.0,71.0,4.0,67.0,98.0,44.0,11.0,33.0,99.0,48.0,9.0,39.0,106.0,3.0,,1.0,,23.0,35.0,2.0,1.0,1.0,2.0,10.0,13.0,87.0,13.0,88.0,24.0,92.0,90.0,179.0,178.0,88.0,87.0,2.0,74.0,4.0,4.0,36.0,103.0,496.0,4.0,2.0,25.0,3.0,22.0,93.0,28.0,5.0,23.0,93.0,,,,,,
18,2.0,2.0,39.0,8.0,31.0,35.0,10.0,25.0,32.0,7.0,25.0,21.0,59.0,19.0,111.0,31.0,119.0,434.0,16.0,113.0,458.0,9.0,122.0,471.0,14.0,112.0,482.0,0.0,56.0,1.0,123.0,27.0,7.0,20.0,93.0,29.0,6.0,23.0,96.0,17.0,4.0,13.0,102.0,18.0,6.0,12.0,101.0,1.0,2.0,27.0,58.0,0.0,7.0,4.0,4.0,0.0,4.0,94.0,4.0,92.0,19.0,120.0,118.0,214.0,210.0,107.0,105.0,22.0,118.0,471.0,3.0,0.0,15.0,5.0,10.0,105.0,18.0,2.0,16.0,111.0,,,,,,2.0,2.0,123.0,4.0,119.0,113.0,4.0,109.0,102.0,4.0,98.0,23.0,58.0,23.0,104.0,42.0,113.0,473.0,25.0,110.0,486.0,17.0,112.0,491.0,21.0,126.0,506.0,111.0,4.0,91.0,4.0,61.0,1.0,60.0,117.0,62.0,1.0,61.0,118.0,25.0,4.0,21.0,101.0,27.0,3.0,24.0,104.0,0.0,2.0,34.0,62.0,2.0,4.0,2.0,2.0,1.0,5.0,91.0,5.0,92.0,21.0,107.0,103.0,198.0,195.0,98.0,96.0,35.0,119.0,494.0,4.0,5.0,35.0,1.0,34.0,121.0,32.0,1.0,31.0,116.0,,,,,,106.0,3.0,103.0,85.0,4.0,81.0,131.0,10.0,121.0,29.0,70.0,29.0,113.0,49.0,109.0,494.0,29.0,108.0,497.0,18.0,104.0,493.0,23.0,125.0,513.0,97.0,3.0,,142.0,3.0,,70.0,0.0,70.0,117.0,70.0,1.0,69.0,115.0,34.0,6.0,28.0,101.0,35.0,8.0,27.0,100.0,1.0,,4.0,,40.0,67.0,2.0,1.0,1.0,3.0,13.0,17.0,103.0,17.0,102.0,26.0,106.0,102.0,209.0,204.0,104.0,101.0,3.0,51.0,4.0,4.0,36.0,112.0,496.0,3.0,4.0,31.0,2.0,29.0,111.0,28.0,2.0,26.0,106.0,,,,,,113.0,6.0,107.0,131.0,7.0,124.0,156.0,6.0,150.0,26.0,58.0,29.0,108.0,54.0,108.0,508.0,31.0,106.0,503.0,22.0,104.0,502.0,23.0,117.0,513.0,72.0,3.0,,63.0,2.0,,72.0,2.0,70.0,102.0,70.0,1.0,69.0,101.0,42.0,3.0,39.0,106.0,37.0,5.0,32.0,97.0,4.0,,3.0,,43.0,63.0,7.0,2.0,2.0,6.0,13.0,21.0,109.0,21.0,108.0,26.0,96.0,94.0,205.0,202.0,102.0,100.0,3.0,64.0,4.0,4.0,44.0,117.0,511.0,6.0,7.0,32.0,2.0,30.0,108.0,34.0,1.0,33.0,108.0,,,,,,
19,3.0,2.0,38.0,10.0,28.0,29.0,7.0,22.0,34.0,12.0,22.0,19.0,51.0,15.0,93.0,27.0,109.0,420.0,13.0,101.0,446.0,11.0,122.0,477.0,10.0,97.0,468.0,0.0,102.0,3.0,43.0,31.0,14.0,17.0,89.0,28.0,9.0,19.0,92.0,20.0,11.0,9.0,95.0,17.0,12.0,5.0,87.0,0.0,3.0,17.0,41.0,0.0,3.0,2.0,2.0,0.0,2.0,84.0,2.0,81.0,15.0,109.0,108.0,193.0,189.0,95.0,93.0,12.0,106.0,454.0,0.0,0.0,13.0,4.0,9.0,104.0,15.0,5.0,10.0,101.0,,,,,,3.0,2.0,70.0,1.0,69.0,73.0,1.0,72.0,93.0,4.0,89.0,21.0,52.0,19.0,89.0,41.0,109.0,470.0,22.0,101.0,477.0,20.0,114.0,498.0,14.0,101.0,482.0,117.0,3.0,84.0,3.0,60.0,3.0,57.0,111.0,54.0,1.0,53.0,108.0,30.0,7.0,23.0,103.0,24.0,6.0,18.0,97.0,0.0,2.0,24.0,47.0,6.0,5.0,2.0,2.0,4.0,12.0,115.0,12.0,120.0,23.0,111.0,109.0,226.0,229.0,115.0,117.0,25.0,104.0,476.0,0.0,3.0,23.0,4.0,19.0,99.0,26.0,1.0,25.0,107.0,,,,,,73.0,1.0,72.0,62.0,3.0,59.0,97.0,0.0,97.0,22.0,50.0,28.0,106.0,48.0,106.0,491.0,28.0,104.0,494.0,24.0,111.0,508.0,13.0,92.0,478.0,82.0,1.0,,67.0,1.0,,59.0,0.0,59.0,103.0,65.0,2.0,63.0,109.0,30.0,2.0,28.0,101.0,34.0,3.0,31.0,104.0,1.0,,2.0,,25.0,44.0,6.0,2.0,1.0,5.0,8.0,15.0,97.0,14.0,94.0,23.0,99.0,94.0,196.0,188.0,97.0,93.0,2.0,30.0,3.0,3.0,23.0,92.0,472.0,2.0,4.0,28.0,5.0,23.0,102.0,25.0,4.0,21.0,100.0,,,,,,91.0,2.0,89.0,101.0,1.0,100.0,137.0,0.0,137.0,22.0,47.0,31.0,110.0,57.0,112.0,516.0,30.0,102.0,500.0,26.0,111.0,513.0,15.0,92.0,485.0,47.0,1.0,,94.0,1.0,,70.0,0.0,70.0,102.0,71.0,0.0,71.0,103.0,43.0,3.0,40.0,107.0,39.0,3.0,36.0,102.0,1.0,,1.0,,24.0,36.0,3.0,1.0,1.0,4.0,11.0,16.0,96.0,16.0,95.0,32.0,110.0,110.0,206.0,205.0,102.0,102.0,2.0,53.0,4.0,4.0,35.0,101.0,494.0,3.0,2.0,29.0,2.0,27.0,102.0,30.0,4.0,26.0,97.0,,,,,,1.0
20,1.0,1.0,23.0,9.0,14.0,25.0,8.0,17.0,17.0,11.0,6.0,14.0,40.0,18.0,97.0,22.0,96.0,400.0,10.0,89.0,434.0,4.0,98.0,443.0,12.0,101.0,475.0,0.0,13.0,2.0,38.0,17.0,6.0,11.0,81.0,27.0,15.0,12.0,82.0,13.0,2.0,11.0,95.0,22.0,13.0,9.0,92.0,0.0,0.0,18.0,41.0,1.0,2.0,2.0,2.0,0.0,3.0,87.0,3.0,87.0,11.0,93.0,96.0,180.0,183.0,88.0,90.0,4.0,90.0,435.0,0.0,0.0,23.0,25.0,0.0,80.0,25.0,25.0,0.0,80.0,,,,,,1.0,1.0,58.0,2.0,56.0,66.0,6.0,60.0,72.0,11.0,61.0,13.0,35.0,19.0,87.0,40.0,103.0,467.0,15.0,85.0,454.0,11.0,99.0,477.0,11.0,91.0,471.0,29.0,1.0,21.0,2.0,53.0,6.0,47.0,98.0,53.0,4.0,49.0,99.0,26.0,12.0,14.0,85.0,20.0,10.0,10.0,81.0,0.0,0.0,24.0,45.0,0.0,1.0,1.0,1.0,0.0,1.0,72.0,1.0,72.0,15.0,88.0,85.0,160.0,157.0,79.0,77.0,16.0,93.0,461.0,2.0,3.0,24.0,7.0,17.0,95.0,16.0,5.0,11.0,88.0,,,,,,69.0,6.0,63.0,81.0,15.0,66.0,89.0,3.0,86.0,19.0,43.0,22.0,87.0,43.0,96.0,477.0,21.0,89.0,475.0,14.0,96.0,484.0,16.0,99.0,489.0,115.0,0.0,,38.0,2.0,,58.0,5.0,53.0,91.0,61.0,2.0,59.0,97.0,33.0,14.0,19.0,85.0,42.0,23.0,19.0,85.0,0.0,,3.0,,24.0,40.0,3.0,1.0,1.0,0.0,8.0,9.0,81.0,9.0,82.0,19.0,86.0,84.0,167.0,166.0,82.0,81.0,2.0,22.0,2.0,2.0,18.0,86.0,464.0,0.0,0.0,25.0,2.0,23.0,102.0,22.0,4.0,18.0,96.0,,,,,,,,,,,,,,,,,,,,,,,,,,,,,,,,,,,,,,,,,,,,,,,,,,,,,,,,,,,,,,,,,,,,,,,,,,,,,,,,,,,,,,,,,,,,,,,,,0.0
21,3.0,1.0,11.0,5.0,6.0,14.0,8.0,6.0,13.0,11.0,2.0,16.0,44.0,15.0,89.0,19.0,93.0,388.0,5.0,75.0,404.0,6.0,108.0,459.0,10.0,96.0,468.0,0.0,85.0,2.0,25.0,23.0,19.0,4.0,74.0,22.0,15.0,7.0,77.0,10.0,2.0,8.0,90.0,9.0,5.0,4.0,82.0,0.0,1.0,17.0,39.0,0.0,3.0,2.0,2.0,0.0,2.0,82.0,2.0,81.0,6.0,80.0,80.0,162.0,161.0,80.0,79.0,2.0,87.0,427.0,1.0,3.0,23.0,27.0,0.0,80.0,,,,,,,,,,3.0,1.0,49.0,2.0,47.0,51.0,3.0,48.0,46.0,2.0,44.0,19.0,46.0,21.0,94.0,41.0,106.0,470.0,17.0,90.0,462.0,14.0,104.0,484.0,11.0,91.0,471.0,147.0,2.0,86.0,2.0,41.0,2.0,39.0,86.0,43.0,2.0,41.0,88.0,19.0,2.0,17.0,91.0,20.0,2.0,18.0,93.0,0.0,0.0,22.0,42.0,3.0,3.0,1.0,1.0,1.0,5.0,90.0,5.0,92.0,18.0,96.0,94.0,186.0,186.0,91.0,92.0,18.0,95.0,464.0,5.0,4.0,17.0,4.0,13.0,89.0,17.0,3.0,14.0,92.0,,,,,,,,,,,,,,,,,,,,,,,,,,,,,,,,,,,,,,,,,,,,,,,,,,,,,,,,,,,,,,,,,,,,,,,,,,,,,,,,,,,,,,,,,,,,,,,,,,,,,,,,,,,,,,,,,,,,,,,,,,,,,,,,,,,,,,,,,,,,,,,,,,,,,,,,,,,,,,,,,,,,,,,,,,,,,,,,,,,,,,,,,,,,
22,2.0,1.0,23.0,3.0,20.0,21.0,6.0,15.0,27.0,10.0,17.0,21.0,57.0,19.0,100.0,26.0,101.0,416.0,13.0,95.0,446.0,8.0,109.0,468.0,16.0,114.0,489.0,0.0,243.0,2.0,115.0,30.0,15.0,15.0,85.0,27.0,17.0,10.0,80.0,12.0,11.0,1.0,75.0,17.0,11.0,6.0,86.0,1.0,4.0,32.0,64.0,8.0,2.0,2.0,2.0,1.0,11.0,119.0,11.0,125.0,13.0,98.0,102.0,217.0,227.0,109.0,115.0,14.0,103.0,457.0,0.0,4.0,12.0,6.0,6.0,96.0,11.0,9.0,2.0,86.0,,,,,,2.0,1.0,62.0,4.0,58.0,53.0,4.0,49.0,55.0,3.0,52.0,22.0,52.0,23.0,100.0,42.0,104.0,473.0,23.0,99.0,480.0,12.0,99.0,480.0,21.0,122.0,506.0,229.0,3.0,126.0,4.0,45.0,3.0,42.0,89.0,43.0,5.0,38.0,85.0,28.0,17.0,11.0,82.0,28.0,16.0,12.0,83.0,0.0,4.0,27.0,50.0,7.0,6.0,3.0,3.0,2.0,12.0,114.0,12.0,120.0,22.0,105.0,106.0,219.0,226.0,110.0,115.0,28.0,104.0,481.0,3.0,4.0,19.0,8.0,11.0,86.0,23.0,4.0,19.0,99.0,,,,,,70.0,3.0,67.0,68.0,3.0,65.0,85.0,1.0,84.0,23.0,51.0,27.0,103.0,47.0,100.0,489.0,26.0,97.0,488.0,16.0,97.0,489.0,20.0,111.0,502.0,147.0,2.0,,202.0,4.0,,55.0,0.0,55.0,93.0,54.0,1.0,53.0,91.0,30.0,13.0,17.0,82.0,35.0,14.0,21.0,88.0,2.0,,4.0,,34.0,55.0,2.0,1.0,1.0,4.0,12.0,17.0,102.0,17.0,102.0,26.0,103.0,102.0,205.0,204.0,102.0,101.0,3.0,51.0,4.0,4.0,31.0,98.0,486.0,5.0,3.0,28.0,2.0,26.0,106.0,27.0,1.0,26.0,106.0,,,,,,78.0,5.0,73.0,90.0,4.0,86.0,109.0,3.0,106.0,24.0,51.0,28.0,102.0,50.0,98.0,497.0,31.0,102.0,503.0,16.0,94.0,489.0,23.0,114.0,513.0,118.0,3.0,,137.0,2.0,,59.0,2.0,57.0,86.0,61.0,0.0,61.0,91.0,36.0,16.0,20.0,82.0,35.0,10.0,25.0,89.0,1.0,,3.0,,40.0,56.0,10.0,3.0,3.0,6.0,15.0,24.0,115.0,24.0,118.0,27.0,96.0,97.0,211.0,215.0,105.0,108.0,2.0,76.0,4.0,4.0,39.0,105.0,502.0,7.0,8.0,28.0,0.0,28.0,104.0,28.0,1.0,27.0,99.0,,,,,,
23,5.0,2.0,71.0,2.0,69.0,85.0,14.0,71.0,55.0,1.0,54.0,18.0,49.0,22.0,112.0,41.0,124.0,470.0,22.0,117.0,477.0,19.0,126.0,495.0,14.0,108.0,482.0,3.0,169.0,3.0,118.0,48.0,1.0,47.0,113.0,49.0,0.0,49.0,114.0,23.0,0.0,23.0,111.0,22.0,2.0,20.0,108.0,1.0,1.0,22.0,48.0,1.0,4.0,3.0,3.0,2.0,6.0,100.0,6.0,103.0,18.0,112.0,115.0,212.0,218.0,106.0,109.0,31.0,121.0,486.0,2.0,3.0,29.0,0.0,29.0,131.0,25.0,1.0,24.0,123.0,,,,,,5.0,2.0,138.0,15.0,123.0,107.0,2.0,105.0,95.0,3.0,92.0,21.0,52.0,33.0,134.0,59.0,128.0,522.0,30.0,116.0,500.0,24.0,117.0,508.0,16.0,106.0,489.0,101.0,2.0,59.0,4.0,54.0,0.0,54.0,104.0,57.0,0.0,57.0,107.0,31.0,3.0,28.0,105.0,28.0,1.0,27.0,104.0,1.0,1.0,31.0,56.0,9.0,7.0,4.0,4.0,3.0,16.0,126.0,16.0,135.0,30.0,125.0,133.0,251.0,268.0,132.0,142.0,32.0,111.0,488.0,4.0,2.0,31.0,4.0,27.0,110.0,34.0,1.0,33.0,118.0,,,,,,130.0,1.0,129.0,134.0,0.0,134.0,130.0,1.0,129.0,21.0,48.0,34.0,125.0,59.0,119.0,522.0,31.0,109.0,503.0,31.0,129.0,538.0,22.0,118.0,509.0,67.0,1.0,,86.0,2.0,,47.0,0.0,47.0,82.0,49.0,1.0,48.0,83.0,37.0,1.0,36.0,106.0,36.0,3.0,33.0,103.0,3.0,,4.0,,33.0,54.0,4.0,1.0,1.0,3.0,16.0,20.0,110.0,20.0,111.0,40.0,137.0,138.0,247.0,249.0,129.0,129.0,3.0,48.0,4.0,4.0,42.0,118.0,507.0,4.0,4.0,32.0,2.0,30.0,113.0,36.0,1.0,35.0,116.0,,,,,,113.0,1.0,112.0,131.0,1.0,130.0,143.0,1.0,142.0,22.0,47.0,40.0,136.0,62.0,120.0,530.0,34.0,113.0,512.0,27.0,112.0,517.0,19.0,102.0,499.0,55.0,3.0,,74.0,1.0,,58.0,0.0,58.0,87.0,62.0,0.0,62.0,92.0,47.0,1.0,46.0,115.0,49.0,1.0,48.0,117.0,2.0,,1.0,,38.0,54.0,6.0,1.0,1.0,8.0,16.0,25.0,117.0,25.0,121.0,42.0,130.0,134.0,247.0,255.0,129.0,133.0,3.0,72.0,4.0,4.0,38.0,104.0,500.0,4.0,4.0,33.0,2.0,31.0,109.0,38.0,1.0,37.0,115.0,,,,,,
24,6.0,2.0,66.0,4.0,62.0,62.0,2.0,60.0,71.0,3.0,68.0,16.0,47.0,18.0,112.0,36.0,131.0,453.0,21.0,130.0,475.0,12.0,133.0,480.0,15.0,118.0,485.0,1.0,147.0,3.0,104.0,48.0,2.0,46.0,125.0,58.0,13.0,45.0,124.0,36.0,11.0,25.0,123.0,29.0,11.0,18.0,116.0,0.0,2.0,26.0,58.0,3.0,4.0,3.0,3.0,2.0,8.0,114.0,8.0,112.0,16.0,119.0,110.0,233.0,222.0,119.0,112.0,23.0,122.0,472.0,3.0,3.0,27.0,2.0,25.0,127.0,22.0,2.0,20.0,117.0,,,,,,6.0,2.0,152.0,0.0,152.0,143.0,0.0,143.0,129.0,2.0,127.0,20.0,51.0,26.0,124.0,47.0,124.0,489.0,24.0,113.0,483.0,20.0,120.0,498.0,22.0,132.0,509.0,100.0,3.0,47.0,4.0,71.0,2.0,69.0,127.0,70.0,3.0,67.0,125.0,35.0,3.0,32.0,117.0,37.0,4.0,33.0,118.0,2.0,3.0,29.0,56.0,3.0,3.0,1.0,1.0,4.0,8.0,103.0,8.0,103.0,23.0,118.0,109.0,221.0,212.0,111.0,106.0,30.0,117.0,485.0,3.0,4.0,24.0,3.0,21.0,102.0,24.0,3.0,21.0,102.0,,,,,,141.0,4.0,137.0,143.0,5.0,138.0,146.0,13.0,133.0,23.0,55.0,30.0,116.0,53.0,117.0,506.0,31.0,116.0,503.0,24.0,114.0,508.0,24.0,130.0,516.0,76.0,4.0,,75.0,2.0,,73.0,0.0,73.0,121.0,83.0,4.0,79.0,130.0,52.0,16.0,36.0,110.0,53.0,9.0,44.0,119.0,1.0,,2.0,,37.0,64.0,2.0,1.0,1.0,5.0,8.0,14.0,97.0,14.0,94.0,29.0,118.0,110.0,215.0,204.0,108.0,101.0,2.0,42.0,3.0,3.0,35.0,113.0,494.0,4.0,5.0,30.0,3.0,27.0,108.0,37.0,1.0,36.0,118.0,,,,,,139.0,4.0,135.0,154.0,7.0,147.0,194.0,11.0,183.0,22.0,49.0,28.0,105.0,54.0,110.0,508.0,33.0,114.0,509.0,22.0,105.0,502.0,23.0,119.0,513.0,69.0,3.0,,77.0,1.0,,82.0,2.0,80.0,117.0,84.0,1.0,83.0,123.0,57.0,14.0,43.0,111.0,61.0,13.0,48.0,117.0,3.0,,1.0,,43.0,66.0,3.0,1.0,1.0,9.0,13.0,23.0,118.0,23.0,114.0,30.0,109.0,105.0,227.0,219.0,115.0,110.0,2.0,62.0,4.0,4.0,37.0,108.0,498.0,5.0,5.0,37.0,5.0,32.0,111.0,40.0,1.0,39.0,118.0,,,,,,
25,2.0,2.0,27.0,9.0,18.0,30.0,9.0,21.0,33.0,12.0,21.0,22.0,57.0,18.0,92.0,23.0,92.0,404.0,13.0,92.0,446.0,7.0,104.0,464.0,,,,1.0,290.0,1.0,110.0,38.0,26.0,12.0,77.0,39.0,26.0,13.0,78.0,12.0,10.0,2.0,74.0,2.0,0.0,2.0,74.0,2.0,2.0,32.0,61.0,0.0,1.0,1.0,1.0,0.0,1.0,74.0,1.0,75.0,12.0,90.0,99.0,164.0,174.0,81.0,85.0,13.0,100.0,456.0,0.0,0.0,18.0,21.0,0.0,80.0,12.0,11.0,1.0,83.0,,,,,,2.0,2.0,81.0,3.0,78.0,55.0,4.0,51.0,62.0,0.0,62.0,22.0,52.0,22.0,94.0,40.0,99.0,467.0,22.0,96.0,477.0,14.0,100.0,484.0,22.0,124.0,509.0,179.0,3.0,110.0,3.0,44.0,2.0,42.0,84.0,24.0,1.0,23.0,69.0,20.0,11.0,9.0,75.0,27.0,19.0,8.0,73.0,0.0,3.0,29.0,51.0,7.0,0.0,0.0,0.0,4.0,11.0,109.0,11.0,116.0,22.0,100.0,106.0,209.0,222.0,104.0,112.0,28.0,102.0,481.0,1.0,3.0,22.0,0.0,22.0,103.0,17.0,3.0,14.0,92.0,,,,,,,,,,,,,,,,,,,,,,,,,,,,,,,,,,,,,,,,,,,,,,,,,,,,,,,,,,,,,,,,,,,,,,,,,,,,,,,,,,,,,,,,,,,,,,,,,,,,,,,,,,,,,,,,,,,,,,,,,,,,,,,,,,,,,,,,,,,,,,,,,,,,,,,,,,,,,,,,,,,,,,,,,,,,,,,,,,,,,,,,,,,,
26,5.0,2.0,88.0,3.0,85.0,95.0,2.0,93.0,100.0,5.0,95.0,19.0,54.0,20.0,115.0,37.0,131.0,457.0,23.0,132.0,480.0,15.0,134.0,487.0,17.0,124.0,492.0,0.0,98.0,2.0,97.0,53.0,4.0,49.0,127.0,52.0,5.0,47.0,126.0,35.0,19.0,16.0,113.0,40.0,18.0,22.0,120.0,2.0,2.0,22.0,52.0,5.0,3.0,2.0,2.0,2.0,9.0,116.0,9.0,117.0,18.0,125.0,115.0,241.0,232.0,124.0,118.0,22.0,120.0,471.0,3.0,3.0,27.0,0.0,27.0,129.0,27.0,2.0,25.0,124.0,,,,,,5.0,2.0,181.0,0.0,181.0,192.0,0.0,192.0,145.0,14.0,131.0,23.0,60.0,21.0,101.0,45.0,120.0,483.0,30.0,124.0,500.0,21.0,120.0,500.0,17.0,114.0,492.0,54.0,3.0,40.0,4.0,81.0,4.0,77.0,134.0,83.0,5.0,78.0,135.0,51.0,8.0,43.0,129.0,52.0,5.0,47.0,132.0,3.0,4.0,31.0,60.0,3.0,8.0,4.0,4.0,1.0,8.0,103.0,8.0,103.0,23.0,118.0,109.0,221.0,212.0,111.0,106.0,38.0,125.0,500.0,4.0,5.0,38.0,2.0,36.0,125.0,39.0,0.0,39.0,127.0,,,,,,165.0,1.0,164.0,169.0,2.0,167.0,170.0,2.0,168.0,23.0,55.0,29.0,113.0,57.0,122.0,516.0,31.0,115.0,503.0,25.0,115.0,510.0,22.0,123.0,509.0,54.0,3.0,,69.0,3.0,,56.0,0.0,56.0,100.0,62.0,0.0,62.0,108.0,46.0,4.0,42.0,117.0,50.0,3.0,47.0,122.0,4.0,,3.0,,39.0,67.0,7.0,2.0,2.0,3.0,11.0,16.0,103.0,16.0,100.0,26.0,110.0,102.0,213.0,202.0,106.0,100.0,4.0,135.0,4.0,4.0,38.0,118.0,500.0,8.0,7.0,37.0,3.0,34.0,119.0,43.0,2.0,41.0,126.0,,,,,,138.0,0.0,138.0,143.0,2.0,141.0,168.0,1.0,167.0,23.0,51.0,32.0,117.0,54.0,110.0,508.0,30.0,104.0,500.0,26.0,112.0,513.0,26.0,128.0,523.0,46.0,3.0,,54.0,1.0,,87.0,1.0,86.0,129.0,82.0,1.0,81.0,119.0,53.0,9.0,44.0,112.0,55.0,6.0,49.0,119.0,3.0,,3.0,,39.0,60.0,7.0,2.0,2.0,9.0,17.0,28.0,130.0,28.0,133.0,34.0,119.0,114.0,249.0,247.0,130.0,128.0,4.0,84.0,4.0,4.0,41.0,114.0,505.0,11.0,10.0,48.0,2.0,46.0,131.0,47.0,4.0,43.0,125.0,,,,,,
27,2.0,2.0,62.0,4.0,58.0,46.0,4.0,42.0,44.0,4.0,40.0,18.0,51.0,21.0,118.0,36.0,126.0,453.0,18.0,118.0,465.0,7.0,118.0,464.0,16.0,119.0,489.0,2.0,148.0,3.0,120.0,36.0,2.0,34.0,110.0,36.0,2.0,34.0,110.0,12.0,2.0,10.0,101.0,14.0,5.0,9.0,99.0,0.0,1.0,23.0,51.0,5.0,3.0,2.0,2.0,4.0,11.0,121.0,11.0,125.0,16.0,112.0,110.0,233.0,235.0,119.0,120.0,26.0,121.0,477.0,2.0,2.0,24.0,0.0,24.0,125.0,22.0,1.0,21.0,119.0,,,,,,2.0,2.0,130.0,2.0,128.0,128.0,2.0,126.0,124.0,6.0,118.0,22.0,57.0,25.0,114.0,44.0,117.0,480.0,28.0,118.0,494.0,17.0,113.0,491.0,19.0,120.0,499.0,94.0,3.0,67.0,3.0,62.0,0.0,62.0,120.0,61.0,3.0,58.0,117.0,24.0,1.0,23.0,107.0,21.0,2.0,19.0,103.0,1.0,3.0,27.0,51.0,6.0,3.0,1.0,1.0,3.0,10.0,109.0,10.0,111.0,22.0,109.0,106.0,218.0,217.0,109.0,109.0,34.0,119.0,492.0,2.0,5.0,31.0,3.0,28.0,112.0,32.0,1.0,31.0,116.0,,,,,,121.0,0.0,121.0,103.0,3.0,100.0,134.0,7.0,127.0,23.0,55.0,27.0,107.0,49.0,110.0,494.0,27.0,104.0,491.0,23.0,111.0,505.0,17.0,106.0,492.0,71.0,2.0,,103.0,2.0,,65.0,1.0,64.0,110.0,67.0,0.0,67.0,113.0,31.0,5.0,26.0,98.0,29.0,6.0,23.0,95.0,3.0,,1.0,,32.0,56.0,5.0,1.0,1.0,6.0,13.0,20.0,115.0,20.0,111.0,29.0,118.0,110.0,233.0,221.0,119.0,111.0,2.0,58.0,4.0,4.0,36.0,112.0,496.0,5.0,5.0,28.0,5.0,23.0,102.0,29.0,2.0,27.0,107.0,,,,,,131.0,1.0,130.0,106.0,6.0,100.0,154.0,4.0,150.0,22.0,49.0,31.0,114.0,57.0,113.0,516.0,35.0,119.0,515.0,22.0,104.0,502.0,26.0,127.0,523.0,73.0,3.0,,81.0,1.0,,72.0,0.0,72.0,105.0,69.0,2.0,67.0,98.0,33.0,3.0,30.0,95.0,30.0,4.0,26.0,90.0,2.0,,1.0,,43.0,66.0,6.0,1.0,1.0,6.0,15.0,22.0,115.0,22.0,111.0,33.0,117.0,112.0,232.0,223.0,119.0,113.0,3.0,69.0,4.0,4.0,39.0,110.0,502.0,3.0,6.0,34.0,2.0,32.0,111.0,33.0,1.0,32.0,107.0,,,,,,
28,2.0,1.0,72.0,3.0,69.0,64.0,3.0,61.0,51.0,3.0,48.0,22.0,60.0,22.0,118.0,36.0,124.0,453.0,18.0,116.0,465.0,13.0,126.0,482.0,13.0,108.0,478.0,1.0,125.0,4.0,96.0,46.0,9.0,37.0,111.0,51.0,12.0,39.0,113.0,21.0,3.0,18.0,110.0,19.0,4.0,15.0,105.0,1.0,3.0,29.0,61.0,6.0,2.0,2.0,2.0,1.0,9.0,114.0,9.0,117.0,20.0,123.0,120.0,237.0,237.0,122.0,121.0,27.0,121.0,479.0,3.0,4.0,16.0,1.0,15.0,112.0,22.0,1.0,21.0,119.0,,,,,,2.0,1.0,159.0,2.0,157.0,138.0,4.0,134.0,113.0,4.0,109.0,26.0,66.0,25.0,114.0,50.0,123.0,497.0,29.0,119.0,497.0,21.0,117.0,500.0,21.0,126.0,506.0,67.0,4.0,44.0,4.0,73.0,2.0,71.0,128.0,74.0,5.0,69.0,126.0,40.0,6.0,34.0,115.0,32.0,4.0,28.0,109.0,4.0,2.0,34.0,62.0,11.0,7.0,4.0,4.0,4.0,19.0,137.0,19.0,147.0,26.0,119.0,120.0,256.0,267.0,135.0,141.0,42.0,128.0,507.0,4.0,6.0,38.0,0.0,38.0,128.0,36.0,1.0,35.0,121.0,,,,,,172.0,4.0,168.0,128.0,4.0,124.0,151.0,5.0,146.0,28.0,68.0,32.0,123.0,58.0,122.0,519.0,35.0,125.0,515.0,23.0,111.0,505.0,14.0,96.0,482.0,,3.0,,63.0,4.0,,79.0,0.0,79.0,130.0,77.0,2.0,75.0,123.0,45.0,4.0,41.0,116.0,38.0,2.0,36.0,110.0,2.0,,3.0,,38.0,64.0,11.0,4.0,4.0,4.0,13.0,21.0,114.0,21.0,114.0,29.0,114.0,110.0,228.0,224.0,117.0,113.0,4.0,95.0,4.0,4.0,41.0,120.0,505.0,8.0,9.0,39.0,1.0,38.0,125.0,42.0,3.0,39.0,124.0,,,,,,135.0,2.0,133.0,133.0,4.0,129.0,164.0,1.0,163.0,29.0,64.0,32.0,117.0,60.0,118.0,525.0,36.0,122.0,518.0,24.0,107.0,508.0,26.0,127.0,523.0,48.0,3.0,,73.0,3.0,,81.0,0.0,81.0,119.0,81.0,2.0,79.0,116.0,44.0,5.0,39.0,106.0,47.0,2.0,45.0,113.0,2.0,,4.0,,41.0,60.0,7.0,2.0,2.0,6.0,15.0,23.0,114.0,23.0,114.0,33.0,113.0,112.0,227.0,226.0,115.0,115.0,3.0,62.0,4.0,4.0,49.0,125.0,519.0,10.0,10.0,46.0,1.0,45.0,130.0,44.0,3.0,41.0,121.0,,,,,,
29,3.0,1.0,26.0,8.0,18.0,17.0,8.0,9.0,22.0,10.0,12.0,19.0,51.0,14.0,90.0,28.0,109.0,423.0,13.0,99.0,446.0,8.0,115.0,468.0,18.0,124.0,496.0,0.0,55.0,2.0,52.0,23.0,7.0,16.0,88.0,25.0,11.0,14.0,86.0,16.0,5.0,11.0,99.0,18.0,7.0,11.0,99.0,2.0,2.0,18.0,43.0,2.0,2.0,2.0,2.0,0.0,4.0,94.0,4.0,92.0,9.0,93.0,90.0,187.0,182.0,92.0,90.0,14.0,107.0,457.0,0.0,3.0,12.0,14.0,0.0,80.0,27.0,23.0,4.0,89.0,,,,,,3.0,1.0,62.0,4.0,58.0,63.0,5.0,58.0,53.0,3.0,50.0,20.0,49.0,20.0,93.0,36.0,101.0,453.0,18.0,94.0,465.0,7.0,95.0,464.0,19.0,118.0,499.0,145.0,2.0,75.0,2.0,46.0,10.0,36.0,92.0,43.0,5.0,38.0,94.0,21.0,9.0,12.0,88.0,21.0,10.0,11.0,87.0,1.0,3.0,28.0,52.0,5.0,3.0,1.0,1.0,2.0,8.0,101.0,8.0,103.0,16.0,91.0,88.0,192.0,191.0,95.0,94.0,20.0,98.0,467.0,3.0,3.0,19.0,9.0,10.0,84.0,16.0,5.0,11.0,88.0,,,,,,61.0,6.0,55.0,52.0,7.0,45.0,94.0,5.0,89.0,20.0,45.0,21.0,83.0,40.0,94.0,467.0,21.0,91.0,475.0,12.0,95.0,480.0,20.0,114.0,502.0,122.0,4.0,,132.0,3.0,,58.0,3.0,55.0,99.0,55.0,7.0,48.0,93.0,30.0,18.0,12.0,79.0,25.0,14.0,11.0,78.0,2.0,,2.0,,39.0,66.0,3.0,1.0,1.0,2.0,11.0,14.0,94.0,14.0,94.0,18.0,82.0,87.0,176.0,181.0,86.0,89.0,2.0,30.0,3.0,3.0,29.0,99.0,483.0,2.0,3.0,21.0,7.0,14.0,86.0,25.0,3.0,22.0,101.0,,,,,,111.0,10.0,101.0,121.0,16.0,105.0,179.0,13.0,166.0,23.0,49.0,22.0,84.0,47.0,96.0,489.0,30.0,101.0,500.0,13.0,92.0,482.0,24.0,119.0,516.0,73.0,2.0,,80.0,2.0,,64.0,3.0,61.0,91.0,68.0,2.0,66.0,97.0,23.0,5.0,18.0,80.0,23.0,7.0,16.0,77.0,4.0,,3.0,,41.0,60.0,4.0,1.0,1.0,3.0,13.0,17.0,98.0,17.0,98.0,21.0,85.0,82.0,183.0,180.0,90.0,89.0,3.0,63.0,4.0,4.0,40.0,109.0,503.0,4.0,3.0,36.0,2.0,34.0,114.0,33.0,4.0,29.0,102.0,,,,,,0.0
30,2.0,1.0,44.0,4.0,40.0,65.0,3.0,62.0,43.0,4.0,39.0,21.0,57.0,19.0,100.0,33.0,111.0,442.0,19.0,109.0,469.0,12.0,116.0,480.0,14.0,108.0,482.0,1.0,185.0,2.0,123.0,35.0,2.0,33.0,101.0,37.0,5.0,32.0,101.0,16.0,2.0,14.0,100.0,13.0,1.0,12.0,97.0,0.0,3.0,30.0,61.0,4.0,2.0,2.0,2.0,0.0,6.0,100.0,6.0,103.0,15.0,104.0,108.0,204.0,211.0,101.0,105.0,17.0,106.0,462.0,2.0,2.0,23.0,4.0,19.0,118.0,23.0,4.0,19.0,116.0,,,,,,2.0,1.0,123.0,15.0,108.0,115.0,3.0,112.0,106.0,14.0,92.0,24.0,58.0,24.0,103.0,42.0,104.0,473.0,28.0,110.0,494.0,17.0,106.0,491.0,20.0,118.0,502.0,88.0,4.0,77.0,4.0,57.0,0.0,57.0,107.0,65.0,2.0,63.0,113.0,25.0,5.0,20.0,95.0,25.0,7.0,18.0,93.0,1.0,4.0,28.0,52.0,3.0,4.0,2.0,2.0,1.0,6.0,94.0,6.0,96.0,22.0,105.0,106.0,199.0,202.0,98.0,100.0,32.0,110.0,488.0,4.0,1.0,28.0,2.0,26.0,109.0,29.0,4.0,25.0,107.0,,,,,,111.0,5.0,106.0,128.0,8.0,120.0,123.0,8.0,115.0,22.0,50.0,27.0,103.0,51.0,107.0,500.0,26.0,97.0,488.0,18.0,100.0,493.0,16.0,99.0,489.0,62.0,0.0,,75.0,3.0,,57.0,0.0,57.0,95.0,58.0,1.0,57.0,95.0,29.0,7.0,22.0,89.0,25.0,8.0,17.0,82.0,3.0,,1.0,,32.0,52.0,2.0,1.0,1.0,6.0,12.0,19.0,108.0,19.0,107.0,25.0,101.0,99.0,209.0,206.0,104.0,102.0,3.0,68.0,4.0,4.0,37.0,110.0,498.0,3.0,4.0,38.0,1.0,37.0,124.0,32.0,3.0,29.0,109.0,,,,,,118.0,2.0,116.0,129.0,5.0,124.0,139.0,3.0,136.0,28.0,59.0,31.0,110.0,52.0,102.0,503.0,31.0,103.0,503.0,23.0,104.0,505.0,23.0,115.0,513.0,72.0,2.0,,66.0,1.0,,69.0,0.0,69.0,101.0,66.0,0.0,66.0,97.0,38.0,5.0,33.0,99.0,43.0,6.0,37.0,103.0,3.0,,1.0,,41.0,58.0,6.0,1.0,1.0,7.0,15.0,23.0,112.0,23.0,114.0,33.0,110.0,112.0,222.0,226.0,112.0,115.0,2.0,32.0,2.0,2.0,44.0,116.0,511.0,5.0,5.0,39.0,2.0,37.0,119.0,31.0,3.0,28.0,101.0,,,,,,
31,2.0,1.0,157.0,0.0,157.0,117.0,0.0,117.0,129.0,0.0,129.0,21.0,57.0,27.0,135.0,54.0,143.0,508.0,28.0,132.0,494.0,23.0,135.0,505.0,16.0,117.0,489.0,2.0,70.0,3.0,41.0,60.0,0.0,60.0,136.0,58.0,4.0,54.0,130.0,37.0,1.0,36.0,130.0,26.0,0.0,26.0,120.0,0.0,3.0,13.0,34.0,5.0,8.0,4.0,4.0,1.0,10.0,118.0,10.0,121.0,22.0,129.0,125.0,247.0,246.0,129.0,127.0,26.0,118.0,477.0,1.0,1.0,31.0,1.0,30.0,132.0,35.0,5.0,30.0,131.0,,,,,,2.0,1.0,117.0,2.0,115.0,107.0,2.0,105.0,82.0,3.0,79.0,22.0,54.0,33.0,139.0,63.0,136.0,533.0,29.0,117.0,497.0,29.0,129.0,525.0,19.0,118.0,499.0,32.0,3.0,26.0,4.0,59.0,0.0,59.0,116.0,56.0,0.0,56.0,110.0,41.0,0.0,41.0,123.0,41.0,1.0,40.0,122.0,0.0,4.0,28.0,52.0,5.0,9.0,4.0,4.0,4.0,13.0,117.0,13.0,123.0,30.0,125.0,133.0,242.0,256.0,125.0,134.0,34.0,116.0,492.0,3.0,2.0,38.0,2.0,36.0,125.0,38.0,1.0,37.0,124.0,,,,,,196.0,5.0,191.0,178.0,0.0,178.0,190.0,3.0,187.0,22.0,50.0,40.0,144.0,63.0,127.0,533.0,27.0,101.0,491.0,29.0,122.0,525.0,18.0,107.0,496.0,43.0,3.0,,43.0,3.0,,79.0,0.0,79.0,121.0,77.0,0.0,77.0,119.0,44.0,5.0,39.0,110.0,45.0,7.0,38.0,109.0,2.0,,3.0,,30.0,52.0,7.0,2.0,2.0,8.0,15.0,25.0,126.0,25.0,129.0,39.0,139.0,135.0,265.0,264.0,141.0,139.0,2.0,72.0,4.0,4.0,41.0,119.0,505.0,4.0,6.0,39.0,0.0,39.0,127.0,39.0,1.0,38.0,123.0,,,,,,173.0,2.0,171.0,180.0,1.0,179.0,195.0,1.0,194.0,23.0,49.0,40.0,136.0,62.0,121.0,530.0,31.0,104.0,503.0,30.0,122.0,530.0,24.0,119.0,516.0,37.0,2.0,,39.0,2.0,,82.0,2.0,80.0,117.0,85.0,4.0,81.0,119.0,52.0,5.0,47.0,116.0,52.0,1.0,51.0,121.0,4.0,,2.0,,44.0,64.0,9.0,3.0,3.0,10.0,17.0,30.0,131.0,30.0,139.0,45.0,140.0,142.0,271.0,281.0,145.0,151.0,2.0,88.0,4.0,4.0,46.0,120.0,514.0,5.0,6.0,38.0,0.0,38.0,120.0,42.0,1.0,41.0,121.0,,,,,,
32,2.0,2.0,21.0,6.0,15.0,25.0,5.0,20.0,19.0,7.0,12.0,21.0,59.0,18.0,112.0,26.0,116.0,416.0,13.0,112.0,446.0,8.0,126.0,468.0,10.0,101.0,468.0,0.0,110.0,2.0,35.0,35.0,18.0,17.0,93.0,26.0,7.0,19.0,95.0,12.0,4.0,8.0,97.0,12.0,3.0,9.0,99.0,2.0,2.0,25.0,56.0,2.0,6.0,4.0,4.0,2.0,8.0,114.0,8.0,112.0,19.0,127.0,118.0,241.0,230.0,124.0,118.0,15.0,115.0,459.0,1.0,0.0,9.0,1.0,8.0,100.0,13.0,1.0,12.0,105.0,,,,,,2.0,2.0,123.0,30.0,93.0,83.0,6.0,77.0,88.0,7.0,81.0,21.0,54.0,19.0,98.0,41.0,116.0,470.0,23.0,111.0,480.0,13.0,111.0,482.0,20.0,125.0,502.0,110.0,3.0,79.0,3.0,56.0,3.0,53.0,113.0,56.0,5.0,51.0,111.0,33.0,16.0,17.0,100.0,34.0,19.0,15.0,97.0,1.0,3.0,26.0,52.0,6.0,2.0,1.0,1.0,1.0,8.0,103.0,8.0,103.0,17.0,104.0,91.0,207.0,194.0,103.0,96.0,32.0,119.0,488.0,2.0,4.0,23.0,1.0,22.0,103.0,28.0,3.0,25.0,107.0,,,,,,92.0,5.0,87.0,86.0,3.0,83.0,110.0,8.0,102.0,23.0,55.0,27.0,107.0,46.0,107.0,486.0,27.0,105.0,491.0,20.0,108.0,498.0,15.0,100.0,485.0,121.0,1.0,,124.0,1.0,,57.0,1.0,56.0,100.0,63.0,0.0,63.0,109.0,35.0,10.0,25.0,97.0,32.0,8.0,24.0,96.0,2.0,,3.0,,28.0,50.0,5.0,1.0,1.0,3.0,13.0,17.0,106.0,17.0,102.0,20.0,96.0,86.0,202.0,188.0,100.0,93.0,2.0,8.0,1.0,1.0,31.0,104.0,486.0,5.0,2.0,26.0,4.0,22.0,100.0,27.0,3.0,24.0,104.0,,,,,,87.0,2.0,85.0,107.0,15.0,92.0,147.0,3.0,144.0,24.0,53.0,26.0,99.0,50.0,103.0,497.0,30.0,104.0,500.0,21.0,103.0,500.0,17.0,100.0,492.0,83.0,1.0,,106.0,1.0,,73.0,3.0,70.0,102.0,67.0,3.0,64.0,95.0,46.0,15.0,31.0,96.0,45.0,10.0,35.0,101.0,2.0,,1.0,,33.0,51.0,4.0,1.0,1.0,4.0,15.0,20.0,110.0,20.0,105.0,26.0,99.0,94.0,209.0,199.0,104.0,99.0,2.0,45.0,3.0,3.0,36.0,106.0,496.0,4.0,4.0,25.0,1.0,24.0,97.0,19.0,5.0,14.0,79.0,,,,,,
33,1.0,1.0,81.0,14.0,67.0,72.0,32.0,40.0,128.0,65.0,63.0,17.0,46.0,16.0,95.0,33.0,115.0,442.0,17.0,108.0,462.0,4.0,100.0,443.0,14.0,109.0,482.0,0.0,32.0,3.0,24.0,48.0,11.0,37.0,111.0,53.0,27.0,26.0,99.0,32.0,21.0,11.0,99.0,32.0,23.0,9.0,95.0,0.0,2.0,24.0,50.0,4.0,5.0,3.0,3.0,1.0,8.0,108.0,8.0,112.0,13.0,98.0,102.0,206.0,214.0,102.0,107.0,17.0,109.0,462.0,3.0,0.0,18.0,1.0,17.0,115.0,17.0,2.0,15.0,109.0,,,,,,1.0,1.0,158.0,0.0,158.0,117.0,2.0,115.0,130.0,0.0,130.0,22.0,54.0,22.0,97.0,43.0,110.0,477.0,26.0,109.0,488.0,11.0,101.0,477.0,20.0,120.0,502.0,103.0,2.0,58.0,2.0,72.0,4.0,68.0,118.0,77.0,7.0,70.0,120.0,36.0,15.0,21.0,97.0,50.0,30.0,20.0,95.0,2.0,2.0,29.0,53.0,3.0,7.0,4.0,4.0,1.0,8.0,101.0,8.0,103.0,20.0,101.0,100.0,202.0,203.0,100.0,101.0,31.0,111.0,486.0,4.0,3.0,25.0,1.0,24.0,106.0,17.0,1.0,16.0,95.0,,,,,,122.0,1.0,121.0,106.0,7.0,99.0,133.0,15.0,118.0,19.0,43.0,28.0,106.0,53.0,111.0,506.0,25.0,96.0,486.0,17.0,100.0,491.0,21.0,116.0,506.0,102.0,1.0,,107.0,3.0,,68.0,2.0,66.0,105.0,75.0,1.0,74.0,115.0,43.0,9.0,34.0,104.0,44.0,10.0,34.0,104.0,1.0,,2.0,,33.0,54.0,5.0,1.0,1.0,2.0,13.0,16.0,100.0,16.0,100.0,22.0,93.0,92.0,193.0,192.0,95.0,95.0,2.0,15.0,1.0,1.0,33.0,104.0,490.0,4.0,6.0,31.0,1.0,30.0,113.0,20.0,2.0,18.0,96.0,,,,,,127.0,3.0,124.0,120.0,1.0,119.0,174.0,6.0,168.0,25.0,53.0,27.0,99.0,60.0,117.0,525.0,29.0,99.0,497.0,13.0,92.0,482.0,23.0,116.0,513.0,32.0,1.0,,30.0,1.0,,83.0,2.0,81.0,119.0,87.0,9.0,78.0,115.0,51.0,22.0,29.0,94.0,53.0,30.0,23.0,86.0,2.0,,1.0,,36.0,51.0,2.0,1.0,1.0,2.0,9.0,12.0,84.0,12.0,85.0,29.0,101.0,102.0,185.0,187.0,91.0,92.0,2.0,36.0,2.0,2.0,38.0,105.0,500.0,5.0,10.0,34.0,2.0,32.0,111.0,38.0,2.0,36.0,113.0,,,,,,1.0
34,2.0,1.0,7.0,2.0,5.0,7.0,3.0,4.0,16.0,8.0,8.0,19.0,54.0,19.0,116.0,24.0,113.0,408.0,12.0,109.0,442.0,7.0,124.0,464.0,19.0,132.0,499.0,0.0,140.0,2.0,96.0,14.0,5.0,9.0,84.0,15.0,6.0,9.0,84.0,11.0,3.0,8.0,97.0,8.0,2.0,6.0,92.0,0.0,2.0,29.0,63.0,2.0,3.0,2.0,2.0,0.0,4.0,96.0,4.0,92.0,11.0,104.0,96.0,200.0,188.0,99.0,93.0,7.0,107.0,444.0,0.0,1.0,6.0,0.0,6.0,96.0,5.0,6.0,0.0,80.0,,,,,,2.0,1.0,47.0,2.0,45.0,28.0,4.0,24.0,43.0,1.0,42.0,22.0,57.0,21.0,106.0,35.0,109.0,449.0,19.0,103.0,469.0,15.0,115.0,487.0,20.0,126.0,502.0,277.0,3.0,215.0,3.0,37.0,6.0,31.0,94.0,33.0,0.0,33.0,96.0,15.0,4.0,11.0,91.0,16.0,7.0,9.0,88.0,0.0,2.0,26.0,52.0,3.0,4.0,2.0,2.0,2.0,7.0,100.0,7.0,99.0,16.0,101.0,88.0,201.0,187.0,99.0,92.0,22.0,108.0,471.0,3.0,3.0,15.0,0.0,15.0,92.0,14.0,0.0,14.0,92.0,,,,,,63.0,5.0,58.0,57.0,11.0,46.0,81.0,3.0,78.0,27.0,65.0,21.0,87.0,42.0,102.0,473.0,23.0,97.0,480.0,12.0,98.0,480.0,23.0,127.0,513.0,140.0,2.0,,163.0,2.0,,56.0,0.0,56.0,100.0,61.0,3.0,58.0,102.0,30.0,11.0,19.0,89.0,22.0,8.0,14.0,82.0,3.0,,4.0,,31.0,55.0,3.0,1.0,1.0,4.0,,,,,,19.0,93.0,84.0,,,,,,,,,33.0,108.0,490.0,4.0,5.0,21.0,2.0,19.0,95.0,23.0,2.0,21.0,100.0,,,,,,93.0,6.0,87.0,91.0,13.0,78.0,112.0,5.0,107.0,25.0,55.0,21.0,84.0,52.0,107.0,503.0,30.0,105.0,500.0,18.0,99.0,493.0,25.0,126.0,520.0,111.0,3.0,,112.0,0.0,,54.0,0.0,54.0,82.0,51.0,2.0,49.0,77.0,28.0,7.0,21.0,84.0,36.0,13.0,23.0,86.0,2.0,,2.0,,43.0,66.0,9.0,3.0,3.0,5.0,11.0,19.0,108.0,19.0,102.0,19.0,83.0,78.0,191.0,180.0,94.0,89.0,2.0,29.0,2.0,2.0,33.0,100.0,490.0,6.0,2.0,25.0,3.0,22.0,93.0,27.0,2.0,25.0,96.0,,,,,,
35,2.0,2.0,38.0,4.0,34.0,30.0,5.0,25.0,20.0,6.0,14.0,19.0,51.0,20.0,110.0,32.0,115.0,438.0,15.0,105.0,454.0,8.0,115.0,468.0,14.0,110.0,482.0,1.0,170.0,1.0,118.0,28.0,9.0,19.0,92.0,48.0,22.0,26.0,99.0,27.0,18.0,9.0,95.0,20.0,8.0,12.0,101.0,1.0,3.0,28.0,58.0,3.0,2.0,2.0,2.0,0.0,5.0,96.0,5.0,98.0,16.0,107.0,110.0,203.0,208.0,100.0,104.0,20.0,112.0,467.0,3.0,4.0,14.0,6.0,8.0,100.0,16.0,5.0,11.0,103.0,,,,,,2.0,2.0,138.0,2.0,136.0,138.0,1.0,137.0,119.0,0.0,119.0,21.0,52.0,29.0,125.0,48.0,117.0,491.0,27.0,111.0,491.0,23.0,117.0,505.0,22.0,127.0,509.0,62.0,3.0,35.0,3.0,69.0,2.0,67.0,124.0,67.0,4.0,63.0,120.0,38.0,4.0,34.0,115.0,43.0,6.0,37.0,119.0,0.0,3.0,32.0,58.0,7.0,3.0,1.0,1.0,1.0,9.0,104.0,9.0,106.0,21.0,102.0,103.0,206.0,209.0,102.0,104.0,29.0,108.0,483.0,2.0,3.0,24.0,3.0,21.0,102.0,34.0,0.0,34.0,120.0,,,,,,159.0,10.0,149.0,155.0,8.0,147.0,171.0,5.0,166.0,23.0,53.0,30.0,112.0,57.0,118.0,516.0,33.0,117.0,509.0,24.0,111.0,508.0,20.0,113.0,502.0,53.0,2.0,,68.0,3.0,,81.0,2.0,79.0,121.0,77.0,4.0,73.0,114.0,49.0,5.0,44.0,116.0,51.0,6.0,45.0,117.0,2.0,,3.0,,36.0,58.0,15.0,4.0,4.0,1.0,14.0,19.0,108.0,19.0,107.0,30.0,113.0,112.0,221.0,219.0,111.0,110.0,3.0,43.0,4.0,3.0,36.0,110.0,496.0,0.0,5.0,41.0,0.0,41.0,130.0,35.0,3.0,32.0,112.0,,,,,,149.0,2.0,147.0,154.0,4.0,150.0,189.0,3.0,186.0,24.0,51.0,34.0,119.0,63.0,123.0,533.0,32.0,108.0,506.0,24.0,106.0,508.0,25.0,122.0,520.0,51.0,3.0,,60.0,1.0,,80.0,1.0,79.0,116.0,83.0,1.0,82.0,133.0,53.0,3.0,50.0,120.0,51.0,5.0,46.0,115.0,3.0,,3.0,,38.0,56.0,16.0,4.0,4.0,6.0,12.0,22.0,111.0,22.0,111.0,34.0,115.0,114.0,226.0,225.0,115.0,114.0,2.0,109.0,4.0,4.0,40.0,109.0,503.0,5.0,7.0,47.0,3.0,44.0,128.0,42.0,5.0,37.0,115.0,,,,,,
36,2.0,1.0,18.0,9.0,9.0,29.0,17.0,12.0,15.0,8.0,7.0,16.0,44.0,15.0,93.0,23.0,100.0,404.0,10.0,91.0,434.0,5.0,105.0,452.0,14.0,109.0,482.0,1.0,71.0,2.0,34.0,18.0,11.0,7.0,79.0,15.0,5.0,10.0,82.0,12.0,4.0,8.0,94.0,9.0,6.0,3.0,83.0,0.0,2.0,16.0,37.0,2.0,4.0,3.0,3.0,3.0,8.0,108.0,8.0,112.0,10.0,90.0,93.0,198.0,205.0,98.0,102.0,11.0,103.0,452.0,0.0,1.0,11.0,9.0,2.0,85.0,24.0,24.0,0.0,80.0,,,,,,2.0,1.0,68.0,12.0,56.0,62.0,7.0,55.0,53.0,9.0,44.0,21.0,52.0,20.0,90.0,34.0,95.0,446.0,18.0,92.0,465.0,16.0,107.0,489.0,17.0,110.0,492.0,121.0,0.0,66.0,1.0,49.0,16.0,33.0,81.0,42.0,15.0,27.0,76.0,28.0,17.0,11.0,82.0,24.0,14.0,10.0,81.0,1.0,3.0,30.0,55.0,2.0,6.0,3.0,3.0,2.0,7.0,97.0,7.0,99.0,13.0,84.0,80.0,181.0,179.0,89.0,88.0,20.0,97.0,467.0,1.0,3.0,17.0,3.0,14.0,91.0,20.0,0.0,20.0,101.0,,,,,,57.0,5.0,52.0,49.0,21.0,28.0,71.0,5.0,66.0,27.0,62.0,25.0,96.0,39.0,91.0,464.0,23.0,93.0,480.0,15.0,98.0,487.0,21.0,116.0,506.0,125.0,1.0,,167.0,2.0,,61.0,11.0,50.0,85.0,65.0,8.0,57.0,95.0,41.0,29.0,21.0,88.0,51.0,37.0,14.0,78.0,3.0,,4.0,,36.0,58.0,5.0,1.0,1.0,2.0,12.0,15.0,97.0,15.0,97.0,21.0,91.0,89.0,188.0,186.0,92.0,92.0,2.0,29.0,2.0,2.0,26.0,95.0,477.0,6.0,5.0,18.0,4.0,14.0,86.0,18.0,4.0,14.0,90.0,,,,,,76.0,13.0,63.0,72.0,7.0,65.0,93.0,9.0,84.0,25.0,53.0,27.0,99.0,48.0,97.0,491.0,28.0,97.0,494.0,15.0,94.0,487.0,20.0,106.0,502.0,72.0,2.0,,70.0,1.0,,63.0,1.0,62.0,92.0,65.0,5.0,60.0,90.0,48.0,27.0,21.0,84.0,46.0,31.0,15.0,76.0,2.0,,3.0,,36.0,51.0,9.0,3.0,3.0,1.0,9.0,13.0,86.0,13.0,88.0,21.0,83.0,82.0,169.0,170.0,83.0,83.0,2.0,36.0,2.0,2.0,30.0,93.0,485.0,3.0,1.0,21.0,4.0,17.0,83.0,21.0,3.0,18.0,85.0,,,,,,0.0
37,4.0,2.0,38.0,19.0,19.0,40.0,22.0,18.0,45.0,15.0,30.0,16.0,47.0,18.0,112.0,24.0,113.0,408.0,8.0,98.0,425.0,5.0,118.0,452.0,10.0,101.0,468.0,0.0,253.0,1.0,182.0,37.0,18.0,19.0,95.0,36.0,21.0,15.0,91.0,32.0,31.0,1.0,77.0,28.0,28.0,0.0,74.0,0.0,0.0,5.0,23.0,5.0,3.0,2.0,2.0,0.0,7.0,110.0,7.0,108.0,11.0,104.0,96.0,214.0,204.0,107.0,101.0,4.0,102.0,435.0,0.0,0.0,12.0,8.0,4.0,90.0,22.0,28.0,0.0,80.0,,,,,,4.0,2.0,154.0,9.0,145.0,172.0,3.0,169.0,133.0,5.0,128.0,17.0,44.0,22.0,109.0,43.0,120.0,477.0,21.0,108.0,475.0,16.0,116.0,489.0,12.0,99.0,475.0,60.0,2.0,36.0,3.0,73.0,9.0,64.0,122.0,72.0,11.0,61.0,120.0,41.0,15.0,26.0,111.0,45.0,16.0,29.0,114.0,2.0,2.0,19.0,41.0,8.0,6.0,3.0,3.0,0.0,11.0,113.0,11.0,116.0,20.0,111.0,100.0,224.0,216.0,113.0,108.0,25.0,111.0,476.0,0.0,3.0,27.0,11.0,16.0,94.0,33.0,7.0,26.0,109.0,,,,,,175.0,6.0,169.0,161.0,14.0,147.0,161.0,5.0,156.0,15.0,37.0,26.0,103.0,51.0,115.0,500.0,24.0,99.0,483.0,20.0,108.0,498.0,11.0,89.0,471.0,49.0,1.0,,69.0,1.0,,81.0,7.0,74.0,122.0,80.0,4.0,76.0,124.0,50.0,14.0,36.0,110.0,56.0,17.0,39.0,114.0,2.0,,4.0,,24.0,44.0,11.0,4.0,4.0,4.0,14.0,22.0,121.0,22.0,118.0,32.0,125.0,117.0,246.0,235.0,128.0,120.0,2.0,54.0,4.0,4.0,34.0,111.0,492.0,1.0,3.0,35.0,4.0,31.0,114.0,33.0,5.0,28.0,108.0,,,,,,166.0,5.0,161.0,152.0,7.0,145.0,190.0,8.0,182.0,23.0,51.0,31.0,114.0,50.0,104.0,497.0,29.0,102.0,497.0,23.0,107.0,505.0,17.0,100.0,492.0,56.0,1.0,,43.0,0.0,,79.0,0.0,79.0,116.0,83.0,1.0,82.0,121.0,56.0,17.0,39.0,106.0,62.0,21.0,41.0,108.0,4.0,,3.0,,28.0,44.0,3.0,1.0,1.0,4.0,14.0,19.0,108.0,19.0,102.0,33.0,117.0,112.0,225.0,214.0,114.0,107.0,2.0,63.0,4.0,4.0,36.0,106.0,496.0,4.0,4.0,37.0,7.0,30.0,108.0,44.0,3.0,41.0,121.0,,,,,,
38,2.0,1.0,5.0,5.0,0.0,9.0,6.0,3.0,8.0,5.0,3.0,16.0,42.0,11.0,75.0,17.0,84.0,379.0,6.0,75.0,413.0,3.0,83.0,423.0,10.0,94.0,468.0,0.0,119.0,2.0,62.0,19.0,16.0,3.0,72.0,11.0,7.0,4.0,74.0,3.0,0.0,3.0,80.0,7.0,4.0,3.0,80.0,0.0,0.0,18.0,41.0,1.0,0.0,0.0,0.0,0.0,1.0,77.0,1.0,75.0,5.0,78.0,77.0,155.0,152.0,76.0,74.0,1.0,78.0,419.0,0.0,0.0,10.0,10.0,0.0,80.0,16.0,18.0,0.0,80.0,,,,,,2.0,1.0,16.0,5.0,11.0,15.0,5.0,10.0,15.0,4.0,11.0,17.0,41.0,17.0,76.0,26.0,80.0,416.0,13.0,80.0,446.0,9.0,95.0,471.0,12.0,93.0,475.0,122.0,0.0,67.0,3.0,23.0,2.0,21.0,67.0,23.0,7.0,16.0,60.0,7.0,1.0,6.0,70.0,10.0,6.0,4.0,66.0,2.0,3.0,21.0,39.0,0.0,3.0,1.0,1.0,1.0,2.0,76.0,2.0,77.0,14.0,81.0,82.0,157.0,159.0,77.0,78.0,10.0,86.0,450.0,0.0,2.0,10.0,4.0,6.0,77.0,8.0,9.0,0.0,71.0,,,,,,35.0,4.0,31.0,16.0,6.0,10.0,32.0,5.0,27.0,21.0,46.0,21.0,83.0,37.0,86.0,457.0,17.0,81.0,462.0,11.0,92.0,477.0,12.0,87.0,475.0,193.0,1.0,,217.0,0.0,,35.0,2.0,33.0,70.0,36.0,3.0,33.0,70.0,15.0,3.0,12.0,75.0,12.0,1.0,11.0,74.0,0.0,,4.0,,29.0,48.0,2.0,1.0,1.0,0.0,9.0,10.0,84.0,10.0,84.0,17.0,81.0,80.0,165.0,164.0,81.0,80.0,2.0,21.0,2.0,2.0,21.0,88.0,469.0,3.0,2.0,12.0,3.0,9.0,77.0,12.0,0.0,12.0,85.0,,,,,,57.0,10.0,47.0,82.0,18.0,64.0,95.0,5.0,90.0,20.0,42.0,23.0,87.0,41.0,87.0,470.0,24.0,89.0,483.0,14.0,92.0,484.0,17.0,96.0,492.0,121.0,1.0,,146.0,0.0,,53.0,3.0,50.0,78.0,59.0,5.0,54.0,82.0,28.0,13.0,15.0,76.0,41.0,29.0,12.0,72.0,0.0,,2.0,,28.0,40.0,4.0,1.0,1.0,3.0,10.0,14.0,89.0,14.0,90.0,23.0,87.0,87.0,176.0,177.0,86.0,87.0,2.0,40.0,2.0,2.0,23.0,83.0,472.0,4.0,3.0,16.0,6.0,10.0,66.0,18.0,3.0,15.0,80.0,,,,,,0.0
39,2.0,2.0,36.0,4.0,32.0,27.0,4.0,23.0,26.0,5.0,21.0,21.0,57.0,22.0,118.0,29.0,111.0,427.0,17.0,110.0,462.0,13.0,122.0,482.0,20.0,131.0,502.0,1.0,207.0,2.0,92.0,29.0,4.0,25.0,98.0,31.0,6.0,25.0,98.0,14.0,3.0,11.0,99.0,11.0,5.0,6.0,89.0,3.0,3.0,36.0,72.0,6.0,3.0,2.0,2.0,5.0,13.0,128.0,13.0,133.0,17.0,115.0,113.0,243.0,246.0,126.0,127.0,17.0,109.0,462.0,3.0,3.0,8.0,1.0,7.0,98.0,14.0,3.0,11.0,103.0,,,,,,2.0,2.0,68.0,5.0,63.0,70.0,4.0,66.0,77.0,3.0,74.0,21.0,52.0,23.0,104.0,38.0,103.0,460.0,23.0,102.0,480.0,12.0,102.0,480.0,21.0,124.0,506.0,138.0,3.0,80.0,3.0,57.0,2.0,55.0,110.0,46.0,3.0,43.0,99.0,20.0,12.0,8.0,82.0,24.0,11.0,13.0,90.0,2.0,2.0,31.0,56.0,8.0,6.0,3.0,3.0,1.0,12.0,114.0,12.0,120.0,24.0,110.0,113.0,224.0,233.0,113.0,119.0,31.0,111.0,486.0,3.0,4.0,19.0,3.0,16.0,94.0,22.0,0.0,22.0,103.0,,,,,,,,,,,,,,,,,,,,,,,,,,,,,,,,,,,,,,,,,,,,,,,,,,,,,,,,,,,,,,,,,,,,,,,,,,,,,,,,,,,,,,,,,,,,,,,,,,,,,,,,,,,,,,,,,,,,,,,,,,,,,,,,,,,,,,,,,,,,,,,,,,,,,,,,,,,,,,,,,,,,,,,,,,,,,,,,,,,,,,,,,,,,
40,2.0,2.0,99.0,1.0,98.0,95.0,1.0,94.0,92.0,0.0,92.0,17.0,44.0,23.0,110.0,44.0,123.0,480.0,25.0,118.0,486.0,20.0,123.0,498.0,15.0,109.0,485.0,3.0,95.0,1.0,66.0,52.0,1.0,51.0,111.0,43.0,0.0,43.0,104.0,22.0,1.0,21.0,105.0,23.0,5.0,18.0,101.0,1.0,0.0,24.0,49.0,2.0,1.0,1.0,1.0,4.0,7.0,103.0,7.0,108.0,20.0,111.0,120.0,214.0,228.0,107.0,117.0,29.0,117.0,483.0,3.0,3.0,25.0,0.0,25.0,127.0,17.0,0.0,17.0,113.0,,,,,,,,,,,,,,,,,,,,,,,,,,,,,,,,,,,,,,,,,,,,,,,,,,,,,,,,,,,,,,,,,,,,,,,,,,,,,,,,,,,,,,,,,,,172.0,0.0,172.0,165.0,3.0,162.0,176.0,13.0,163.0,24.0,51.0,33.0,114.0,59.0,115.0,522.0,31.0,104.0,503.0,27.0,113.0,517.0,18.0,100.0,496.0,51.0,1.0,,64.0,3.0,,76.0,2.0,74.0,107.0,72.0,0.0,72.0,105.0,49.0,5.0,44.0,112.0,44.0,6.0,38.0,105.0,3.0,,3.0,,47.0,68.0,8.0,2.0,3.0,6.0,19.0,27.0,124.0,28.0,137.0,35.0,117.0,121.0,241.0,258.0,124.0,135.0,3.0,42.0,3.0,3.0,47.0,122.0,516.0,5.0,8.0,36.0,4.0,32.0,116.0,40.0,2.0,38.0,114.0,,,,,,138.0,5.0,133.0,140.0,5.0,135.0,202.0,5.0,197.0,26.0,53.0,34.0,115.0,60.0,115.0,525.0,34.0,112.0,512.0,27.0,111.0,517.0,21.0,107.0,506.0,43.0,3.0,,49.0,1.0,,72.0,0.0,72.0,102.0,67.0,0.0,67.0,95.0,47.0,10.0,37.0,99.0,50.0,8.0,42.0,106.0,2.0,,4.0,,42.0,56.0,10.0,3.0,3.0,6.0,18.0,27.0,121.0,27.0,129.0,37.0,116.0,122.0,237.0,251.0,122.0,131.0,3.0,96.0,4.0,4.0,40.0,106.0,503.0,9.0,9.0,32.0,5.0,27.0,102.0,40.0,2.0,38.0,117.0,,,,,,
41,3.0,2.0,79.0,6.0,73.0,68.0,7.0,61.0,69.0,9.0,60.0,17.0,46.0,22.0,112.0,37.0,117.0,457.0,18.0,106.0,465.0,10.0,113.0,474.0,14.0,108.0,482.0,1.0,171.0,4.0,90.0,54.0,9.0,45.0,111.0,53.0,10.0,43.0,109.0,31.0,18.0,13.0,98.0,23.0,11.0,12.0,97.0,0.0,1.0,27.0,56.0,5.0,3.0,2.0,2.0,0.0,7.0,104.0,7.0,108.0,15.0,104.0,108.0,208.0,216.0,104.0,108.0,21.0,110.0,469.0,3.0,1.0,24.0,2.0,22.0,122.0,21.0,4.0,17.0,113.0,,,,,,3.0,2.0,112.0,2.0,110.0,90.0,2.0,88.0,79.0,3.0,76.0,22.0,52.0,22.0,97.0,41.0,103.0,470.0,20.0,94.0,472.0,18.0,107.0,493.0,17.0,108.0,492.0,98.0,2.0,67.0,4.0,61.0,0.0,61.0,111.0,58.0,4.0,54.0,104.0,28.0,7.0,21.0,97.0,35.0,8.0,27.0,104.0,0.0,2.0,23.0,44.0,5.0,3.0,1.0,1.0,1.0,7.0,97.0,7.0,99.0,20.0,101.0,100.0,198.0,199.0,98.0,99.0,32.0,110.0,488.0,3.0,3.0,23.0,4.0,19.0,99.0,20.0,3.0,17.0,97.0,,,,,,78.0,7.0,71.0,92.0,6.0,86.0,98.0,2.0,96.0,22.0,50.0,27.0,103.0,45.0,98.0,483.0,24.0,94.0,483.0,19.0,101.0,495.0,16.0,99.0,489.0,99.0,3.0,,127.0,3.0,,53.0,0.0,53.0,91.0,52.0,1.0,51.0,89.0,32.0,4.0,28.0,97.0,29.0,7.0,22.0,89.0,3.0,,3.0,,32.0,52.0,4.0,1.0,1.0,2.0,14.0,17.0,102.0,17.0,102.0,22.0,93.0,92.0,195.0,194.0,96.0,96.0,3.0,40.0,3.0,3.0,32.0,100.0,488.0,7.0,5.0,24.0,0.0,24.0,103.0,23.0,1.0,22.0,101.0,,,,,,89.0,3.0,86.0,96.0,10.0,86.0,133.0,7.0,126.0,23.0,49.0,25.0,93.0,54.0,105.0,508.0,31.0,103.0,503.0,19.0,98.0,495.0,23.0,115.0,513.0,89.0,0.0,,78.0,0.0,,67.0,1.0,66.0,97.0,68.0,4.0,64.0,95.0,34.0,7.0,27.0,91.0,32.0,6.0,26.0,90.0,2.0,,4.0,,39.0,55.0,5.0,1.0,1.0,4.0,11.0,16.0,95.0,16.0,95.0,27.0,96.0,97.0,191.0,192.0,94.0,95.0,3.0,82.0,4.0,4.0,37.0,102.0,498.0,6.0,1.0,28.0,0.0,28.0,104.0,29.0,0.0,29.0,102.0,,,,,,
42,5.0,2.0,69.0,13.0,56.0,57.0,9.0,48.0,70.0,7.0,63.0,14.0,40.0,21.0,108.0,34.0,116.0,446.0,16.0,105.0,458.0,11.0,118.0,477.0,17.0,119.0,492.0,1.0,47.0,1.0,42.0,50.0,6.0,44.0,110.0,55.0,11.0,44.0,110.0,13.0,4.0,9.0,92.0,36.0,28.0,8.0,90.0,1.0,1.0,20.0,44.0,5.0,5.0,3.0,3.0,1.0,9.0,112.0,9.0,117.0,15.0,104.0,108.0,216.0,225.0,108.0,114.0,17.0,109.0,462.0,0.0,1.0,22.0,3.0,19.0,118.0,31.0,14.0,17.0,113.0,,,,,,5.0,2.0,127.0,8.0,119.0,94.0,4.0,90.0,117.0,5.0,112.0,20.0,49.0,20.0,90.0,48.0,115.0,491.0,24.0,103.0,483.0,19.0,110.0,495.0,21.0,123.0,506.0,37.0,1.0,50.0,1.0,70.0,3.0,67.0,117.0,70.0,5.0,65.0,115.0,42.0,12.0,30.0,107.0,28.0,6.0,22.0,98.0,1.0,3.0,27.0,50.0,6.0,9.0,4.0,4.0,3.0,13.0,117.0,13.0,123.0,23.0,107.0,109.0,224.0,232.0,113.0,118.0,29.0,108.0,483.0,3.0,5.0,39.0,2.0,37.0,127.0,32.0,2.0,30.0,114.0,,,,,,164.0,14.0,150.0,127.0,6.0,121.0,160.0,9.0,151.0,24.0,53.0,29.0,105.0,54.0,110.0,508.0,26.0,96.0,488.0,23.0,107.0,505.0,19.0,107.0,499.0,36.0,3.0,,32.0,3.0,,73.0,1.0,72.0,105.0,81.0,1.0,80.0,117.0,39.0,7.0,32.0,97.0,51.0,12.0,39.0,106.0,3.0,,4.0,,26.0,41.0,6.0,1.0,1.0,2.0,14.0,17.0,102.0,17.0,102.0,28.0,104.0,105.0,206.0,207.0,102.0,103.0,3.0,85.0,4.0,4.0,38.0,110.0,500.0,2.0,5.0,45.0,5.0,40.0,129.0,42.0,3.0,39.0,116.0,3.5,5.0,4.0,4.0,,,,,,,,,,,,,,,,,,,,,,,,,,,,,,,,,,,,,,,,,,,,,,,,,,,,,,,,,,,,,,,,,,,,,,,,,,,,,,,,,,,,,,,,,,,,,
43,2.0,1.0,31.0,11.0,20.0,23.0,7.0,16.0,28.0,8.0,20.0,16.0,44.0,20.0,110.0,31.0,112.0,434.0,10.0,91.0,434.0,8.0,113.0,468.0,17.0,119.0,492.0,0.0,188.0,2.0,90.0,25.0,5.0,20.0,93.0,24.0,7.0,17.0,89.0,17.0,4.0,13.0,102.0,13.0,2.0,11.0,99.0,0.0,2.0,22.0,48.0,0.0,3.0,2.0,2.0,2.0,4.0,92.0,4.0,92.0,16.0,107.0,110.0,199.0,202.0,98.0,100.0,13.0,105.0,456.0,2.0,3.0,10.0,6.0,4.0,90.0,10.0,6.0,4.0,89.0,,,,,,2.0,1.0,102.0,2.0,100.0,83.0,3.0,80.0,90.0,0.0,90.0,20.0,49.0,21.0,94.0,46.0,113.0,486.0,24.0,103.0,483.0,24.0,118.0,508.0,20.0,120.0,502.0,87.0,3.0,43.0,2.0,63.0,3.0,60.0,110.0,67.0,4.0,63.0,113.0,31.0,5.0,26.0,103.0,32.0,6.0,26.0,103.0,2.0,2.0,29.0,53.0,4.0,4.0,2.0,2.0,1.0,7.0,97.0,7.0,99.0,20.0,101.0,100.0,198.0,199.0,98.0,99.0,27.0,105.0,479.0,3.0,1.0,30.0,2.0,28.0,112.0,30.0,0.0,30.0,114.0,,,,,,88.0,0.0,88.0,81.0,3.0,78.0,106.0,2.0,104.0,24.0,55.0,26.0,99.0,50.0,108.0,497.0,26.0,98.0,488.0,25.0,113.0,510.0,19.0,110.0,499.0,55.0,1.0,,62.0,2.0,,64.0,1.0,63.0,102.0,74.0,2.0,72.0,112.0,39.0,3.0,36.0,106.0,30.0,5.0,25.0,93.0,1.0,,4.0,,28.0,47.0,5.0,1.0,1.0,2.0,10.0,13.0,92.0,13.0,92.0,24.0,98.0,97.0,190.0,189.0,94.0,93.0,3.0,62.0,4.0,4.0,34.0,106.0,492.0,3.0,0.0,31.0,4.0,27.0,108.0,41.0,1.0,40.0,125.0,,,,,,113.0,0.0,113.0,117.0,2.0,115.0,131.0,4.0,127.0,25.0,53.0,32.0,113.0,58.0,113.0,519.0,29.0,99.0,497.0,27.0,112.0,517.0,21.0,109.0,506.0,84.0,2.0,,100.0,0.0,,78.0,0.0,78.0,115.0,77.0,2.0,75.0,109.0,49.0,5.0,44.0,112.0,52.0,5.0,47.0,116.0,2.0,,1.0,,30.0,44.0,6.0,1.0,1.0,4.0,12.0,17.0,98.0,17.0,98.0,30.0,106.0,105.0,204.0,203.0,101.0,101.0,3.0,60.0,4.0,4.0,39.0,107.0,502.0,3.0,4.0,36.0,2.0,34.0,114.0,27.0,3.0,24.0,94.0,,,,,,
44,1.0,2.0,37.0,6.0,31.0,29.0,10.0,19.0,27.0,10.0,17.0,18.0,51.0,19.0,111.0,28.0,114.0,423.0,15.0,111.0,454.0,8.0,120.0,468.0,9.0,96.0,464.0,2.0,163.0,2.0,92.0,34.0,13.0,21.0,94.0,27.0,10.0,17.0,89.0,22.0,10.0,12.0,101.0,24.0,17.0,7.0,92.0,1.0,2.0,17.0,41.0,0.0,2.0,2.0,2.0,0.0,2.0,84.0,2.0,81.0,11.0,98.0,96.0,182.0,177.0,89.0,87.0,16.0,113.0,461.0,3.0,2.0,6.0,0.0,6.0,96.0,9.0,2.0,7.0,95.0,,,,,,1.0,2.0,85.0,1.0,84.0,76.0,1.0,75.0,76.0,1.0,75.0,21.0,54.0,21.0,101.0,39.0,110.0,464.0,20.0,101.0,472.0,14.0,110.0,484.0,16.0,110.0,489.0,178.0,2.0,108.0,2.0,50.0,0.0,50.0,105.0,50.0,0.0,50.0,105.0,19.0,8.0,11.0,87.0,20.0,9.0,11.0,87.0,2.0,1.0,30.0,56.0,4.0,5.0,2.0,2.0,0.0,6.0,95.0,6.0,96.0,17.0,98.0,91.0,193.0,187.0,95.0,92.0,30.0,114.0,485.0,3.0,2.0,21.0,5.0,16.0,94.0,24.0,0.0,24.0,106.0,,,,,,,,,,,,,,,,,,,,,,,,,,,,,,,,,,,,,,,,,,,,,,,,,,,,,,,,,,,,,,,,,,,,,,,,,,,,,,,,,,,,,,,,,,,,,,,,,,,,,,,,,,,,,,,,,,,,,,,,,,,,,,,,,,,,,,,,,,,,,,,,,,,,,,,,,,,,,,,,,,,,,,,,,,,,,,,,,,,,,,,,,,,,
45,2.0,2.0,83.0,14.0,69.0,89.0,15.0,74.0,87.0,14.0,73.0,20.0,56.0,22.0,122.0,38.0,132.0,460.0,19.0,124.0,469.0,18.0,138.0,493.0,18.0,128.0,496.0,2.0,214.0,3.0,111.0,46.0,1.0,45.0,124.0,46.0,1.0,45.0,124.0,24.0,4.0,20.0,118.0,24.0,6.0,18.0,116.0,0.0,2.0,21.0,50.0,5.0,5.0,3.0,3.0,4.0,12.0,127.0,12.0,129.0,19.0,127.0,118.0,254.0,247.0,134.0,128.0,24.0,122.0,474.0,2.0,5.0,28.0,1.0,27.0,129.0,28.0,2.0,26.0,126.0,,,,,,2.0,2.0,126.0,0.0,126.0,104.0,0.0,104.0,88.0,1.0,87.0,20.0,51.0,25.0,114.0,49.0,125.0,494.0,30.0,124.0,500.0,24.0,124.0,508.0,17.0,114.0,492.0,93.0,3.0,60.0,2.0,60.0,0.0,60.0,119.0,55.0,0.0,55.0,114.0,36.0,2.0,34.0,120.0,33.0,1.0,32.0,117.0,2.0,4.0,25.0,50.0,6.0,6.0,3.0,3.0,3.0,12.0,117.0,12.0,120.0,22.0,116.0,106.0,233.0,226.0,119.0,115.0,36.0,123.0,496.0,0.0,5.0,32.0,2.0,30.0,115.0,27.0,1.0,26.0,109.0,,,,,,117.0,2.0,115.0,111.0,1.0,110.0,137.0,0.0,137.0,19.0,45.0,31.0,120.0,56.0,120.0,514.0,30.0,112.0,500.0,27.0,119.0,517.0,17.0,106.0,492.0,82.0,1.0,,105.0,3.0,,68.0,1.0,67.0,113.0,67.0,1.0,66.0,112.0,37.0,4.0,33.0,107.0,44.0,2.0,42.0,117.0,3.0,,1.0,,29.0,51.0,8.0,3.0,3.0,6.0,15.0,24.0,127.0,24.0,125.0,31.0,123.0,115.0,250.0,240.0,131.0,123.0,2.0,76.0,4.0,4.0,39.0,117.0,502.0,2.0,6.0,35.0,2.0,33.0,117.0,38.0,1.0,37.0,120.0,,,,,,147.0,1.0,146.0,144.0,3.0,141.0,181.0,0.0,181.0,23.0,51.0,34.0,123.0,61.0,121.0,527.0,32.0,111.0,506.0,31.0,128.0,538.0,24.0,122.0,516.0,64.0,3.0,,72.0,3.0,,78.0,0.0,78.0,115.0,78.0,1.0,77.0,113.0,52.0,4.0,48.0,117.0,52.0,1.0,51.0,121.0,4.0,,4.0,,38.0,59.0,9.0,3.0,3.0,6.0,16.0,25.0,123.0,25.0,121.0,43.0,140.0,137.0,263.0,258.0,140.0,135.0,3.0,75.0,4.0,4.0,45.0,121.0,512.0,7.0,7.0,39.0,3.0,36.0,117.0,37.0,2.0,35.0,112.0,,,,,,
46,1.0,2.0,116.0,2.0,114.0,96.0,2.0,94.0,122.0,13.0,109.0,21.0,57.0,22.0,118.0,40.0,126.0,467.0,20.0,117.0,472.0,16.0,126.0,489.0,16.0,117.0,489.0,4.0,86.0,3.0,72.0,59.0,4.0,55.0,131.0,64.0,5.0,59.0,135.0,42.0,12.0,30.0,124.0,39.0,14.0,25.0,119.0,2.0,4.0,30.0,63.0,5.0,2.0,2.0,2.0,1.0,8.0,111.0,8.0,112.0,17.0,115.0,113.0,226.0,225.0,115.0,114.0,25.0,117.0,476.0,2.0,4.0,30.0,0.0,30.0,132.0,30.0,3.0,27.0,127.0,,,,,,1.0,2.0,156.0,3.0,153.0,123.0,4.0,119.0,131.0,5.0,126.0,21.0,52.0,24.0,107.0,48.0,118.0,491.0,27.0,112.0,491.0,23.0,118.0,505.0,22.0,128.0,509.0,45.0,3.0,35.0,3.0,63.0,1.0,62.0,119.0,66.0,5.0,61.0,118.0,32.0,4.0,28.0,109.0,35.0,4.0,31.0,112.0,1.0,3.0,28.0,53.0,7.0,9.0,4.0,4.0,2.0,13.0,119.0,13.0,123.0,19.0,102.0,97.0,221.0,220.0,111.0,111.0,33.0,115.0,490.0,5.0,4.0,38.0,0.0,38.0,128.0,32.0,2.0,30.0,114.0,,,,,,149.0,4.0,145.0,162.0,3.0,159.0,161.0,6.0,155.0,28.0,65.0,31.0,115.0,53.0,113.0,506.0,31.0,112.0,503.0,19.0,104.0,495.0,25.0,130.0,520.0,50.0,3.0,,67.0,3.0,,74.0,3.0,71.0,111.0,77.0,1.0,76.0,118.0,44.0,10.0,34.0,104.0,46.0,11.0,35.0,105.0,4.0,,4.0,,37.0,63.0,9.0,3.0,3.0,9.0,12.0,24.0,123.0,24.0,125.0,30.0,116.0,112.0,239.0,237.0,123.0,121.0,2.0,45.0,4.0,4.0,39.0,116.0,502.0,5.0,4.0,39.0,0.0,39.0,127.0,37.0,2.0,35.0,116.0,,,,,,,,,,,,,,,,,,,,,,,,,,,,,,,,,,,,,,,,,,,,,,,,,,,,,,,,,,,,,,,,,,,,,,,,,,,,,,,,,,,,,,,,,,,,,,,,,
47,2.0,1.0,40.0,21.0,19.0,21.0,7.0,14.0,20.0,3.0,17.0,21.0,57.0,20.0,110.0,31.0,115.0,434.0,15.0,107.0,454.0,16.0,128.0,489.0,13.0,107.0,478.0,0.0,116.0,2.0,56.0,36.0,7.0,29.0,102.0,36.0,13.0,23.0,96.0,23.0,9.0,14.0,104.0,21.0,10.0,11.0,99.0,0.0,1.0,24.0,52.0,3.0,1.0,1.0,1.0,2.0,6.0,103.0,6.0,103.0,13.0,103.0,102.0,206.0,205.0,102.0,102.0,18.0,112.0,464.0,0.0,3.0,16.0,5.0,11.0,107.0,19.0,5.0,14.0,108.0,,,,,,2.0,1.0,114.0,1.0,113.0,86.0,2.0,84.0,120.0,27.0,93.0,19.0,46.0,26.0,114.0,48.0,119.0,491.0,22.0,103.0,477.0,20.0,115.0,498.0,14.0,102.0,482.0,106.0,1.0,74.0,2.0,62.0,1.0,61.0,118.0,66.0,0.0,66.0,123.0,37.0,4.0,33.0,114.0,38.0,5.0,33.0,114.0,0.0,2.0,26.0,50.0,4.0,5.0,2.0,2.0,0.0,6.0,95.0,6.0,96.0,23.0,111.0,109.0,206.0,205.0,102.0,102.0,28.0,110.0,481.0,2.0,1.0,28.0,2.0,26.0,109.0,25.0,2.0,23.0,105.0,,,,,,127.0,0.0,127.0,122.0,0.0,122.0,126.0,0.0,126.0,23.0,53.0,29.0,109.0,51.0,111.0,500.0,28.0,105.0,494.0,25.0,114.0,510.0,18.0,108.0,496.0,130.0,1.0,,127.0,4.0,,72.0,1.0,71.0,119.0,66.0,0.0,66.0,112.0,46.0,7.0,39.0,114.0,44.0,7.0,37.0,111.0,1.0,,3.0,,28.0,49.0,6.0,2.0,1.0,3.0,14.0,19.0,108.0,18.0,104.0,23.0,99.0,94.0,207.0,198.0,103.0,98.0,2.0,32.0,3.0,3.0,36.0,112.0,496.0,2.0,5.0,29.0,1.0,28.0,110.0,32.0,3.0,29.0,109.0,,,,,,151.0,2.0,149.0,143.0,4.0,139.0,173.0,2.0,171.0,26.0,56.0,35.0,122.0,57.0,112.0,516.0,35.0,118.0,515.0,28.0,115.0,520.0,18.0,101.0,496.0,81.0,1.0,,100.0,0.0,,78.0,1.0,77.0,113.0,77.0,0.0,77.0,113.0,48.0,5.0,43.0,111.0,50.0,5.0,45.0,113.0,0.0,,1.0,,33.0,49.0,8.0,2.0,2.0,6.0,17.0,25.0,119.0,25.0,121.0,36.0,119.0,119.0,238.0,240.0,122.0,123.0,3.0,127.0,4.0,4.0,39.0,109.0,502.0,6.0,5.0,36.0,3.0,33.0,113.0,34.0,2.0,32.0,107.0,,,,,,
48,1.0,1.0,19.0,9.0,10.0,23.0,10.0,13.0,20.0,8.0,12.0,18.0,49.0,20.0,110.0,25.0,103.0,412.0,8.0,86.0,425.0,4.0,100.0,443.0,11.0,99.0,471.0,0.0,129.0,2.0,72.0,29.0,15.0,14.0,86.0,15.0,3.0,12.0,84.0,9.0,0.0,9.0,95.0,20.0,17.0,3.0,83.0,0.0,0.0,20.0,44.0,0.0,3.0,2.0,2.0,0.0,2.0,82.0,2.0,81.0,10.0,90.0,93.0,172.0,174.0,85.0,85.0,10.0,102.0,450.0,0.0,1.0,11.0,7.0,4.0,90.0,15.0,13.0,2.0,86.0,,,,,,1.0,1.0,85.0,1.0,84.0,72.0,3.0,69.0,74.0,2.0,72.0,18.0,44.0,18.0,86.0,37.0,101.0,457.0,19.0,95.0,469.0,14.0,105.0,484.0,14.0,100.0,482.0,54.0,0.0,109.0,2.0,55.0,4.0,51.0,106.0,54.0,4.0,50.0,105.0,27.0,10.0,17.0,98.0,24.0,7.0,17.0,96.0,0.0,0.0,17.0,35.0,5.0,1.0,1.0,1.0,1.0,7.0,97.0,7.0,99.0,14.0,86.0,82.0,183.0,181.0,90.0,89.0,22.0,99.0,471.0,3.0,1.0,21.0,5.0,16.0,94.0,21.0,3.0,18.0,98.0,,,,,,107.0,3.0,104.0,98.0,6.0,92.0,111.0,4.0,107.0,20.0,45.0,23.0,90.0,45.0,99.0,483.0,27.0,100.0,491.0,17.0,100.0,491.0,17.0,103.0,492.0,117.0,4.0,,131.0,0.0,,61.0,0.0,61.0,99.0,63.0,1.0,62.0,101.0,43.0,10.0,33.0,103.0,42.0,11.0,31.0,100.0,2.0,,4.0,,28.0,47.0,3.0,1.0,1.0,3.0,12.0,16.0,100.0,16.0,100.0,23.0,96.0,94.0,196.0,194.0,97.0,96.0,2.0,27.0,2.0,2.0,28.0,97.0,481.0,4.0,4.0,25.0,3.0,22.0,100.0,26.0,3.0,23.0,102.0,,,,,,99.0,7.0,92.0,109.0,2.0,107.0,137.0,2.0,135.0,20.0,42.0,23.0,87.0,47.0,96.0,489.0,25.0,92.0,486.0,17.0,96.0,491.0,14.0,88.0,482.0,78.0,1.0,,92.0,1.0,,55.0,0.0,55.0,83.0,51.0,0.0,51.0,79.0,40.0,7.0,33.0,99.0,41.0,7.0,34.0,100.0,2.0,,2.0,,34.0,50.0,9.0,3.0,3.0,2.0,15.0,20.0,106.0,20.0,105.0,24.0,92.0,90.0,198.0,195.0,98.0,96.0,3.0,72.0,4.0,4.0,35.0,99.0,494.0,4.0,3.0,29.0,3.0,26.0,101.0,30.0,1.0,29.0,102.0,,,,,,
49,5.0,1.0,29.0,6.0,23.0,27.0,9.0,18.0,32.0,7.0,25.0,20.0,54.0,19.0,100.0,28.0,106.0,423.0,16.0,103.0,458.0,11.0,116.0,477.0,16.0,115.0,489.0,0.0,131.0,1.0,75.0,22.0,3.0,19.0,89.0,21.0,5.0,16.0,86.0,17.0,6.0,11.0,95.0,16.0,12.0,4.0,82.0,1.0,2.0,30.0,61.0,5.0,2.0,2.0,2.0,3.0,10.0,116.0,10.0,121.0,12.0,96.0,99.0,212.0,220.0,106.0,111.0,14.0,104.0,457.0,0.0,1.0,4.0,0.0,4.0,90.0,13.0,1.0,12.0,105.0,,,,,,5.0,1.0,84.0,1.0,83.0,66.0,1.0,65.0,84.0,0.0,84.0,24.0,61.0,22.0,97.0,41.0,104.0,470.0,24.0,102.0,483.0,15.0,104.0,487.0,21.0,122.0,506.0,130.0,3.0,84.0,4.0,49.0,5.0,44.0,91.0,55.0,3.0,52.0,102.0,20.0,1.0,19.0,94.0,19.0,3.0,16.0,90.0,1.0,4.0,33.0,58.0,2.0,4.0,2.0,2.0,2.0,6.0,94.0,6.0,96.0,21.0,103.0,103.0,197.0,199.0,97.0,99.0,31.0,109.0,486.0,3.0,5.0,23.0,2.0,21.0,102.0,23.0,0.0,23.0,105.0,,,,,,98.0,1.0,97.0,79.0,5.0,74.0,101.0,1.0,100.0,22.0,50.0,27.0,103.0,48.0,103.0,491.0,29.0,104.0,497.0,17.0,99.0,491.0,22.0,118.0,509.0,100.0,1.0,,129.0,2.0,,58.0,0.0,58.0,96.0,52.0,1.0,51.0,89.0,23.0,6.0,17.0,82.0,24.0,4.0,20.0,86.0,3.0,,4.0,,36.0,58.0,4.0,1.0,1.0,3.0,6.0,10.0,84.0,10.0,84.0,24.0,98.0,97.0,182.0,181.0,89.0,89.0,2.0,35.0,3.0,3.0,35.0,107.0,494.0,8.0,5.0,26.0,1.0,25.0,105.0,25.0,1.0,24.0,104.0,,,,,,,,,,,,,,,,,,,,,,,,,,,,,,,,,,,,,,,,,,,,,,,,,,,,,,,,,,,,,,,,,,,,,,,,,,,,,,,,,,,,,,,,,,,,,,,,,
50,1.0,2.0,23.0,6.0,17.0,19.0,8.0,11.0,19.0,7.0,12.0,17.0,46.0,16.0,91.0,27.0,102.0,420.0,11.0,90.0,438.0,7.0,107.0,464.0,8.0,89.0,460.0,1.0,93.0,1.0,101.0,16.0,1.0,15.0,85.0,24.0,7.0,17.0,87.0,11.0,1.0,10.0,94.0,11.0,3.0,8.0,90.0,0.0,1.0,20.0,44.0,3.0,0.0,0.0,0.0,0.0,3.0,87.0,3.0,87.0,15.0,104.0,108.0,191.0,195.0,94.0,96.0,9.0,98.0,448.0,0.0,2.0,16.0,11.0,5.0,94.0,12.0,9.0,3.0,87.0,,,,,,1.0,2.0,48.0,4.0,44.0,27.0,6.0,21.0,39.0,3.0,36.0,17.0,41.0,21.0,91.0,35.0,93.0,449.0,16.0,86.0,458.0,8.0,93.0,468.0,11.0,90.0,471.0,142.0,0.0,172.0,3.0,44.0,5.0,39.0,83.0,39.0,4.0,35.0,79.0,15.0,1.0,14.0,82.0,12.0,2.0,10.0,76.0,1.0,0.0,27.0,48.0,2.0,4.0,1.0,2.0,3.0,6.0,92.0,7.0,99.0,17.0,89.0,91.0,181.0,190.0,89.0,94.0,24.0,98.0,474.0,2.0,2.0,13.0,6.0,7.0,78.0,15.0,2.0,13.0,91.0,,,,,,65.0,7.0,58.0,32.0,7.0,25.0,76.0,7.0,69.0,20.0,44.0,25.0,96.0,39.0,89.0,464.0,19.0,85.0,469.0,9.0,89.0,471.0,17.0,101.0,492.0,176.0,2.0,,227.0,2.0,,56.0,0.0,56.0,94.0,55.0,2.0,53.0,91.0,20.0,7.0,13.0,77.0,18.0,6.0,12.0,75.0,2.0,,2.0,,23.0,39.0,7.0,2.0,2.0,3.0,9.0,14.0,94.0,14.0,94.0,22.0,93.0,92.0,187.0,186.0,92.0,92.0,2.0,55.0,4.0,4.0,35.0,105.0,494.0,3.0,3.0,19.0,1.0,18.0,93.0,18.0,0.0,18.0,96.0,,,,,,,,,,,,,,,,,,,,,,,,,,,,,,,,,,,,,,,,,,,,,,,,,,,,,,,,,,,,,,,,,,,,,,,,,,,,,,,,,,,,,,,,,,,,,,,,,0.0
51,2.0,2.0,83.0,2.0,81.0,69.0,3.0,66.0,75.0,1.0,74.0,21.0,54.0,20.0,104.0,37.0,116.0,457.0,20.0,109.0,472.0,17.0,120.0,491.0,14.0,107.0,482.0,2.0,170.0,2.0,133.0,50.0,5.0,45.0,111.0,43.0,4.0,39.0,106.0,22.0,6.0,16.0,103.0,21.0,4.0,17.0,104.0,1.0,3.0,31.0,62.0,2.0,2.0,2.0,2.0,3.0,7.0,104.0,7.0,108.0,18.0,112.0,115.0,216.0,223.0,108.0,113.0,27.0,115.0,479.0,3.0,2.0,32.0,1.0,31.0,133.0,28.0,1.0,27.0,127.0,,,,,,2.0,2.0,136.0,0.0,136.0,128.0,1.0,127.0,133.0,0.0,133.0,22.0,52.0,26.0,107.0,44.0,106.0,480.0,27.0,107.0,491.0,21.0,111.0,500.0,22.0,124.0,509.0,87.0,4.0,57.0,4.0,64.0,1.0,63.0,109.0,70.0,3.0,67.0,113.0,30.0,4.0,26.0,98.0,40.0,5.0,35.0,109.0,1.0,3.0,36.0,62.0,5.0,6.0,2.0,3.0,3.0,10.0,106.0,11.0,116.0,26.0,110.0,120.0,216.0,236.0,108.0,121.0,33.0,110.0,490.0,4.0,2.0,32.0,2.0,30.0,115.0,32.0,1.0,31.0,116.0,,,,,,149.0,4.0,145.0,147.0,2.0,145.0,157.0,0.0,157.0,27.0,59.0,30.0,108.0,54.0,111.0,508.0,32.0,112.0,506.0,23.0,107.0,505.0,22.0,117.0,509.0,67.0,4.0,,76.0,3.0,,71.0,3.0,68.0,100.0,74.0,0.0,74.0,107.0,38.0,4.0,34.0,100.0,35.0,6.0,29.0,94.0,3.0,,2.0,,42.0,64.0,4.0,1.0,1.0,6.0,10.0,17.0,102.0,17.0,102.0,31.0,112.0,115.0,214.0,217.0,107.0,109.0,1.0,63.0,4.0,4.0,43.0,118.0,509.0,5.0,4.0,39.0,1.0,38.0,125.0,37.0,1.0,36.0,118.0,,,,,,147.0,1.0,146.0,153.0,1.0,152.0,175.0,1.0,174.0,28.0,57.0,35.0,122.0,55.0,106.0,511.0,33.0,109.0,509.0,26.0,109.0,513.0,23.0,114.0,513.0,60.0,2.0,,48.0,3.0,,74.0,0.0,74.0,107.0,78.0,1.0,77.0,113.0,48.0,5.0,43.0,111.0,47.0,9.0,38.0,105.0,2.0,,3.0,,39.0,55.0,4.0,1.0,1.0,9.0,16.0,26.0,120.0,26.0,125.0,34.0,112.0,114.0,232.0,239.0,119.0,123.0,2.0,68.0,4.0,4.0,42.0,111.0,507.0,5.0,4.0,38.0,2.0,36.0,117.0,39.0,0.0,39.0,118.0,,,,,,
52,1.0,1.0,14.0,7.0,7.0,17.0,4.0,13.0,13.0,7.0,6.0,21.0,59.0,20.0,115.0,29.0,117.0,427.0,13.0,107.0,446.0,9.0,124.0,471.0,12.0,106.0,475.0,1.0,222.0,2.0,50.0,16.0,2.0,14.0,90.0,24.0,8.0,16.0,92.0,18.0,10.0,8.0,97.0,19.0,11.0,8.0,97.0,0.0,4.0,23.0,51.0,4.0,5.0,3.0,3.0,0.0,7.0,107.0,7.0,108.0,16.0,112.0,110.0,219.0,218.0,110.0,109.0,14.0,112.0,457.0,1.0,1.0,8.0,7.0,1.0,83.0,18.0,21.0,0.0,80.0,,,,,,1.0,1.0,77.0,1.0,76.0,61.0,2.0,59.0,67.0,3.0,64.0,20.0,51.0,25.0,114.0,44.0,117.0,480.0,16.0,93.0,458.0,16.0,112.0,489.0,15.0,107.0,485.0,78.0,2.0,110.0,2.0,52.0,1.0,51.0,111.0,49.0,2.0,47.0,108.0,29.0,8.0,21.0,105.0,30.0,17.0,13.0,94.0,1.0,4.0,16.0,34.0,5.0,1.0,1.0,1.0,3.0,9.0,106.0,9.0,106.0,22.0,109.0,106.0,215.0,212.0,108.0,106.0,28.0,112.0,481.0,2.0,3.0,17.0,2.0,15.0,92.0,16.0,1.0,15.0,94.0,,,,,,101.0,0.0,101.0,88.0,1.0,87.0,117.0,0.0,117.0,22.0,52.0,28.0,110.0,52.0,113.0,503.0,27.0,103.0,491.0,21.0,108.0,500.0,17.0,105.0,492.0,112.0,3.0,,114.0,1.0,,69.0,0.0,69.0,115.0,68.0,0.0,68.0,114.0,34.0,4.0,30.0,103.0,42.0,5.0,37.0,111.0,3.0,,3.0,,32.0,55.0,2.0,1.0,1.0,4.0,15.0,20.0,111.0,20.0,111.0,26.0,106.0,102.0,217.0,213.0,109.0,106.0,2.0,38.0,3.0,3.0,33.0,107.0,490.0,3.0,3.0,25.0,1.0,24.0,103.0,26.0,2.0,24.0,104.0,,,,,,115.0,3.0,112.0,112.0,2.0,110.0,149.0,2.0,147.0,24.0,53.0,31.0,114.0,55.0,110.0,511.0,29.0,100.0,497.0,25.0,109.0,510.0,20.0,108.0,502.0,98.0,1.0,,101.0,1.0,,73.0,0.0,73.0,106.0,73.0,2.0,71.0,103.0,49.0,11.0,38.0,105.0,48.0,6.0,42.0,110.0,1.0,,2.0,,42.0,61.0,5.0,1.0,1.0,5.0,14.0,20.0,106.0,20.0,105.0,26.0,96.0,94.0,202.0,199.0,100.0,99.0,2.0,74.0,4.0,4.0,39.0,110.0,502.0,6.0,3.0,23.0,2.0,21.0,91.0,21.0,2.0,19.0,87.0,,,,,,
53,3.0,2.0,89.0,2.0,87.0,92.0,3.0,89.0,89.0,4.0,85.0,22.0,60.0,20.0,104.0,39.0,122.0,464.0,22.0,117.0,477.0,10.0,115.0,474.0,12.0,101.0,475.0,0.0,104.0,3.0,65.0,56.0,4.0,52.0,117.0,45.0,3.0,42.0,109.0,20.0,5.0,15.0,101.0,25.0,8.0,17.0,104.0,0.0,2.0,26.0,54.0,4.0,4.0,3.0,3.0,2.0,9.0,112.0,9.0,117.0,18.0,112.0,115.0,224.0,232.0,113.0,118.0,26.0,116.0,477.0,2.0,4.0,32.0,3.0,29.0,131.0,35.0,1.0,34.0,137.0,,,,,,3.0,2.0,174.0,8.0,166.0,155.0,4.0,151.0,139.0,10.0,129.0,21.0,52.0,26.0,110.0,48.0,115.0,491.0,30.0,117.0,500.0,16.0,107.0,489.0,19.0,116.0,499.0,53.0,3.0,38.0,2.0,65.0,2.0,63.0,113.0,66.0,4.0,62.0,112.0,37.0,11.0,26.0,103.0,37.0,10.0,27.0,104.0,1.0,3.0,30.0,55.0,9.0,6.0,3.0,3.0,1.0,13.0,117.0,13.0,123.0,24.0,110.0,113.0,227.0,236.0,115.0,121.0,35.0,116.0,494.0,2.0,2.0,41.0,4.0,37.0,127.0,39.0,3.0,36.0,123.0,,,,,,154.0,6.0,148.0,146.0,9.0,137.0,154.0,7.0,147.0,24.0,55.0,28.0,106.0,54.0,112.0,508.0,29.0,104.0,497.0,19.0,102.0,495.0,19.0,109.0,499.0,70.0,4.0,,97.0,3.0,,71.0,1.0,70.0,110.0,75.0,2.0,73.0,114.0,44.0,10.0,34.0,104.0,47.0,15.0,32.0,101.0,3.0,,3.0,,35.0,57.0,7.0,2.0,2.0,6.0,13.0,21.0,113.0,21.0,114.0,30.0,113.0,112.0,226.0,226.0,115.0,115.0,2.0,43.0,4.0,3.0,38.0,112.0,500.0,2.0,5.0,38.0,3.0,35.0,121.0,37.0,3.0,34.0,115.0,,,,,,162.0,12.0,150.0,170.0,8.0,162.0,187.0,3.0,184.0,25.0,53.0,32.0,113.0,55.0,107.0,511.0,30.0,100.0,500.0,24.0,106.0,508.0,22.0,112.0,509.0,56.0,3.0,,58.0,1.0,,75.0,3.0,72.0,105.0,78.0,6.0,72.0,105.0,51.0,12.0,39.0,106.0,45.0,10.0,35.0,101.0,3.0,,1.0,,39.0,55.0,12.0,4.0,4.0,5.0,14.0,23.0,112.0,23.0,114.0,34.0,112.0,114.0,224.0,228.0,113.0,117.0,3.0,63.0,4.0,4.0,42.0,113.0,507.0,6.0,5.0,40.0,2.0,38.0,120.0,45.0,3.0,42.0,123.0,,,,,,
54,2.0,1.0,39.0,7.0,32.0,34.0,4.0,30.0,44.0,4.0,40.0,21.0,54.0,19.0,95.0,35.0,113.0,449.0,16.0,100.0,458.0,14.0,117.0,484.0,13.0,103.0,478.0,0.0,164.0,3.0,57.0,38.0,7.0,31.0,94.0,38.0,9.0,29.0,92.0,23.0,9.0,14.0,96.0,18.0,4.0,14.0,96.0,0.0,2.0,25.0,50.0,7.0,5.0,2.0,3.0,4.0,13.0,125.0,14.0,137.0,14.0,95.0,105.0,220.0,242.0,111.0,125.0,22.0,110.0,471.0,2.0,3.0,16.0,2.0,14.0,111.0,15.0,0.0,15.0,109.0,,,,,,2.0,1.0,127.0,3.0,124.0,111.0,4.0,107.0,108.0,11.0,97.0,22.0,52.0,22.0,94.0,43.0,106.0,477.0,25.0,103.0,486.0,12.0,99.0,480.0,18.0,112.0,496.0,98.0,2.0,61.0,3.0,66.0,5.0,61.0,105.0,59.0,0.0,59.0,103.0,34.0,12.0,22.0,93.0,44.0,22.0,22.0,93.0,1.0,4.0,29.0,51.0,4.0,4.0,1.0,2.0,3.0,8.0,99.0,9.0,106.0,22.0,100.0,106.0,199.0,212.0,98.0,106.0,25.0,100.0,476.0,4.0,2.0,32.0,5.0,27.0,110.0,32.0,1.0,31.0,116.0,,,,,,141.0,3.0,138.0,146.0,5.0,141.0,154.0,19.0,135.0,15.0,35.0,26.0,99.0,52.0,108.0,503.0,29.0,103.0,497.0,18.0,100.0,493.0,24.0,124.0,516.0,69.0,2.0,,103.0,4.0,,78.0,3.0,75.0,117.0,57.0,3.0,54.0,92.0,53.0,18.0,35.0,105.0,39.0,8.0,31.0,100.0,3.0,,2.0,,35.0,57.0,5.0,1.0,1.0,5.0,13.0,19.0,108.0,19.0,107.0,24.0,98.0,97.0,206.0,204.0,102.0,101.0,2.0,31.0,3.0,3.0,34.0,104.0,492.0,4.0,4.0,39.0,2.0,37.0,124.0,28.0,0.0,28.0,108.0,,,,,,142.0,0.0,142.0,163.0,8.0,155.0,190.0,8.0,182.0,26.0,56.0,29.0,105.0,51.0,99.0,500.0,28.0,96.0,494.0,24.0,105.0,508.0,23.0,114.0,513.0,54.0,2.0,,50.0,2.0,,81.0,5.0,76.0,111.0,85.0,5.0,80.0,117.0,52.0,9.0,43.0,111.0,54.0,10.0,44.0,112.0,3.0,,3.0,,40.0,56.0,10.0,3.0,3.0,5.0,13.0,21.0,107.0,21.0,108.0,28.0,98.0,100.0,205.0,208.0,102.0,104.0,3.0,45.0,3.0,3.0,36.0,99.0,496.0,11.0,3.0,42.0,3.0,39.0,122.0,40.0,2.0,38.0,117.0,,,,,,0.0
55,5.0,1.0,11.0,7.0,4.0,17.0,8.0,9.0,12.0,7.0,5.0,15.0,42.0,14.0,90.0,27.0,109.0,420.0,8.0,89.0,425.0,6.0,112.0,459.0,8.0,92.0,460.0,0.0,132.0,3.0,71.0,11.0,1.0,10.0,82.0,17.0,5.0,12.0,84.0,9.0,4.0,5.0,87.0,8.0,3.0,5.0,87.0,0.0,1.0,14.0,36.0,2.0,2.0,2.0,2.0,0.0,4.0,94.0,4.0,92.0,11.0,98.0,96.0,192.0,188.0,95.0,93.0,5.0,97.0,439.0,0.0,1.0,9.0,12.0,0.0,80.0,6.0,5.0,1.0,83.0,,,,,,5.0,1.0,33.0,5.0,28.0,23.0,6.0,17.0,32.0,4.0,28.0,15.0,38.0,19.0,89.0,31.0,93.0,434.0,16.0,90.0,458.0,16.0,109.0,489.0,12.0,95.0,475.0,251.0,0.0,216.0,2.0,34.0,1.0,33.0,90.0,35.0,1.0,34.0,91.0,16.0,1.0,15.0,93.0,13.0,0.0,13.0,90.0,0.0,0.0,24.0,47.0,3.0,3.0,1.0,1.0,0.0,4.0,86.0,4.0,87.0,18.0,96.0,94.0,182.0,181.0,89.0,89.0,18.0,97.0,464.0,2.0,2.0,9.0,0.0,9.0,82.0,8.0,2.0,6.0,81.0,,,,,,50.0,8.0,42.0,46.0,9.0,37.0,56.0,8.0,48.0,16.0,37.0,23.0,90.0,36.0,88.0,453.0,16.0,81.0,458.0,21.0,106.0,500.0,9.0,80.0,464.0,188.0,1.0,,164.0,0.0,,44.0,0.0,44.0,79.0,47.0,1.0,46.0,81.0,24.0,1.0,23.0,90.0,28.0,8.0,20.0,86.0,1.0,,3.0,,23.0,41.0,6.0,2.0,1.0,0.0,9.0,11.0,87.0,10.0,84.0,23.0,99.0,94.0,186.0,178.0,91.0,87.0,2.0,25.0,2.0,2.0,27.0,96.0,479.0,2.0,2.0,12.0,3.0,9.0,77.0,15.0,1.0,14.0,90.0,,,,,,105.0,10.0,95.0,96.0,9.0,87.0,111.0,8.0,103.0,22.0,47.0,24.0,90.0,43.0,91.0,477.0,26.0,94.0,488.0,19.0,99.0,495.0,15.0,92.0,485.0,147.0,1.0,,154.0,1.0,,64.0,3.0,61.0,91.0,64.0,1.0,63.0,94.0,30.0,6.0,24.0,87.0,30.0,0.0,30.0,95.0,0.0,,1.0,,24.0,36.0,6.0,1.0,1.0,3.0,12.0,16.0,96.0,16.0,95.0,22.0,87.0,85.0,183.0,180.0,90.0,89.0,2.0,24.0,1.0,1.0,21.0,85.0,469.0,5.0,4.0,20.0,3.0,17.0,83.0,18.0,1.0,17.0,83.0,,,,,,0.0
56,5.0,2.0,19.0,4.0,15.0,19.0,7.0,12.0,18.0,6.0,12.0,21.0,57.0,19.0,106.0,26.0,108.0,416.0,12.0,99.0,442.0,9.0,119.0,471.0,12.0,104.0,475.0,0.0,213.0,0.0,110.0,19.0,4.0,15.0,87.0,24.0,9.0,15.0,87.0,11.0,1.0,10.0,97.0,13.0,1.0,12.0,101.0,1.0,2.0,21.0,61.0,4.0,1.0,1.0,1.0,1.0,6.0,103.0,6.0,103.0,18.0,118.0,115.0,221.0,218.0,111.0,109.0,14.0,108.0,457.0,3.0,2.0,5.0,4.0,1.0,83.0,8.0,4.0,4.0,89.0,,,,,,5.0,2.0,87.0,1.0,86.0,70.0,3.0,67.0,65.0,1.0,64.0,21.0,52.0,21.0,97.0,40.0,110.0,467.0,19.0,98.0,469.0,19.0,115.0,495.0,16.0,109.0,489.0,146.0,1.0,75.0,2.0,46.0,3.0,43.0,99.0,53.0,2.0,51.0,106.0,23.0,2.0,21.0,101.0,26.0,9.0,17.0,96.0,3.0,2.0,30.0,56.0,4.0,0.0,0.0,0.0,1.0,5.0,91.0,5.0,92.0,19.0,102.0,97.0,193.0,189.0,95.0,93.0,29.0,112.0,483.0,7.0,6.0,17.0,3.0,14.0,91.0,17.0,1.0,16.0,95.0,,,,,,72.0,3.0,69.0,84.0,1.0,83.0,101.0,0.0,101.0,22.0,50.0,24.0,93.0,46.0,104.0,486.0,28.0,105.0,494.0,25.0,114.0,510.0,18.0,108.0,496.0,109.0,2.0,,130.0,4.0,,58.0,1.0,57.0,101.0,59.0,1.0,58.0,102.0,30.0,2.0,28.0,101.0,37.0,6.0,31.0,104.0,1.0,,1.0,,27.0,47.0,6.0,2.0,1.0,5.0,8.0,15.0,97.0,14.0,94.0,26.0,106.0,102.0,203.0,196.0,100.0,97.0,2.0,66.0,4.0,4.0,32.0,104.0,488.0,5.0,5.0,22.0,1.0,21.0,98.0,21.0,1.0,20.0,98.0,,,,,,93.0,1.0,92.0,97.0,1.0,96.0,128.0,0.0,128.0,24.0,51.0,27.0,99.0,51.0,102.0,500.0,27.0,96.0,491.0,24.0,107.0,508.0,21.0,110.0,506.0,148.0,1.0,,145.0,1.0,,68.0,1.0,67.0,98.0,71.0,1.0,70.0,102.0,38.0,0.0,38.0,105.0,38.0,3.0,35.0,101.0,2.0,,2.0,,39.0,57.0,10.0,3.0,3.0,6.0,12.0,21.0,109.0,21.0,108.0,27.0,99.0,97.0,208.0,205.0,104.0,102.0,3.0,74.0,4.0,4.0,37.0,105.0,498.0,6.0,6.0,20.0,4.0,16.0,81.0,25.0,1.0,24.0,94.0,,,,,,
57,1.0,2.0,35.0,8.0,27.0,34.0,8.0,26.0,23.0,9.0,14.0,,,16.0,86.0,29.0,102.0,427.0,14.0,94.0,450.0,6.0,101.0,459.0,12.0,99.0,475.0,0.0,329.0,2.0,87.0,32.0,10.0,22.0,86.0,35.0,13.0,22.0,86.0,14.0,10.0,4.0,78.0,22.0,19.0,3.0,76.0,0.0,0.0,18.0,39.0,2.0,1.0,1.0,1.0,1.0,4.0,90.0,4.0,92.0,10.0,85.0,93.0,175.0,185.0,86.0,91.0,15.0,102.0,459.0,2.0,4.0,12.0,2.0,10.0,105.0,16.0,4.0,12.0,105.0,,,,,,1.0,2.0,58.0,3.0,55.0,79.0,2.0,77.0,84.0,3.0,81.0,19.0,45.0,19.0,84.0,40.0,100.0,467.0,18.0,90.0,465.0,14.0,101.0,484.0,15.0,101.0,485.0,105.0,1.0,65.0,2.0,64.0,4.0,60.0,104.0,66.0,7.0,59.0,103.0,33.0,12.0,21.0,92.0,31.0,10.0,21.0,92.0,0.0,1.0,21.0,39.0,1.0,4.0,1.0,2.0,4.0,6.0,92.0,7.0,99.0,17.0,89.0,91.0,181.0,190.0,89.0,94.0,25.0,99.0,476.0,0.0,2.0,24.0,7.0,17.0,95.0,24.0,4.0,20.0,101.0,,,,,,104.0,8.0,96.0,70.0,5.0,65.0,114.0,1.0,113.0,20.0,44.0,27.0,99.0,46.0,99.0,486.0,27.0,98.0,491.0,20.0,102.0,498.0,16.0,98.0,489.0,86.0,3.0,,90.0,2.0,,72.0,1.0,71.0,103.0,76.0,2.0,74.0,107.0,40.0,7.0,33.0,99.0,45.0,14.0,31.0,96.0,2.0,,3.0,,24.0,38.0,3.0,1.0,1.0,4.0,12.0,17.0,102.0,17.0,102.0,23.0,92.0,94.0,194.0,196.0,96.0,97.0,2.0,32.0,2.0,3.0,28.0,95.0,481.0,5.0,3.0,33.0,6.0,27.0,108.0,38.0,2.0,36.0,118.0,,,,,,95.0,2.0,93.0,103.0,3.0,100.0,185.0,3.0,182.0,21.0,43.0,27.0,96.0,51.0,97.0,500.0,26.0,90.0,488.0,20.0,98.0,498.0,22.0,108.0,509.0,58.0,0.0,,30.0,0.0,,82.0,2.0,80.0,113.0,85.0,4.0,81.0,115.0,41.0,10.0,31.0,92.0,46.0,13.0,33.0,95.0,1.0,,3.0,,27.0,36.0,3.0,1.0,1.0,4.0,11.0,16.0,92.0,16.0,93.0,25.0,87.0,88.0,179.0,181.0,88.0,89.0,2.0,45.0,2.0,3.0,29.0,88.0,483.0,3.0,7.0,37.0,5.0,32.0,111.0,35.0,6.0,29.0,98.0,3.0,2.0,,,,0.0
58,2.0,1.0,13.0,6.0,7.0,15.0,6.0,9.0,10.0,6.0,4.0,18.0,51.0,16.0,100.0,25.0,110.0,412.0,10.0,98.0,434.0,4.0,107.0,443.0,13.0,109.0,478.0,0.0,74.0,3.0,206.0,23.0,11.0,12.0,84.0,24.0,12.0,12.0,84.0,13.0,12.0,1.0,76.0,6.0,4.0,2.0,80.0,0.0,1.0,27.0,58.0,0.0,3.0,2.0,2.0,0.0,2.0,84.0,2.0,81.0,12.0,101.0,99.0,185.0,180.0,91.0,89.0,8.0,104.0,446.0,1.0,1.0,9.0,0.0,9.0,104.0,4.0,2.0,2.0,86.0,,,,,,2.0,1.0,,,,,,,,,,,,,,,,,,,,,,,,,,,,,,,,,,,,,,,,,,,,,,,,,,,,,,,,,,,,,,,,,,,,,,,,,,,,,,,,,,,,,,,,,,,,,,,,,,,,,,,,,,,,,,,,,,,,,,,,,,,,,,,,,,,,,,,,,,,,,,,,,,,,,,,,,,,,,,,,,,,,,,,,,,,,,,,,,,,,,,,,,,,,,,,,,,,,,,,,,,,,,,,,,,,,,,,,,,,,,,,,,,,,,,,,,,,,,,,,,,,,,,,,,,,,,,,,,,,,,,,,,,
59,1.0,1.0,42.0,12.0,30.0,37.0,12.0,25.0,42.0,11.0,31.0,15.0,42.0,20.0,104.0,31.0,110.0,434.0,14.0,98.0,450.0,8.0,111.0,468.0,12.0,101.0,475.0,0.0,185.0,3.0,119.0,35.0,13.0,22.0,92.0,39.0,8.0,31.0,100.0,16.0,10.0,6.0,86.0,15.0,5.0,10.0,94.0,1.0,1.0,19.0,42.0,6.0,2.0,2.0,2.0,1.0,9.0,112.0,9.0,117.0,14.0,101.0,105.0,213.0,222.0,106.0,112.0,16.0,106.0,461.0,1.0,0.0,16.0,4.0,12.0,108.0,16.0,4.0,12.0,105.0,,,,,,1.0,1.0,126.0,2.0,124.0,132.0,1.0,131.0,110.0,11.0,99.0,22.0,54.0,22.0,97.0,43.0,109.0,477.0,24.0,103.0,483.0,18.0,109.0,493.0,11.0,91.0,471.0,68.0,3.0,29.0,3.0,70.0,3.0,67.0,117.0,68.0,4.0,64.0,114.0,41.0,13.0,28.0,105.0,39.0,17.0,22.0,98.0,0.0,1.0,30.0,55.0,3.0,4.0,2.0,2.0,2.0,7.0,97.0,7.0,99.0,14.0,86.0,82.0,183.0,181.0,90.0,89.0,28.0,106.0,481.0,0.0,1.0,34.0,5.0,29.0,113.0,33.0,2.0,31.0,116.0,,,,,,,,,,,,,,,,,,,,,,,,,,,,,,,,,,,,,,,,,,,,,,,,,,,,,,,,,,,,,,,,,,,,,,,,,,,,,,,,,,,,,,,,,,,,,,,,,138.0,6.0,132.0,123.0,3.0,120.0,165.0,10.0,155.0,23.0,49.0,30.0,107.0,57.0,111.0,516.0,28.0,97.0,494.0,18.0,97.0,493.0,25.0,122.0,520.0,49.0,4.0,,50.0,2.0,,79.0,1.0,78.0,115.0,77.0,2.0,75.0,109.0,44.0,9.0,35.0,101.0,48.0,14.0,34.0,100.0,2.0,,2.0,,33.0,47.0,6.0,1.0,1.0,3.0,14.0,18.0,100.0,18.0,100.0,33.0,110.0,112.0,210.0,212.0,105.0,106.0,3.0,41.0,2.0,3.0,44.0,116.0,511.0,3.0,3.0,32.0,2.0,30.0,108.0,27.0,3.0,24.0,94.0,,,,,,
60,5.0,1.0,16.0,9.0,7.0,17.0,7.0,10.0,12.0,4.0,8.0,21.0,57.0,16.0,91.0,24.0,100.0,408.0,10.0,89.0,434.0,5.0,103.0,452.0,14.0,108.0,482.0,0.0,252.0,2.0,267.0,21.0,7.0,14.0,84.0,22.0,10.0,12.0,82.0,13.0,8.0,5.0,84.0,14.0,8.0,6.0,86.0,0.0,2.0,25.0,52.0,1.0,2.0,2.0,2.0,0.0,3.0,87.0,3.0,87.0,10.0,90.0,93.0,177.0,180.0,87.0,89.0,13.0,103.0,456.0,2.0,2.0,2.0,0.0,2.0,85.0,1.0,1.0,0.0,80.0,,,,,,5.0,1.0,77.0,2.0,75.0,81.0,17.0,64.0,72.0,1.0,71.0,20.0,49.0,15.0,73.0,44.0,109.0,480.0,21.0,97.0,475.0,18.0,108.0,493.0,15.0,102.0,485.0,125.0,3.0,83.0,2.0,55.0,1.0,54.0,104.0,54.0,2.0,52.0,102.0,25.0,3.0,22.0,98.0,37.0,13.0,24.0,100.0,0.0,1.0,24.0,45.0,3.0,3.0,1.0,1.0,3.0,7.0,97.0,7.0,99.0,17.0,93.0,91.0,190.0,190.0,94.0,94.0,29.0,107.0,483.0,1.0,2.0,21.0,3.0,18.0,97.0,22.0,2.0,20.0,101.0,,,,,,123.0,18.0,105.0,111.0,18.0,93.0,117.0,18.0,99.0,19.0,43.0,26.0,99.0,50.0,106.0,497.0,26.0,97.0,488.0,20.0,103.0,498.0,17.0,102.0,492.0,108.0,1.0,,101.0,2.0,,71.0,1.0,70.0,110.0,72.0,4.0,68.0,108.0,40.0,6.0,34.0,104.0,47.0,11.0,36.0,106.0,3.0,,4.0,,27.0,45.0,4.0,1.0,1.0,4.0,11.0,16.0,100.0,16.0,100.0,22.0,93.0,92.0,193.0,192.0,95.0,95.0,2.0,73.0,4.0,4.0,36.0,109.0,496.0,4.0,5.0,30.0,5.0,25.0,105.0,33.0,4.0,29.0,109.0,,,,,,111.0,5.0,106.0,119.0,8.0,111.0,130.0,1.0,129.0,20.0,42.0,31.0,110.0,53.0,104.0,506.0,26.0,93.0,488.0,26.0,110.0,513.0,16.0,94.0,489.0,90.0,1.0,,96.0,1.0,,72.0,2.0,70.0,102.0,70.0,2.0,68.0,100.0,50.0,4.0,46.0,115.0,52.0,9.0,43.0,111.0,1.0,,1.0,,34.0,48.0,8.0,2.0,2.0,5.0,14.0,21.0,107.0,21.0,108.0,28.0,98.0,100.0,205.0,208.0,102.0,104.0,2.0,30.0,2.0,2.0,34.0,98.0,492.0,4.0,2.0,22.0,6.0,16.0,81.0,30.0,3.0,27.0,99.0,,,,,,0.0
61,3.0,2.0,26.0,8.0,18.0,19.0,7.0,12.0,22.0,9.0,13.0,16.0,44.0,19.0,100.0,24.0,100.0,408.0,13.0,96.0,446.0,5.0,103.0,452.0,11.0,98.0,471.0,0.0,120.0,2.0,52.0,27.0,11.0,16.0,86.0,25.0,7.0,18.0,88.0,14.0,7.0,7.0,88.0,15.0,7.0,8.0,90.0,0.0,2.0,24.0,50.0,1.0,1.0,1.0,1.0,0.0,2.0,82.0,2.0,81.0,11.0,93.0,96.0,175.0,177.0,86.0,87.0,12.0,102.0,454.0,1.0,0.0,16.0,3.0,13.0,110.0,15.0,5.0,10.0,101.0,,,,,,3.0,2.0,96.0,1.0,95.0,75.0,1.0,74.0,78.0,1.0,77.0,22.0,54.0,21.0,94.0,35.0,97.0,449.0,20.0,96.0,472.0,7.0,93.0,464.0,14.0,100.0,482.0,148.0,3.0,105.0,1.0,51.0,3.0,48.0,99.0,53.0,3.0,50.0,100.0,25.0,8.0,17.0,91.0,18.0,4.0,14.0,85.0,2.0,2.0,27.0,50.0,3.0,4.0,2.0,2.0,0.0,5.0,90.0,5.0,92.0,15.0,88.0,85.0,178.0,177.0,87.0,87.0,22.0,99.0,471.0,2.0,0.0,17.0,5.0,12.0,87.0,19.0,5.0,14.0,92.0,,,,,,99.0,6.0,93.0,97.0,6.0,91.0,120.0,8.0,112.0,21.0,48.0,23.0,90.0,43.0,96.0,477.0,27.0,99.0,491.0,12.0,94.0,480.0,15.0,96.0,485.0,109.0,0.0,,132.0,1.0,,61.0,2.0,59.0,97.0,64.0,1.0,63.0,102.0,32.0,13.0,19.0,85.0,37.0,17.0,20.0,86.0,2.0,,3.0,,30.0,49.0,3.0,1.0,1.0,4.0,12.0,17.0,102.0,17.0,102.0,21.0,91.0,89.0,193.0,191.0,95.0,94.0,2.0,31.0,3.0,3.0,29.0,98.0,483.0,0.0,5.0,27.0,2.0,25.0,105.0,26.0,2.0,24.0,104.0,,,,,,112.0,3.0,109.0,117.0,8.0,109.0,147.0,3.0,144.0,22.0,47.0,26.0,96.0,49.0,98.0,494.0,32.0,107.0,506.0,14.0,93.0,484.0,23.0,115.0,513.0,105.0,1.0,,111.0,0.0,,67.0,1.0,66.0,97.0,65.0,3.0,62.0,92.0,31.0,4.0,27.0,91.0,33.0,8.0,25.0,89.0,2.0,,3.0,,35.0,49.0,6.0,1.0,1.0,3.0,10.0,14.0,89.0,14.0,90.0,27.0,96.0,97.0,185.0,187.0,91.0,92.0,2.0,57.0,4.0,4.0,35.0,99.0,494.0,1.0,2.0,21.0,4.0,17.0,83.0,24.0,4.0,20.0,88.0,,,,,,
62,4.0,2.0,64.0,12.0,52.0,62.0,5.0,57.0,71.0,11.0,60.0,15.0,40.0,21.0,118.0,32.0,123.0,438.0,15.0,115.0,454.0,7.0,122.0,464.0,15.0,117.0,485.0,0.0,104.0,3.0,51.0,57.0,18.0,39.0,115.0,48.0,7.0,41.0,118.0,24.0,21.0,3.0,84.0,34.0,29.0,5.0,89.0,0.0,1.0,22.0,52.0,3.0,0.0,0.0,0.0,0.0,3.0,91.0,3.0,87.0,14.0,113.0,105.0,204.0,192.0,101.0,95.0,16.0,115.0,461.0,1.0,3.0,20.0,5.0,15.0,112.0,19.0,7.0,12.0,105.0,,,,,,4.0,2.0,179.0,1.0,178.0,176.0,3.0,173.0,147.0,4.0,143.0,18.0,46.0,21.0,101.0,44.0,120.0,480.0,23.0,111.0,480.0,15.0,114.0,487.0,17.0,115.0,492.0,59.0,1.0,36.0,3.0,69.0,5.0,64.0,122.0,68.0,6.0,62.0,120.0,38.0,15.0,23.0,107.0,42.0,21.0,21.0,105.0,1.0,0.0,28.0,55.0,8.0,4.0,2.0,2.0,3.0,13.0,120.0,13.0,123.0,20.0,111.0,100.0,231.0,223.0,118.0,113.0,26.0,111.0,477.0,5.0,3.0,32.0,5.0,27.0,110.0,37.0,3.0,34.0,120.0,,,,,,156.0,5.0,151.0,168.0,11.0,157.0,174.0,4.0,170.0,24.0,58.0,26.0,103.0,51.0,114.0,500.0,28.0,107.0,494.0,18.0,105.0,493.0,16.0,103.0,489.0,56.0,4.0,,62.0,1.0,,80.0,8.0,72.0,120.0,72.0,2.0,70.0,117.0,31.0,7.0,24.0,96.0,32.0,13.0,19.0,89.0,3.0,,3.0,,32.0,56.0,7.0,2.0,2.0,3.0,14.0,19.0,112.0,19.0,107.0,27.0,113.0,105.0,225.0,212.0,114.0,106.0,2.0,51.0,4.0,4.0,35.0,111.0,494.0,4.0,4.0,44.0,6.0,38.0,125.0,44.0,7.0,37.0,120.0,,,,,,154.0,7.0,147.0,172.0,10.0,162.0,202.0,9.0,193.0,25.0,55.0,29.0,108.0,54.0,110.0,508.0,31.0,107.0,503.0,19.0,100.0,495.0,21.0,113.0,506.0,51.0,2.0,,59.0,1.0,,65.0,0.0,65.0,96.0,67.0,2.0,65.0,96.0,22.0,9.0,13.0,73.0,25.0,9.0,16.0,77.0,2.0,,2.0,,32.0,50.0,9.0,3.0,3.0,3.0,16.0,22.0,115.0,22.0,111.0,32.0,114.0,110.0,229.0,221.0,117.0,111.0,2.0,56.0,4.0,4.0,36.0,106.0,496.0,6.0,5.0,37.0,6.0,31.0,109.0,42.0,0.0,42.0,123.0,,,,,,
63,3.0,2.0,79.0,4.0,75.0,89.0,6.0,83.0,72.0,7.0,65.0,20.0,54.0,22.0,118.0,36.0,123.0,453.0,20.0,118.0,472.0,11.0,122.0,477.0,14.0,111.0,482.0,2.0,123.0,2.0,95.0,49.0,3.0,46.0,121.0,54.0,8.0,46.0,121.0,38.0,19.0,19.0,111.0,40.0,21.0,19.0,111.0,2.0,1.0,31.0,64.0,2.0,4.0,3.0,3.0,2.0,7.0,107.0,7.0,108.0,17.0,115.0,113.0,222.0,221.0,112.0,111.0,25.0,118.0,476.0,2.0,3.0,27.0,1.0,26.0,128.0,26.0,0.0,26.0,126.0,,,,,,3.0,2.0,138.0,5.0,133.0,117.0,3.0,114.0,100.0,4.0,96.0,23.0,58.0,26.0,114.0,45.0,117.0,483.0,28.0,117.0,494.0,21.0,117.0,500.0,15.0,106.0,485.0,100.0,2.0,69.0,4.0,64.0,0.0,64.0,121.0,71.0,1.0,70.0,127.0,46.0,10.0,36.0,118.0,47.0,15.0,32.0,113.0,0.0,2.0,30.0,56.0,2.0,8.0,4.0,4.0,3.0,9.0,106.0,9.0,106.0,24.0,114.0,113.0,220.0,219.0,111.0,110.0,32.0,115.0,488.0,4.0,3.0,35.0,1.0,34.0,121.0,34.0,2.0,32.0,117.0,,,,,,127.0,2.0,125.0,104.0,5.0,99.0,121.0,4.0,117.0,22.0,50.0,27.0,107.0,51.0,111.0,500.0,28.0,105.0,494.0,20.0,106.0,498.0,19.0,111.0,499.0,71.0,4.0,,83.0,4.0,,67.0,0.0,67.0,113.0,70.0,2.0,68.0,114.0,51.0,11.0,40.0,115.0,50.0,12.0,38.0,112.0,2.0,,3.0,,33.0,56.0,12.0,4.0,4.0,4.0,9.0,17.0,103.0,17.0,102.0,26.0,106.0,102.0,209.0,204.0,104.0,101.0,2.0,63.0,4.0,4.0,37.0,113.0,498.0,6.0,4.0,31.0,1.0,30.0,113.0,30.0,0.0,30.0,110.0,,,,,,131.0,1.0,130.0,129.0,7.0,122.0,172.0,6.0,166.0,27.0,59.0,30.0,111.0,57.0,113.0,516.0,34.0,115.0,512.0,22.0,104.0,502.0,25.0,124.0,520.0,63.0,2.0,,73.0,1.0,,68.0,0.0,68.0,100.0,71.0,1.0,70.0,102.0,47.0,3.0,44.0,112.0,53.0,13.0,40.0,107.0,2.0,,1.0,,36.0,53.0,12.0,4.0,4.0,5.0,12.0,21.0,109.0,21.0,108.0,28.0,101.0,100.0,210.0,208.0,105.0,104.0,3.0,67.0,4.0,4.0,40.0,110.0,503.0,5.0,4.0,31.0,4.0,27.0,102.0,31.0,2.0,29.0,102.0,,,,,,
64,1.0,1.0,17.0,6.0,11.0,15.0,9.0,6.0,12.0,6.0,6.0,20.0,56.0,18.0,112.0,26.0,113.0,416.0,10.0,103.0,434.0,10.0,130.0,474.0,12.0,108.0,475.0,0.0,83.0,3.0,44.0,28.0,19.0,9.0,84.0,54.0,45.0,9.0,84.0,14.0,1.0,13.0,108.0,13.0,0.0,13.0,108.0,0.0,1.0,20.0,48.0,0.0,3.0,2.0,2.0,0.0,2.0,86.0,2.0,81.0,10.0,101.0,93.0,187.0,174.0,92.0,85.0,9.0,109.0,448.0,3.0,0.0,10.0,9.0,1.0,83.0,16.0,8.0,8.0,98.0,,,,,,1.0,1.0,62.0,3.0,59.0,55.0,1.0,54.0,59.0,2.0,57.0,16.0,42.0,22.0,109.0,37.0,112.0,457.0,19.0,103.0,469.0,12.0,111.0,480.0,15.0,109.0,485.0,34.0,1.0,37.0,1.0,44.0,3.0,41.0,103.0,45.0,2.0,43.0,104.0,25.0,9.0,16.0,99.0,28.0,10.0,18.0,101.0,2.0,3.0,30.0,58.0,2.0,0.0,0.0,0.0,3.0,5.0,91.0,5.0,92.0,17.0,104.0,91.0,195.0,183.0,96.0,90.0,23.0,109.0,472.0,3.0,2.0,18.0,10.0,8.0,80.0,23.0,5.0,18.0,98.0,,,,,,103.0,1.0,102.0,89.0,4.0,85.0,117.0,1.0,116.0,19.0,45.0,26.0,103.0,43.0,105.0,477.0,29.0,112.0,497.0,22.0,112.0,502.0,21.0,121.0,506.0,140.0,3.0,,55.0,2.0,,58.0,0.0,58.0,102.0,60.0,0.0,60.0,104.0,24.0,1.0,23.0,95.0,27.0,4.0,23.0,95.0,0.0,,2.0,,34.0,59.0,6.0,2.0,1.0,3.0,11.0,16.0,103.0,15.0,97.0,27.0,113.0,105.0,216.0,202.0,108.0,100.0,2.0,60.0,4.0,4.0,33.0,110.0,490.0,4.0,3.0,26.0,2.0,24.0,103.0,25.0,2.0,23.0,102.0,,,,,,90.0,2.0,88.0,105.0,0.0,105.0,130.0,0.0,130.0,25.0,55.0,34.0,123.0,58.0,117.0,519.0,30.0,105.0,500.0,24.0,109.0,508.0,22.0,116.0,509.0,83.0,1.0,,104.0,2.0,,65.0,0.0,65.0,96.0,70.0,2.0,68.0,100.0,33.0,2.0,31.0,96.0,39.0,6.0,33.0,99.0,1.0,,1.0,,38.0,59.0,7.0,2.0,2.0,6.0,10.0,18.0,105.0,18.0,100.0,33.0,117.0,112.0,222.0,212.0,112.0,106.0,3.0,134.0,4.0,4.0,42.0,116.0,507.0,4.0,3.0,28.0,2.0,26.0,101.0,29.0,0.0,29.0,102.0,,,,,,
65,1.0,1.0,153.0,3.0,150.0,118.0,3.0,115.0,128.0,4.0,124.0,24.0,67.0,27.0,131.0,52.0,137.0,503.0,28.0,129.0,494.0,21.0,129.0,500.0,21.0,132.0,506.0,4.0,81.0,4.0,46.0,60.0,1.0,59.0,123.0,63.0,1.0,62.0,126.0,29.0,1.0,28.0,117.0,34.0,6.0,28.0,117.0,2.0,4.0,36.0,70.0,8.0,4.0,3.0,3.0,3.0,14.0,129.0,14.0,137.0,27.0,135.0,137.0,264.0,274.0,140.0,146.0,32.0,122.0,488.0,1.0,3.0,38.0,0.0,38.0,140.0,38.0,2.0,36.0,140.0,,,,,,1.0,1.0,210.0,4.0,206.0,172.0,5.0,167.0,176.0,4.0,172.0,26.0,66.0,29.0,120.0,54.0,123.0,508.0,33.0,125.0,509.0,26.0,121.0,513.0,23.0,130.0,513.0,56.0,4.0,33.0,4.0,72.0,0.0,72.0,122.0,73.0,0.0,73.0,123.0,39.0,4.0,35.0,113.0,44.0,2.0,42.0,120.0,2.0,3.0,39.0,69.0,10.0,8.0,4.0,4.0,9.0,23.0,146.0,23.0,160.0,37.0,142.0,153.0,288.0,313.0,157.0,160.0,34.0,115.0,492.0,5.0,7.0,42.0,0.0,42.0,136.0,41.0,3.0,38.0,125.0,,,,,,,,,,,,,,,,,,,,,,,,,,,,,,,,,,,,,,,,,,,,,,,,,,,,,,,,,,,,,,,,,,,,,,,,,,,,,,,,,,,,,,,,,,,,,,,,,,,,,,,,,,,,,,,,,,,,,,,,,,,,,,,,,,,,,,,,,,,,,,,,,,,,,,,,,,,,,,,,,,,,,,,,,,,,,,,,,,,,,,,,,,,,
66,2.0,2.0,76.0,1.0,75.0,62.0,0.0,62.0,66.0,2.0,64.0,21.0,54.0,23.0,110.0,37.0,116.0,457.0,20.0,109.0,472.0,16.0,119.0,489.0,16.0,114.0,489.0,1.0,205.0,3.0,155.0,37.0,2.0,35.0,97.0,38.0,1.0,37.0,99.0,21.0,4.0,17.0,100.0,17.0,1.0,16.0,99.0,1.0,2.0,31.0,60.0,7.0,5.0,3.0,3.0,2.0,12.0,121.0,12.0,129.0,19.0,108.0,118.0,229.0,247.0,117.0,128.0,24.0,112.0,474.0,2.0,1.0,27.0,0.0,27.0,129.0,22.0,2.0,20.0,117.0,,,,,,2.0,2.0,108.0,0.0,108.0,97.0,2.0,95.0,94.0,1.0,93.0,21.0,50.0,25.0,107.0,50.0,116.0,497.0,31.0,118.0,503.0,23.0,114.0,505.0,21.0,122.0,506.0,123.0,4.0,72.0,3.0,51.0,0.0,51.0,101.0,50.0,2.0,48.0,99.0,28.0,1.0,27.0,104.0,25.0,1.0,24.0,100.0,2.0,3.0,39.0,69.0,7.0,9.0,4.0,4.0,2.0,13.0,117.0,13.0,123.0,24.0,110.0,113.0,227.0,236.0,115.0,121.0,35.0,115.0,494.0,4.0,6.0,25.0,0.0,25.0,107.0,26.0,0.0,26.0,109.0,,,,,,103.0,2.0,101.0,98.0,0.0,98.0,123.0,0.0,123.0,23.0,53.0,29.0,109.0,54.0,112.0,508.0,32.0,112.0,506.0,23.0,108.0,505.0,21.0,114.0,506.0,111.0,2.0,,113.0,2.0,,61.0,0.0,61.0,99.0,71.0,0.0,71.0,111.0,34.0,5.0,29.0,98.0,35.0,3.0,32.0,101.0,4.0,,4.0,,36.0,58.0,5.0,1.0,1.0,3.0,13.0,17.0,102.0,17.0,102.0,23.0,96.0,94.0,198.0,196.0,98.0,97.0,3.0,72.0,4.0,4.0,41.0,116.0,505.0,6.0,5.0,35.0,2.0,33.0,117.0,31.0,4.0,27.0,107.0,,,,,,115.0,2.0,113.0,133.0,0.0,133.0,168.0,3.0,165.0,26.0,56.0,33.0,116.0,58.0,112.0,519.0,31.0,102.0,503.0,25.0,107.0,510.0,25.0,120.0,520.0,90.0,1.0,,77.0,2.0,,71.0,0.0,71.0,103.0,63.0,1.0,62.0,92.0,43.0,2.0,41.0,108.0,43.0,3.0,40.0,107.0,1.0,,3.0,,46.0,65.0,7.0,2.0,2.0,9.0,15.0,26.0,120.0,26.0,125.0,35.0,114.0,117.0,234.0,242.0,120.0,125.0,3.0,106.0,4.0,4.0,46.0,118.0,514.0,6.0,7.0,30.0,3.0,27.0,102.0,35.0,2.0,33.0,108.0,,,,,,
67,2.0,2.0,33.0,3.0,30.0,25.0,4.0,21.0,37.0,6.0,31.0,21.0,54.0,22.0,106.0,26.0,95.0,416.0,12.0,88.0,442.0,10.0,108.0,474.0,16.0,112.0,489.0,0.0,156.0,0.0,234.0,24.0,4.0,20.0,84.0,22.0,7.0,15.0,79.0,14.0,0.0,14.0,96.0,12.0,0.0,12.0,93.0,2.0,4.0,28.0,55.0,5.0,6.0,3.0,4.0,2.0,10.0,114.0,11.0,125.0,15.0,98.0,108.0,212.0,233.0,106.0,119.0,17.0,102.0,462.0,3.0,1.0,11.0,1.0,10.0,105.0,12.0,3.0,9.0,99.0,,,,,,2.0,2.0,90.0,1.0,89.0,62.0,8.0,54.0,68.0,0.0,68.0,25.0,60.0,22.0,94.0,43.0,103.0,477.0,23.0,97.0,480.0,13.0,99.0,482.0,20.0,117.0,502.0,173.0,4.0,113.0,4.0,52.0,1.0,51.0,95.0,45.0,1.0,44.0,87.0,22.0,7.0,15.0,84.0,18.0,8.0,10.0,76.0,2.0,4.0,36.0,62.0,2.0,6.0,2.0,3.0,3.0,7.0,96.0,8.0,103.0,19.0,93.0,97.0,189.0,200.0,93.0,99.0,33.0,110.0,490.0,3.0,2.0,13.0,3.0,10.0,84.0,19.0,1.0,18.0,98.0,,,,,,95.0,2.0,93.0,87.0,0.0,87.0,119.0,0.0,119.0,26.0,56.0,27.0,95.0,51.0,101.0,500.0,29.0,99.0,497.0,24.0,106.0,508.0,26.0,125.0,523.0,118.0,4.0,,124.0,3.0,,62.0,1.0,61.0,91.0,67.0,4.0,63.0,94.0,36.0,13.0,23.0,86.0,40.0,16.0,24.0,87.0,3.0,,3.0,,38.0,56.0,9.0,3.0,3.0,2.0,14.0,19.0,104.0,19.0,107.0,25.0,94.0,99.0,198.0,206.0,98.0,103.0,2.0,19.0,1.0,1.0,39.0,107.0,502.0,3.0,1.0,29.0,0.0,29.0,111.0,30.0,0.0,30.0,101.0,,,,,,110.0,2.0,108.0,112.0,4.0,108.0,120.0,3.0,117.0,28.0,57.0,27.0,96.0,53.0,100.0,506.0,32.0,103.0,506.0,17.0,94.0,491.0,25.0,118.0,520.0,127.0,3.0,,125.0,1.0,,59.0,0.0,59.0,85.0,53.0,0.0,53.0,80.0,32.0,6.0,26.0,86.0,31.0,9.0,22.0,81.0,1.0,,3.0,,44.0,59.0,7.0,1.0,1.0,6.0,17.0,24.0,113.0,24.0,116.0,26.0,91.0,92.0,204.0,208.0,101.0,104.0,2.0,83.0,4.0,4.0,43.0,109.0,509.0,7.0,6.0,22.0,1.0,21.0,91.0,26.0,0.0,26.0,94.0,3.0,,,,,
68,2.0,2.0,123.0,1.0,122.0,101.0,0.0,101.0,106.0,1.0,105.0,19.0,51.0,26.0,132.0,50.0,142.0,497.0,23.0,126.0,480.0,22.0,137.0,502.0,16.0,118.0,489.0,2.0,98.0,1.0,63.0,63.0,2.0,61.0,137.0,59.0,2.0,57.0,133.0,30.0,3.0,27.0,121.0,31.0,1.0,30.0,124.0,1.0,2.0,23.0,51.0,6.0,1.0,1.0,1.0,2.0,9.0,114.0,9.0,113.0,23.0,131.0,125.0,245.0,238.0,127.0,122.0,30.0,124.0,485.0,3.0,1.0,33.0,0.0,33.0,135.0,34.0,0.0,34.0,128.0,,,,,,2.0,2.0,,,,,,,,,,,,,,,,,,,,,,,,,,,,,,,,,,,,,,,,,,,,,,,,,,,,,,,,,,,,,,,,,,,,,,,,,,,,,,,,,,4.5,,,,,,,,,,,,,,,,,,,,,,,,,,,,,,,,,,,,,,,,,,,,,,,,,,,,,,,,,,,,,,,,,,,,,,,,,,,,,,,,,,,,,,,,2.5,2.5,3.0,4.0,,167.0,2.0,165.0,145.0,5.0,140.0,192.0,6.0,186.0,25.0,53.0,39.0,138.0,65.0,127.0,539.0,33.0,112.0,509.0,30.0,122.0,530.0,27.0,129.0,527.0,49.0,3.0,,41.0,3.0,,79.0,1.0,78.0,115.0,78.0,0.0,78.0,115.0,42.0,3.0,39.0,106.0,50.0,2.0,48.0,117.0,0.0,,4.0,,42.0,61.0,5.0,1.0,1.0,5.0,17.0,23.0,114.0,23.0,114.0,32.0,110.0,110.0,224.0,224.0,113.0,113.0,3.0,60.0,4.0,4.0,46.0,120.0,514.0,3.0,5.0,42.0,0.0,42.0,126.0,40.0,1.0,39.0,118.0,4.0,4.0,,,,
69,2.0,1.0,99.0,1.0,98.0,100.0,1.0,99.0,104.0,0.0,104.0,20.0,56.0,23.0,126.0,46.0,141.0,486.0,18.0,120.0,465.0,22.0,141.0,502.0,16.0,120.0,489.0,1.0,100.0,2.0,82.0,60.0,0.0,60.0,138.0,59.0,0.0,59.0,137.0,32.0,4.0,28.0,126.0,28.0,3.0,25.0,123.0,1.0,4.0,29.0,61.0,4.0,0.0,0.0,0.0,1.0,5.0,100.0,5.0,96.0,21.0,133.0,119.0,233.0,215.0,119.0,108.0,30.0,127.0,485.0,0.0,1.0,25.0,1.0,24.0,125.0,22.0,0.0,22.0,111.0,,,3.5,2.5,88.0,2.0,1.0,146.0,1.0,145.0,131.0,2.0,129.0,123.0,1.0,122.0,22.0,54.0,25.0,114.0,55.0,129.0,511.0,27.0,115.0,491.0,26.0,125.0,513.0,23.0,133.0,513.0,76.0,4.0,56.0,3.0,64.0,0.0,64.0,121.0,68.0,0.0,68.0,125.0,42.0,2.0,40.0,122.0,42.0,3.0,39.0,121.0,1.0,3.0,30.0,56.0,8.0,4.0,2.0,1.0,2.0,12.0,115.0,11.0,112.0,27.0,121.0,117.0,236.0,229.0,121.0,117.0,38.0,123.0,500.0,5.0,4.0,39.0,1.0,38.0,128.0,39.0,1.0,38.0,118.0,3.0,5.0,4.0,3.0,,161.0,3.0,158.0,144.0,0.0,144.0,142.0,1.0,141.0,23.0,55.0,31.0,120.0,60.0,125.0,525.0,32.0,117.0,506.0,27.0,119.0,517.0,21.0,119.0,506.0,66.0,2.0,,83.0,4.0,,63.0,0.0,63.0,109.0,70.0,0.0,70.0,117.0,37.0,3.0,34.0,108.0,37.0,3.0,34.0,108.0,3.0,,3.0,,36.0,62.0,9.0,3.0,3.0,5.0,19.0,27.0,137.0,27.0,135.0,31.0,123.0,113.0,260.0,248.0,138.0,129.0,3.0,68.0,4.0,4.0,42.0,122.0,507.0,4.0,3.0,38.0,2.0,36.0,122.0,39.0,0.0,39.0,116.0,4.5,5.0,4.0,3.5,,139.0,0.0,139.0,154.0,2.0,152.0,162.0,2.0,160.0,25.0,55.0,30.0,111.0,60.0,119.0,525.0,36.0,123.0,518.0,26.0,112.0,513.0,23.0,119.0,513.0,45.0,2.0,,70.0,1.0,,76.0,1.0,75.0,109.0,78.0,2.0,76.0,111.0,47.0,1.0,46.0,115.0,50.0,2.0,48.0,117.0,1.0,,2.0,,42.0,64.0,11.0,4.0,4.0,7.0,14.0,25.0,123.0,25.0,121.0,34.0,119.0,114.0,242.0,235.0,125.0,120.0,3.0,71.0,4.0,4.0,44.0,120.0,511.0,9.0,6.0,45.0,1.0,44.0,128.0,37.0,1.0,36.0,113.0,5.0,5.0,,5.0,,
70,2.0,2.0,22.0,6.0,16.0,23.0,5.0,18.0,17.0,5.0,12.0,19.0,46.0,21.0,98.0,28.0,92.0,423.0,16.0,92.0,458.0,11.0,104.0,477.0,17.0,113.0,492.0,0.0,330.0,1.0,145.0,23.0,3.0,20.0,77.0,24.0,5.0,19.0,76.0,15.0,6.0,9.0,84.0,12.0,4.0,8.0,82.0,0.0,2.0,28.0,53.0,4.0,4.0,2.0,2.0,1.0,7.0,101.0,7.0,104.0,16.0,96.0,105.0,197.0,209.0,97.0,104.0,18.0,99.0,464.0,0.0,3.0,10.0,2.0,8.0,100.0,7.0,3.0,4.0,80.0,,,3.5,3.5,59.0,2.0,2.0,,,,,,,,,,,,,,,,,,,,,,,,,,,,,,,,,,,,,,,,,,,,,,,,,,,,,,,,,,,,,,,,,,,,,,,,,,,,,,,,,,,,,,,,,,,,,,,,,,,,,,,,,,,,,,,,,,,,,,,,,,,,,,,,,,,,,,,,,,,,,,,,,,,,,,,,,,,,,,,,,,,,,,,,,,,,,,,,,,,,,,,,,,,,,,,,,,,,,,,,,,,,,,,,,,,,,,,,,,,,,,,,,,,,,,,,,,,,,,,,,,,,,,,,,,,,,,,,,,,,,,,,,,
71,2.0,1.0,60.0,5.0,55.0,55.0,2.0,53.0,58.0,3.0,55.0,17.0,41.0,19.0,87.0,35.0,99.0,449.0,19.0,96.0,469.0,12.0,103.0,480.0,14.0,101.0,482.0,2.0,147.0,2.0,100.0,51.0,5.0,46.0,101.0,42.0,3.0,39.0,95.0,27.0,10.0,17.0,96.0,20.0,8.0,12.0,88.0,0.0,2.0,25.0,47.0,4.0,3.0,1.0,2.0,0.0,5.0,92.0,6.0,100.0,16.0,91.0,105.0,183.0,205.0,90.0,102.0,22.0,101.0,471.0,3.0,2.0,27.0,3.0,24.0,125.0,26.0,2.0,24.0,114.0,,,4.0,3.0,81.0,2.0,1.0,132.0,0.0,132.0,135.0,2.0,133.0,122.0,3.0,119.0,19.0,43.0,26.0,103.0,43.0,95.0,477.0,25.0,95.0,486.0,25.0,111.0,510.0,18.0,105.0,496.0,95.0,3.0,59.0,3.0,70.0,2.0,68.0,108.0,71.0,4.0,67.0,106.0,44.0,10.0,34.0,104.0,51.0,10.0,41.0,112.0,2.0,3.0,22.0,37.0,1.0,7.0,2.0,3.0,0.0,3.0,79.0,4.0,85.0,21.0,91.0,98.0,170.0,183.0,83.0,90.0,30.0,98.0,485.0,3.0,3.0,36.0,1.0,35.0,123.0,37.0,1.0,36.0,116.0,3.0,3.5,4.0,4.0,,129.0,2.0,127.0,141.0,8.0,133.0,137.0,4.0,133.0,20.0,42.0,30.0,105.0,52.0,102.0,503.0,30.0,100.0,500.0,25.0,108.0,510.0,20.0,106.0,502.0,71.0,1.0,,87.0,1.0,,71.0,1.0,70.0,102.0,71.0,0.0,71.0,103.0,50.0,8.0,42.0,110.0,50.0,11.0,39.0,106.0,3.0,,3.0,,33.0,47.0,5.0,1.0,1.0,3.0,14.0,18.0,100.0,18.0,104.0,27.0,96.0,103.0,196.0,207.0,97.0,103.0,2.0,41.0,2.0,3.0,38.0,105.0,500.0,6.0,3.0,38.0,1.0,37.0,124.0,28.0,4.0,24.0,96.0,3.5,3.5,3.5,4.5,,110.0,4.0,106.0,141.0,1.0,140.0,164.0,1.0,163.0,24.0,48.0,30.0,101.0,56.0,104.0,514.0,29.0,95.0,497.0,28.0,113.0,520.0,17.0,92.0,492.0,51.0,2.0,,51.0,0.0,,72.0,0.0,72.0,102.0,82.0,1.0,81.0,115.0,50.0,2.0,48.0,114.0,49.0,4.0,45.0,110.0,0.0,,2.0,,33.0,43.0,5.0,1.0,1.0,1.0,17.0,19.0,99.0,19.0,102.0,29.0,96.0,102.0,195.0,204.0,96.0,101.0,2.0,31.0,1.0,2.0,39.0,100.0,502.0,3.0,6.0,35.0,5.0,30.0,108.0,34.0,2.0,32.0,107.0,4.0,3.0,,5.0,,1.0
72,2.0,1.0,67.0,0.0,67.0,81.0,14.0,67.0,64.0,1.0,63.0,20.0,56.0,22.0,122.0,37.0,129.0,457.0,20.0,124.0,472.0,19.0,137.0,495.0,14.0,113.0,482.0,1.0,181.0,3.0,69.0,49.0,2.0,47.0,126.0,47.0,6.0,41.0,118.0,26.0,2.0,24.0,122.0,29.0,5.0,24.0,122.0,0.0,3.0,24.0,52.0,7.0,4.0,3.0,2.0,1.0,11.0,123.0,10.0,118.0,17.0,122.0,108.0,245.0,226.0,127.0,115.0,22.0,119.0,471.0,2.0,2.0,25.0,2.0,23.0,123.0,23.0,0.0,23.0,113.0,,,4.0,3.5,88.0,2.0,1.0,165.0,14.0,151.0,117.0,1.0,116.0,99.0,3.0,96.0,21.0,54.0,26.0,118.0,48.0,122.0,491.0,24.0,110.0,483.0,24.0,123.0,508.0,16.0,110.0,489.0,114.0,2.0,41.0,3.0,64.0,1.0,63.0,121.0,65.0,2.0,63.0,121.0,34.0,1.0,33.0,118.0,36.0,3.0,33.0,118.0,0.0,2.0,23.0,45.0,2.0,6.0,3.0,2.0,1.0,6.0,95.0,5.0,90.0,22.0,109.0,101.0,204.0,191.0,101.0,94.0,30.0,114.0,485.0,3.0,2.0,32.0,2.0,30.0,115.0,31.0,1.0,30.0,107.0,2.5,4.5,4.0,3.0,,,,,,,,,,,,,,,,,,,,,,,,,,,,,,,,,,,,,,,,,,,,,,,,,,,,,,,,,,,,,,,,,,,,,,,,,,,,,,,,,,,,,,,,,,,,,166.0,3.0,163.0,141.0,3.0,138.0,194.0,3.0,191.0,24.0,53.0,30.0,111.0,57.0,114.0,516.0,32.0,111.0,506.0,26.0,112.0,513.0,18.0,103.0,496.0,57.0,3.0,,69.0,1.0,,79.0,1.0,78.0,115.0,70.0,1.0,69.0,101.0,43.0,5.0,38.0,105.0,44.0,4.0,40.0,107.0,1.0,,2.0,,38.0,59.0,12.0,4.0,4.0,3.0,17.0,24.0,120.0,24.0,118.0,36.0,123.0,119.0,243.0,237.0,126.0,121.0,3.0,67.0,4.0,4.0,42.0,116.0,507.0,4.0,5.0,33.0,4.0,29.0,106.0,36.0,3.0,33.0,108.0,0.0,4.0,,,,
73,2.0,2.0,57.0,2.0,55.0,62.0,1.0,61.0,52.0,3.0,49.0,16.0,44.0,22.0,118.0,35.0,119.0,449.0,16.0,107.0,458.0,10.0,118.0,474.0,17.0,120.0,492.0,0.0,98.0,3.0,55.0,42.0,4.0,38.0,112.0,40.0,2.0,38.0,112.0,16.0,2.0,14.0,104.0,16.0,3.0,13.0,102.0,0.0,3.0,18.0,41.0,2.0,3.0,2.0,2.0,0.0,4.0,92.0,4.0,90.0,17.0,109.0,108.0,201.0,198.0,99.0,98.0,20.0,112.0,467.0,1.0,0.0,17.0,1.0,16.0,114.0,21.0,2.0,19.0,107.0,,,4.0,5.0,81.0,2.0,2.0,116.0,2.0,114.0,114.0,1.0,113.0,95.0,4.0,91.0,24.0,61.0,21.0,97.0,43.0,110.0,477.0,26.0,109.0,488.0,16.0,108.0,489.0,18.0,114.0,496.0,80.0,3.0,34.0,2.0,63.0,3.0,60.0,117.0,63.0,4.0,59.0,116.0,38.0,13.0,25.0,106.0,41.0,15.0,26.0,107.0,1.0,3.0,31.0,56.0,6.0,7.0,4.0,3.0,3.0,13.0,117.0,12.0,116.0,22.0,105.0,101.0,222.0,217.0,112.0,109.0,33.0,114.0,490.0,2.0,2.0,20.0,4.0,16.0,94.0,19.0,2.0,17.0,90.0,3.5,3.0,3.5,3.0,,117.0,7.0,110.0,111.0,9.0,102.0,123.0,5.0,118.0,24.0,55.0,25.0,96.0,48.0,104.0,491.0,30.0,108.0,500.0,16.0,99.0,489.0,21.0,116.0,506.0,81.0,2.0,,98.0,3.0,,65.0,1.0,64.0,103.0,66.0,0.0,66.0,105.0,39.0,10.0,29.0,98.0,40.0,15.0,25.0,93.0,3.0,,4.0,,32.0,52.0,7.0,2.0,2.0,4.0,10.0,16.0,100.0,16.0,100.0,29.0,111.0,108.0,211.0,208.0,105.0,104.0,2.0,40.0,3.0,3.0,34.0,106.0,492.0,4.0,2.0,24.0,3.0,21.0,98.0,25.0,0.0,25.0,97.0,3.5,4.5,3.0,3.0,,136.0,4.0,132.0,106.0,9.0,97.0,175.0,13.0,162.0,25.0,53.0,31.0,110.0,56.0,110.0,514.0,30.0,101.0,500.0,21.0,101.0,500.0,25.0,122.0,520.0,59.0,3.0,,71.0,2.0,,69.0,1.0,68.0,100.0,73.0,0.0,73.0,106.0,44.0,10.0,34.0,100.0,50.0,18.0,32.0,97.0,2.0,,3.0,,44.0,62.0,7.0,2.0,1.0,4.0,11.0,17.0,97.0,16.0,94.0,30.0,103.0,102.0,200.0,196.0,99.0,97.0,1.0,95.0,4.0,4.0,39.0,107.0,502.0,6.0,4.0,29.0,0.0,29.0,106.0,29.0,1.0,28.0,98.0,,4.0,,,,
74,1.0,2.0,31.0,6.0,25.0,23.0,6.0,17.0,25.0,7.0,18.0,19.0,48.0,19.0,92.0,31.0,101.0,434.0,16.0,96.0,458.0,7.0,101.0,464.0,16.0,111.0,489.0,0.0,90.0,2.0,150.0,27.0,8.0,19.0,83.0,22.0,7.0,15.0,79.0,18.0,9.0,9.0,88.0,19.0,11.0,8.0,86.0,2.0,4.0,24.0,49.0,5.0,6.0,3.0,3.0,0.0,8.0,107.0,8.0,108.0,15.0,98.0,102.0,205.0,210.0,102.0,105.0,19.0,104.0,466.0,1.0,0.0,7.0,2.0,5.0,94.0,12.0,1.0,11.0,94.0,,,5.0,4.0,51.0,1.0,2.0,70.0,3.0,67.0,80.0,5.0,75.0,73.0,6.0,67.0,24.0,58.0,22.0,94.0,35.0,91.0,449.0,23.0,97.0,480.0,9.0,93.0,471.0,19.0,113.0,499.0,87.0,2.0,54.0,2.0,61.0,9.0,52.0,96.0,62.0,7.0,55.0,99.0,43.0,30.0,13.0,81.0,42.0,33.0,9.0,75.0,1.0,3.0,29.0,51.0,5.0,3.0,1.0,1.0,1.0,7.0,96.0,7.0,97.0,22.0,100.0,101.0,196.0,198.0,97.0,98.0,24.0,96.0,474.0,1.0,5.0,26.0,7.0,19.0,99.0,22.0,1.0,21.0,95.0,3.5,3.5,3.0,3.5,,78.0,5.0,73.0,61.0,6.0,55.0,106.0,2.0,104.0,26.0,58.0,25.0,92.0,44.0,94.0,480.0,25.0,93.0,486.0,15.0,95.0,487.0,23.0,118.0,513.0,120.0,3.0,,104.0,3.0,,67.0,4.0,63.0,94.0,71.0,10.0,61.0,91.0,35.0,17.0,18.0,80.0,45.0,29.0,16.0,77.0,3.0,,4.0,,44.0,67.0,8.0,2.0,2.0,1.0,12.0,15.0,97.0,15.0,97.0,22.0,90.0,90.0,187.0,187.0,92.0,92.0,2.0,35.0,2.0,3.0,33.0,99.0,490.0,3.0,2.0,23.0,2.0,21.0,98.0,22.0,2.0,20.0,90.0,3.5,4.0,3.5,4.0,,111.0,6.0,105.0,130.0,15.0,115.0,137.0,2.0,135.0,26.0,53.0,26.0,93.0,49.0,96.0,494.0,35.0,114.0,515.0,13.0,90.0,482.0,27.0,124.0,527.0,110.0,3.0,,113.0,2.0,,68.0,2.0,66.0,94.0,73.0,6.0,67.0,95.0,31.0,12.0,19.0,78.0,30.0,15.0,15.0,73.0,3.0,,1.0,,45.0,60.0,12.0,4.0,4.0,3.0,10.0,17.0,95.0,17.0,97.0,25.0,89.0,90.0,184.0,187.0,90.0,92.0,3.0,63.0,4.0,4.0,39.0,103.0,502.0,5.0,4.0,22.0,2.0,20.0,89.0,29.0,3.0,26.0,94.0,3.5,,,4.0,,0.0
75,2.0,1.0,42.0,4.0,38.0,33.0,4.0,29.0,54.0,16.0,38.0,17.0,46.0,21.0,108.0,36.0,117.0,453.0,18.0,108.0,465.0,14.0,120.0,484.0,14.0,108.0,482.0,0.0,273.0,0.0,170.0,30.0,5.0,25.0,95.0,32.0,3.0,29.0,98.0,18.0,1.0,17.0,104.0,21.0,8.0,13.0,98.0,0.0,2.0,20.0,44.0,5.0,2.0,2.0,1.0,2.0,9.0,112.0,8.0,108.0,16.0,107.0,105.0,219.0,213.0,110.0,106.0,26.0,116.0,477.0,4.0,5.0,17.0,0.0,17.0,115.0,16.0,1.0,15.0,100.0,,,3.5,3.5,75.0,2.0,1.0,96.0,2.0,94.0,76.0,16.0,60.0,93.0,3.0,90.0,18.0,44.0,22.0,97.0,45.0,111.0,483.0,23.0,101.0,480.0,22.0,115.0,502.0,14.0,100.0,482.0,134.0,1.0,70.0,1.0,59.0,0.0,59.0,109.0,63.0,3.0,60.0,110.0,37.0,6.0,31.0,108.0,35.0,6.0,29.0,106.0,1.0,2.0,22.0,42.0,3.0,3.0,1.0,1.0,2.0,6.0,94.0,6.0,94.0,18.0,96.0,89.0,190.0,183.0,94.0,90.0,31.0,110.0,486.0,6.0,4.0,18.0,1.0,17.0,95.0,19.0,2.0,17.0,90.0,3.0,3.0,4.0,3.0,,93.0,2.0,91.0,84.0,2.0,82.0,110.0,11.0,99.0,22.0,50.0,28.0,106.0,50.0,108.0,497.0,27.0,100.0,491.0,24.0,111.0,508.0,15.0,97.0,485.0,85.0,1.0,,94.0,0.0,,66.0,3.0,63.0,102.0,63.0,0.0,63.0,102.0,33.0,7.0,26.0,94.0,39.0,8.0,31.0,100.0,1.0,,4.0,,27.0,45.0,1.0,1.0,0.0,4.0,15.0,20.0,110.0,19.0,107.0,22.0,93.0,90.0,203.0,197.0,100.0,98.0,2.0,22.0,2.0,2.0,33.0,104.0,490.0,5.0,6.0,26.0,2.0,24.0,103.0,25.0,2.0,23.0,94.0,1.0,3.0,2.5,3.5,,95.0,5.0,90.0,97.0,3.0,94.0,125.0,5.0,120.0,24.0,51.0,29.0,105.0,55.0,109.0,511.0,28.0,97.0,494.0,23.0,105.0,505.0,17.0,97.0,492.0,80.0,1.0,,86.0,0.0,,64.0,1.0,63.0,94.0,68.0,0.0,68.0,100.0,33.0,4.0,29.0,94.0,36.0,2.0,34.0,100.0,0.0,,2.0,,34.0,50.0,7.0,2.0,2.0,5.0,15.0,22.0,111.0,22.0,111.0,27.0,99.0,97.0,210.0,208.0,105.0,104.0,3.0,60.0,4.0,4.0,36.0,102.0,496.0,6.0,6.0,33.0,0.0,33.0,113.0,26.0,6.0,20.0,88.0,3.0,4.0,,5.0,,
76,2.0,2.0,78.0,2.0,76.0,91.0,1.0,90.0,82.0,20.0,62.0,20.0,54.0,26.0,127.0,37.0,119.0,457.0,17.0,106.0,462.0,17.0,124.0,491.0,14.0,108.0,482.0,2.0,39.0,1.0,25.0,52.0,3.0,49.0,114.0,53.0,4.0,49.0,114.0,20.0,7.0,13.0,98.0,21.0,5.0,16.0,103.0,0.0,3.0,26.0,54.0,8.0,7.0,4.0,4.0,2.0,14.0,129.0,14.0,134.0,18.0,112.0,111.0,241.0,245.0,124.0,127.0,23.0,113.0,472.0,3.0,5.0,31.0,2.0,29.0,131.0,31.0,6.0,25.0,115.0,,,4.5,4.0,81.0,2.0,2.0,154.0,13.0,141.0,131.0,0.0,131.0,108.0,0.0,108.0,19.0,46.0,27.0,113.0,47.0,114.0,489.0,29.0,115.0,497.0,23.0,116.0,505.0,19.0,116.0,499.0,70.0,3.0,28.0,1.0,68.0,1.0,67.0,117.0,70.0,3.0,67.0,117.0,41.0,5.0,36.0,114.0,45.0,3.0,42.0,120.0,2.0,2.0,24.0,45.0,6.0,4.0,2.0,1.0,3.0,11.0,112.0,10.0,108.0,22.0,105.0,101.0,217.0,209.0,109.0,104.0,33.0,113.0,490.0,6.0,6.0,37.0,3.0,34.0,121.0,40.0,1.0,39.0,120.0,4.0,4.5,4.5,5.0,,,,,,,,,,,,,,,,,,,,,,,,,,,,,,,,,,,,,,,,,,,,,,,,,,,,,,,,,,,,,,,,,,,,,,,,,,,,,,,,,,,,,,,,4.0,4.0,3.5,4.0,,113.0,2.0,111.0,117.0,2.0,115.0,143.0,0.0,143.0,23.0,49.0,33.0,116.0,57.0,112.0,516.0,32.0,108.0,506.0,27.0,113.0,517.0,23.0,116.0,513.0,60.0,1.0,,65.0,3.0,,78.0,1.0,77.0,113.0,83.0,1.0,82.0,121.0,50.0,6.0,44.0,112.0,52.0,9.0,43.0,111.0,3.0,,2.0,,31.0,46.0,9.0,3.0,3.0,8.0,12.0,23.0,114.0,23.0,114.0,35.0,117.0,117.0,231.0,231.0,118.0,118.0,3.0,103.0,4.0,4.0,43.0,115.0,509.0,7.0,5.0,38.0,3.0,35.0,116.0,34.0,5.0,29.0,102.0,4.5,4.5,,,,
77,2.0,2.0,134.0,1.0,133.0,112.0,1.0,111.0,117.0,2.0,115.0,17.0,44.0,23.0,121.0,44.0,131.0,480.0,25.0,126.0,486.0,21.0,132.0,500.0,16.0,117.0,489.0,2.0,121.0,2.0,56.0,59.0,1.0,58.0,134.0,60.0,1.0,59.0,135.0,31.0,2.0,29.0,123.0,29.0,4.0,25.0,119.0,0.0,3.0,31.0,62.0,1.0,3.0,2.0,2.0,2.0,5.0,96.0,5.0,96.0,18.0,112.0,111.0,208.0,207.0,104.0,103.0,29.0,121.0,483.0,1.0,2.0,35.0,2.0,33.0,135.0,36.0,2.0,34.0,128.0,,,3.5,3.5,88.0,2.0,2.0,156.0,4.0,152.0,174.0,3.0,171.0,128.0,3.0,125.0,20.0,49.0,29.0,125.0,53.0,124.0,506.0,31.0,122.0,503.0,25.0,121.0,510.0,19.0,118.0,499.0,47.0,3.0,35.0,2.0,74.0,1.0,73.0,130.0,73.0,2.0,71.0,128.0,48.0,7.0,41.0,123.0,49.0,6.0,43.0,125.0,2.0,3.0,27.0,50.0,6.0,4.0,2.0,1.0,0.0,8.0,102.0,7.0,97.0,26.0,115.0,114.0,217.0,211.0,109.0,105.0,31.0,112.0,486.0,1.0,3.0,43.0,3.0,40.0,132.0,43.0,2.0,41.0,123.0,3.0,4.0,4.0,4.5,,159.0,6.0,153.0,134.0,4.0,130.0,140.0,2.0,138.0,24.0,55.0,30.0,112.0,57.0,119.0,516.0,32.0,115.0,506.0,26.0,115.0,513.0,18.0,107.0,496.0,56.0,3.0,,84.0,2.0,,59.0,0.0,59.0,103.0,64.0,0.0,64.0,110.0,42.0,2.0,40.0,115.0,48.0,0.0,48.0,123.0,2.0,,4.0,,31.0,53.0,3.0,1.0,1.0,5.0,15.0,21.0,114.0,21.0,113.0,30.0,116.0,110.0,230.0,223.0,118.0,113.0,2.0,56.0,4.0,4.0,36.0,111.0,496.0,2.0,3.0,43.0,3.0,40.0,129.0,40.0,2.0,38.0,115.0,2.0,3.5,4.0,3.5,,144.0,3.0,141.0,147.0,4.0,143.0,154.0,9.0,145.0,25.0,53.0,34.0,123.0,56.0,111.0,514.0,30.0,102.0,500.0,24.0,107.0,508.0,24.0,120.0,516.0,63.0,3.0,,66.0,1.0,,72.0,0.0,72.0,105.0,67.0,0.0,67.0,98.0,47.0,9.0,38.0,105.0,46.0,7.0,39.0,106.0,3.0,,2.0,,40.0,58.0,7.0,2.0,2.0,4.0,15.0,21.0,109.0,21.0,108.0,32.0,110.0,110.0,219.0,218.0,110.0,109.0,2.0,28.0,2.0,1.0,45.0,118.0,512.0,5.0,8.0,43.0,1.0,42.0,126.0,39.0,4.0,35.0,112.0,3.0,4.0,,3.0,,
78,2.0,2.0,101.0,2.0,99.0,118.0,1.0,117.0,119.0,1.0,118.0,16.0,44.0,30.0,143.0,57.0,141.0,516.0,24.0,119.0,483.0,24.0,131.0,508.0,18.0,121.0,496.0,2.0,93.0,3.0,65.0,59.0,0.0,59.0,123.0,58.0,0.0,58.0,122.0,33.0,1.0,32.0,121.0,32.0,1.0,31.0,120.0,0.0,3.0,19.0,42.0,1.0,3.0,2.0,2.0,,,,,,31.0,145.0,31.0,,,,,29.0,118.0,483.0,1.0,0.0,40.0,0.0,40.0,142.0,37.0,0.0,37.0,132.0,,,2.0,3.0,88.0,2.0,2.0,,,,,,,,,,,,,,,,,,,,,,,,,,,,,,,,,,,,,,,,,,,,,,,,,,,,,,,,,,,,,,,,,,,,,,,,,,,,,,,3.0,1.5,4.0,4.0,,,,,,,,,,,,,,,,,,,,,,,,,,,,,,,,,,,,,,,,,,,,,,,,,,,,,,,,,,,,,,,,,,,,,,,,,,,,,,,,,,,,,,,,3.5,3.5,4.0,4.0,,,,,,,,,,,,,,,,,,,,,,,,,,,,,,,,,,,,,,,,,,,,,,,,,,,,,,,,,,,,,,,,,,,,,,,,,,,,,,,,,,,,,,,,,,,,,
79,2.0,2.0,86.0,2.0,84.0,95.0,15.0,80.0,82.0,3.0,79.0,15.0,38.0,24.0,100.0,37.0,100.0,457.0,18.0,92.0,465.0,16.0,107.0,489.0,14.0,100.0,482.0,1.0,51.0,0.0,37.0,44.0,4.0,40.0,87.0,46.0,4.0,42.0,89.0,24.0,8.0,16.0,90.0,21.0,14.0,7.0,76.0,0.0,1.0,18.0,36.0,5.0,2.0,1.0,1.0,0.0,6.0,96.0,6.0,100.0,20.0,101.0,116.0,197.0,216.0,97.0,108.0,22.0,99.0,471.0,2.0,0.0,28.0,0.0,28.0,130.0,20.0,0.0,20.0,108.0,,,4.0,4.0,88.0,2.0,2.0,,,,,,,,,,,,,,,,,,,,,,,,,,,,,,,,,,,,,,,,,,,,,,,,,,,,,,,,,,,,,,,,,,,,,,,,,,,,,,,,,,,,,,,,,,,,,,,,,,,,,,,,,,,,,,,,,,,,,,,,,,,,,,,,,,,,,,,,,,,,,,,,,,,,,,,,,,,,,,,,,,,,,,,,,,,,,,,,,,,,,,,,,,,,,,,,,,,,,,,,,,,,,,,,,,,,,,,,,,,,,,,,,,,,,,,,,,,,,,,,,,,,,,,,,,,,,,,,,,,,,,,,,,
80,2.0,2.0,96.0,0.0,96.0,96.0,1.0,95.0,93.0,0.0,93.0,22.0,57.0,28.0,123.0,50.0,126.0,497.0,27.0,117.0,491.0,21.0,120.0,500.0,20.0,124.0,502.0,3.0,129.0,4.0,94.0,49.0,0.0,49.0,109.0,54.0,0.0,54.0,114.0,28.0,5.0,23.0,107.0,24.0,3.0,21.0,105.0,3.0,3.0,30.0,58.0,4.0,5.0,2.0,3.0,0.0,6.0,99.0,7.0,104.0,26.0,126.0,132.0,225.0,236.0,114.0,121.0,35.0,121.0,494.0,5.0,4.0,37.0,0.0,37.0,139.0,32.0,2.0,30.0,122.0,,,3.5,4.5,97.0,2.0,2.0,144.0,4.0,140.0,135.0,1.0,134.0,121.0,4.0,117.0,23.0,55.0,31.0,123.0,61.0,127.0,527.0,33.0,121.0,509.0,26.0,117.0,513.0,24.0,129.0,516.0,86.0,4.0,53.0,4.0,66.0,0.0,66.0,112.0,68.0,0.0,68.0,114.0,38.0,5.0,33.0,107.0,47.0,4.0,43.0,118.0,4.0,3.0,33.0,57.0,4.0,7.0,2.0,3.0,5.0,11.0,109.0,12.0,116.0,34.0,130.0,138.0,239.0,254.0,123.0,133.0,43.0,124.0,509.0,3.0,5.0,37.0,1.0,36.0,125.0,37.0,1.0,36.0,116.0,5.0,5.0,6.0,6.0,,,,,,,,,,,,,,,,,,,,,,,,,,,,,,,,,,,,,,,,,,,,,,,,,,,,,,,,,,,,,,,,,,,,,,,,,,,,,,,,,,,,,,,,5.0,5.5,5.0,5.0,,,,,,,,,,,,,,,,,,,,,,,,,,,,,,,,,,,,,,,,,,,,,,,,,,,,,,,,,,,,,,,,,,,,,,,,,,,,,,,,,,,,,,,,,,,,,
81,2.0,1.0,12.0,5.0,7.0,16.0,5.0,11.0,17.0,3.0,14.0,20.0,54.0,21.0,108.0,29.0,107.0,427.0,15.0,101.0,454.0,16.0,123.0,489.0,13.0,105.0,478.0,0.0,600.0,1.0,300.0,18.0,0.0,18.0,88.0,15.0,1.0,14.0,84.0,11.0,1.0,10.0,94.0,11.0,1.0,10.0,94.0,0.0,1.0,24.0,50.0,1.0,1.0,1.0,1.0,0.0,2.0,82.0,2.0,79.0,17.0,109.0,108.0,191.0,187.0,94.0,92.0,18.0,108.0,464.0,1.0,0.0,4.0,0.0,4.0,90.0,4.0,1.0,3.0,78.0,,,2.5,1.5,38.0,2.0,1.0,63.0,1.0,62.0,62.0,2.0,60.0,65.0,2.0,63.0,20.0,49.0,22.0,97.0,43.0,107.0,477.0,23.0,100.0,480.0,24.0,117.0,508.0,19.0,116.0,499.0,288.0,1.0,166.0,2.0,44.0,0.0,44.0,91.0,42.0,2.0,40.0,87.0,23.0,3.0,20.0,95.0,21.0,1.0,20.0,95.0,1.0,3.0,29.0,53.0,5.0,1.0,1.0,0.0,2.0,8.0,101.0,7.0,97.0,24.0,110.0,107.0,211.0,204.0,105.0,101.0,29.0,107.0,483.0,3.0,3.0,14.0,1.0,13.0,89.0,16.0,1.0,15.0,87.0,,,4.0,3.0,,56.0,4.0,52.0,64.0,3.0,61.0,75.0,1.0,74.0,22.0,50.0,26.0,99.0,51.0,108.0,500.0,28.0,101.0,494.0,23.0,108.0,505.0,21.0,115.0,506.0,200.0,0.0,,236.0,2.0,,52.0,1.0,51.0,89.0,60.0,0.0,60.0,98.0,28.0,4.0,24.0,92.0,31.0,3.0,28.0,97.0,3.0,,1.0,,34.0,55.0,4.0,1.0,1.0,2.0,11.0,14.0,94.0,14.0,94.0,24.0,98.0,95.0,192.0,189.0,95.0,93.0,2.0,33.0,3.0,2.0,30.0,99.0,485.0,3.0,3.0,20.0,0.0,20.0,97.0,17.0,0.0,17.0,86.0,4.5,3.5,4.0,4.0,,72.0,1.0,71.0,95.0,2.0,93.0,128.0,1.0,127.0,22.0,47.0,28.0,102.0,58.0,113.0,519.0,30.0,101.0,500.0,29.0,118.0,525.0,23.0,116.0,513.0,112.0,2.0,,134.0,1.0,,64.0,0.0,64.0,95.0,58.0,1.0,57.0,86.0,37.0,2.0,35.0,101.0,32.0,0.0,32.0,97.0,2.0,,1.0,,37.0,54.0,4.0,1.0,1.0,2.0,14.0,17.0,98.0,17.0,98.0,29.0,104.0,102.0,202.0,200.0,100.0,99.0,2.0,42.0,3.0,3.0,40.0,108.0,503.0,5.0,5.0,23.0,1.0,22.0,93.0,21.0,2.0,19.0,87.0,4.5,4.0,4.0,4.0,,
82,2.0,2.0,65.0,7.0,58.0,44.0,6.0,38.0,47.0,6.0,41.0,18.0,49.0,21.0,114.0,37.0,126.0,457.0,18.0,116.0,465.0,11.0,124.0,477.0,16.0,118.0,489.0,0.0,59.0,2.0,51.0,39.0,8.0,31.0,105.0,46.0,8.0,38.0,112.0,29.0,15.0,14.0,104.0,8.0,2.0,6.0,89.0,0.0,2.0,19.0,44.0,5.0,2.0,2.0,1.0,1.0,8.0,111.0,7.0,104.0,16.0,112.0,105.0,223.0,209.0,113.0,104.0,22.0,116.0,471.0,2.0,3.0,23.0,3.0,20.0,120.0,25.0,3.0,22.0,111.0,,,4.0,3.5,97.0,2.0,2.0,157.0,2.0,155.0,131.0,1.0,130.0,117.0,0.0,117.0,23.0,58.0,25.0,111.0,46.0,117.0,486.0,27.0,114.0,491.0,21.0,116.0,500.0,16.0,108.0,489.0,93.0,3.0,73.0,3.0,69.0,1.0,68.0,125.0,69.0,0.0,69.0,126.0,27.0,5.0,22.0,102.0,35.0,5.0,30.0,111.0,2.0,2.0,26.0,50.0,7.0,2.0,1.0,1.0,2.0,10.0,109.0,10.0,108.0,25.0,116.0,110.0,225.0,218.0,114.0,109.0,29.0,111.0,483.0,5.0,4.0,32.0,4.0,28.0,112.0,37.0,3.0,34.0,113.0,3.0,3.5,4.0,4.0,,145.0,1.0,144.0,145.0,4.0,141.0,163.0,1.0,162.0,26.0,60.0,33.0,122.0,54.0,112.0,508.0,30.0,107.0,500.0,21.0,105.0,500.0,17.0,102.0,492.0,74.0,3.0,,94.0,2.0,,78.0,2.0,76.0,118.0,78.0,2.0,76.0,118.0,35.0,1.0,34.0,104.0,46.0,4.0,42.0,113.0,2.0,,3.0,,30.0,49.0,4.0,1.0,1.0,7.0,19.0,27.0,133.0,27.0,133.0,32.0,117.0,113.0,250.0,246.0,132.0,127.0,3.0,53.0,4.0,4.0,32.0,101.0,488.0,4.0,4.0,37.0,3.0,34.0,119.0,35.0,3.0,32.0,103.0,4.0,4.5,4.0,4.0,,142.0,3.0,139.0,153.0,2.0,151.0,155.0,1.0,154.0,25.0,55.0,32.0,117.0,56.0,111.0,514.0,28.0,98.0,494.0,23.0,105.0,505.0,18.0,101.0,496.0,70.0,1.0,,69.0,1.0,,79.0,1.0,78.0,115.0,78.0,2.0,76.0,111.0,42.0,8.0,34.0,100.0,47.0,9.0,38.0,105.0,2.0,,0.0,,40.0,58.0,8.0,2.0,2.0,2.0,16.0,20.0,106.0,20.0,104.0,34.0,115.0,112.0,221.0,216.0,111.0,108.0,2.0,46.0,3.0,3.0,32.0,97.0,488.0,8.0,8.0,38.0,2.0,36.0,117.0,39.0,3.0,36.0,113.0,4.0,4.0,,5.0,,
83,2.0,1.0,71.0,0.0,71.0,93.0,2.0,91.0,74.0,3.0,71.0,22.0,60.0,20.0,104.0,43.0,128.0,477.0,23.0,121.0,480.0,19.0,128.0,495.0,13.0,106.0,478.0,1.0,129.0,2.0,81.0,57.0,4.0,53.0,118.0,57.0,4.0,53.0,118.0,44.0,8.0,36.0,125.0,39.0,9.0,30.0,119.0,1.0,3.0,36.0,70.0,6.0,4.0,3.0,2.0,1.0,10.0,116.0,9.0,113.0,15.0,104.0,102.0,220.0,215.0,111.0,108.0,29.0,121.0,483.0,2.0,1.0,23.0,0.0,23.0,123.0,23.0,1.0,22.0,111.0,,,3.5,3.5,88.0,2.0,1.0,127.0,1.0,126.0,127.0,3.0,124.0,106.0,3.0,103.0,24.0,61.0,22.0,97.0,51.0,120.0,500.0,28.0,113.0,494.0,21.0,114.0,500.0,16.0,107.0,489.0,83.0,3.0,57.0,3.0,71.0,0.0,71.0,121.0,65.0,2.0,63.0,113.0,45.0,4.0,41.0,119.0,44.0,4.0,40.0,118.0,0.0,3.0,35.0,63.0,4.0,3.0,1.0,1.0,2.0,7.0,97.0,7.0,97.0,21.0,103.0,98.0,200.0,195.0,99.0,96.0,31.0,111.0,486.0,2.0,3.0,31.0,2.0,29.0,113.0,29.0,0.0,29.0,106.0,3.0,3.5,3.5,4.0,,133.0,1.0,132.0,120.0,3.0,117.0,144.0,0.0,144.0,26.0,60.0,29.0,109.0,56.0,116.0,514.0,30.0,108.0,500.0,27.0,116.0,517.0,21.0,116.0,506.0,70.0,2.0,,92.0,4.0,,69.0,0.0,69.0,109.0,72.0,0.0,72.0,112.0,46.0,2.0,44.0,116.0,45.0,0.0,45.0,117.0,4.0,,2.0,,37.0,60.0,8.0,3.0,2.0,6.0,14.0,23.0,119.0,22.0,117.0,29.0,111.0,108.0,230.0,225.0,118.0,114.0,3.0,32.0,3.0,2.0,37.0,111.0,498.0,5.0,5.0,26.0,1.0,25.0,105.0,28.0,0.0,28.0,100.0,2.5,3.5,3.5,4.0,,135.0,2.0,133.0,133.0,3.0,130.0,147.0,0.0,147.0,28.0,59.0,29.0,105.0,60.0,117.0,525.0,34.0,114.0,512.0,26.0,110.0,513.0,27.0,129.0,527.0,72.0,2.0,,59.0,3.0,,75.0,0.0,75.0,109.0,81.0,1.0,80.0,117.0,48.0,3.0,45.0,113.0,53.0,3.0,50.0,120.0,4.0,,1.0,,37.0,54.0,10.0,3.0,3.0,7.0,12.0,22.0,111.0,22.0,111.0,28.0,101.0,100.0,212.0,211.0,106.0,105.0,2.0,55.0,4.0,4.0,41.0,111.0,505.0,5.0,4.0,27.0,0.0,27.0,102.0,28.0,4.0,24.0,94.0,4.0,3.0,,5.0,,
84,2.0,1.0,75.0,5.0,70.0,69.0,1.0,68.0,68.0,2.0,66.0,19.0,46.0,22.0,97.0,39.0,107.0,464.0,20.0,99.0,472.0,15.0,109.0,487.0,14.0,102.0,482.0,1.0,147.0,3.0,111.0,47.0,2.0,45.0,100.0,54.0,4.0,50.0,105.0,17.0,2.0,15.0,93.0,22.0,6.0,16.0,94.0,2.0,3.0,30.0,56.0,2.0,4.0,2.0,2.0,0.0,4.0,89.0,4.0,90.0,19.0,102.0,114.0,191.0,204.0,94.0,101.0,32.0,115.0,488.0,4.0,3.0,28.0,0.0,28.0,130.0,28.0,1.0,27.0,118.0,,,4.0,4.5,95.0,2.0,1.0,107.0,2.0,105.0,110.0,3.0,107.0,106.0,1.0,105.0,,,21.0,88.0,46.0,104.0,486.0,24.0,96.0,483.0,23.0,110.0,505.0,15.0,98.0,485.0,121.0,3.0,80.0,2.0,63.0,2.0,61.0,105.0,66.0,3.0,63.0,109.0,31.0,4.0,27.0,100.0,33.0,4.0,29.0,102.0,2.0,2.0,31.0,53.0,3.0,3.0,1.0,1.0,1.0,5.0,87.0,5.0,90.0,21.0,94.0,98.0,181.0,188.0,89.0,93.0,33.0,106.0,490.0,4.0,3.0,25.0,5.0,20.0,100.0,35.0,0.0,35.0,114.0,4.0,4.0,5.0,4.0,,116.0,4.0,112.0,101.0,7.0,94.0,126.0,3.0,123.0,21.0,44.0,28.0,102.0,48.0,98.0,491.0,27.0,96.0,491.0,21.0,102.0,500.0,18.0,101.0,496.0,106.0,2.0,,103.0,2.0,,71.0,2.0,69.0,101.0,74.0,3.0,71.0,103.0,33.0,4.0,29.0,94.0,38.0,5.0,33.0,99.0,2.0,,3.0,,35.0,51.0,6.0,1.0,1.0,3.0,11.0,15.0,93.0,15.0,97.0,23.0,89.0,92.0,182.0,189.0,89.0,93.0,4.0,48.0,3.0,4.0,33.0,98.0,490.0,3.0,4.0,25.0,1.0,24.0,103.0,29.0,2.0,27.0,99.0,4.0,3.0,4.0,3.5,,,,,,,,,,,,,,,,,,,,,,,,,,,,,,,,,,,,,,,,,,,,,,,,,,,,,,,,,,,,,,,,,,,,,,,,,,,,,,,,,,,,,,,,,,,,,1.0
85,2.0,1.0,50.0,1.0,49.0,49.0,0.0,49.0,52.0,1.0,51.0,21.0,54.0,23.0,110.0,38.0,117.0,460.0,19.0,107.0,469.0,14.0,117.0,484.0,16.0,114.0,489.0,3.0,202.0,4.0,157.0,40.0,4.0,36.0,98.0,38.0,2.0,36.0,98.0,16.0,6.0,10.0,90.0,14.0,9.0,5.0,80.0,1.0,4.0,34.0,64.0,4.0,2.0,1.0,1.0,0.0,5.0,95.0,5.0,96.0,21.0,113.0,119.0,208.0,215.0,104.0,108.0,24.0,112.0,474.0,3.0,3.0,18.0,2.0,16.0,114.0,18.0,1.0,17.0,104.0,,,3.5,3.0,95.0,2.0,1.0,108.0,5.0,103.0,106.0,3.0,103.0,108.0,6.0,102.0,22.0,52.0,27.0,110.0,46.0,106.0,486.0,28.0,106.0,494.0,21.0,108.0,500.0,14.0,97.0,482.0,99.0,3.0,66.0,2.0,63.0,1.0,62.0,108.0,69.0,3.0,66.0,112.0,35.0,9.0,26.0,98.0,41.0,14.0,27.0,100.0,2.0,3.0,34.0,58.0,4.0,6.0,2.0,2.0,2.0,8.0,98.0,8.0,98.0,31.0,119.0,121.0,217.0,219.0,109.0,110.0,36.0,112.0,496.0,5.0,5.0,29.0,1.0,28.0,112.0,22.0,1.0,21.0,93.0,4.0,3.5,3.0,4.0,,114.0,1.0,113.0,104.0,4.0,100.0,110.0,5.0,105.0,26.0,58.0,32.0,115.0,54.0,109.0,508.0,29.0,101.0,497.0,25.0,110.0,510.0,24.0,122.0,516.0,102.0,3.0,,131.0,2.0,,68.0,0.0,68.0,100.0,73.0,1.0,72.0,105.0,37.0,9.0,28.0,92.0,40.0,9.0,31.0,96.0,4.0,,2.0,,39.0,60.0,6.0,1.0,1.0,6.0,14.0,21.0,113.0,21.0,112.0,31.0,112.0,110.0,225.0,222.0,114.0,112.0,3.0,40.0,2.0,3.0,38.0,109.0,500.0,6.0,9.0,30.0,3.0,27.0,108.0,30.0,1.0,29.0,100.0,3.0,3.0,4.5,4.0,,106.0,7.0,99.0,126.0,5.0,121.0,145.0,5.0,140.0,25.0,53.0,32.0,113.0,56.0,108.0,514.0,32.0,106.0,506.0,22.0,102.0,502.0,24.0,117.0,516.0,64.0,3.0,,79.0,2.0,,65.0,0.0,65.0,96.0,76.0,1.0,75.0,109.0,44.0,10.0,34.0,100.0,41.0,2.0,39.0,106.0,4.0,,4.0,,43.0,61.0,14.0,4.0,4.0,7.0,13.0,24.0,115.0,24.0,116.0,34.0,112.0,112.0,227.0,228.0,115.0,117.0,3.0,98.0,4.0,4.0,42.0,111.0,507.0,10.0,11.0,32.0,0.0,32.0,111.0,29.0,0.0,29.0,99.0,4.0,4.0,,4.0,,
86,2.0,2.0,36.0,8.0,28.0,32.0,4.0,28.0,32.0,3.0,29.0,19.0,46.0,21.0,98.0,36.0,104.0,453.0,16.0,92.0,458.0,10.0,103.0,474.0,13.0,99.0,478.0,1.0,289.0,2.0,203.0,25.0,5.0,20.0,77.0,34.0,4.0,30.0,87.0,14.0,2.0,12.0,88.0,15.0,5.0,10.0,85.0,1.0,2.0,27.0,51.0,5.0,3.0,1.0,2.0,0.0,6.0,97.0,7.0,104.0,16.0,96.0,105.0,193.0,209.0,95.0,104.0,19.0,100.0,466.0,2.0,2.0,18.0,2.0,16.0,114.0,19.0,2.0,17.0,104.0,,,2.5,3.5,70.0,2.0,2.0,72.0,4.0,68.0,66.0,3.0,63.0,68.0,0.0,68.0,,,22.0,94.0,45.0,102.0,483.0,24.0,96.0,483.0,17.0,102.0,491.0,14.0,95.0,482.0,179.0,2.0,121.0,3.0,48.0,0.0,48.0,93.0,44.0,2.0,42.0,84.0,20.0,3.0,17.0,87.0,20.0,4.0,16.0,85.0,1.0,2.0,24.0,42.0,1.0,3.0,1.0,1.0,3.0,5.0,87.0,5.0,90.0,21.0,94.0,98.0,181.0,188.0,89.0,93.0,29.0,99.0,483.0,3.0,0.0,17.0,4.0,13.0,89.0,20.0,1.0,19.0,92.0,3.0,4.5,4.0,4.0,,55.0,2.0,53.0,55.0,2.0,53.0,81.0,1.0,80.0,23.0,51.0,26.0,96.0,47.0,98.0,489.0,26.0,95.0,488.0,23.0,106.0,505.0,17.0,99.0,492.0,168.0,1.0,,208.0,2.0,,45.0,2.0,43.0,72.0,46.0,1.0,45.0,74.0,19.0,4.0,15.0,76.0,18.0,4.0,14.0,75.0,1.0,,3.0,,29.0,43.0,5.0,1.0,1.0,5.0,14.0,20.0,106.0,20.0,110.0,22.0,87.0,90.0,193.0,200.0,95.0,99.0,3.0,40.0,2.0,3.0,34.0,100.0,492.0,1.0,3.0,23.0,1.0,22.0,100.0,22.0,1.0,21.0,92.0,3.0,3.0,4.0,3.5,,73.0,4.0,69.0,67.0,3.0,64.0,103.0,1.0,102.0,25.0,52.0,25.0,90.0,50.0,97.0,497.0,31.0,100.0,503.0,16.0,93.0,489.0,16.0,91.0,489.0,138.0,2.0,,153.0,0.0,,44.0,0.0,44.0,70.0,47.0,1.0,46.0,73.0,22.0,7.0,15.0,73.0,22.0,7.0,15.0,73.0,3.0,,2.0,,28.0,39.0,8.0,2.0,2.0,4.0,16.0,22.0,108.0,22.0,111.0,29.0,99.0,102.0,207.0,213.0,103.0,106.0,2.0,56.0,3.0,4.0,33.0,94.0,490.0,2.0,5.0,20.0,2.0,18.0,85.0,20.0,2.0,18.0,85.0,3.0,3.0,,4.0,,0.0
87,2.0,2.0,28.0,10.0,18.0,19.0,5.0,14.0,18.0,6.0,12.0,16.0,40.0,20.0,90.0,27.0,89.0,420.0,14.0,87.0,450.0,6.0,93.0,459.0,11.0,93.0,471.0,0.0,142.0,0.0,116.0,29.0,12.0,17.0,74.0,32.0,13.0,19.0,76.0,19.0,17.0,2.0,69.0,22.0,19.0,3.0,72.0,3.0,1.0,15.0,33.0,1.0,5.0,2.0,3.0,0.0,3.0,85.0,4.0,90.0,11.0,83.0,90.0,168.0,180.0,83.0,89.0,5.0,83.0,439.0,0.0,0.0,16.0,17.0,0.0,80.0,17.0,8.0,9.0,90.0,,,3.0,3.5,42.0,2.0,2.0,62.0,7.0,55.0,70.0,5.0,65.0,65.0,5.0,60.0,20.0,45.0,19.0,82.0,36.0,88.0,453.0,17.0,84.0,462.0,7.0,87.0,464.0,11.0,86.0,471.0,115.0,3.0,67.0,3.0,56.0,7.0,49.0,93.0,60.0,18.0,42.0,84.0,45.0,30.0,15.0,84.0,47.0,38.0,9.0,75.0,3.0,3.0,28.0,49.0,2.0,3.0,1.0,1.0,1.0,4.0,84.0,4.0,85.0,11.0,71.0,73.0,155.0,158.0,76.0,78.0,24.0,94.0,474.0,1.0,0.0,31.0,10.0,21.0,102.0,26.0,25.0,1.0,65.0,2.5,3.5,3.0,2.0,,58.0,18.0,40.0,83.0,6.0,77.0,102.0,1.0,101.0,19.0,40.0,25.0,92.0,38.0,85.0,460.0,25.0,92.0,486.0,10.0,88.0,474.0,14.0,89.0,482.0,105.0,0.0,,110.0,1.0,,63.0,5.0,58.0,87.0,70.0,6.0,64.0,95.0,51.0,38.0,13.0,73.0,56.0,45.0,11.0,70.0,1.0,,3.0,,26.0,39.0,6.0,1.0,1.0,1.0,10.0,12.0,85.0,12.0,89.0,19.0,80.0,83.0,165.0,172.0,81.0,84.0,2.0,59.0,4.0,4.0,30.0,95.0,485.0,3.0,0.0,22.0,9.0,13.0,85.0,29.0,5.0,24.0,96.0,3.0,3.5,3.5,3.5,,65.0,5.0,60.0,95.0,4.0,91.0,127.0,1.0,126.0,21.0,43.0,25.0,90.0,45.0,90.0,483.0,26.0,90.0,488.0,15.0,92.0,487.0,16.0,90.0,489.0,84.0,1.0,,70.0,0.0,,65.0,1.0,64.0,91.0,65.0,1.0,64.0,91.0,41.0,11.0,30.0,91.0,47.0,14.0,33.0,95.0,2.0,,2.0,,34.0,46.0,5.0,1.0,1.0,2.0,8.0,11.0,80.0,11.0,82.0,24.0,87.0,90.0,167.0,172.0,82.0,84.0,2.0,104.0,4.0,4.0,33.0,93.0,490.0,4.0,2.0,22.0,5.0,17.0,83.0,28.0,4.0,24.0,94.0,3.0,4.0,,3.0,,0.0
88,2.0,2.0,98.0,0.0,98.0,96.0,1.0,95.0,97.0,3.0,94.0,21.0,54.0,26.0,127.0,41.0,123.0,470.0,21.0,113.0,475.0,19.0,125.0,495.0,20.0,128.0,502.0,4.0,130.0,4.0,79.0,58.0,0.0,58.0,122.0,58.0,0.0,58.0,122.0,33.0,5.0,28.0,117.0,33.0,7.0,26.0,115.0,0.0,4.0,31.0,62.0,5.0,7.0,4.0,4.0,0.0,9.0,112.0,9.0,113.0,21.0,120.0,119.0,232.0,232.0,119.0,118.0,33.0,122.0,490.0,5.0,5.0,34.0,2.0,32.0,134.0,33.0,1.0,32.0,125.0,,,4.0,4.5,95.0,2.0,2.0,152.0,1.0,151.0,148.0,1.0,147.0,95.0,0.0,95.0,22.0,54.0,29.0,120.0,52.0,119.0,503.0,33.0,124.0,509.0,29.0,127.0,525.0,20.0,119.0,502.0,82.0,2.0,53.0,3.0,63.0,0.0,63.0,113.0,62.0,2.0,60.0,110.0,41.0,1.0,40.0,118.0,42.0,2.0,40.0,118.0,3.0,2.0,31.0,56.0,3.0,5.0,2.0,2.0,3.0,8.0,101.0,8.0,101.0,26.0,115.0,114.0,216.0,215.0,108.0,108.0,35.0,116.0,494.0,4.0,5.0,37.0,3.0,34.0,121.0,37.0,2.0,35.0,114.0,3.5,5.0,4.5,5.0,,159.0,4.0,155.0,155.0,1.0,154.0,160.0,0.0,160.0,23.0,53.0,29.0,109.0,58.0,118.0,519.0,33.0,116.0,509.0,29.0,121.0,525.0,20.0,112.0,502.0,59.0,3.0,,92.0,3.0,,62.0,1.0,61.0,99.0,75.0,1.0,74.0,115.0,49.0,1.0,48.0,120.0,46.0,2.0,44.0,116.0,3.0,,4.0,,45.0,72.0,8.0,3.0,2.0,6.0,12.0,21.0,113.0,20.0,110.0,38.0,133.0,131.0,246.0,241.0,128.0,124.0,2.0,103.0,4.0,4.0,41.0,117.0,505.0,9.0,11.0,37.0,3.0,34.0,119.0,40.0,0.0,40.0,117.0,5.0,4.0,4.5,5.5,,138.0,1.0,137.0,162.0,2.0,160.0,181.0,0.0,181.0,26.0,56.0,37.0,127.0,60.0,117.0,525.0,34.0,114.0,512.0,29.0,118.0,525.0,22.0,112.0,509.0,57.0,3.0,,86.0,2.0,,73.0,1.0,72.0,105.0,78.0,1.0,77.0,113.0,47.0,3.0,44.0,112.0,51.0,3.0,48.0,117.0,3.0,,3.0,,42.0,59.0,8.0,2.0,2.0,6.0,16.0,24.0,115.0,24.0,118.0,40.0,125.0,129.0,240.0,247.0,124.0,128.0,4.0,88.0,4.0,4.0,45.0,117.0,512.0,9.0,10.0,36.0,6.0,30.0,108.0,41.0,4.0,37.0,115.0,4.5,5.0,,6.0,,
89,2.0,1.0,23.0,3.0,20.0,25.0,3.0,22.0,25.0,7.0,18.0,22.0,57.0,20.0,95.0,29.0,97.0,427.0,17.0,96.0,462.0,11.0,107.0,477.0,16.0,111.0,489.0,1.0,180.0,1.0,173.0,27.0,6.0,21.0,85.0,24.0,5.0,19.0,83.0,13.0,3.0,10.0,90.0,12.0,2.0,10.0,90.0,1.0,2.0,27.0,51.0,3.0,4.0,2.0,2.0,1.0,6.0,97.0,6.0,100.0,13.0,88.0,96.0,185.0,196.0,91.0,97.0,21.0,105.0,469.0,2.0,2.0,11.0,4.0,7.0,98.0,15.0,3.0,12.0,96.0,,,4.0,3.5,75.0,2.0,1.0,83.0,1.0,82.0,61.0,0.0,61.0,74.0,0.0,74.0,24.0,58.0,21.0,91.0,45.0,103.0,483.0,25.0,99.0,486.0,16.0,101.0,489.0,23.0,125.0,513.0,137.0,4.0,91.0,4.0,41.0,1.0,40.0,83.0,40.0,0.0,40.0,83.0,20.0,4.0,16.0,85.0,18.0,6.0,12.0,79.0,3.0,3.0,38.0,64.0,4.0,6.0,2.0,2.0,2.0,8.0,98.0,8.0,101.0,21.0,98.0,98.0,196.0,199.0,97.0,99.0,35.0,111.0,494.0,3.0,4.0,28.0,0.0,28.0,112.0,22.0,1.0,21.0,95.0,2.5,3.5,3.5,3.0,,65.0,3.0,62.0,65.0,1.0,64.0,91.0,1.0,90.0,25.0,55.0,26.0,96.0,50.0,102.0,497.0,28.0,99.0,494.0,19.0,100.0,495.0,22.0,115.0,509.0,95.0,1.0,,205.0,4.0,,59.0,4.0,55.0,83.0,54.0,0.0,54.0,82.0,28.0,6.0,22.0,85.0,29.0,8.0,21.0,84.0,2.0,,4.0,,37.0,57.0,6.0,1.0,1.0,2.0,7.0,10.0,84.0,10.0,84.0,23.0,92.0,92.0,176.0,176.0,86.0,86.0,2.0,33.0,2.0,2.0,34.0,101.0,492.0,4.0,4.0,26.0,0.0,26.0,106.0,25.0,0.0,25.0,97.0,3.5,3.0,4.0,4.0,,86.0,2.0,84.0,95.0,7.0,88.0,104.0,2.0,102.0,26.0,53.0,27.0,96.0,50.0,97.0,497.0,31.0,101.0,503.0,21.0,99.0,500.0,27.0,125.0,527.0,110.0,2.0,,112.0,2.0,,60.0,1.0,59.0,85.0,64.0,3.0,61.0,88.0,31.0,9.0,22.0,81.0,27.0,3.0,24.0,84.0,3.0,,4.0,,33.0,45.0,10.0,3.0,3.0,3.0,11.0,17.0,95.0,17.0,98.0,23.0,84.0,87.0,179.0,185.0,88.0,91.0,2.0,54.0,3.0,4.0,37.0,99.0,498.0,4.0,2.0,23.0,0.0,23.0,95.0,24.0,2.0,22.0,91.0,3.0,3.0,,4.0,,0.0
90,2.0,1.0,49.0,4.0,45.0,48.0,5.0,43.0,40.0,5.0,35.0,21.0,59.0,22.0,122.0,35.0,124.0,449.0,19.0,120.0,469.0,13.0,128.0,482.0,17.0,123.0,492.0,1.0,225.0,2.0,125.0,40.0,3.0,37.0,113.0,37.0,5.0,32.0,108.0,16.0,2.0,14.0,109.0,19.0,9.0,10.0,101.0,1.0,1.0,30.0,63.0,4.0,0.0,0.0,0.0,0.0,4.0,94.0,4.0,90.0,14.0,106.0,99.0,200.0,189.0,99.0,93.0,23.0,119.0,472.0,0.0,2.0,18.0,4.0,14.0,111.0,18.0,2.0,16.0,102.0,,,3.0,3.0,70.0,2.0,1.0,152.0,3.0,149.0,154.0,16.0,138.0,108.0,4.0,104.0,24.0,64.0,22.0,104.0,45.0,118.0,483.0,24.0,110.0,483.0,17.0,113.0,491.0,17.0,113.0,492.0,75.0,3.0,47.0,2.0,65.0,3.0,62.0,119.0,67.0,3.0,64.0,121.0,34.0,9.0,25.0,106.0,34.0,10.0,24.0,104.0,2.0,3.0,32.0,59.0,2.0,4.0,2.0,1.0,0.0,4.0,87.0,3.0,80.0,20.0,105.0,95.0,192.0,175.0,95.0,86.0,32.0,116.0,488.0,3.0,3.0,31.0,1.0,30.0,115.0,33.0,2.0,31.0,109.0,2.5,3.0,4.0,4.0,,133.0,0.0,133.0,113.0,7.0,106.0,135.0,2.0,133.0,24.0,58.0,25.0,100.0,51.0,114.0,500.0,30.0,112.0,500.0,24.0,114.0,508.0,20.0,116.0,502.0,68.0,3.0,,88.0,4.0,,69.0,0.0,69.0,115.0,67.0,1.0,66.0,112.0,37.0,2.0,35.0,109.0,37.0,4.0,33.0,107.0,2.0,,4.0,,31.0,55.0,4.0,1.0,1.0,5.0,15.0,21.0,118.0,21.0,113.0,25.0,108.0,97.0,226.0,210.0,115.0,105.0,2.0,25.0,2.0,2.0,41.0,120.0,505.0,4.0,5.0,30.0,1.0,29.0,111.0,29.0,4.0,25.0,97.0,3.0,3.5,3.0,3.0,,113.0,7.0,106.0,131.0,9.0,122.0,172.0,2.0,170.0,23.0,51.0,27.0,102.0,52.0,106.0,503.0,30.0,104.0,500.0,22.0,105.0,502.0,19.0,106.0,499.0,58.0,3.0,,71.0,1.0,,75.0,4.0,71.0,103.0,70.0,1.0,69.0,101.0,32.0,10.0,22.0,85.0,42.0,8.0,34.0,100.0,2.0,,2.0,,27.0,42.0,8.0,2.0,2.0,2.0,11.0,15.0,97.0,15.0,92.0,24.0,95.0,90.0,192.0,182.0,95.0,90.0,2.0,35.0,2.0,2.0,38.0,110.0,500.0,5.0,6.0,29.0,3.0,26.0,101.0,34.0,1.0,33.0,108.0,3.0,3.0,,2.0,,
91,2.0,1.0,38.0,1.0,37.0,29.0,6.0,23.0,27.0,7.0,20.0,19.0,45.0,22.0,90.0,36.0,91.0,453.0,16.0,84.0,458.0,8.0,91.0,468.0,15.0,99.0,485.0,0.0,115.0,1.0,186.0,33.0,6.0,27.0,72.0,36.0,7.0,29.0,74.0,14.0,2.0,12.0,79.0,15.0,7.0,8.0,73.0,0.0,0.0,22.0,41.0,4.0,4.0,1.0,2.0,0.0,5.0,91.0,6.0,100.0,18.0,91.0,111.0,182.0,211.0,89.0,105.0,23.0,95.0,472.0,2.0,1.0,15.0,0.0,15.0,112.0,19.0,3.0,16.0,102.0,,,3.5,4.0,51.0,2.0,1.0,79.0,2.0,77.0,70.0,0.0,70.0,62.0,2.0,60.0,22.0,49.0,23.0,90.0,42.0,91.0,473.0,20.0,84.0,472.0,10.0,89.0,474.0,14.0,90.0,482.0,112.0,3.0,76.0,3.0,56.0,1.0,55.0,83.0,52.0,2.0,50.0,78.0,30.0,13.0,17.0,79.0,26.0,9.0,17.0,79.0,0.0,2.0,29.0,43.0,0.0,9.0,3.0,4.0,3.0,6.0,86.0,7.0,97.0,21.0,85.0,98.0,171.0,195.0,84.0,96.0,30.0,95.0,485.0,3.0,4.0,26.0,6.0,20.0,100.0,24.0,4.0,20.0,94.0,3.0,3.0,4.0,2.5,,,,,,,,,,,,,,,,,,,,,,,,,,,,,,,,,,,,,,,,,,,,,,,,,,,,,,,,,,,,,,,,,,,,,,,,,,,,,,,,,,,,,,,,3.0,4.0,3.5,3.5,,65.0,4.0,61.0,97.0,3.0,94.0,100.0,1.0,99.0,27.0,52.0,26.0,88.0,47.0,89.0,489.0,29.0,93.0,497.0,21.0,97.0,500.0,20.0,98.0,502.0,123.0,2.0,,128.0,1.0,,64.0,0.0,64.0,86.0,57.0,1.0,56.0,78.0,33.0,4.0,29.0,87.0,32.0,6.0,26.0,83.0,0.0,,1.0,,30.0,37.0,5.0,1.0,1.0,5.0,17.0,23.0,106.0,23.0,114.0,29.0,93.0,102.0,199.0,216.0,98.0,108.0,2.0,46.0,2.0,3.0,34.0,90.0,492.0,4.0,5.0,24.0,1.0,23.0,95.0,23.0,1.0,22.0,91.0,3.5,4.0,,5.0,,
92,2.0,1.0,18.0,5.0,13.0,16.0,4.0,12.0,18.0,9.0,9.0,17.0,42.0,21.0,93.0,26.0,87.0,416.0,13.0,85.0,446.0,9.0,100.0,471.0,10.0,90.0,468.0,0.0,674.0,1.0,425.0,20.0,6.0,14.0,71.0,20.0,3.0,17.0,74.0,10.0,1.0,9.0,84.0,11.0,1.0,10.0,85.0,0.0,1.0,21.0,42.0,6.0,5.0,2.0,3.0,0.0,8.0,105.0,9.0,113.0,14.0,90.0,99.0,195.0,212.0,96.0,106.0,10.0,90.0,450.0,3.0,3.0,4.0,0.0,4.0,90.0,3.0,1.0,2.0,77.0,,,3.5,3.5,75.0,2.0,1.0,,,,,,,,,,,,,,,,,,,,,,,,,,,,,,,,,,,,,,,,,,,,,,,,,,,,,,,,,,,,,,,,,,,,,,,,,,,,,,,,,3.5,2.0,46.0,107.0,7.0,100.0,98.0,4.0,94.0,108.0,3.0,105.0,23.0,49.0,24.0,86.0,53.0,103.0,506.0,27.0,94.0,491.0,29.0,117.0,525.0,19.0,102.0,499.0,113.0,0.0,,141.0,2.0,,64.0,0.0,64.0,95.0,65.0,1.0,64.0,95.0,31.0,0.0,31.0,96.0,35.0,3.0,32.0,97.0,1.0,,3.0,,40.0,56.0,8.0,2.0,2.0,2.0,11.0,15.0,92.0,15.0,96.0,24.0,90.0,93.0,182.0,189.0,89.0,93.0,3.0,42.0,3.0,3.0,33.0,95.0,490.0,5.0,6.0,31.0,2.0,29.0,111.0,29.0,2.0,27.0,98.0,2.0,4.0,4.5,0.0,,105.0,3.0,102.0,102.0,3.0,99.0,137.0,2.0,135.0,26.0,53.0,27.0,96.0,56.0,105.0,514.0,29.0,96.0,497.0,27.0,110.0,517.0,19.0,99.0,499.0,75.0,2.0,,70.0,2.0,,68.0,1.0,67.0,95.0,67.0,0.0,67.0,95.0,41.0,4.0,37.0,99.0,41.0,1.0,40.0,103.0,0.0,,2.0,,39.0,50.0,8.0,2.0,2.0,5.0,13.0,20.0,104.0,20.0,102.0,23.0,86.0,82.0,190.0,184.0,94.0,90.0,2.0,74.0,4.0,4.0,38.0,99.0,500.0,8.0,9.0,26.0,3.0,23.0,95.0,29.0,1.0,28.0,98.0,2.0,3.0,,4.0,,0.0
93,2.0,2.0,21.0,4.0,17.0,18.0,3.0,15.0,19.0,7.0,12.0,18.0,49.0,19.0,100.0,29.0,109.0,427.0,14.0,100.0,450.0,8.0,113.0,468.0,11.0,99.0,471.0,0.0,54.0,3.0,45.0,23.0,11.0,12.0,82.0,27.0,11.0,16.0,86.0,12.0,10.0,2.0,77.0,10.0,9.0,1.0,75.0,0.0,1.0,19.0,42.0,5.0,2.0,2.0,1.0,0.0,7.0,104.0,6.0,100.0,13.0,98.0,96.0,202.0,196.0,100.0,97.0,11.0,103.0,452.0,2.0,2.0,14.0,3.0,11.0,107.0,16.0,7.0,9.0,90.0,,,3.5,3.5,65.0,2.0,2.0,79.0,1.0,78.0,62.0,3.0,59.0,65.0,1.0,64.0,19.0,46.0,23.0,100.0,39.0,104.0,464.0,18.0,93.0,465.0,14.0,105.0,484.0,15.0,104.0,485.0,80.0,2.0,46.0,1.0,51.0,2.0,49.0,99.0,53.0,1.0,52.0,102.0,22.0,13.0,9.0,79.0,23.0,17.0,6.0,74.0,0.0,1.0,21.0,41.0,1.0,0.0,0.0,0.0,0.0,1.0,72.0,1.0,70.0,21.0,103.0,98.0,175.0,168.0,86.0,82.0,15.0,93.0,459.0,2.0,0.0,13.0,1.0,12.0,87.0,24.0,21.0,3.0,69.0,2.0,3.5,2.0,3.5,,94.0,4.0,90.0,61.0,10.0,51.0,86.0,2.0,84.0,22.0,50.0,28.0,106.0,45.0,99.0,483.0,23.0,93.0,480.0,12.0,94.0,480.0,20.0,112.0,502.0,113.0,4.0,,123.0,1.0,,67.0,2.0,65.0,104.0,66.0,1.0,65.0,104.0,40.0,24.0,16.0,81.0,37.0,22.0,15.0,80.0,3.0,,4.0,,34.0,55.0,6.0,2.0,1.0,2.0,10.0,14.0,94.0,13.0,92.0,25.0,101.0,97.0,195.0,189.0,96.0,93.0,2.0,31.0,3.0,2.0,32.0,101.0,488.0,3.0,4.0,28.0,2.0,26.0,106.0,32.0,1.0,31.0,103.0,2.0,3.0,3.0,3.5,,80.0,12.0,68.0,85.0,5.0,80.0,108.0,3.0,105.0,22.0,47.0,28.0,102.0,52.0,102.0,503.0,27.0,95.0,491.0,18.0,97.0,493.0,21.0,109.0,506.0,92.0,3.0,,65.0,1.0,,69.0,1.0,68.0,100.0,70.0,4.0,66.0,97.0,36.0,14.0,22.0,85.0,37.0,19.0,18.0,80.0,0.0,,1.0,,31.0,44.0,7.0,2.0,1.0,1.0,9.0,12.0,84.0,11.0,81.0,29.0,101.0,100.0,185.0,181.0,91.0,89.0,2.0,43.0,3.0,3.0,29.0,92.0,483.0,3.0,3.0,22.0,5.0,17.0,83.0,27.0,24.0,3.0,56.0,3.0,2.0,,,,
94,1.0,1.0,55.0,2.0,53.0,55.0,1.0,54.0,51.0,3.0,48.0,15.0,42.0,20.0,104.0,36.0,119.0,453.0,21.0,117.0,475.0,16.0,124.0,489.0,16.0,116.0,489.0,2.0,238.0,2.0,130.0,44.0,5.0,39.0,106.0,41.0,2.0,39.0,106.0,20.0,5.0,15.0,101.0,19.0,7.0,12.0,97.0,0.0,2.0,17.0,39.0,2.0,3.0,2.0,2.0,0.0,4.0,92.0,4.0,90.0,22.0,122.0,122.0,214.0,212.0,107.0,106.0,25.0,117.0,476.0,3.0,3.0,25.0,1.0,24.0,125.0,23.0,2.0,21.0,110.0,,,4.0,3.5,95.0,1.0,1.0,99.0,1.0,98.0,99.0,1.0,98.0,78.0,2.0,76.0,24.0,61.0,27.0,113.0,46.0,113.0,486.0,27.0,110.0,491.0,21.0,113.0,500.0,17.0,110.0,492.0,158.0,2.0,99.0,4.0,50.0,0.0,50.0,100.0,57.0,1.0,56.0,106.0,30.0,5.0,25.0,102.0,25.0,2.0,23.0,99.0,2.0,2.0,29.0,53.0,4.0,5.0,2.0,2.0,3.0,9.0,104.0,9.0,104.0,25.0,112.0,110.0,216.0,214.0,108.0,107.0,31.0,110.0,486.0,1.0,3.0,30.0,1.0,29.0,113.0,28.0,0.0,28.0,104.0,3.0,3.5,3.0,3.5,,123.0,4.0,119.0,111.0,4.0,107.0,104.0,1.0,103.0,21.0,48.0,29.0,109.0,53.0,111.0,506.0,28.0,101.0,494.0,23.0,108.0,505.0,20.0,102.0,502.0,135.0,4.0,,183.0,3.0,,49.0,0.0,49.0,84.0,48.0,1.0,47.0,82.0,29.0,4.0,25.0,93.0,29.0,6.0,23.0,90.0,1.0,,4.0,,29.0,48.0,6.0,2.0,1.0,3.0,14.0,19.0,108.0,18.0,104.0,25.0,101.0,97.0,209.0,201.0,104.0,100.0,2.0,23.0,2.0,2.0,38.0,112.0,500.0,3.0,4.0,34.0,0.0,34.0,119.0,27.0,2.0,25.0,97.0,3.0,,4.0,4.0,,86.0,4.0,82.0,102.0,5.0,97.0,116.0,5.0,111.0,21.0,44.0,30.0,107.0,54.0,106.0,508.0,20.0,100.0,500.0,24.0,106.0,508.0,20.0,106.0,502.0,93.0,3.0,,120.0,1.0,,50.0,0.0,50.0,78.0,61.0,0.0,61.0,91.0,34.0,2.0,32.0,97.0,38.0,2.0,36.0,102.0,4.0,,3.0,,30.0,43.0,5.0,1.0,1.0,6.0,12.0,19.0,102.0,19.0,101.0,35.0,114.0,114.0,216.0,215.0,108.0,108.0,2.0,35.0,2.0,2.0,41.0,111.0,505.0,4.0,6.0,34.0,4.0,30.0,108.0,34.0,3.0,31.0,102.0,2.0,,,3.0,,
95,1.0,2.0,27.0,8.0,19.0,26.0,7.0,19.0,32.0,10.0,22.0,13.0,37.0,19.0,95.0,28.0,99.0,423.0,14.0,93.0,450.0,8.0,105.0,468.0,10.0,93.0,468.0,0.0,186.0,1.0,80.0,28.0,9.0,19.0,83.0,31.0,11.0,20.0,84.0,22.0,15.0,7.0,84.0,14.0,5.0,9.0,88.0,0.0,2.0,21.0,44.0,3.0,2.0,1.0,1.0,3.0,7.0,103.0,7.0,104.0,15.0,98.0,102.0,201.0,206.0,99.0,102.0,11.0,97.0,452.0,3.0,1.0,24.0,14.0,10.0,105.0,22.0,17.0,5.0,83.0,,,3.5,4.0,59.0,1.0,2.0,79.0,5.0,74.0,81.0,7.0,74.0,81.0,3.0,78.0,18.0,43.0,23.0,97.0,39.0,98.0,464.0,19.0,91.0,469.0,18.0,106.0,493.0,14.0,98.0,482.0,124.0,3.0,100.0,1.0,48.0,1.0,47.0,92.0,50.0,2.0,48.0,93.0,17.0,3.0,14.0,82.0,19.0,5.0,14.0,82.0,2.0,2.0,20.0,37.0,4.0,1.0,1.0,0.0,3.0,8.0,99.0,7.0,97.0,21.0,98.0,98.0,197.0,195.0,97.0,96.0,22.0,96.0,471.0,3.0,4.0,23.0,7.0,16.0,94.0,25.0,3.0,22.0,96.0,3.5,4.0,3.5,3.5,,,,,,,,,,,,,,,,,,,,,,,,,,,,,,,,,,,,,,,,,,,,,,,,,,,,,,,,,,,,,,,,,,,,,,,,,,,,,,,,,,,,,,,,3.0,3.5,,,,,,,,,,,,,,,,,,,,,,,,,,,,,,,,,,,,,,,,,,,,,,,,,,,,,,,,,,,,,,,,,,,,,,,,,,,,,,,,,,,,,,,,,,,,,,,
96,1.0,1.0,67.0,2.0,65.0,73.0,4.0,69.0,79.0,5.0,74.0,18.0,49.0,21.0,108.0,38.0,120.0,460.0,20.0,113.0,472.0,10.0,115.0,474.0,13.0,105.0,478.0,2.0,133.0,3.0,73.0,46.0,2.0,44.0,110.0,54.0,4.0,50.0,115.0,27.0,3.0,24.0,113.0,42.0,11.0,31.0,120.0,0.0,3.0,21.0,46.0,1.0,3.0,2.0,2.0,0.0,3.0,87.0,3.0,85.0,15.0,104.0,102.0,191.0,187.0,94.0,92.0,20.0,110.0,467.0,3.0,2.0,25.0,1.0,24.0,125.0,20.0,3.0,17.0,104.0,,,3.5,3.5,95.0,1.0,1.0,119.0,15.0,104.0,119.0,5.0,114.0,117.0,3.0,114.0,19.0,46.0,20.0,93.0,40.0,106.0,467.0,20.0,97.0,472.0,18.0,110.0,493.0,17.0,110.0,492.0,58.0,2.0,32.0,1.0,69.0,1.0,68.0,125.0,67.0,6.0,61.0,118.0,32.0,7.0,25.0,106.0,39.0,11.0,28.0,109.0,0.0,3.0,23.0,44.0,2.0,5.0,2.0,2.0,1.0,5.0,90.0,5.0,90.0,14.0,86.0,79.0,176.0,169.0,86.0,83.0,31.0,111.0,486.0,2.0,4.0,23.0,1.0,22.0,103.0,18.0,4.0,14.0,85.0,3.0,3.0,3.5,3.5,,125.0,0.0,125.0,148.0,2.0,146.0,136.0,2.0,134.0,19.0,43.0,30.0,112.0,50.0,106.0,497.0,26.0,97.0,488.0,21.0,105.0,500.0,22.0,118.0,509.0,74.0,2.0,,60.0,3.0,,76.0,0.0,76.0,118.0,77.0,3.0,74.0,115.0,51.0,7.0,44.0,116.0,49.0,6.0,43.0,115.0,1.0,,4.0,,26.0,43.0,14.0,4.0,4.0,3.0,15.0,22.0,116.0,22.0,117.0,27.0,106.0,103.0,222.0,220.0,112.0,111.0,2.0,51.0,4.0,4.0,34.0,105.0,492.0,5.0,4.0,30.0,4.0,26.0,106.0,39.0,1.0,38.0,115.0,3.0,2.0,3.5,4.0,,163.0,5.0,158.0,161.0,2.0,159.0,191.0,5.0,186.0,27.0,55.0,29.0,101.0,59.0,113.0,522.0,32.0,105.0,506.0,26.0,109.0,513.0,22.0,110.0,509.0,37.0,2.0,,42.0,3.0,,89.0,2.0,87.0,126.0,91.0,3.0,88.0,127.0,61.0,9.0,52.0,119.0,59.0,11.0,48.0,114.0,2.0,,2.0,,41.0,55.0,8.0,2.0,2.0,8.0,8.0,18.0,98.0,18.0,98.0,33.0,107.0,107.0,205.0,205.0,102.0,102.0,2.0,45.0,2.0,3.0,33.0,95.0,490.0,7.0,7.0,46.0,3.0,43.0,127.0,47.0,2.0,45.0,124.0,3.0,,,4.0,,
97,1.0,2.0,21.0,9.0,12.0,25.0,16.0,9.0,22.0,13.0,9.0,16.0,42.0,19.0,92.0,24.0,89.0,408.0,16.0,94.0,458.0,4.0,88.0,443.0,10.0,92.0,468.0,0.0,159.0,2.0,84.0,31.0,21.0,10.0,75.0,34.0,19.0,15.0,79.0,17.0,13.0,4.0,78.0,18.0,16.0,2.0,74.0,0.0,1.0,17.0,38.0,2.0,1.0,1.0,1.0,0.0,3.0,85.0,3.0,85.0,9.0,83.0,84.0,168.0,169.0,83.0,83.0,5.0,87.0,439.0,2.0,1.0,22.0,16.0,6.0,96.0,20.0,16.0,4.0,80.0,,,2.0,2.0,51.0,1.0,2.0,49.0,3.0,46.0,81.0,9.0,72.0,79.0,7.0,72.0,19.0,45.0,19.0,84.0,34.0,89.0,446.0,15.0,82.0,454.0,5.0,83.0,452.0,15.0,100.0,485.0,105.0,2.0,65.0,2.0,54.0,7.0,47.0,92.0,61.0,12.0,49.0,94.0,22.0,15.0,7.0,71.0,29.0,24.0,5.0,68.0,0.0,3.0,22.0,41.0,3.0,6.0,2.0,2.0,0.0,5.0,89.0,5.0,90.0,17.0,89.0,87.0,178.0,177.0,87.0,87.0,27.0,99.0,479.0,2.0,4.0,24.0,4.0,20.0,100.0,24.0,3.0,21.0,95.0,0.0,2.0,3.5,3.5,,117.0,9.0,108.0,129.0,18.0,111.0,117.0,8.0,109.0,20.0,44.0,25.0,92.0,43.0,93.0,477.0,21.0,87.0,475.0,9.0,87.0,471.0,19.0,105.0,499.0,104.0,3.0,,125.0,2.0,,74.0,13.0,61.0,91.0,76.0,12.0,64.0,95.0,45.0,33.0,12.0,72.0,47.0,38.0,9.0,68.0,1.0,,3.0,,28.0,44.0,6.0,1.0,1.0,1.0,6.0,8.0,79.0,8.0,80.0,23.0,92.0,92.0,171.0,172.0,84.0,84.0,1.0,25.0,1.0,2.0,33.0,99.0,490.0,3.0,3.0,27.0,11.0,16.0,90.0,31.0,4.0,27.0,99.0,3.0,2.0,3.0,4.0,,80.0,7.0,73.0,101.0,9.0,92.0,101.0,3.0,98.0,20.0,41.0,23.0,85.0,46.0,92.0,486.0,25.0,89.0,486.0,13.0,90.0,482.0,17.0,94.0,492.0,75.0,2.0,,83.0,1.0,,81.0,5.0,76.0,107.0,74.0,9.0,65.0,93.0,44.0,22.0,22.0,81.0,34.0,17.0,17.0,75.0,0.0,,0.0,,29.0,40.0,10.0,3.0,3.0,2.0,10.0,15.0,90.0,15.0,92.0,23.0,84.0,86.0,174.0,178.0,85.0,87.0,2.0,71.0,4.0,4.0,29.0,89.0,483.0,3.0,3.0,26.0,8.0,18.0,85.0,31.0,5.0,26.0,94.0,3.0,3.0,,,,0.0
98,1.0,1.0,43.0,11.0,32.0,26.0,4.0,22.0,36.0,8.0,28.0,19.0,51.0,20.0,104.0,29.0,105.0,427.0,17.0,104.0,462.0,10.0,113.0,474.0,12.0,101.0,475.0,1.0,204.0,1.0,119.0,35.0,3.0,32.0,101.0,40.0,16.0,24.0,94.0,16.0,7.0,9.0,92.0,22.0,10.0,12.0,97.0,0.0,2.0,9.0,27.0,3.0,2.0,2.0,1.0,2.0,7.0,104.0,6.0,100.0,16.0,107.0,105.0,211.0,205.0,105.0,102.0,11.0,100.0,452.0,2.0,1.0,13.0,1.0,12.0,108.0,14.0,4.0,10.0,92.0,,,3.5,3.5,88.0,1.0,1.0,96.0,1.0,95.0,86.0,2.0,84.0,69.0,1.0,68.0,20.0,49.0,25.0,107.0,48.0,115.0,491.0,21.0,97.0,475.0,23.0,116.0,505.0,16.0,106.0,489.0,113.0,3.0,92.0,2.0,69.0,1.0,68.0,118.0,63.0,2.0,61.0,111.0,40.0,4.0,36.0,114.0,40.0,2.0,38.0,116.0,1.0,4.0,28.0,52.0,4.0,8.0,4.0,4.0,3.0,11.0,111.0,11.0,112.0,22.0,105.0,101.0,216.0,213.0,108.0,106.0,23.0,99.0,472.0,2.0,3.0,13.0,4.0,9.0,82.0,16.0,3.0,13.0,84.0,2.0,2.0,4.0,4.0,,98.0,1.0,97.0,88.0,3.0,85.0,124.0,15.0,109.0,21.0,48.0,30.0,112.0,50.0,105.0,497.0,23.0,92.0,480.0,25.0,111.0,510.0,16.0,99.0,489.0,165.0,1.0,,237.0,1.0,,73.0,1.0,72.0,112.0,75.0,2.0,73.0,114.0,49.0,3.0,46.0,118.0,42.0,6.0,36.0,106.0,2.0,,3.0,,32.0,52.0,8.0,3.0,2.0,3.0,14.0,20.0,110.0,19.0,107.0,33.0,120.0,118.0,230.0,225.0,118.0,114.0,2.0,33.0,3.0,2.0,29.0,97.0,483.0,2.0,2.0,28.0,1.0,27.0,108.0,21.0,1.0,20.0,90.0,3.0,4.0,3.5,4.5,,113.0,4.0,109.0,107.0,7.0,100.0,119.0,5.0,114.0,24.0,51.0,33.0,116.0,59.0,114.0,522.0,27.0,94.0,491.0,26.0,110.0,513.0,19.0,102.0,499.0,91.0,2.0,,104.0,2.0,,66.0,1.0,65.0,96.0,66.0,0.0,66.0,97.0,41.0,2.0,39.0,106.0,41.0,2.0,39.0,106.0,3.0,,2.0,,33.0,47.0,9.0,3.0,2.0,6.0,16.0,25.0,117.0,24.0,116.0,35.0,114.0,114.0,231.0,230.0,118.0,118.0,3.0,58.0,4.0,4.0,36.0,100.0,496.0,5.0,3.0,23.0,2.0,21.0,91.0,28.0,1.0,27.0,96.0,3.0,4.0,,,,
99,5.0,2.0,42.0,4.0,38.0,45.0,6.0,39.0,43.0,12.0,31.0,18.0,44.0,21.0,90.0,31.0,89.0,434.0,18.0,91.0,465.0,9.0,96.0,471.0,12.0,94.0,475.0,1.0,305.0,3.0,112.0,37.0,9.0,28.0,76.0,40.0,13.0,27.0,76.0,20.0,13.0,7.0,76.0,23.0,18.0,5.0,72.0,1.0,2.0,29.0,53.0,1.0,4.0,2.0,2.0,1.0,4.0,88.0,4.0,90.0,15.0,88.0,102.0,176.0,192.0,86.0,95.0,20.0,96.0,467.0,2.0,2.0,19.0,3.0,16.0,114.0,19.0,6.0,13.0,97.0,,,3.5,3.5,75.0,5.0,2.0,,,,,,,,,,,,,,,,,,,,,,,,,,,,,,,,,,,,,,,,,,,,,,,,,,,,,,,,,,,,,,,,,,,,,,,,,,,,,,,,,,,,,,,,,,,,,,,,,,,,,,,,,,,,,,,,,,,,,,,,,,,,,,,,,,,,,,,,,,,,,,,,,,,,,,,,,,,,,,,,,,,,,,,,,,,,,,,,,,,,,,,,,,,,,,,,,,,,,,,,,,,,,,,,,,,,,,,,,,,,,,,,,,,,,,,,,,,,,,,,,,,,,,,,,,,,,,,,,,,,,,,,,,
100,1.0,1.0,52.0,5.0,47.0,39.0,3.0,36.0,42.0,2.0,40.0,22.0,60.0,19.0,106.0,39.0,127.0,464.0,19.0,116.0,469.0,10.0,120.0,474.0,15.0,114.0,485.0,1.0,118.0,1.0,92.0,27.0,4.0,23.0,96.0,26.0,2.0,24.0,97.0,17.0,4.0,13.0,102.0,17.0,5.0,12.0,101.0,0.0,1.0,31.0,64.0,1.0,1.0,1.0,1.0,1.0,3.0,89.0,3.0,85.0,12.0,101.0,93.0,190.0,178.0,94.0,87.0,15.0,109.0,459.0,2.0,2.0,13.0,3.0,10.0,105.0,17.0,1.0,16.0,102.0,,,3.5,4.0,95.0,1.0,1.0,,,,,,,,,,,,,,,,,,,,,,,,,,,,,,,,,,,,,,,,,,,,,,,,,,,,,,,,,,,,,,,,,,,,,,,,,,,,,,,,,,,,,,,,,,,,,,,,,,,,,,,,,,,,,,,,,,,,,,,,,,,,,,,,,,,,,,,,,,,,,,,,,,,,,,,,,,,,,,,,,,,,,,,,,,,,,,,,,,,,,,,,,,,,,,,,,,,,,,,,,,,,,,,,,,,,,,,,,,,,,,,,,,,,,,,,,,,,,,,,,,,,,,,,,,,,,,,,,,,,,,,,,,
101,2.0,1.0,71.0,4.0,67.0,72.0,2.0,70.0,63.0,0.0,63.0,22.0,57.0,22.0,106.0,38.0,115.0,460.0,21.0,110.0,475.0,13.0,114.0,482.0,11.0,97.0,471.0,0.0,21.0,0.0,20.0,44.0,0.0,44.0,105.0,43.0,5.0,38.0,100.0,20.0,8.0,12.0,93.0,22.0,6.0,16.0,99.0,1.0,2.0,25.0,50.0,1.0,3.0,1.0,2.0,1.0,3.0,85.0,4.0,90.0,18.0,106.0,111.0,191.0,201.0,94.0,100.0,24.0,111.0,474.0,0.0,0.0,24.0,1.0,23.0,123.0,21.0,0.0,21.0,110.0,,,3.5,4.0,97.0,2.0,1.0,123.0,4.0,119.0,121.0,2.0,119.0,109.0,6.0,103.0,21.0,50.0,25.0,104.0,48.0,109.0,491.0,29.0,109.0,497.0,19.0,106.0,495.0,23.0,125.0,513.0,85.0,3.0,65.0,2.0,56.0,2.0,54.0,98.0,57.0,2.0,55.0,99.0,31.0,5.0,26.0,98.0,23.0,6.0,17.0,87.0,2.0,4.0,28.0,50.0,1.0,6.0,2.0,2.0,2.0,5.0,89.0,5.0,87.0,26.0,110.0,107.0,199.0,194.0,98.0,96.0,37.0,114.0,498.0,3.0,4.0,36.0,2.0,34.0,121.0,38.0,2.0,36.0,114.0,2.5,2.5,3.5,3.5,88.0,99.0,2.0,97.0,80.0,2.0,78.0,99.0,4.0,95.0,25.0,55.0,30.0,108.0,52.0,106.0,503.0,28.0,99.0,494.0,26.0,112.0,513.0,22.0,115.0,509.0,105.0,3.0,,127.0,4.0,,52.0,1.0,51.0,79.0,60.0,2.0,58.0,87.0,28.0,6.0,22.0,85.0,28.0,6.0,22.0,85.0,3.0,,4.0,,38.0,59.0,5.0,1.0,1.0,4.0,14.0,19.0,108.0,19.0,106.0,30.0,109.0,108.0,217.0,214.0,109.0,107.0,2.0,41.0,2.0,3.0,36.0,104.0,496.0,5.0,3.0,30.0,5.0,25.0,105.0,32.0,4.0,28.0,99.0,3.0,4.0,4.0,3.0,,97.0,8.0,89.0,127.0,12.0,115.0,138.0,5.0,133.0,27.0,55.0,30.0,104.0,55.0,106.0,511.0,32.0,105.0,506.0,23.0,103.0,505.0,26.0,123.0,523.0,85.0,2.0,,90.0,1.0,,68.0,2.0,66.0,94.0,66.0,0.0,66.0,94.0,31.0,9.0,22.0,81.0,38.0,13.0,25.0,85.0,2.0,,2.0,,39.0,52.0,8.0,2.0,2.0,4.0,15.0,21.0,106.0,21.0,107.0,30.0,101.0,102.0,207.0,209.0,103.0,104.0,2.0,60.0,4.0,4.0,40.0,106.0,503.0,4.0,4.0,34.0,1.0,33.0,113.0,32.0,2.0,30.0,101.0,2.0,,,,,
102,7.0,2.0,66.0,4.0,62.0,44.0,6.0,38.0,43.0,5.0,38.0,20.0,51.0,21.0,103.0,33.0,108.0,442.0,18.0,103.0,465.0,8.0,106.0,468.0,18.0,120.0,496.0,3.0,203.0,2.0,91.0,42.0,7.0,35.0,97.0,43.0,8.0,35.0,97.0,20.0,8.0,12.0,93.0,23.0,18.0,5.0,80.0,0.0,3.0,23.0,47.0,3.0,2.0,1.0,1.0,0.0,4.0,90.0,4.0,90.0,14.0,95.0,99.0,185.0,189.0,91.0,93.0,19.0,106.0,466.0,3.0,3.0,22.0,1.0,21.0,121.0,18.0,2.0,16.0,102.0,,,4.0,3.5,95.0,7.0,2.0,,,,,,,,,,,,,,,,,,,,,,,,,,,,,,,,,,,,,,,,,,,,,,,,,,,,,,,,,,,,,,,,,,,,,,,,,,,,,,,3.0,,,,,,,,,,,,,,,,,,,,,,,,,,,,,,,,,,,,,,,,,,,,,,,,,,,,,,,,,,,,,,,,,,,,,,,,,,,,,,,,,,,,,,,,,,,,,,,,,,,,,,,,,,,,,,,,,,,,,,,,,,,,,,,,,,,,,,,,,,,,,,,,,,,,,,,,,,,,,,,,,,,,,,,,,,,,,,,,,,,,,,,,,,,
103,2.0,1.0,77.0,1.0,76.0,89.0,0.0,89.0,79.0,1.0,78.0,18.0,49.0,23.0,121.0,40.0,130.0,467.0,21.0,122.0,475.0,18.0,132.0,493.0,13.0,108.0,478.0,1.0,115.0,1.0,45.0,53.0,2.0,51.0,127.0,53.0,4.0,49.0,124.0,27.0,3.0,24.0,118.0,24.0,7.0,17.0,108.0,0.0,2.0,17.0,41.0,2.0,2.0,2.0,1.0,0.0,4.0,94.0,3.0,85.0,19.0,120.0,114.0,214.0,199.0,107.0,99.0,30.0,124.0,485.0,4.0,4.0,26.0,0.0,26.0,128.0,26.0,0.0,26.0,117.0,,,4.0,3.5,97.0,2.0,1.0,,,,,,,,,,,,,,,,,,,,,,,,,,,,,,,,,,,,,,,,,,,,,,,,,,,,,,,,,,,,,,,,,,,,,,,,,,,,,,,3.0,3.5,5.0,4.0,,112.0,3.0,109.0,99.0,2.0,97.0,119.0,1.0,118.0,23.0,53.0,31.0,115.0,57.0,117.0,516.0,31.0,110.0,503.0,28.0,118.0,520.0,20.0,112.0,502.0,51.0,1.0,,66.0,4.0,,70.0,0.0,70.0,110.0,70.0,1.0,69.0,109.0,44.0,7.0,37.0,107.0,41.0,3.0,38.0,109.0,2.0,,3.0,,33.0,54.0,6.0,2.0,1.0,3.0,12.0,17.0,102.0,16.0,99.0,28.0,108.0,102.0,210.0,201.0,105.0,100.0,3.0,66.0,4.0,4.0,38.0,112.0,500.0,4.0,7.0,32.0,1.0,31.0,114.0,31.0,2.0,29.0,100.0,,,,,,110.0,2.0,108.0,108.0,5.0,103.0,137.0,1.0,136.0,24.0,51.0,33.0,120.0,60.0,118.0,525.0,32.0,108.0,506.0,25.0,109.0,510.0,19.0,104.0,499.0,78.0,3.0,,86.0,0.0,,73.0,0.0,73.0,106.0,76.0,0.0,76.0,111.0,48.0,3.0,45.0,113.0,47.0,2.0,45.0,113.0,2.0,,4.0,,35.0,51.0,8.0,2.0,2.0,7.0,11.0,20.0,106.0,20.0,104.0,36.0,119.0,116.0,225.0,220.0,114.0,111.0,2.0,72.0,4.0,4.0,35.0,101.0,494.0,4.0,10.0,22.0,3.0,19.0,87.0,26.0,4.0,22.0,88.0,,,,5.0,,
104,1.0,2.0,38.0,4.0,34.0,26.0,3.0,23.0,22.0,7.0,15.0,18.0,46.0,22.0,102.0,30.0,96.0,431.0,15.0,91.0,454.0,9.0,102.0,471.0,8.0,86.0,460.0,0.0,192.0,1.0,101.0,23.0,1.0,22.0,86.0,24.0,6.0,18.0,82.0,18.0,5.0,13.0,94.0,18.0,5.0,13.0,94.0,0.0,1.0,18.0,37.0,0.0,6.0,3.0,3.0,0.0,3.0,85.0,3.0,85.0,17.0,98.0,108.0,183.0,193.0,90.0,95.0,18.0,100.0,464.0,1.0,1.0,17.0,1.0,16.0,114.0,19.0,2.0,17.0,104.0,,,3.0,3.5,55.0,1.0,2.0,62.0,3.0,59.0,38.0,3.0,35.0,71.0,1.0,70.0,19.0,45.0,24.0,100.0,38.0,94.0,460.0,18.0,88.0,465.0,14.0,99.0,484.0,12.0,91.0,475.0,116.0,2.0,59.0,1.0,40.0,2.0,38.0,82.0,38.0,1.0,37.0,81.0,15.0,5.0,10.0,76.0,13.0,4.0,9.0,75.0,0.0,1.0,19.0,35.0,3.0,6.0,2.0,2.0,1.0,6.0,91.0,6.0,94.0,21.0,94.0,98.0,185.0,192.0,91.0,95.0,23.0,95.0,472.0,3.0,1.0,24.0,6.0,18.0,97.0,16.0,4.0,12.0,83.0,3.0,3.0,3.0,3.0,,63.0,3.0,60.0,49.0,7.0,42.0,69.0,3.0,66.0,20.0,42.0,29.0,102.0,43.0,91.0,477.0,28.0,97.0,494.0,13.0,92.0,482.0,16.0,94.0,489.0,46.0,1.0,,82.0,3.0,,56.0,2.0,54.0,82.0,52.0,5.0,47.0,76.0,28.0,12.0,16.0,77.0,28.0,13.0,15.0,76.0,2.0,,1.0,,28.0,42.0,7.0,2.0,2.0,1.0,10.0,13.0,87.0,13.0,91.0,27.0,99.0,100.0,186.0,191.0,91.0,94.0,2.0,35.0,2.0,2.0,32.0,95.0,488.0,4.0,2.0,26.0,2.0,24.0,103.0,20.0,6.0,14.0,81.0,2.0,3.0,2.0,3.0,,60.0,9.0,51.0,81.0,5.0,76.0,82.0,7.0,75.0,23.0,46.0,28.0,96.0,53.0,99.0,506.0,27.0,91.0,491.0,16.0,93.0,489.0,19.0,98.0,499.0,176.0,4.0,,164.0,1.0,,61.0,2.0,59.0,85.0,60.0,3.0,57.0,83.0,28.0,13.0,15.0,73.0,25.0,15.0,10.0,66.0,0.0,,1.0,,29.0,39.0,6.0,1.0,1.0,3.0,7.0,11.0,79.0,11.0,80.0,29.0,96.0,97.0,175.0,177.0,86.0,87.0,2.0,42.0,2.0,2.0,32.0,90.0,488.0,2.0,1.0,19.0,2.0,17.0,83.0,18.0,1.0,17.0,79.0,3.0,3.0,,3.0,,
105,1.0,1.0,16.0,8.0,8.0,16.0,6.0,10.0,24.0,9.0,15.0,16.0,44.0,16.0,95.0,29.0,111.0,427.0,11.0,95.0,438.0,5.0,106.0,452.0,11.0,100.0,471.0,0.0,469.0,1.0,240.0,18.0,3.0,15.0,87.0,19.0,3.0,16.0,88.0,12.0,3.0,9.0,95.0,11.0,2.0,9.0,95.0,0.0,0.0,14.0,34.0,1.0,3.0,2.0,2.0,0.0,3.0,87.0,3.0,85.0,8.0,86.0,81.0,173.0,166.0,85.0,81.0,9.0,102.0,448.0,0.0,2.0,3.0,8.0,0.0,80.0,4.0,2.0,2.0,77.0,,,2.0,3.5,45.0,1.0,1.0,,,,,,,,,,,,,,,,,,,,,,,,,,,,,,,,,,,,,,,,,,,,,,,,,,,,,,,,,,,,,,,,,,,,,,,,,,,,,,,,,,,,58.0,3.0,55.0,33.0,8.0,25.0,63.0,2.0,61.0,23.0,53.0,24.0,93.0,41.0,93.0,470.0,24.0,94.0,483.0,16.0,98.0,489.0,22.0,118.0,509.0,270.0,0.0,,269.0,2.0,,48.0,4.0,44.0,79.0,52.0,9.0,43.0,78.0,25.0,7.0,18.0,84.0,24.0,10.0,14.0,78.0,2.0,,4.0,,28.0,47.0,0.0,0.0,0.0,3.0,8.0,11.0,87.0,11.0,86.0,17.0,81.0,77.0,168.0,163.0,83.0,80.0,2.0,62.0,4.0,4.0,30.0,98.0,485.0,5.0,3.0,19.0,1.0,18.0,93.0,20.0,1.0,19.0,88.0,,,,,,55.0,5.0,50.0,56.0,5.0,51.0,55.0,5.0,50.0,23.0,49.0,25.0,93.0,45.0,93.0,483.0,24.0,90.0,483.0,19.0,98.0,495.0,19.0,103.0,499.0,167.0,2.0,,227.0,1.0,,49.0,4.0,45.0,74.0,51.0,3.0,48.0,77.0,28.0,5.0,23.0,86.0,30.0,12.0,18.0,80.0,0.0,,2.0,,32.0,47.0,7.0,2.0,1.0,2.0,13.0,17.0,98.0,16.0,94.0,23.0,89.0,86.0,187.0,180.0,92.0,89.0,2.0,32.0,2.0,2.0,27.0,89.0,479.0,3.0,2.0,14.0,4.0,10.0,66.0,16.0,4.0,12.0,72.0,1.0,,,,,0.0
106,1.0,1.0,13.0,7.0,6.0,14.0,6.0,8.0,12.0,8.0,4.0,14.0,40.0,14.0,86.0,22.0,94.0,400.0,10.0,88.0,434.0,3.0,85.0,423.0,9.0,92.0,464.0,0.0,308.0,2.0,168.0,25.0,19.0,6.0,76.0,32.0,22.0,10.0,80.0,8.0,6.0,2.0,77.0,12.0,6.0,6.0,86.0,0.0,2.0,11.0,30.0,3.0,1.0,1.0,1.0,0.0,4.0,92.0,4.0,90.0,9.0,88.0,84.0,180.0,174.0,88.0,85.0,1.0,80.0,419.0,0.0,0.0,22.0,18.0,4.0,90.0,11.0,14.0,0.0,71.0,,,3.0,3.5,25.0,1.0,1.0,87.0,16.0,71.0,83.0,10.0,73.0,73.0,8.0,65.0,17.0,41.0,21.0,91.0,36.0,92.0,453.0,18.0,88.0,465.0,8.0,91.0,468.0,8.0,80.0,460.0,123.0,0.0,89.0,1.0,52.0,4.0,48.0,93.0,43.0,3.0,40.0,83.0,19.0,8.0,11.0,78.0,18.0,9.0,9.0,75.0,0.0,1.0,21.0,39.0,1.0,1.0,1.0,0.0,1.0,3.0,81.0,2.0,73.0,16.0,87.0,80.0,168.0,153.0,83.0,74.0,20.0,93.0,467.0,1.0,1.0,22.0,4.0,18.0,97.0,18.0,5.0,13.0,82.0,,,4.0,3.5,81.0,66.0,1.0,65.0,61.0,11.0,50.0,94.0,6.0,88.0,19.0,42.0,24.0,89.0,42.0,92.0,473.0,22.0,89.0,477.0,12.0,92.0,480.0,12.0,86.0,475.0,144.0,0.0,,170.0,1.0,,53.0,1.0,52.0,80.0,65.0,12.0,53.0,81.0,29.0,12.0,17.0,79.0,31.0,17.0,14.0,75.0,1.0,,3.0,,28.0,44.0,7.0,2.0,2.0,1.0,14.0,17.0,102.0,17.0,101.0,24.0,95.0,93.0,197.0,194.0,97.0,96.0,2.0,61.0,4.0,4.0,31.0,98.0,486.0,4.0,3.0,28.0,8.0,20.0,97.0,22.0,5.0,17.0,85.0,3.0,2.0,2.5,3.5,55.0,65.0,9.0,56.0,78.0,10.0,68.0,104.0,2.0,102.0,15.0,33.0,25.0,93.0,41.0,87.0,470.0,19.0,80.0,469.0,11.0,89.0,477.0,17.0,96.0,492.0,159.0,1.0,,157.0,1.0,,60.0,3.0,57.0,86.0,61.0,5.0,56.0,85.0,39.0,23.0,16.0,77.0,40.0,29.0,11.0,70.0,1.0,,0.0,,29.0,42.0,7.0,2.0,1.0,1.0,10.0,13.0,86.0,12.0,84.0,26.0,94.0,92.0,180.0,176.0,88.0,86.0,2.0,59.0,4.0,4.0,29.0,91.0,483.0,4.0,2.0,19.0,5.0,14.0,76.0,23.0,4.0,19.0,84.0,3.5,4.0,4.0,4.0,,0.0
107,1.0,2.0,23.0,7.0,16.0,24.0,7.0,17.0,19.0,9.0,10.0,18.0,51.0,19.0,111.0,24.0,108.0,408.0,11.0,100.0,438.0,5.0,112.0,452.0,15.0,116.0,485.0,0.0,203.0,1.0,93.0,20.0,2.0,18.0,91.0,22.0,5.0,17.0,89.0,17.0,15.0,2.0,80.0,15.0,12.0,3.0,83.0,1.0,2.0,17.0,41.0,0.0,0.0,0.0,0.0,1.0,1.0,79.0,1.0,74.0,13.0,103.0,96.0,182.0,170.0,89.0,83.0,8.0,104.0,446.0,2.0,2.0,14.0,10.0,4.0,90.0,12.0,12.0,0.0,71.0,,,2.0,3.0,65.0,1.0,2.0,,,,,,,,,,,,,,,,,,,,,,,,,,,,,,,,,,,,,,,,,,,,,,,,,,,,,,,,,,,,,,,,,,,,,,,,,,,,,,,,,,,,96.0,3.0,93.0,88.0,5.0,83.0,97.0,3.0,94.0,21.0,48.0,30.0,112.0,49.0,105.0,494.0,28.0,102.0,494.0,21.0,105.0,500.0,16.0,100.0,489.0,123.0,1.0,,136.0,1.0,,66.0,1.0,65.0,104.0,68.0,0.0,68.0,108.0,33.0,4.0,29.0,98.0,33.0,5.0,28.0,97.0,2.0,,4.0,,30.0,49.0,5.0,1.0,1.0,3.0,9.0,13.0,92.0,13.0,91.0,25.0,101.0,95.0,193.0,186.0,95.0,92.0,1.0,32.0,3.0,2.0,36.0,110.0,496.0,4.0,4.0,23.0,2.0,21.0,98.0,25.0,2.0,23.0,93.0,,,,,,95.0,4.0,91.0,96.0,2.0,94.0,114.0,1.0,113.0,23.0,51.0,26.0,99.0,50.0,102.0,497.0,27.0,97.0,491.0,26.0,111.0,513.0,17.0,99.0,492.0,90.0,2.0,,136.0,0.0,,69.0,0.0,69.0,101.0,61.0,1.0,60.0,90.0,34.0,1.0,33.0,99.0,33.0,4.0,29.0,94.0,2.0,,1.0,,35.0,51.0,5.0,1.0,1.0,3.0,14.0,18.0,101.0,18.0,99.0,30.0,106.0,102.0,207.0,201.0,103.0,100.0,2.0,33.0,2.0,2.0,36.0,104.0,496.0,4.0,6.0,27.0,2.0,25.0,99.0,27.0,2.0,25.0,93.0,,,,,,
108,2.0,2.0,67.0,2.0,65.0,69.0,2.0,67.0,57.0,3.0,54.0,24.0,64.0,21.0,98.0,37.0,109.0,457.0,18.0,98.0,465.0,13.0,110.0,482.0,18.0,117.0,496.0,2.0,130.0,2.0,61.0,46.0,4.0,42.0,103.0,45.0,8.0,37.0,99.0,23.0,15.0,8.0,86.0,20.0,7.0,13.0,94.0,2.0,1.0,33.0,60.0,7.0,3.0,1.0,2.0,0.0,8.0,105.0,9.0,113.0,20.0,105.0,116.0,210.0,229.0,105.0,117.0,25.0,109.0,476.0,4.0,4.0,22.0,2.0,20.0,120.0,21.0,4.0,17.0,104.0,,,4.0,3.5,75.0,2.0,2.0,143.0,2.0,141.0,131.0,4.0,127.0,129.0,1.0,128.0,24.0,58.0,24.0,100.0,51.0,113.0,500.0,29.0,109.0,497.0,21.0,108.0,500.0,19.0,112.0,499.0,67.0,3.0,36.0,2.0,63.0,1.0,62.0,108.0,69.0,2.0,67.0,113.0,29.0,4.0,25.0,97.0,31.0,3.0,28.0,101.0,3.0,3.0,,,9.0,10.0,4.0,4.0,1.0,14.0,116.0,14.0,123.0,24.0,101.0,107.0,217.0,230.0,109.0,118.0,33.0,107.0,490.0,4.0,4.0,41.0,0.0,41.0,134.0,40.0,1.0,39.0,120.0,4.0,3.5,4.0,4.0,,161.0,5.0,156.0,163.0,0.0,163.0,163.0,6.0,157.0,29.0,61.0,30.0,105.0,57.0,111.0,516.0,34.0,114.0,512.0,26.0,110.0,513.0,26.0,125.0,523.0,61.0,4.0,,72.0,3.0,,72.0,0.0,72.0,105.0,75.0,1.0,74.0,107.0,38.0,10.0,28.0,92.0,41.0,4.0,37.0,103.0,4.0,,4.0,,41.0,60.0,10.0,3.0,3.0,6.0,15.0,24.0,116.0,24.0,122.0,32.0,110.0,113.0,226.0,235.0,115.0,120.0,4.0,119.0,4.0,4.0,42.0,112.0,507.0,8.0,5.0,46.0,3.0,43.0,133.0,47.0,1.0,46.0,125.0,3.5,4.5,4.0,4.5,,170.0,4.0,166.0,148.0,1.0,147.0,201.0,7.0,194.0,28.0,57.0,29.0,101.0,59.0,112.0,522.0,33.0,108.0,509.0,24.0,104.0,508.0,25.0,119.0,520.0,49.0,3.0,,52.0,2.0,,79.0,0.0,79.0,112.0,80.0,1.0,79.0,112.0,40.0,7.0,33.0,95.0,40.0,9.0,31.0,92.0,2.0,,1.0,,49.0,66.0,13.0,4.0,4.0,9.0,19.0,32.0,133.0,32.0,145.0,35.0,111.0,117.0,244.0,262.0,127.0,138.0,4.0,90.0,4.0,4.0,40.0,104.0,503.0,8.0,7.0,40.0,2.0,38.0,120.0,39.0,2.0,37.0,115.0,4.5,4.0,,5.0,,1.0
109,2.0,2.0,67.0,5.0,62.0,66.0,8.0,58.0,60.0,7.0,53.0,19.0,48.0,20.0,95.0,34.0,104.0,446.0,17.0,96.0,462.0,10.0,105.0,474.0,15.0,107.0,485.0,0.0,157.0,2.0,100.0,34.0,2.0,32.0,95.0,36.0,4.0,32.0,95.0,16.0,6.0,10.0,90.0,17.0,5.0,12.0,93.0,0.0,3.0,25.0,48.0,4.0,5.0,2.0,3.0,2.0,8.0,105.0,9.0,113.0,16.0,96.0,105.0,201.0,218.0,99.0,109.0,23.0,107.0,472.0,4.0,5.0,22.0,4.0,18.0,117.0,22.0,1.0,21.0,110.0,,,3.5,3.5,97.0,2.0,2.0,153.0,7.0,146.0,131.0,3.0,128.0,114.0,6.0,108.0,23.0,53.0,24.0,97.0,45.0,100.0,483.0,33.0,117.0,509.0,17.0,100.0,491.0,21.0,116.0,506.0,72.0,3.0,65.0,3.0,63.0,3.0,60.0,98.0,62.0,6.0,56.0,94.0,29.0,4.0,25.0,93.0,30.0,5.0,25.0,93.0,2.0,3.0,31.0,51.0,4.0,6.0,2.0,2.0,5.0,11.0,106.0,11.0,108.0,22.0,93.0,95.0,199.0,203.0,98.0,101.0,35.0,108.0,494.0,6.0,8.0,39.0,2.0,37.0,127.0,37.0,3.0,34.0,111.0,3.5,3.5,4.0,5.0,,123.0,5.0,118.0,120.0,3.0,117.0,135.0,2.0,133.0,23.0,49.0,27.0,95.0,47.0,96.0,489.0,32.0,107.0,506.0,20.0,99.0,498.0,23.0,116.0,513.0,61.0,4.0,,68.0,2.0,,64.0,0.0,64.0,95.0,66.0,0.0,66.0,97.0,37.0,6.0,31.0,96.0,32.0,3.0,29.0,94.0,3.0,,2.0,,32.0,47.0,9.0,3.0,3.0,6.0,15.0,24.0,116.0,24.0,122.0,26.0,96.0,98.0,212.0,220.0,106.0,111.0,3.0,103.0,4.0,4.0,37.0,103.0,498.0,6.0,9.0,45.0,1.0,44.0,135.0,41.0,0.0,41.0,117.0,4.0,4.0,4.0,4.0,,127.0,4.0,123.0,147.0,7.0,140.0,173.0,5.0,168.0,24.0,50.0,27.0,96.0,52.0,100.0,503.0,35.0,115.0,515.0,18.0,96.0,493.0,24.0,116.0,516.0,50.0,3.0,,57.0,1.0,,65.0,0.0,65.0,93.0,70.0,2.0,68.0,96.0,41.0,9.0,32.0,93.0,37.0,6.0,31.0,92.0,2.0,,2.0,,39.0,52.0,9.0,2.0,3.0,5.0,12.0,19.0,101.0,20.0,105.0,32.0,105.0,110.0,206.0,215.0,102.0,108.0,4.0,97.0,4.0,4.0,43.0,110.0,509.0,7.0,7.0,43.0,1.0,42.0,126.0,42.0,3.0,39.0,118.0,5.0,5.0,,5.0,,0.0
110,2.0,2.0,84.0,2.0,82.0,91.0,16.0,75.0,72.0,7.0,65.0,25.0,69.0,26.0,132.0,38.0,125.0,460.0,21.0,121.0,475.0,17.0,129.0,491.0,19.0,128.0,499.0,1.0,140.0,4.0,95.0,43.0,0.0,43.0,118.0,45.0,1.0,44.0,119.0,28.0,8.0,20.0,113.0,27.0,8.0,19.0,111.0,1.0,2.0,34.0,69.0,4.0,0.0,0.0,0.0,3.0,7.0,107.0,7.0,104.0,24.0,134.0,127.0,241.0,231.0,124.0,118.0,34.0,127.0,492.0,2.0,2.0,27.0,1.0,26.0,128.0,26.0,0.0,26.0,117.0,,,3.5,4.5,88.0,2.0,2.0,161.0,3.0,158.0,135.0,0.0,135.0,133.0,1.0,132.0,25.0,63.0,33.0,139.0,60.0,133.0,525.0,30.0,119.0,500.0,28.0,127.0,520.0,17.0,111.0,492.0,68.0,3.0,53.0,2.0,72.0,0.0,72.0,129.0,78.0,0.0,78.0,135.0,44.0,7.0,37.0,119.0,42.0,8.0,34.0,115.0,2.0,4.0,36.0,64.0,3.0,6.0,3.0,2.0,3.0,9.0,104.0,8.0,101.0,33.0,132.0,135.0,236.0,236.0,121.0,121.0,29.0,110.0,483.0,1.0,5.0,36.0,4.0,32.0,118.0,35.0,1.0,34.0,113.0,5.0,4.0,5.0,5.0,,151.0,1.0,150.0,140.0,0.0,140.0,154.0,1.0,153.0,27.0,62.0,36.0,131.0,62.0,126.0,530.0,35.0,124.0,515.0,28.0,119.0,520.0,23.0,123.0,513.0,76.0,2.0,,88.0,2.0,,76.0,1.0,75.0,117.0,74.0,0.0,74.0,115.0,39.0,0.0,39.0,110.0,42.0,3.0,39.0,110.0,2.0,,3.0,,36.0,61.0,5.0,1.0,1.0,2.0,14.0,17.0,103.0,17.0,102.0,39.0,139.0,134.0,242.0,236.0,125.0,121.0,3.0,68.0,4.0,4.0,41.0,119.0,505.0,3.0,4.0,35.0,3.0,32.0,116.0,36.0,2.0,34.0,107.0,3.5,5.0,,,,157.0,1.0,156.0,152.0,1.0,151.0,189.0,0.0,189.0,28.0,59.0,40.0,136.0,64.0,124.0,536.0,31.0,104.0,503.0,30.0,121.0,530.0,27.0,128.0,527.0,53.0,3.0,,49.0,2.0,,81.0,0.0,81.0,119.0,84.0,0.0,84.0,124.0,50.0,6.0,44.0,112.0,48.0,3.0,45.0,113.0,3.0,,2.0,,46.0,67.0,6.0,1.0,1.0,4.0,15.0,20.0,106.0,20.0,104.0,42.0,133.0,132.0,239.0,236.0,123.0,121.0,3.0,121.0,4.0,4.0,41.0,110.0,505.0,3.0,6.0,47.0,1.0,46.0,131.0,38.0,2.0,36.0,110.0,5.0,,,,,
111,2.0,1.0,111.0,1.0,110.0,99.0,3.0,96.0,104.0,3.0,101.0,20.0,49.0,24.0,109.0,47.0,119.0,489.0,25.0,110.0,486.0,24.0,122.0,508.0,17.0,113.0,492.0,1.0,95.0,4.0,64.0,61.0,1.0,60.0,117.0,70.0,3.0,67.0,124.0,46.0,9.0,37.0,119.0,44.0,9.0,35.0,116.0,0.0,2.0,24.0,47.0,5.0,2.0,1.0,1.0,1.0,7.0,101.0,7.0,104.0,24.0,114.0,127.0,215.0,231.0,108.0,118.0,36.0,121.0,496.0,2.0,3.0,36.0,0.0,36.0,138.0,26.0,1.0,25.0,115.0,,,3.5,4.5,88.0,2.0,1.0,161.0,1.0,160.0,146.0,0.0,146.0,129.0,0.0,129.0,21.0,48.0,30.0,115.0,52.0,112.0,503.0,29.0,107.0,497.0,28.0,120.0,520.0,21.0,118.0,506.0,47.0,3.0,25.0,3.0,67.0,0.0,67.0,113.0,69.0,2.0,67.0,113.0,54.0,1.0,53.0,129.0,56.0,3.0,53.0,129.0,3.0,4.0,33.0,56.0,6.0,3.0,1.0,1.0,5.0,12.0,110.0,12.0,116.0,28.0,111.0,120.0,221.0,236.0,111.0,121.0,38.0,115.0,500.0,4.0,4.0,36.0,2.0,34.0,121.0,38.0,1.0,37.0,117.0,5.0,4.5,5.5,4.5,,153.0,2.0,151.0,153.0,0.0,153.0,164.0,7.0,157.0,25.0,55.0,32.0,115.0,63.0,123.0,533.0,36.0,122.0,518.0,31.0,127.0,538.0,23.0,117.0,513.0,45.0,4.0,,50.0,3.0,,85.0,2.0,83.0,123.0,85.0,1.0,84.0,124.0,57.0,2.0,55.0,127.0,54.0,1.0,53.0,124.0,3.0,,3.0,,40.0,58.0,6.0,1.0,1.0,7.0,12.0,20.0,106.0,20.0,110.0,29.0,104.0,108.0,210.0,218.0,105.0,109.0,2.0,39.0,1.0,3.0,45.0,118.0,512.0,7.0,4.0,43.0,5.0,38.0,125.0,47.0,2.0,45.0,124.0,4.0,5.0,5.5,5.5,,177.0,2.0,175.0,177.0,14.0,163.0,202.0,4.0,198.0,23.0,48.0,35.0,118.0,61.0,116.0,527.0,34.0,111.0,512.0,30.0,120.0,530.0,28.0,128.0,530.0,32.0,1.0,,26.0,1.0,,88.0,1.0,87.0,126.0,86.0,3.0,83.0,118.0,58.0,4.0,54.0,123.0,54.0,4.0,50.0,116.0,4.0,,4.0,,43.0,58.0,5.0,1.0,1.0,9.0,17.0,27.0,121.0,27.0,129.0,39.0,120.0,126.0,241.0,255.0,124.0,133.0,4.0,88.0,4.0,4.0,47.0,117.0,516.0,5.0,5.0,56.0,1.0,55.0,143.0,57.0,3.0,54.0,144.0,5.5,6.0,,,,
112,2.0,1.0,30.0,5.0,25.0,27.0,8.0,19.0,20.0,6.0,14.0,20.0,54.0,19.0,106.0,32.0,115.0,438.0,11.0,95.0,438.0,7.0,113.0,464.0,10.0,97.0,468.0,0.0,94.0,1.0,65.0,35.0,7.0,28.0,101.0,35.0,12.0,23.0,96.0,23.0,8.0,15.0,105.0,18.0,8.0,10.0,97.0,0.0,1.0,26.0,54.0,1.0,0.0,0.0,0.0,0.0,1.0,77.0,1.0,74.0,11.0,93.0,90.0,170.0,164.0,83.0,80.0,14.0,107.0,457.0,3.0,0.0,15.0,5.0,10.0,105.0,10.0,6.0,4.0,80.0,,,3.5,3.5,42.0,2.0,1.0,,,,,,,,,,,,,,,,,,,,,,,,,,,,,,,,,,,,,,,,,,,,,,,,,,,,,,,,,,,,,,,,,,,,,,,,,,,,,,,2.5,3.5,3.5,3.5,,130.0,0.0,130.0,122.0,5.0,117.0,138.0,3.0,135.0,20.0,45.0,25.0,96.0,51.0,107.0,500.0,23.0,92.0,480.0,27.0,115.0,517.0,18.0,105.0,496.0,79.0,2.0,,89.0,2.0,,73.0,1.0,72.0,112.0,76.0,2.0,74.0,115.0,47.0,3.0,44.0,116.0,44.0,6.0,38.0,109.0,0.0,,3.0,,26.0,43.0,4.0,1.0,1.0,5.0,13.0,19.0,108.0,19.0,106.0,28.0,108.0,102.0,216.0,208.0,108.0,104.0,2.0,23.0,2.0,1.0,29.0,97.0,483.0,9.0,8.0,31.0,6.0,25.0,105.0,32.0,2.0,30.0,101.0,3.0,3.5,4.0,3.5,,,,,,,,,,,,,,,,,,,,,,,,,,,,,,,,,,,,,,,,,,,,,,,,,,,,,,,,,,,,,,,,,,,,,,,,,,,,,,,,,,,,,,,,,,,,,
113,2.0,2.0,133.0,1.0,132.0,129.0,2.0,127.0,122.0,1.0,121.0,22.0,57.0,25.0,117.0,47.0,127.0,489.0,25.0,118.0,486.0,21.0,124.0,500.0,17.0,116.0,492.0,1.0,60.0,3.0,55.0,61.0,2.0,59.0,118.0,60.0,3.0,57.0,116.0,32.0,8.0,24.0,108.0,29.0,4.0,25.0,110.0,1.0,2.0,31.0,60.0,7.0,6.0,3.0,3.0,3.0,13.0,125.0,13.0,130.0,25.0,123.0,130.0,248.0,260.0,129.0,137.0,36.0,125.0,496.0,1.0,2.0,40.0,1.0,39.0,141.0,42.0,1.0,41.0,137.0,,,4.5,4.5,97.0,2.0,2.0,170.0,3.0,167.0,154.0,1.0,153.0,133.0,3.0,130.0,25.0,60.0,25.0,104.0,54.0,119.0,508.0,30.0,113.0,500.0,18.0,106.0,493.0,24.0,130.0,516.0,63.0,3.0,40.0,4.0,68.0,0.0,68.0,114.0,70.0,1.0,69.0,115.0,40.0,4.0,36.0,110.0,35.0,2.0,33.0,107.0,3.0,4.0,40.0,69.0,7.0,5.0,1.0,2.0,3.0,11.0,109.0,12.0,116.0,28.0,115.0,120.0,224.0,236.0,113.0,121.0,32.0,108.0,488.0,4.0,7.0,37.0,2.0,35.0,123.0,42.0,2.0,40.0,121.0,4.0,4.0,5.5,5.5,,182.0,1.0,181.0,159.0,2.0,157.0,181.0,0.0,181.0,30.0,68.0,29.0,105.0,57.0,116.0,516.0,35.0,121.0,515.0,23.0,107.0,505.0,22.0,117.0,509.0,67.0,4.0,,74.0,4.0,,77.0,1.0,76.0,111.0,78.0,1.0,77.0,113.0,35.0,6.0,29.0,94.0,37.0,4.0,33.0,99.0,3.0,,3.0,,43.0,66.0,10.0,3.0,3.0,5.0,19.0,27.0,128.0,27.0,135.0,33.0,117.0,118.0,245.0,253.0,127.0,132.0,2.0,51.0,3.0,4.0,43.0,119.0,509.0,10.0,8.0,41.0,3.0,38.0,125.0,40.0,2.0,38.0,115.0,5.0,5.0,4.5,6.0,,171.0,0.0,171.0,161.0,1.0,160.0,192.0,0.0,192.0,26.0,56.0,34.0,119.0,60.0,116.0,525.0,32.0,106.0,506.0,25.0,107.0,510.0,28.0,130.0,530.0,49.0,3.0,,62.0,1.0,,79.0,0.0,79.0,116.0,81.0,1.0,80.0,117.0,42.0,2.0,40.0,107.0,44.0,2.0,42.0,110.0,3.0,,2.0,,44.0,62.0,7.0,2.0,2.0,6.0,17.0,25.0,117.0,25.0,121.0,36.0,116.0,119.0,233.0,240.0,119.0,123.0,3.0,72.0,4.0,4.0,43.0,113.0,509.0,8.0,8.0,45.0,1.0,44.0,128.0,47.0,1.0,46.0,130.0,4.0,5.0,,6.0,,
114,2.0,1.0,153.0,2.0,151.0,129.0,1.0,128.0,133.0,0.0,133.0,19.0,51.0,28.0,135.0,47.0,133.0,489.0,25.0,124.0,486.0,28.0,141.0,520.0,15.0,113.0,485.0,3.0,213.0,2.0,60.0,55.0,1.0,54.0,119.0,54.0,0.0,54.0,119.0,39.0,4.0,35.0,124.0,36.0,5.0,31.0,120.0,1.0,2.0,24.0,50.0,3.0,3.0,2.0,2.0,1.0,6.0,100.0,6.0,100.0,31.0,145.0,146.0,245.0,246.0,127.0,127.0,38.0,131.0,500.0,5.0,7.0,41.0,2.0,39.0,141.0,39.0,2.0,37.0,132.0,,,4.5,4.0,81.0,2.0,1.0,161.0,1.0,160.0,148.0,0.0,148.0,116.0,0.0,116.0,,,31.0,127.0,53.0,123.0,506.0,31.0,121.0,503.0,30.0,132.0,530.0,18.0,114.0,496.0,150.0,3.0,56.0,4.0,44.0,1.0,43.0,90.0,51.0,1.0,50.0,100.0,40.0,1.0,39.0,117.0,39.0,0.0,39.0,117.0,1.0,3.0,32.0,58.0,4.0,6.0,3.0,2.0,4.0,11.0,111.0,10.0,108.0,35.0,137.0,140.0,248.0,248.0,129.0,129.0,40.0,124.0,503.0,7.0,5.0,36.0,3.0,33.0,120.0,36.0,2.0,34.0,113.0,4.0,3.5,5.0,4.0,,172.0,1.0,171.0,159.0,0.0,159.0,154.0,0.0,154.0,24.0,55.0,36.0,131.0,63.0,127.0,533.0,31.0,111.0,503.0,28.0,119.0,520.0,22.0,120.0,509.0,89.0,4.0,,108.0,4.0,,56.0,0.0,56.0,94.0,60.0,1.0,59.0,97.0,46.0,1.0,45.0,117.0,46.0,2.0,44.0,116.0,3.0,,3.0,,36.0,58.0,6.0,2.0,1.0,6.0,16.0,24.0,122.0,23.0,120.0,39.0,135.0,134.0,257.0,254.0,136.0,133.0,2.0,65.0,4.0,4.0,41.0,118.0,505.0,11.0,7.0,38.0,2.0,36.0,122.0,39.0,2.0,37.0,112.0,4.0,5.0,4.5,5.5,,143.0,0.0,143.0,151.0,0.0,151.0,172.0,1.0,171.0,23.0,49.0,36.0,124.0,64.0,124.0,536.0,34.0,114.0,512.0,30.0,122.0,530.0,23.0,116.0,513.0,52.0,4.0,,80.0,0.0,,53.0,0.0,53.0,81.0,60.0,0.0,60.0,90.0,47.0,0.0,47.0,116.0,49.0,0.0,49.0,119.0,2.0,,2.0,,35.0,51.0,5.0,1.0,1.0,7.0,17.0,25.0,119.0,25.0,121.0,42.0,133.0,134.0,252.0,255.0,132.0,133.0,3.0,64.0,4.0,4.0,44.0,117.0,511.0,9.0,11.0,40.0,3.0,37.0,119.0,39.0,5.0,34.0,110.0,3.0,5.0,,5.0,,
115,2.0,1.0,23.0,4.0,19.0,23.0,5.0,18.0,22.0,3.0,19.0,19.0,51.0,17.0,93.0,33.0,113.0,442.0,16.0,103.0,458.0,16.0,123.0,489.0,14.0,108.0,482.0,0.0,223.0,2.0,176.0,27.0,3.0,24.0,94.0,23.0,4.0,19.0,89.0,18.0,4.0,14.0,100.0,15.0,1.0,14.0,100.0,1.0,1.0,30.0,61.0,4.0,3.0,2.0,2.0,0.0,6.0,100.0,6.0,100.0,17.0,109.0,108.0,209.0,208.0,104.0,104.0,17.0,107.0,462.0,3.0,1.0,11.0,3.0,8.0,100.0,14.0,4.0,10.0,92.0,,,3.0,3.0,51.0,2.0,1.0,85.0,7.0,78.0,67.0,2.0,65.0,57.0,3.0,54.0,21.0,52.0,26.0,110.0,41.0,106.0,470.0,21.0,97.0,475.0,24.0,118.0,508.0,14.0,100.0,482.0,108.0,2.0,101.0,2.0,57.0,2.0,55.0,105.0,53.0,3.0,50.0,100.0,33.0,5.0,28.0,105.0,34.0,6.0,28.0,105.0,1.0,4.0,31.0,56.0,5.0,3.0,1.0,1.0,0.0,6.0,94.0,6.0,94.0,22.0,105.0,101.0,199.0,195.0,98.0,96.0,30.0,109.0,485.0,2.0,2.0,22.0,4.0,18.0,97.0,22.0,3.0,19.0,92.0,3.0,3.0,3.5,3.0,,75.0,2.0,73.0,73.0,2.0,71.0,89.0,2.0,87.0,21.0,48.0,28.0,106.0,50.0,107.0,497.0,27.0,100.0,491.0,26.0,114.0,513.0,17.0,103.0,492.0,130.0,1.0,,70.0,2.0,,58.0,0.0,58.0,96.0,61.0,0.0,61.0,99.0,30.0,0.0,30.0,99.0,33.0,2.0,31.0,100.0,2.0,,3.0,,28.0,47.0,8.0,3.0,2.0,2.0,10.0,15.0,97.0,14.0,94.0,25.0,101.0,97.0,198.0,191.0,98.0,94.0,3.0,102.0,4.0,4.0,33.0,103.0,490.0,3.0,3.0,20.0,2.0,18.0,93.0,20.0,1.0,19.0,89.0,3.0,3.0,4.0,3.5,,75.0,5.0,70.0,95.0,4.0,91.0,93.0,3.0,90.0,22.0,47.0,29.0,105.0,53.0,104.0,506.0,29.0,99.0,497.0,26.0,110.0,513.0,17.0,97.0,492.0,65.0,1.0,,70.0,1.0,,61.0,0.0,61.0,91.0,62.0,2.0,60.0,90.0,34.0,3.0,31.0,96.0,37.0,2.0,35.0,101.0,3.0,,1.0,,32.0,47.0,9.0,3.0,3.0,1.0,11.0,15.0,93.0,15.0,92.0,28.0,101.0,100.0,194.0,192.0,96.0,95.0,3.0,65.0,4.0,4.0,35.0,99.0,494.0,3.0,0.0,23.0,2.0,21.0,91.0,23.0,3.0,20.0,88.0,4.0,4.0,,4.0,,1.0
116,2.0,2.0,133.0,0.0,133.0,115.0,1.0,114.0,123.0,2.0,121.0,21.0,54.0,26.0,120.0,38.0,114.0,460.0,28.0,122.0,494.0,20.0,121.0,498.0,17.0,116.0,492.0,1.0,104.0,3.0,70.0,66.0,3.0,63.0,121.0,58.0,1.0,57.0,116.0,38.0,9.0,29.0,114.0,37.0,8.0,29.0,114.0,1.0,2.0,30.0,58.0,1.0,5.0,2.0,3.0,0.0,3.0,85.0,4.0,90.0,23.0,118.0,125.0,203.0,215.0,100.0,108.0,33.0,120.0,490.0,3.0,6.0,35.0,1.0,34.0,136.0,39.0,0.0,39.0,134.0,,,5.0,3.5,97.0,2.0,2.0,198.0,2.0,196.0,207.0,1.0,206.0,173.0,15.0,158.0,23.0,55.0,29.0,117.0,56.0,122.0,514.0,28.0,109.0,494.0,28.0,123.0,520.0,17.0,108.0,492.0,66.0,3.0,39.0,4.0,80.0,2.0,78.0,128.0,81.0,4.0,77.0,126.0,47.0,10.0,37.0,111.0,50.0,8.0,42.0,117.0,4.0,4.0,36.0,62.0,12.0,6.0,2.0,2.0,2.0,16.0,124.0,16.0,130.0,26.0,110.0,114.0,234.0,244.0,120.0,126.0,35.0,114.0,494.0,9.0,9.0,44.0,1.0,43.0,138.0,42.0,2.0,40.0,121.0,4.5,5.0,4.5,4.0,,158.0,2.0,156.0,169.0,1.0,168.0,177.0,2.0,175.0,25.0,55.0,29.0,105.0,59.0,119.0,522.0,30.0,106.0,500.0,26.0,113.0,513.0,22.0,117.0,509.0,60.0,4.0,,76.0,1.0,,75.0,0.0,75.0,109.0,81.0,2.0,79.0,116.0,51.0,3.0,48.0,117.0,45.0,8.0,37.0,103.0,3.0,,3.0,,37.0,57.0,6.0,1.0,1.0,8.0,11.0,20.0,110.0,20.0,110.0,30.0,109.0,110.0,219.0,220.0,110.0,111.0,3.0,77.0,4.0,4.0,42.0,117.0,507.0,9.0,11.0,44.0,1.0,43.0,133.0,43.0,1.0,42.0,120.0,4.0,4.5,5.0,5.5,,184.0,5.0,179.0,188.0,9.0,179.0,230.0,4.0,226.0,25.0,53.0,36.0,108.0,59.0,114.0,522.0,34.0,113.0,512.0,28.0,114.0,520.0,24.0,118.0,516.0,46.0,3.0,,60.0,2.0,,93.0,6.0,87.0,130.0,108.0,11.0,97.0,138.0,57.0,10.0,47.0,116.0,55.0,11.0,44.0,112.0,3.0,,2.0,,44.0,62.0,8.0,2.0,2.0,4.0,12.0,18.0,100.0,18.0,100.0,37.0,119.0,122.0,219.0,222.0,110.0,112.0,3.0,79.0,4.0,4.0,43.0,114.0,509.0,12.0,8.0,44.0,1.0,43.0,127.0,43.0,3.0,40.0,120.0,4.0,5.0,,6.0,,
117,2.0,2.0,59.0,1.0,58.0,82.0,15.0,67.0,60.0,1.0,59.0,17.0,46.0,26.0,127.0,40.0,121.0,467.0,19.0,109.0,469.0,22.0,128.0,502.0,13.0,104.0,478.0,0.0,198.0,1.0,136.0,43.0,1.0,42.0,109.0,40.0,1.0,39.0,106.0,22.0,0.0,22.0,110.0,20.0,3.0,17.0,104.0,0.0,1.0,22.0,48.0,0.0,2.0,2.0,1.0,1.0,3.0,87.0,2.0,79.0,25.0,129.0,130.0,216.0,209.0,108.0,104.0,26.0,115.0,477.0,2.0,3.0,27.0,1.0,26.0,128.0,28.0,0.0,28.0,120.0,,,3.5,3.5,88.0,2.0,2.0,132.0,1.0,131.0,117.0,1.0,116.0,97.0,3.0,94.0,19.0,45.0,25.0,107.0,50.0,116.0,497.0,24.0,101.0,483.0,20.0,110.0,498.0,16.0,105.0,489.0,123.0,1.0,78.0,2.0,67.0,1.0,66.0,116.0,66.0,1.0,65.0,115.0,40.0,6.0,34.0,112.0,40.0,2.0,38.0,116.0,3.0,2.0,26.0,48.0,3.0,7.0,4.0,3.0,0.0,7.0,97.0,6.0,94.0,26.0,115.0,114.0,212.0,208.0,106.0,104.0,32.0,110.0,488.0,3.0,4.0,33.0,3.0,30.0,115.0,30.0,1.0,29.0,106.0,3.0,4.0,4.5,4.0,,166.0,2.0,164.0,136.0,0.0,136.0,138.0,0.0,138.0,23.0,53.0,28.0,106.0,56.0,115.0,514.0,31.0,110.0,503.0,25.0,112.0,510.0,20.0,112.0,502.0,71.0,2.0,,82.0,2.0,,80.0,3.0,77.0,119.0,77.0,2.0,75.0,117.0,46.0,5.0,41.0,112.0,46.0,9.0,37.0,107.0,2.0,,3.0,,30.0,49.0,9.0,3.0,3.0,3.0,12.0,18.0,105.0,18.0,104.0,33.0,120.0,118.0,225.0,222.0,114.0,112.0,2.0,48.0,4.0,4.0,36.0,109.0,496.0,6.0,3.0,32.0,3.0,29.0,111.0,37.0,1.0,36.0,110.0,3.5,5.0,4.5,4.5,,147.0,4.0,143.0,143.0,3.0,140.0,188.0,3.0,185.0,25.0,53.0,32.0,113.0,59.0,115.0,522.0,30.0,101.0,500.0,28.0,115.0,520.0,19.0,103.0,499.0,68.0,4.0,,69.0,0.0,,75.0,0.0,75.0,109.0,73.0,1.0,72.0,105.0,50.0,2.0,48.0,117.0,50.0,3.0,47.0,116.0,3.0,,2.0,,38.0,54.0,6.0,1.0,1.0,6.0,14.0,21.0,107.0,21.0,108.0,34.0,112.0,114.0,219.0,222.0,110.0,112.0,3.0,44.0,3.0,3.0,40.0,108.0,503.0,9.0,9.0,35.0,2.0,33.0,113.0,37.0,0.0,37.0,115.0,3.0,4.0,,4.0,,
118,1.0,2.0,39.0,3.0,36.0,47.0,2.0,45.0,43.0,3.0,40.0,16.0,44.0,21.0,108.0,40.0,125.0,467.0,17.0,108.0,462.0,15.0,123.0,487.0,10.0,96.0,468.0,1.0,144.0,0.0,110.0,37.0,3.0,34.0,102.0,40.0,6.0,34.0,102.0,20.0,2.0,18.0,105.0,20.0,3.0,17.0,104.0,0.0,2.0,13.0,33.0,1.0,3.0,2.0,2.0,2.0,5.0,96.0,5.0,96.0,19.0,114.0,114.0,210.0,210.0,105.0,105.0,23.0,115.0,472.0,2.0,4.0,24.0,1.0,23.0,123.0,23.0,3.0,20.0,108.0,,,3.5,3.0,65.0,1.0,2.0,121.0,1.0,120.0,128.0,2.0,126.0,102.0,3.0,99.0,18.0,44.0,25.0,111.0,47.0,115.0,489.0,23.0,102.0,480.0,28.0,126.0,520.0,17.0,110.0,492.0,100.0,2.0,56.0,2.0,66.0,1.0,65.0,122.0,68.0,2.0,66.0,123.0,32.0,5.0,27.0,108.0,31.0,2.0,29.0,110.0,0.0,3.0,24.0,45.0,3.0,7.0,4.0,3.0,2.0,9.0,104.0,8.0,101.0,23.0,107.0,104.0,211.0,205.0,105.0,102.0,29.0,108.0,483.0,6.0,6.0,21.0,1.0,20.0,100.0,27.0,3.0,24.0,99.0,1.5,3.0,3.0,2.5,,117.0,2.0,115.0,117.0,3.0,114.0,128.0,8.0,120.0,21.0,48.0,32.0,119.0,51.0,109.0,500.0,30.0,108.0,500.0,26.0,114.0,513.0,17.0,103.0,492.0,74.0,3.0,,77.0,2.0,,67.0,0.0,67.0,106.0,64.0,0.0,64.0,103.0,36.0,3.0,33.0,103.0,40.0,3.0,37.0,107.0,1.0,,3.0,,27.0,45.0,9.0,3.0,3.0,4.0,14.0,21.0,113.0,21.0,113.0,31.0,115.0,113.0,228.0,226.0,117.0,115.0,2.0,49.0,4.0,4.0,30.0,99.0,485.0,5.0,5.0,25.0,2.0,23.0,102.0,38.0,2.0,36.0,110.0,2.0,4.5,4.0,5.0,,95.0,1.0,94.0,101.0,2.0,99.0,128.0,3.0,125.0,22.0,47.0,37.0,127.0,53.0,106.0,506.0,25.0,92.0,486.0,30.0,122.0,530.0,16.0,95.0,489.0,83.0,1.0,,89.0,0.0,,74.0,0.0,74.0,107.0,71.0,0.0,71.0,103.0,41.0,5.0,36.0,102.0,35.0,1.0,34.0,100.0,3.0,,1.0,,35.0,51.0,8.0,2.0,2.0,6.0,14.0,22.0,111.0,22.0,111.0,35.0,117.0,117.0,228.0,228.0,117.0,117.0,3.0,87.0,4.0,4.0,35.0,101.0,494.0,7.0,7.0,33.0,3.0,30.0,108.0,34.0,5.0,29.0,102.0,3.5,3.0,,3.0,,
119,2.0,1.0,107.0,2.0,105.0,99.0,2.0,97.0,117.0,0.0,117.0,19.0,45.0,19.0,83.0,41.0,103.0,470.0,22.0,97.0,477.0,12.0,99.0,480.0,15.0,102.0,485.0,0.0,38.0,1.0,21.0,56.0,1.0,55.0,105.0,63.0,5.0,58.0,108.0,31.0,9.0,22.0,98.0,35.0,14.0,21.0,97.0,1.0,1.0,21.0,41.0,1.0,3.0,1.0,2.0,0.0,2.0,79.0,3.0,85.0,16.0,91.0,105.0,170.0,190.0,83.0,94.0,31.0,108.0,486.0,0.0,2.0,26.0,2.0,24.0,125.0,24.0,6.0,18.0,105.0,,,4.0,3.0,88.0,2.0,1.0,208.0,1.0,207.0,196.0,0.0,196.0,177.0,1.0,176.0,18.0,40.0,26.0,103.0,57.0,116.0,516.0,28.0,100.0,494.0,23.0,107.0,505.0,16.0,98.0,489.0,57.0,3.0,37.0,1.0,73.0,1.0,72.0,112.0,80.0,3.0,77.0,119.0,52.0,4.0,48.0,120.0,51.0,6.0,45.0,117.0,0.0,2.0,22.0,37.0,1.0,6.0,2.0,2.0,1.0,4.0,83.0,4.0,85.0,27.0,106.0,117.0,189.0,202.0,93.0,100.0,34.0,103.0,492.0,5.0,7.0,28.0,5.0,23.0,104.0,33.0,1.0,32.0,110.0,3.0,4.5,2.0,3.5,,,,,,,,,,,,,,,,,,,,,,,,,,,,,,,,,,,,,,,,,,,,,,,,,,,,,,,,,,,,,,,,,,,,,,,,,,,,,,,,,,,,,,,,3.0,3.5,4.0,3.5,,,,,,,,,,,,,,,,,,,,,,,,,,,,,,,,,,,,,,,,,,,,,,,,,,,,,,,,,,,,,,,,,,,,,,,,,,,,,,,,,,,,,,,,,,,,,
120,2.0,1.0,114.0,0.0,114.0,101.0,4.0,97.0,122.0,1.0,121.0,19.0,48.0,29.0,130.0,45.0,124.0,483.0,18.0,103.0,465.0,20.0,123.0,498.0,14.0,106.0,482.0,0.0,94.0,2.0,51.0,62.0,1.0,61.0,120.0,58.0,0.0,58.0,117.0,33.0,1.0,32.0,117.0,35.0,5.0,30.0,115.0,0.0,1.0,26.0,52.0,7.0,2.0,1.0,1.0,1.0,9.0,110.0,9.0,113.0,22.0,116.0,122.0,226.0,235.0,115.0,120.0,30.0,118.0,485.0,2.0,3.0,27.0,0.0,27.0,129.0,22.0,0.0,22.0,111.0,,,3.5,3.5,88.0,2.0,1.0,174.0,15.0,159.0,177.0,0.0,177.0,148.0,0.0,148.0,22.0,52.0,27.0,110.0,52.0,117.0,503.0,27.0,107.0,491.0,29.0,125.0,525.0,16.0,104.0,489.0,66.0,3.0,42.0,4.0,74.0,1.0,73.0,121.0,76.0,4.0,72.0,120.0,50.0,6.0,44.0,119.0,49.0,1.0,48.0,123.0,0.0,2.0,31.0,55.0,4.0,5.0,1.0,2.0,0.0,5.0,89.0,6.0,94.0,30.0,120.0,126.0,209.0,220.0,104.0,111.0,38.0,119.0,500.0,2.0,3.0,31.0,3.0,28.0,112.0,31.0,0.0,31.0,109.0,3.0,3.5,5.0,4.0,,149.0,2.0,147.0,98.0,2.0,96.0,120.0,6.0,114.0,23.0,51.0,32.0,119.0,56.0,114.0,514.0,26.0,97.0,488.0,27.0,115.0,517.0,20.0,111.0,502.0,68.0,2.0,,82.0,2.0,,78.0,2.0,76.0,118.0,83.0,3.0,80.0,123.0,53.0,10.0,43.0,115.0,53.0,6.0,47.0,119.0,2.0,,4.0,,35.0,57.0,7.0,2.0,2.0,3.0,13.0,18.0,105.0,18.0,104.0,35.0,125.0,123.0,230.0,227.0,118.0,115.0,2.0,51.0,4.0,4.0,37.0,109.0,498.0,6.0,6.0,33.0,2.0,31.0,114.0,29.0,2.0,27.0,99.0,3.5,3.5,4.0,4.0,,157.0,4.0,153.0,168.0,1.0,167.0,211.0,2.0,209.0,20.0,42.0,31.0,110.0,62.0,120.0,530.0,32.0,106.0,506.0,30.0,121.0,530.0,19.0,102.0,499.0,58.0,3.0,,68.0,0.0,,90.0,1.0,89.0,132.0,90.0,5.0,85.0,126.0,59.0,5.0,54.0,125.0,53.0,2.0,51.0,121.0,4.0,,1.0,,38.0,54.0,10.0,3.0,3.0,4.0,14.0,21.0,107.0,21.0,108.0,40.0,125.0,129.0,232.0,237.0,119.0,121.0,2.0,51.0,3.0,3.0,38.0,104.0,500.0,8.0,11.0,37.0,2.0,35.0,116.0,34.0,1.0,33.0,108.0,4.5,3.0,,4.0,,
121,2.0,2.0,83.0,0.0,83.0,81.0,1.0,80.0,69.0,0.0,69.0,20.0,51.0,26.0,127.0,40.0,121.0,467.0,24.0,119.0,483.0,17.0,122.0,491.0,15.0,111.0,485.0,1.0,125.0,2.0,97.0,51.0,4.0,47.0,113.0,53.0,0.0,53.0,118.0,28.0,9.0,19.0,107.0,26.0,9.0,17.0,104.0,0.0,2.0,28.0,58.0,6.0,3.0,2.0,2.0,2.0,10.0,116.0,10.0,118.0,24.0,127.0,127.0,243.0,245.0,126.0,127.0,31.0,120.0,486.0,4.0,2.0,31.0,1.0,30.0,132.0,24.0,1.0,23.0,113.0,,,4.0,4.0,97.0,2.0,2.0,102.0,0.0,102.0,122.0,0.0,122.0,91.0,2.0,89.0,24.0,61.0,30.0,124.0,51.0,118.0,500.0,29.0,114.0,497.0,27.0,122.0,517.0,16.0,106.0,489.0,81.0,3.0,51.0,4.0,47.0,0.0,47.0,98.0,47.0,0.0,47.0,98.0,22.0,3.0,19.0,94.0,28.0,2.0,26.0,103.0,2.0,4.0,36.0,64.0,9.0,4.0,2.0,1.0,2.0,13.0,117.0,12.0,116.0,26.0,115.0,114.0,232.0,230.0,119.0,118.0,39.0,123.0,502.0,4.0,3.0,34.0,1.0,33.0,120.0,36.0,2.0,34.0,110.0,3.5,5.0,4.5,5.0,,130.0,1.0,129.0,134.0,2.0,132.0,132.0,2.0,130.0,26.0,60.0,34.0,125.0,59.0,119.0,522.0,32.0,112.0,506.0,25.0,111.0,510.0,22.0,118.0,509.0,55.0,4.0,,63.0,2.0,,61.0,0.0,61.0,99.0,61.0,0.0,61.0,99.0,36.0,8.0,28.0,97.0,35.0,10.0,25.0,93.0,2.0,,4.0,,38.0,61.0,10.0,4.0,3.0,6.0,10.0,20.0,110.0,19.0,107.0,35.0,125.0,123.0,235.0,230.0,120.0,118.0,2.0,111.0,4.0,4.0,42.0,118.0,507.0,9.0,10.0,33.0,4.0,29.0,111.0,34.0,2.0,32.0,104.0,4.0,4.0,5.5,4.5,,129.0,2.0,127.0,138.0,3.0,135.0,155.0,0.0,155.0,25.0,53.0,33.0,116.0,53.0,104.0,506.0,32.0,107.0,506.0,26.0,110.0,513.0,23.0,116.0,513.0,65.0,2.0,,52.0,1.0,,69.0,0.0,69.0,101.0,72.0,3.0,69.0,101.0,42.0,9.0,33.0,99.0,43.0,5.0,38.0,105.0,3.0,,1.0,,41.0,58.0,11.0,4.0,4.0,10.0,18.0,32.0,135.0,32.0,145.0,39.0,123.0,126.0,258.0,271.0,136.0,144.0,4.0,88.0,4.0,4.0,44.0,116.0,511.0,6.0,6.0,38.0,4.0,34.0,114.0,33.0,3.0,30.0,104.0,4.0,5.0,,,,
122,2.0,2.0,51.0,6.0,45.0,63.0,7.0,56.0,51.0,4.0,47.0,17.0,46.0,21.0,118.0,36.0,124.0,453.0,18.0,116.0,465.0,9.0,120.0,471.0,9.0,95.0,464.0,0.0,133.0,1.0,69.0,38.0,5.0,33.0,107.0,36.0,4.0,32.0,106.0,21.0,7.0,14.0,104.0,17.0,8.0,9.0,95.0,0.0,2.0,25.0,54.0,2.0,3.0,2.0,2.0,0.0,4.0,94.0,4.0,90.0,16.0,112.0,105.0,206.0,195.0,102.0,96.0,18.0,113.0,464.0,4.0,3.0,21.0,4.0,17.0,115.0,22.0,4.0,18.0,105.0,,,3.0,3.0,97.0,2.0,2.0,90.0,1.0,89.0,87.0,1.0,86.0,90.0,3.0,87.0,19.0,46.0,22.0,104.0,45.0,117.0,483.0,22.0,104.0,477.0,13.0,107.0,482.0,15.0,106.0,485.0,100.0,2.0,46.0,2.0,63.0,3.0,60.0,117.0,59.0,2.0,57.0,111.0,29.0,8.0,21.0,101.0,28.0,8.0,20.0,100.0,2.0,1.0,30.0,56.0,3.0,3.0,1.0,1.0,1.0,5.0,91.0,5.0,90.0,23.0,111.0,104.0,202.0,194.0,100.0,96.0,28.0,110.0,481.0,4.0,4.0,27.0,5.0,22.0,103.0,36.0,2.0,34.0,113.0,3.0,4.0,3.5,3.0,,96.0,3.0,93.0,112.0,15.0,97.0,119.0,3.0,116.0,24.0,55.0,26.0,99.0,48.0,106.0,491.0,27.0,101.0,491.0,22.0,108.0,502.0,20.0,114.0,502.0,65.0,3.0,,78.0,2.0,,59.0,0.0,59.0,97.0,67.0,1.0,66.0,105.0,45.0,14.0,31.0,100.0,41.0,13.0,28.0,97.0,3.0,,3.0,,31.0,53.0,5.0,2.0,2.0,2.0,14.0,18.0,105.0,18.0,103.0,28.0,111.0,102.0,216.0,205.0,108.0,102.0,2.0,36.0,3.0,2.0,32.0,103.0,488.0,5.0,4.0,33.0,3.0,30.0,113.0,35.0,1.0,34.0,106.0,3.0,2.5,4.0,3.5,,90.0,4.0,86.0,110.0,1.0,109.0,137.0,2.0,135.0,25.0,55.0,27.0,102.0,53.0,107.0,506.0,30.0,104.0,500.0,22.0,104.0,502.0,24.0,122.0,516.0,75.0,3.0,,74.0,2.0,,70.0,0.0,70.0,102.0,73.0,1.0,72.0,105.0,42.0,7.0,35.0,101.0,41.0,10.0,31.0,96.0,2.0,,3.0,,40.0,61.0,4.0,1.0,1.0,2.0,14.0,17.0,102.0,17.0,98.0,26.0,99.0,94.0,201.0,192.0,99.0,95.0,3.0,70.0,4.0,4.0,34.0,101.0,492.0,9.0,10.0,30.0,5.0,25.0,99.0,32.0,5.0,27.0,99.0,3.5,4.0,,4.0,,
123,2.0,1.0,18.0,4.0,14.0,18.0,6.0,12.0,15.0,6.0,9.0,14.0,38.0,21.0,108.0,25.0,98.0,412.0,15.0,98.0,454.0,10.0,111.0,474.0,10.0,94.0,468.0,0.0,192.0,3.0,102.0,28.0,14.0,14.0,84.0,44.0,27.0,17.0,87.0,31.0,26.0,5.0,84.0,32.0,30.0,2.0,77.0,2.0,2.0,18.0,41.0,1.0,5.0,3.0,3.0,1.0,5.0,96.0,5.0,96.0,14.0,101.0,99.0,197.0,195.0,97.0,96.0,15.0,103.0,459.0,2.0,3.0,10.0,1.0,9.0,104.0,15.0,1.0,14.0,99.0,,,2.5,3.5,38.0,2.0,1.0,64.0,2.0,62.0,61.0,6.0,55.0,57.0,9.0,48.0,22.0,54.0,21.0,94.0,35.0,95.0,449.0,20.0,95.0,472.0,9.0,96.0,471.0,7.0,109.0,492.0,158.0,1.0,98.0,4.0,46.0,6.0,40.0,87.0,51.0,10.0,41.0,88.0,25.0,11.0,14.0,85.0,17.0,7.0,10.0,81.0,3.0,2.0,26.0,48.0,0.0,6.0,3.0,2.0,2.0,5.0,90.0,4.0,85.0,16.0,91.0,84.0,181.0,169.0,89.0,83.0,25.0,101.0,476.0,4.0,2.0,19.0,3.0,16.0,94.0,18.0,3.0,15.0,87.0,3.0,3.0,3.0,3.0,,,,,,,,,,,,,,,,,,,,,,,,,,,,,,,,,,,,,,,,,,,,,,,,,,,,,,,,,,,,,,,,,,,,,,,,,,,,,,,,,,,,,,,,2.5,2.5,,,,,,,,,,,,,,,,,,,,,,,,,,,,,,,,,,,,,,,,,,,,,,,,,,,,,,,,,,,,,,,,,,,,,,,,,,,,,,,,,,,,,,,,,,,,,,,
124,2.0,1.0,98.0,0.0,98.0,91.0,0.0,91.0,76.0,1.0,75.0,17.0,46.0,25.0,124.0,40.0,121.0,467.0,19.0,109.0,469.0,14.0,119.0,484.0,12.0,101.0,475.0,0.0,147.0,3.0,91.0,56.0,2.0,54.0,119.0,51.0,2.0,49.0,114.0,27.0,5.0,22.0,110.0,26.0,8.0,18.0,105.0,0.0,0.0,14.0,34.0,4.0,0.0,0.0,0.0,1.0,5.0,96.0,5.0,96.0,19.0,114.0,114.0,210.0,210.0,105.0,105.0,22.0,111.0,471.0,2.0,2.0,23.0,2.0,21.0,121.0,20.0,0.0,20.0,108.0,,,3.5,4.0,81.0,2.0,1.0,134.0,0.0,134.0,153.0,2.0,151.0,126.0,1.0,125.0,17.0,42.0,28.0,117.0,51.0,118.0,500.0,22.0,98.0,477.0,23.0,115.0,505.0,13.0,96.0,478.0,67.0,2.0,46.0,2.0,73.0,1.0,72.0,122.0,72.0,3.0,69.0,119.0,46.0,8.0,38.0,116.0,45.0,5.0,40.0,118.0,1.0,1.0,25.0,47.0,6.0,2.0,1.0,1.0,0.0,7.0,97.0,7.0,97.0,28.0,120.0,120.0,217.0,217.0,109.0,109.0,32.0,111.0,488.0,3.0,5.0,22.0,1.0,21.0,102.0,26.0,0.0,26.0,102.0,5.0,3.5,3.5,4.0,,153.0,0.0,153.0,146.0,1.0,145.0,140.0,1.0,139.0,20.0,45.0,29.0,109.0,58.0,119.0,519.0,29.0,105.0,497.0,26.0,114.0,513.0,13.0,91.0,478.0,58.0,2.0,,92.0,2.0,,82.0,0.0,82.0,128.0,73.0,1.0,72.0,112.0,39.0,4.0,35.0,105.0,33.0,3.0,30.0,99.0,3.0,,1.0,,24.0,40.0,0.0,0.0,0.0,5.0,13.0,18.0,105.0,18.0,104.0,31.0,115.0,113.0,220.0,217.0,111.0,109.0,2.0,102.0,4.0,4.0,42.0,120.0,507.0,4.0,4.0,27.0,3.0,24.0,103.0,25.0,3.0,22.0,93.0,3.5,4.0,3.0,5.0,,106.0,2.0,104.0,141.0,2.0,139.0,167.0,0.0,167.0,21.0,44.0,35.0,122.0,59.0,115.0,522.0,29.0,99.0,497.0,28.0,115.0,520.0,20.0,107.0,502.0,56.0,2.0,,65.0,2.0,,70.0,0.0,70.0,102.0,66.0,1.0,65.0,96.0,34.0,3.0,31.0,96.0,36.0,1.0,35.0,101.0,0.0,,1.0,,31.0,46.0,5.0,1.0,1.0,6.0,12.0,19.0,104.0,19.0,102.0,35.0,117.0,117.0,221.0,219.0,111.0,110.0,3.0,121.0,4.0,4.0,39.0,108.0,502.0,8.0,5.0,27.0,2.0,25.0,99.0,29.0,3.0,26.0,97.0,4.0,4.0,,4.0,,
125,2.0,1.0,86.0,2.0,84.0,89.0,0.0,89.0,80.0,0.0,80.0,21.0,57.0,26.0,132.0,49.0,139.0,494.0,27.0,132.0,491.0,22.0,135.0,502.0,16.0,118.0,489.0,1.0,174.0,2.0,126.0,46.0,0.0,46.0,121.0,37.0,0.0,37.0,111.0,27.0,3.0,24.0,118.0,26.0,3.0,23.0,117.0,0.0,2.0,29.0,61.0,4.0,4.0,3.0,2.0,4.0,11.0,121.0,10.0,118.0,24.0,134.0,127.0,255.0,245.0,134.0,127.0,37.0,130.0,498.0,3.0,3.0,25.0,0.0,25.0,127.0,23.0,0.0,23.0,113.0,,,3.5,3.5,95.0,2.0,1.0,137.0,2.0,135.0,126.0,0.0,126.0,113.0,0.0,113.0,24.0,61.0,32.0,136.0,53.0,125.0,506.0,29.0,118.0,497.0,23.0,119.0,505.0,17.0,112.0,492.0,111.0,3.0,70.0,4.0,67.0,0.0,67.0,124.0,68.0,0.0,68.0,125.0,43.0,1.0,42.0,124.0,46.0,3.0,43.0,125.0,2.0,3.0,41.0,73.0,5.0,10.0,4.0,4.0,2.0,11.0,112.0,11.0,112.0,37.0,146.0,145.0,258.0,257.0,136.0,135.0,36.0,121.0,496.0,4.0,4.0,26.0,2.0,24.0,106.0,32.0,1.0,31.0,109.0,4.0,4.0,4.0,5.0,,120.0,2.0,118.0,98.0,2.0,96.0,122.0,0.0,122.0,25.0,57.0,33.0,122.0,61.0,124.0,527.0,32.0,115.0,506.0,29.0,122.0,525.0,25.0,130.0,520.0,104.0,4.0,,136.0,3.0,,69.0,1.0,68.0,114.0,67.0,1.0,66.0,112.0,41.0,2.0,39.0,114.0,46.0,4.0,42.0,117.0,3.0,,4.0,,44.0,73.0,5.0,1.0,1.0,7.0,13.0,21.0,114.0,21.0,113.0,38.0,137.0,131.0,251.0,244.0,132.0,126.0,2.0,50.0,4.0,4.0,43.0,123.0,509.0,4.0,3.0,29.0,1.0,28.0,110.0,30.0,1.0,29.0,101.0,4.0,3.5,4.5,5.5,,,,,,,,,,,,,,,,,,,,,,,,,,,,,,,,,,,,,,,,,,,,,,,,,,,,,,,,,,,,,,,,,,,,,,,,,,,,,,,,,,,,,,,,,,,,,
126,2.0,1.0,60.0,6.0,54.0,68.0,1.0,67.0,60.0,3.0,57.0,20.0,51.0,21.0,98.0,40.0,113.0,467.0,23.0,109.0,480.0,19.0,117.0,495.0,19.0,121.0,499.0,2.0,168.0,3.0,119.0,46.0,9.0,37.0,99.0,49.0,3.0,46.0,107.0,29.0,4.0,25.0,110.0,24.0,3.0,21.0,105.0,2.0,3.0,29.0,56.0,3.0,4.0,2.0,2.0,1.0,6.0,96.0,6.0,100.0,20.0,111.0,116.0,207.0,216.0,103.0,108.0,29.0,114.0,483.0,2.0,2.0,25.0,0.0,25.0,127.0,23.0,1.0,22.0,111.0,,,3.5,3.5,88.0,2.0,1.0,106.0,5.0,101.0,84.0,1.0,83.0,82.0,3.0,79.0,,,24.0,100.0,50.0,112.0,497.0,26.0,102.0,488.0,24.0,114.0,508.0,18.0,110.0,496.0,105.0,3.0,43.0,2.0,66.0,2.0,64.0,110.0,66.0,2.0,64.0,110.0,34.0,1.0,33.0,107.0,32.0,1.0,31.0,104.0,3.0,3.0,34.0,59.0,3.0,6.0,2.0,2.0,2.0,7.0,96.0,7.0,97.0,26.0,110.0,114.0,206.0,211.0,102.0,105.0,28.0,100.0,481.0,1.0,3.0,28.0,1.0,27.0,110.0,27.0,1.0,26.0,102.0,2.5,3.5,3.0,3.5,,102.0,6.0,96.0,102.0,2.0,100.0,106.0,5.0,101.0,22.0,49.0,32.0,115.0,54.0,110.0,508.0,28.0,99.0,494.0,24.0,108.0,508.0,19.0,106.0,499.0,68.0,1.0,,133.0,4.0,,68.0,2.0,66.0,97.0,53.0,1.0,52.0,80.0,39.0,3.0,36.0,102.0,35.0,5.0,30.0,95.0,2.0,,3.0,,40.0,61.0,6.0,1.0,1.0,7.0,13.0,21.0,113.0,21.0,113.0,31.0,112.0,113.0,225.0,226.0,114.0,115.0,2.0,28.0,2.0,2.0,35.0,104.0,494.0,2.0,4.0,25.0,3.0,22.0,100.0,23.0,2.0,21.0,92.0,3.5,3.0,3.0,4.0,,75.0,3.0,72.0,102.0,5.0,97.0,121.0,1.0,120.0,28.0,57.0,31.0,107.0,54.0,104.0,508.0,33.0,109.0,509.0,27.0,111.0,517.0,25.0,120.0,520.0,138.0,2.0,,97.0,2.0,,63.0,0.0,63.0,90.0,64.0,1.0,63.0,90.0,39.0,3.0,36.0,98.0,41.0,5.0,36.0,98.0,3.0,,2.0,,43.0,58.0,12.0,4.0,4.0,10.0,14.0,28.0,123.0,28.0,133.0,33.0,107.0,112.0,230.0,245.0,118.0,127.0,3.0,71.0,4.0,4.0,42.0,111.0,507.0,4.0,5.0,23.0,5.0,18.0,85.0,30.0,0.0,30.0,104.0,3.0,4.0,,4.0,,1.0
127,1.0,1.0,72.0,4.0,68.0,72.0,5.0,67.0,75.0,5.0,70.0,13.0,38.0,20.0,104.0,37.0,121.0,457.0,14.0,100.0,450.0,6.0,108.0,459.0,10.0,96.0,468.0,0.0,67.0,2.0,13.0,46.0,8.0,38.0,105.0,47.0,3.0,44.0,110.0,17.0,5.0,12.0,97.0,15.0,4.0,11.0,95.0,0.0,0.0,14.0,34.0,3.0,2.0,2.0,1.0,0.0,5.0,96.0,4.0,90.0,12.0,96.0,93.0,192.0,183.0,94.0,90.0,17.0,109.0,462.0,0.0,1.0,23.0,5.0,18.0,117.0,23.0,9.0,14.0,99.0,,,3.0,3.0,59.0,1.0,1.0,97.0,7.0,90.0,94.0,5.0,89.0,85.0,5.0,80.0,18.0,44.0,25.0,111.0,40.0,106.0,467.0,19.0,95.0,469.0,8.0,96.0,468.0,10.0,89.0,468.0,98.0,2.0,45.0,1.0,60.0,2.0,58.0,115.0,57.0,0.0,57.0,111.0,24.0,9.0,15.0,93.0,27.0,10.0,17.0,96.0,0.0,0.0,20.0,39.0,5.0,4.0,2.0,1.0,0.0,7.0,97.0,6.0,94.0,24.0,110.0,107.0,207.0,201.0,103.0,100.0,24.0,102.0,474.0,0.0,3.0,31.0,9.0,22.0,103.0,31.0,12.0,19.0,92.0,2.0,2.0,4.0,3.0,,107.0,4.0,103.0,92.0,5.0,87.0,97.0,4.0,93.0,20.0,45.0,29.0,109.0,46.0,101.0,486.0,17.0,83.0,462.0,12.0,94.0,480.0,14.0,94.0,482.0,56.0,1.0,,47.0,2.0,,65.0,1.0,64.0,103.0,65.0,2.0,63.0,102.0,35.0,13.0,22.0,89.0,29.0,11.0,18.0,84.0,0.0,,2.0,,27.0,45.0,5.0,1.0,1.0,1.0,12.0,14.0,94.0,14.0,94.0,33.0,120.0,118.0,214.0,212.0,107.0,106.0,2.0,29.0,2.0,2.0,31.0,100.0,486.0,2.0,0.0,30.0,6.0,24.0,103.0,28.0,3.0,25.0,97.0,3.0,3.0,3.0,3.5,,100.0,3.0,97.0,97.0,2.0,95.0,125.0,0.0,125.0,21.0,44.0,29.0,105.0,48.0,97.0,491.0,23.0,88.0,480.0,15.0,94.0,487.0,13.0,85.0,478.0,84.0,1.0,,73.0,1.0,,66.0,1.0,65.0,96.0,65.0,0.0,65.0,96.0,37.0,10.0,27.0,91.0,29.0,6.0,23.0,86.0,1.0,,1.0,,22.0,33.0,4.0,1.0,1.0,3.0,12.0,16.0,95.0,16.0,94.0,33.0,110.0,110.0,205.0,204.0,102.0,101.0,2.0,28.0,2.0,1.0,30.0,93.0,485.0,3.0,3.0,33.0,9.0,24.0,97.0,26.0,7.0,19.0,84.0,3.5,4.0,,,,
128,2.0,1.0,15.0,5.0,10.0,19.0,8.0,11.0,18.0,5.0,13.0,15.0,42.0,19.0,106.0,26.0,106.0,416.0,14.0,102.0,450.0,11.0,120.0,477.0,14.0,110.0,482.0,1.0,426.0,1.0,219.0,27.0,10.0,17.0,89.0,27.0,10.0,17.0,89.0,14.0,4.0,10.0,97.0,12.0,4.0,8.0,94.0,1.0,0.0,22.0,50.0,1.0,3.0,2.0,2.0,0.0,3.0,89.0,3.0,85.0,15.0,109.0,102.0,198.0,187.0,98.0,92.0,6.0,97.0,441.0,2.0,2.0,3.0,0.0,3.0,88.0,4.0,2.0,2.0,77.0,,,3.0,3.5,65.0,2.0,1.0,107.0,2.0,105.0,129.0,0.0,129.0,103.0,6.0,97.0,21.0,52.0,21.0,97.0,45.0,115.0,483.0,29.0,118.0,497.0,21.0,116.0,500.0,17.0,112.0,492.0,63.0,2.0,43.0,2.0,63.0,1.0,62.0,119.0,63.0,1.0,62.0,119.0,36.0,3.0,33.0,114.0,48.0,7.0,41.0,123.0,1.0,0.0,25.0,48.0,2.0,1.0,1.0,0.0,2.0,5.0,91.0,4.0,85.0,19.0,102.0,92.0,193.0,177.0,95.0,87.0,28.0,110.0,481.0,2.0,2.0,34.0,4.0,30.0,115.0,35.0,2.0,33.0,111.0,2.5,3.5,3.5,4.0,,147.0,0.0,147.0,122.0,6.0,116.0,135.0,2.0,133.0,24.0,55.0,30.0,112.0,52.0,111.0,503.0,29.0,106.0,497.0,26.0,114.0,513.0,22.0,120.0,509.0,44.0,2.0,,42.0,2.0,,73.0,4.0,69.0,109.0,73.0,2.0,71.0,111.0,53.0,10.0,43.0,115.0,54.0,8.0,46.0,118.0,3.0,,2.0,,35.0,60.0,4.0,1.0,1.0,5.0,15.0,21.0,114.0,21.0,113.0,30.0,116.0,110.0,230.0,223.0,118.0,113.0,3.0,35.0,3.0,3.0,41.0,118.0,505.0,3.0,3.0,47.0,6.0,41.0,130.0,41.0,3.0,38.0,115.0,3.0,4.0,4.0,4.0,,110.0,4.0,106.0,120.0,2.0,118.0,130.0,0.0,130.0,27.0,57.0,30.0,107.0,56.0,110.0,514.0,30.0,101.0,500.0,25.0,108.0,510.0,19.0,104.0,499.0,36.0,3.0,,50.0,1.0,,72.0,0.0,72.0,105.0,72.0,1.0,71.0,103.0,51.0,1.0,50.0,120.0,51.0,2.0,49.0,119.0,3.0,,1.0,,37.0,54.0,2.0,1.0,1.0,7.0,14.0,22.0,111.0,22.0,110.0,33.0,113.0,110.0,224.0,220.0,113.0,111.0,4.0,85.0,4.0,4.0,39.0,108.0,502.0,2.0,3.0,41.0,5.0,36.0,117.0,47.0,1.0,46.0,127.0,4.0,4.0,,5.0,,
129,2.0,1.0,19.0,6.0,13.0,17.0,9.0,8.0,10.0,6.0,4.0,18.0,49.0,22.0,112.0,29.0,105.0,427.0,16.0,101.0,458.0,8.0,109.0,468.0,12.0,101.0,475.0,0.0,247.0,2.0,150.0,21.0,9.0,12.0,82.0,27.0,14.0,13.0,83.0,15.0,4.0,11.0,95.0,12.0,3.0,9.0,92.0,0.0,0.0,21.0,46.0,8.0,5.0,3.0,3.0,0.0,11.0,119.0,11.0,122.0,14.0,101.0,99.0,220.0,221.0,111.0,111.0,9.0,98.0,448.0,0.0,1.0,4.0,1.0,3.0,88.0,4.0,0.0,4.0,80.0,,,3.0,3.5,32.0,2.0,1.0,,,,,,,,,,,,,,,,,,,,,,,,,,,,,,,,,,,,,,,,,,,,,,,,,,,,,,,,,,,,,,,,,,,,,,,,,,,,,,,,,,,,,,,,,,,,,,,,,,,,,,,,,,,,,,,,,,,,,,,,,,,,,,,,,,,,,,,,,,,,,,,,,,,,,,,,,,,,,,,,,,,,,,,,,,,,,,,,,,,,,,,,,,,,,,,,,,,,,,,,,,,,,,,,,,,,,,,,,,,,,,,,,,,,,,,,,,,,,,,,,,,,,,,,,,,,,,,,,,,,,,,,,,
130,1.0,2.0,125.0,4.0,121.0,121.0,4.0,117.0,133.0,8.0,125.0,22.0,57.0,23.0,105.0,45.0,120.0,483.0,26.0,115.0,488.0,16.0,113.0,489.0,16.0,111.0,489.0,1.0,73.0,4.0,54.0,54.0,2.0,52.0,112.0,60.0,2.0,58.0,117.0,28.0,9.0,19.0,103.0,28.0,10.0,18.0,101.0,1.0,2.0,33.0,62.0,2.0,7.0,4.0,4.0,3.0,9.0,110.0,9.0,113.0,23.0,118.0,125.0,228.0,238.0,117.0,122.0,29.0,114.0,483.0,0.0,2.0,34.0,3.0,31.0,133.0,38.0,2.0,36.0,131.0,,,5.0,5.0,88.0,1.0,2.0,143.0,2.0,141.0,140.0,0.0,140.0,121.0,2.0,119.0,23.0,55.0,27.0,110.0,48.0,110.0,491.0,27.0,105.0,491.0,22.0,111.0,502.0,15.0,100.0,485.0,64.0,3.0,44.0,3.0,60.0,1.0,59.0,103.0,67.0,1.0,66.0,112.0,36.0,4.0,32.0,106.0,37.0,4.0,33.0,107.0,2.0,3.0,34.0,59.0,6.0,4.0,1.0,1.0,4.0,11.0,109.0,11.0,112.0,29.0,118.0,123.0,227.0,235.0,115.0,120.0,38.0,117.0,500.0,4.0,4.0,43.0,5.0,38.0,128.0,47.0,2.0,45.0,129.0,3.0,4.0,4.0,5.0,,174.0,2.0,172.0,146.0,3.0,143.0,161.0,0.0,161.0,24.0,53.0,33.0,118.0,55.0,110.0,511.0,33.0,113.0,509.0,23.0,106.0,505.0,22.0,115.0,509.0,50.0,4.0,,69.0,4.0,,79.0,1.0,78.0,115.0,83.0,5.0,78.0,115.0,48.0,7.0,41.0,108.0,45.0,4.0,41.0,108.0,1.0,,2.0,,36.0,56.0,9.0,3.0,3.0,4.0,13.0,20.0,110.0,20.0,110.0,36.0,123.0,126.0,233.0,236.0,119.0,121.0,2.0,49.0,3.0,4.0,39.0,110.0,502.0,2.0,3.0,40.0,6.0,34.0,119.0,45.0,4.0,41.0,118.0,5.0,5.0,5.0,5.0,,149.0,2.0,147.0,161.0,7.0,154.0,202.0,5.0,197.0,27.0,55.0,36.0,120.0,61.0,116.0,527.0,31.0,100.0,503.0,25.0,106.0,510.0,22.0,109.0,509.0,63.0,3.0,,67.0,2.0,,81.0,0.0,81.0,115.0,84.0,1.0,83.0,118.0,46.0,6.0,40.0,103.0,48.0,5.0,43.0,107.0,2.0,,3.0,,43.0,58.0,8.0,2.0,2.0,9.0,14.0,25.0,116.0,25.0,119.0,41.0,125.0,129.0,241.0,248.0,124.0,129.0,2.0,40.0,2.0,2.0,44.0,112.0,511.0,6.0,5.0,40.0,5.0,35.0,116.0,44.0,1.0,43.0,122.0,5.0,4.0,,5.0,,
131,1.0,2.0,50.0,6.0,44.0,44.0,4.0,40.0,42.0,7.0,35.0,20.0,56.0,20.0,115.0,32.0,120.0,438.0,17.0,116.0,462.0,9.0,122.0,471.0,15.0,116.0,485.0,0.0,106.0,2.0,63.0,34.0,5.0,29.0,102.0,39.0,11.0,28.0,101.0,21.0,10.0,11.0,99.0,23.0,19.0,4.0,85.0,1.0,1.0,17.0,41.0,1.0,5.0,3.0,3.0,3.0,7.0,107.0,7.0,104.0,12.0,101.0,93.0,208.0,197.0,104.0,98.0,16.0,113.0,461.0,3.0,2.0,17.0,4.0,13.0,110.0,24.0,4.0,20.0,108.0,,,3.0,3.5,81.0,1.0,2.0,86.0,1.0,85.0,78.0,3.0,75.0,75.0,3.0,72.0,20.0,51.0,24.0,112.0,44.0,117.0,480.0,26.0,114.0,488.0,13.0,108.0,482.0,18.0,117.0,496.0,106.0,2.0,81.0,0.0,58.0,0.0,58.0,117.0,57.0,5.0,52.0,112.0,32.0,9.0,23.0,107.0,32.0,14.0,18.0,101.0,0.0,3.0,24.0,47.0,4.0,8.0,4.0,4.0,3.0,11.0,112.0,11.0,112.0,23.0,111.0,104.0,223.0,216.0,113.0,108.0,29.0,113.0,483.0,3.0,2.0,32.0,4.0,28.0,112.0,30.0,3.0,27.0,103.0,2.0,,,4.0,,116.0,1.0,115.0,109.0,2.0,107.0,111.0,4.0,107.0,21.0,50.0,28.0,110.0,50.0,110.0,497.0,26.0,100.0,488.0,17.0,102.0,491.0,20.0,115.0,502.0,79.0,1.0,,91.0,2.0,,70.0,2.0,68.0,114.0,76.0,3.0,73.0,121.0,35.0,10.0,25.0,97.0,39.0,19.0,20.0,91.0,3.0,,1.0,,31.0,53.0,11.0,4.0,4.0,4.0,8.0,16.0,100.0,16.0,100.0,27.0,109.0,103.0,209.0,203.0,104.0,101.0,2.0,69.0,4.0,4.0,35.0,111.0,494.0,2.0,3.0,28.0,2.0,26.0,106.0,26.0,3.0,23.0,94.0,4.5,,3.5,4.0,,86.0,4.0,82.0,114.0,5.0,109.0,129.0,3.0,126.0,21.0,46.0,30.0,111.0,51.0,103.0,500.0,30.0,102.0,500.0,18.0,98.0,493.0,19.0,105.0,499.0,66.0,2.0,,69.0,3.0,,69.0,1.0,68.0,100.0,70.0,2.0,68.0,100.0,48.0,14.0,34.0,100.0,52.0,12.0,40.0,107.0,2.0,,0.0,,31.0,46.0,10.0,3.0,3.0,4.0,15.0,22.0,111.0,22.0,110.0,27.0,99.0,95.0,210.0,205.0,105.0,102.0,2.0,36.0,2.0,2.0,31.0,96.0,486.0,3.0,3.0,40.0,2.0,38.0,120.0,29.0,4.0,25.0,93.0,,3.0,,4.0,,
132,1.0,2.0,28.0,6.0,22.0,19.0,6.0,13.0,21.0,8.0,13.0,19.0,51.0,21.0,108.0,29.0,105.0,427.0,15.0,99.0,454.0,8.0,109.0,468.0,8.0,89.0,460.0,0.0,277.0,1.0,148.0,26.0,2.0,24.0,94.0,24.0,4.0,20.0,90.0,9.0,4.0,5.0,84.0,6.0,4.0,2.0,77.0,0.0,1.0,19.0,42.0,4.0,2.0,2.0,1.0,1.0,7.0,104.0,6.0,100.0,14.0,101.0,99.0,205.0,199.0,102.0,99.0,11.0,100.0,452.0,0.0,0.0,10.0,3.0,7.0,98.0,14.0,1.0,13.0,97.0,,,3.0,3.0,70.0,1.0,2.0,,,,,,,,,,,,,,,,,,,,,,,,,,,,,,,,,,,,,,,,,,,,,,,,,,,,,,,,,,,,,,,,,,,,,,,,,,,,,,,3.0,4.0,5.0,3.5,55.0,91.0,9.0,82.0,88.0,11.0,77.0,119.0,6.0,113.0,19.0,42.0,27.0,99.0,41.0,91.0,470.0,23.0,91.0,480.0,10.0,90.0,474.0,13.0,88.0,478.0,97.0,1.0,,121.0,1.0,,62.0,6.0,56.0,85.0,65.0,7.0,58.0,87.0,38.0,23.0,15.0,76.0,36.0,24.0,12.0,72.0,2.0,,2.0,,26.0,41.0,4.0,1.0,1.0,4.0,15.0,20.0,110.0,20.0,109.0,29.0,107.0,105.0,217.0,214.0,109.0,107.0,2.0,37.0,2.0,3.0,31.0,98.0,486.0,4.0,2.0,25.0,5.0,20.0,97.0,22.0,3.0,19.0,88.0,4.0,2.0,2.0,3.5,,93.0,10.0,83.0,97.0,12.0,85.0,128.0,5.0,123.0,20.0,42.0,24.0,90.0,43.0,89.0,477.0,26.0,92.0,488.0,14.0,92.0,484.0,16.0,93.0,489.0,105.0,2.0,,99.0,1.0,,62.0,1.0,61.0,91.0,63.0,4.0,59.0,88.0,33.0,13.0,20.0,82.0,33.0,11.0,22.0,85.0,0.0,,1.0,,25.0,37.0,5.0,1.0,1.0,4.0,12.0,17.0,97.0,17.0,97.0,27.0,96.0,95.0,193.0,192.0,95.0,95.0,2.0,84.0,4.0,4.0,31.0,93.0,486.0,3.0,3.0,18.0,3.0,15.0,78.0,20.0,2.0,18.0,82.0,1.0,2.0,,,,
133,1.0,1.0,92.0,1.0,91.0,92.0,5.0,87.0,74.0,1.0,73.0,17.0,49.0,24.0,130.0,44.0,137.0,480.0,21.0,124.0,475.0,24.0,142.0,508.0,8.0,93.0,460.0,2.0,124.0,1.0,77.0,58.0,3.0,55.0,131.0,60.0,3.0,57.0,133.0,36.0,3.0,33.0,127.0,36.0,7.0,29.0,123.0,0.0,0.0,29.0,61.0,3.0,5.0,3.0,3.0,0.0,6.0,103.0,6.0,100.0,19.0,120.0,114.0,223.0,214.0,113.0,107.0,23.0,119.0,472.0,1.0,1.0,27.0,0.0,27.0,129.0,22.0,1.0,21.0,110.0,,,3.5,3.5,95.0,1.0,1.0,,,,,,,,,,,,,,,,,,,,,,,,,,,,,,,,,,,,,,,,,,,,,,,,,,,,,,,,,,,,,,,,,,,,,,,,,,,,,,,,,,,,,,,,,,,,,,,,,,,,,,,,,,,,,,,,,,,,,,,,,,,,,,,,,,,,,,,,,,,,,,,,,,,,,,,,,,,,,,,,,,,,,,,,,,,,,,,,,,,,,,,,,,,,,,,,,,,,,,,,,,,,,,,,,,,,,,,,,,,,,,,,,,,,,,,,,,,,,,,,,,,,,,,,,,,,,,,,,,,,,,,,,,
134,1.0,1.0,103.0,3.0,100.0,94.0,0.0,94.0,96.0,1.0,95.0,20.0,54.0,21.0,108.0,46.0,130.0,486.0,23.0,119.0,480.0,20.0,127.0,498.0,14.0,108.0,482.0,3.0,136.0,2.0,91.0,59.0,2.0,57.0,121.0,58.0,2.0,56.0,120.0,31.0,8.0,23.0,111.0,30.0,7.0,23.0,111.0,0.0,4.0,30.0,61.0,3.0,4.0,3.0,2.0,1.0,7.0,104.0,6.0,100.0,22.0,122.0,122.0,226.0,222.0,115.0,112.0,29.0,119.0,483.0,2.0,1.0,29.0,1.0,28.0,130.0,25.0,2.0,23.0,113.0,,,5.0,5.0,97.0,1.0,1.0,143.0,1.0,142.0,125.0,0.0,125.0,125.0,0.0,125.0,26.0,66.0,32.0,130.0,58.0,128.0,519.0,26.0,108.0,488.0,26.0,121.0,513.0,19.0,116.0,499.0,69.0,4.0,49.0,4.0,69.0,0.0,69.0,119.0,65.0,0.0,65.0,115.0,41.0,3.0,38.0,116.0,40.0,1.0,39.0,117.0,2.0,4.0,40.0,70.0,4.0,10.0,4.0,4.0,4.0,12.0,114.0,12.0,116.0,28.0,120.0,120.0,234.0,236.0,120.0,121.0,34.0,115.0,492.0,4.0,3.0,39.0,2.0,37.0,127.0,35.0,0.0,35.0,114.0,3.0,3.5,3.0,3.0,,153.0,0.0,153.0,145.0,0.0,145.0,149.0,0.0,149.0,28.0,65.0,36.0,131.0,65.0,129.0,539.0,33.0,116.0,509.0,29.0,121.0,525.0,25.0,128.0,520.0,69.0,3.0,,55.0,4.0,,77.0,0.0,77.0,119.0,74.0,1.0,73.0,114.0,49.0,11.0,38.0,109.0,46.0,5.0,41.0,112.0,2.0,,4.0,,46.0,73.0,5.0,1.0,1.0,7.0,17.0,25.0,126.0,25.0,128.0,39.0,135.0,134.0,261.0,262.0,139.0,138.0,4.0,78.0,4.0,4.0,51.0,134.0,522.0,6.0,3.0,40.0,1.0,39.0,127.0,35.0,1.0,34.0,107.0,5.0,4.5,4.5,5.0,,160.0,1.0,159.0,166.0,2.0,164.0,189.0,3.0,186.0,29.0,61.0,39.0,133.0,64.0,124.0,536.0,36.0,120.0,518.0,31.0,127.0,538.0,20.0,106.0,502.0,53.0,3.0,,56.0,2.0,,80.0,1.0,79.0,116.0,77.0,0.0,77.0,113.0,46.0,3.0,43.0,111.0,45.0,1.0,44.0,112.0,1.0,,2.0,,49.0,69.0,12.0,4.0,4.0,7.0,17.0,28.0,125.0,28.0,128.0,43.0,132.0,135.0,257.0,263.0,136.0,139.0,4.0,79.0,4.0,4.0,44.0,117.0,511.0,5.0,8.0,43.0,1.0,42.0,126.0,46.0,3.0,43.0,122.0,2.0,,,5.0,,
135,1.0,1.0,64.0,6.0,58.0,69.0,5.0,64.0,68.0,7.0,61.0,21.0,52.0,17.0,80.0,34.0,101.0,446.0,18.0,96.0,465.0,20.0,116.0,498.0,11.0,94.0,471.0,1.0,100.0,0.0,62.0,46.0,8.0,38.0,94.0,54.0,10.0,44.0,100.0,32.0,9.0,23.0,103.0,38.0,15.0,23.0,103.0,0.0,2.0,26.0,50.0,1.0,4.0,2.0,2.0,0.0,3.0,85.0,3.0,85.0,16.0,96.0,105.0,181.0,190.0,89.0,94.0,22.0,103.0,471.0,1.0,3.0,24.0,1.0,23.0,123.0,21.0,4.0,17.0,104.0,,,4.0,5.0,88.0,1.0,1.0,,,,,,,,,,,,,,,,,,,,,,,,,,,,,,,,,,,,,,,,,,,,,,,,,,,,,,,,,,,,,,,,,,,,,,,,,,,,,,,2.0,3.5,3.0,4.0,73.0,149.0,2.0,147.0,146.0,5.0,141.0,139.0,3.0,136.0,26.0,56.0,29.0,102.0,54.0,105.0,508.0,27.0,94.0,491.0,25.0,107.0,510.0,18.0,99.0,496.0,63.0,3.0,,56.0,4.0,,79.0,0.0,79.0,116.0,77.0,3.0,74.0,107.0,55.0,17.0,38.0,105.0,55.0,14.0,41.0,108.0,2.0,,4.0,,30.0,43.0,6.0,1.0,1.0,3.0,10.0,14.0,89.0,14.0,93.0,27.0,96.0,100.0,185.0,193.0,91.0,95.0,2.0,74.0,4.0,4.0,35.0,99.0,494.0,4.0,4.0,33.0,0.0,33.0,117.0,32.0,3.0,29.0,100.0,3.0,3.5,4.0,4.5,,154.0,7.0,147.0,164.0,8.0,156.0,186.0,8.0,178.0,23.0,46.0,32.0,106.0,51.0,97.0,500.0,24.0,86.0,483.0,22.0,100.0,502.0,17.0,92.0,492.0,61.0,2.0,,63.0,1.0,,83.0,1.0,82.0,117.0,78.0,3.0,75.0,106.0,58.0,15.0,43.0,107.0,63.0,18.0,45.0,110.0,2.0,,2.0,,41.0,53.0,2.0,1.0,1.0,7.0,12.0,20.0,102.0,20.0,104.0,31.0,100.0,105.0,202.0,209.0,100.0,104.0,2.0,76.0,4.0,4.0,35.0,95.0,494.0,5.0,5.0,35.0,3.0,32.0,111.0,29.0,8.0,21.0,87.0,3.0,4.0,,4.0,,1.0
136,1.0,2.0,50.0,3.0,47.0,46.0,7.0,39.0,60.0,5.0,55.0,17.0,44.0,17.0,85.0,34.0,106.0,446.0,15.0,94.0,454.0,3.0,79.0,423.0,11.0,95.0,471.0,0.0,167.0,2.0,103.0,38.0,6.0,32.0,95.0,39.0,7.0,32.0,95.0,16.0,10.0,6.0,82.0,15.0,9.0,6.0,82.0,1.0,0.0,18.0,39.0,3.0,2.0,1.0,1.0,1.0,5.0,95.0,5.0,96.0,12.0,90.0,93.0,185.0,189.0,91.0,93.0,18.0,103.0,464.0,1.0,2.0,22.0,4.0,18.0,117.0,21.0,4.0,17.0,104.0,,,3.5,4.0,75.0,1.0,2.0,55.0,8.0,47.0,77.0,5.0,72.0,67.0,3.0,64.0,17.0,41.0,21.0,91.0,40.0,98.0,467.0,20.0,92.0,472.0,13.0,99.0,482.0,19.0,113.0,499.0,91.0,2.0,72.0,1.0,54.0,1.0,53.0,97.0,53.0,3.0,50.0,94.0,16.0,6.0,10.0,76.0,17.0,10.0,7.0,71.0,1.0,3.0,19.0,36.0,2.0,2.0,1.0,1.0,1.0,4.0,85.0,4.0,85.0,16.0,87.0,84.0,172.0,169.0,85.0,83.0,26.0,98.0,477.0,2.0,1.0,28.0,8.0,20.0,100.0,31.0,3.0,28.0,104.0,2.0,2.0,4.0,4.0,,78.0,3.0,75.0,68.0,6.0,62.0,89.0,6.0,83.0,20.0,44.0,29.0,105.0,42.0,92.0,473.0,24.0,92.0,483.0,18.0,99.0,493.0,18.0,102.0,496.0,35.0,2.0,,39.0,1.0,,58.0,2.0,56.0,85.0,67.0,3.0,64.0,95.0,35.0,15.0,20.0,82.0,29.0,14.0,15.0,76.0,3.0,,3.0,,25.0,40.0,5.0,1.0,1.0,3.0,10.0,14.0,94.0,14.0,94.0,22.0,90.0,90.0,184.0,184.0,90.0,91.0,2.0,64.0,4.0,4.0,32.0,98.0,488.0,2.0,1.0,33.0,7.0,26.0,106.0,40.0,3.0,37.0,112.0,2.0,3.0,4.0,4.5,,65.0,2.0,63.0,87.0,4.0,83.0,99.0,2.0,97.0,22.0,46.0,26.0,93.0,49.0,96.0,494.0,24.0,88.0,483.0,24.0,104.0,508.0,19.0,100.0,499.0,61.0,3.0,,47.0,2.0,,64.0,0.0,64.0,91.0,64.0,0.0,64.0,91.0,26.0,5.0,21.0,80.0,25.0,5.0,20.0,79.0,0.0,,0.0,,30.0,41.0,7.0,1.0,1.0,4.0,12.0,17.0,95.0,17.0,97.0,28.0,96.0,98.0,191.0,195.0,94.0,96.0,2.0,52.0,3.0,3.0,36.0,98.0,496.0,2.0,4.0,24.0,6.0,18.0,85.0,31.0,5.0,26.0,94.0,1.0,,,4.0,,1.0
137,1.0,2.0,54.0,4.0,50.0,52.0,4.0,48.0,55.0,4.0,51.0,18.0,46.0,21.0,103.0,34.0,111.0,446.0,17.0,102.0,462.0,8.0,108.0,468.0,14.0,107.0,482.0,1.0,195.0,1.0,109.0,38.0,4.0,34.0,96.0,41.0,5.0,36.0,98.0,22.0,14.0,8.0,86.0,24.0,13.0,11.0,91.0,0.0,1.0,19.0,41.0,6.0,6.0,3.0,3.0,0.0,9.0,110.0,9.0,113.0,15.0,98.0,102.0,208.0,215.0,104.0,108.0,20.0,108.0,467.0,2.0,0.0,25.0,2.0,23.0,123.0,18.0,4.0,14.0,99.0,,,4.0,3.5,81.0,1.0,2.0,87.0,2.0,85.0,100.0,1.0,99.0,84.0,0.0,84.0,19.0,45.0,22.0,97.0,43.0,106.0,477.0,24.0,101.0,483.0,17.0,106.0,491.0,14.0,99.0,482.0,120.0,3.0,79.0,1.0,59.0,1.0,58.0,108.0,58.0,1.0,57.0,107.0,34.0,7.0,27.0,104.0,30.0,10.0,20.0,95.0,1.0,2.0,24.0,45.0,7.0,7.0,4.0,3.0,3.0,14.0,120.0,13.0,120.0,22.0,105.0,101.0,225.0,221.0,114.0,111.0,29.0,106.0,483.0,2.0,2.0,32.0,2.0,30.0,115.0,23.0,4.0,19.0,92.0,3.0,4.0,3.0,4.0,,110.0,4.0,106.0,113.0,7.0,106.0,129.0,1.0,128.0,20.0,44.0,28.0,102.0,48.0,99.0,491.0,26.0,95.0,488.0,24.0,108.0,508.0,17.0,99.0,492.0,116.0,0.0,,117.0,4.0,,70.0,2.0,68.0,100.0,64.0,0.0,64.0,95.0,30.0,11.0,19.0,81.0,31.0,8.0,23.0,86.0,1.0,,3.0,,28.0,44.0,8.0,2.0,2.0,3.0,15.0,20.0,110.0,20.0,109.0,28.0,104.0,102.0,214.0,211.0,107.0,105.0,2.0,38.0,2.0,3.0,31.0,96.0,486.0,3.0,2.0,34.0,2.0,32.0,116.0,26.0,2.0,24.0,95.0,3.0,2.0,3.0,3.0,,104.0,2.0,102.0,117.0,3.0,114.0,151.0,2.0,149.0,21.0,44.0,29.0,105.0,52.0,101.0,503.0,30.0,99.0,500.0,23.0,103.0,505.0,16.0,93.0,489.0,109.0,2.0,,114.0,1.0,,71.0,2.0,69.0,101.0,69.0,1.0,68.0,100.0,35.0,6.0,29.0,94.0,37.0,9.0,28.0,92.0,3.0,,1.0,,19.0,29.0,4.0,1.0,1.0,2.0,13.0,16.0,95.0,16.0,94.0,29.0,101.0,100.0,196.0,194.0,97.0,96.0,2.0,38.0,2.0,2.0,34.0,97.0,492.0,2.0,2.0,30.0,2.0,28.0,104.0,25.0,3.0,22.0,88.0,2.0,2.0,,3.0,,
138,1.0,1.0,26.0,7.0,19.0,25.0,8.0,17.0,32.0,9.0,23.0,16.0,44.0,19.0,100.0,28.0,106.0,423.0,15.0,101.0,454.0,13.0,119.0,482.0,8.0,90.0,460.0,0.0,183.0,2.0,222.0,30.0,7.0,23.0,93.0,25.0,4.0,21.0,91.0,16.0,6.0,10.0,94.0,17.0,6.0,11.0,95.0,0.0,0.0,18.0,41.0,6.0,4.0,3.0,2.0,1.0,10.0,116.0,9.0,113.0,14.0,101.0,99.0,217.0,212.0,109.0,106.0,9.0,99.0,448.0,0.0,0.0,9.0,4.0,5.0,94.0,14.0,1.0,13.0,97.0,,,2.5,3.5,59.0,,,,,,,,,,,,,,,,,,,,,,,,,,,,,,,,,,,,,,,,,,,,,,,,,,,,,,,,,,,,,,,,,,,,,,,,,,,,,,,,,2.0,2.0,3.5,2.0,,,,,,,,,,,,,,,,,,,,,,,,,,,,,,,,,,,,,,,,,,,,,,,,,,,,,,,,,,,,,,,,,,,,,,,,,,,,,,,,,,,,,,,,,,,,,,,,,,,,,,,,,,,,,,,,,,,,,,,,,,,,,,,,,,,,,,,,,,,,,,,,,,,,,,,,,,,,,,,,,,,,,,,,,,,,,,,,,,,,,,,,
139,2.0,1.0,27.0,5.0,22.0,25.0,11.0,14.0,27.0,7.0,20.0,19.0,45.0,18.0,80.0,27.0,82.0,420.0,14.0,82.0,450.0,9.0,95.0,471.0,12.0,93.0,475.0,0.0,277.0,2.0,155.0,32.0,12.0,20.0,69.0,31.0,11.0,20.0,69.0,27.0,22.0,5.0,72.0,29.0,28.0,1.0,62.0,0.0,2.0,20.0,39.0,1.0,2.0,1.0,1.0,0.0,2.0,79.0,2.0,79.0,10.0,76.0,87.0,155.0,166.0,76.0,81.0,12.0,88.0,454.0,2.0,3.0,11.0,3.0,8.0,100.0,12.0,1.0,11.0,94.0,,,3.5,2.5,59.0,2.0,1.0,39.0,3.0,36.0,38.0,7.0,31.0,42.0,9.0,33.0,19.0,43.0,19.0,82.0,37.0,87.0,457.0,17.0,81.0,462.0,12.0,93.0,480.0,15.0,96.0,485.0,161.0,0.0,118.0,1.0,,,,,,,,,,,,,,,,,,,,,,,,,,,,,,,,,,,,,,,,,,,,,,,,,,,1.5,2.0,1.5,,77.0,4.0,73.0,67.0,6.0,61.0,99.0,4.0,95.0,21.0,43.0,21.0,75.0,43.0,88.0,477.0,25.0,89.0,486.0,14.0,91.0,484.0,17.0,94.0,492.0,162.0,2.0,,158.0,1.0,,60.0,4.0,56.0,82.0,64.0,9.0,55.0,81.0,40.0,22.0,18.0,76.0,37.0,20.0,17.0,75.0,3.0,,2.0,,29.0,40.0,3.0,1.0,1.0,1.0,2.0,4.0,62.0,4.0,70.0,16.0,69.0,75.0,131.0,145.0,59.0,70.0,2.0,33.0,2.0,2.0,31.0,91.0,486.0,3.0,1.0,16.0,4.0,12.0,83.0,15.0,2.0,13.0,78.0,1.0,1.0,2.0,,,72.0,6.0,66.0,71.0,5.0,66.0,104.0,1.0,103.0,22.0,44.0,19.0,71.0,42.0,83.0,473.0,25.0,86.0,486.0,14.0,90.0,484.0,17.0,90.0,492.0,117.0,2.0,,127.0,0.0,,56.0,2.0,54.0,80.0,62.0,8.0,54.0,80.0,27.0,11.0,16.0,74.0,33.0,10.0,23.0,83.0,0.0,,2.0,,28.0,36.0,4.0,1.0,1.0,5.0,8.0,14.0,85.0,14.0,89.0,20.0,75.0,79.0,160.0,168.0,79.0,82.0,3.0,62.0,4.0,4.0,30.0,86.0,485.0,2.0,3.0,22.0,0.0,22.0,93.0,16.0,2.0,14.0,76.0,3.0,3.0,,4.0,,0.0
140,1.0,1.0,15.0,8.0,7.0,17.0,6.0,11.0,18.0,10.0,8.0,12.0,37.0,16.0,91.0,26.0,103.0,416.0,10.0,89.0,434.0,6.0,106.0,459.0,6.0,84.0,453.0,0.0,116.0,2.0,79.0,22.0,7.0,15.0,85.0,21.0,3.0,18.0,88.0,10.0,6.0,4.0,82.0,10.0,5.0,5.0,84.0,0.0,0.0,8.0,26.0,1.0,1.0,1.0,1.0,0.0,2.0,82.0,2.0,79.0,12.0,96.0,93.0,178.0,172.0,87.0,84.0,2.0,85.0,427.0,1.0,1.0,4.0,3.0,1.0,83.0,3.0,2.0,1.0,74.0,,,0.0,0.0,7.0,1.0,1.0,,,,,,,,,,,,,,,,,,,,,,,,,,,,,,,,,,,,,,,,,,,,,,,,,,,,,,,,,,,,,,,,,,,,,,,,,,,,,,,,,,,,39.0,8.0,31.0,23.0,6.0,17.0,40.0,7.0,33.0,18.0,40.0,24.0,89.0,38.0,87.0,460.0,19.0,84.0,469.0,9.0,88.0,471.0,10.0,80.0,468.0,104.0,1.0,,305.0,2.0,,36.0,4.0,32.0,62.0,40.0,5.0,35.0,64.0,22.0,9.0,13.0,73.0,26.0,11.0,15.0,76.0,1.0,,3.0,,23.0,37.0,0.0,0.0,0.0,1.0,12.0,13.0,92.0,13.0,91.0,18.0,81.0,79.0,173.0,170.0,85.0,83.0,2.0,32.0,2.0,2.0,22.0,89.0,471.0,0.0,0.0,12.0,1.0,11.0,81.0,13.0,3.0,10.0,72.0,,,,,,56.0,7.0,49.0,56.0,6.0,50.0,57.0,7.0,50.0,18.0,38.0,24.0,90.0,37.0,81.0,457.0,21.0,84.0,475.0,8.0,84.0,468.0,14.0,87.0,482.0,229.0,0.0,,209.0,1.0,,51.0,4.0,47.0,76.0,52.0,3.0,49.0,77.0,31.0,15.0,16.0,77.0,31.0,14.0,17.0,79.0,0.0,,1.0,,29.0,42.0,1.0,1.0,0.0,1.0,7.0,9.0,76.0,8.0,75.0,20.0,80.0,79.0,156.0,154.0,77.0,75.0,2.0,40.0,2.0,2.0,31.0,93.0,486.0,3.0,1.0,12.0,6.0,6.0,55.0,16.0,1.0,15.0,77.0,1.0,1.0,3.0,2.0,,0.0
141,1.0,2.0,17.0,8.0,9.0,16.0,8.0,8.0,17.0,11.0,6.0,9.0,33.0,17.0,98.0,22.0,100.0,400.0,14.0,102.0,450.0,5.0,106.0,452.0,5.0,82.0,449.0,0.0,49.0,2.0,47.0,24.0,13.0,11.0,83.0,21.0,9.0,12.0,84.0,15.0,9.0,6.0,89.0,16.0,14.0,2.0,80.0,0.0,0.0,5.0,22.0,2.0,0.0,0.0,0.0,0.0,2.0,84.0,2.0,79.0,6.0,85.0,75.0,169.0,154.0,83.0,75.0,2.0,88.0,427.0,0.0,0.0,2.0,0.0,2.0,85.0,11.0,5.0,6.0,85.0,,,1.0,1.0,4.0,1.0,2.0,33.0,8.0,25.0,20.0,4.0,16.0,25.0,6.0,19.0,13.0,35.0,21.0,97.0,31.0,95.0,434.0,12.0,82.0,442.0,10.0,102.0,474.0,5.0,76.0,449.0,101.0,0.0,36.0,1.0,32.0,5.0,27.0,84.0,30.0,3.0,27.0,84.0,12.0,4.0,8.0,82.0,15.0,6.0,9.0,84.0,0.0,0.0,15.0,33.0,3.0,0.0,0.0,0.0,1.0,4.0,87.0,4.0,85.0,15.0,93.0,82.0,180.0,167.0,88.0,82.0,8.0,87.0,446.0,0.0,0.0,14.0,11.0,3.0,70.0,21.0,14.0,7.0,75.0,,,0.0,3.5,,57.0,8.0,49.0,30.0,11.0,19.0,54.0,19.0,35.0,16.0,37.0,24.0,93.0,38.0,89.0,460.0,18.0,83.0,465.0,7.0,85.0,464.0,9.0,78.0,464.0,91.0,0.0,,71.0,1.0,,42.0,2.0,40.0,75.0,46.0,6.0,40.0,75.0,18.0,9.0,9.0,71.0,19.0,9.0,10.0,73.0,0.0,,1.0,,21.0,36.0,3.0,1.0,1.0,0.0,10.0,11.0,87.0,11.0,86.0,20.0,89.0,83.0,176.0,169.0,86.0,83.0,2.0,54.0,4.0,4.0,22.0,90.0,471.0,0.0,0.0,11.0,9.0,2.0,62.0,23.0,23.0,0.0,54.0,1.0,1.0,2.0,2.5,,46.0,11.0,35.0,56.0,9.0,47.0,57.0,6.0,51.0,14.0,31.0,24.0,90.0,36.0,81.0,453.0,19.0,81.0,469.0,11.0,89.0,477.0,8.0,71.0,460.0,54.0,0.0,,66.0,0.0,,50.0,3.0,47.0,76.0,50.0,3.0,47.0,76.0,14.0,3.0,11.0,70.0,13.0,4.0,9.0,68.0,0.0,,0.0,,17.0,27.0,3.0,1.0,1.0,0.0,7.0,8.0,75.0,8.0,75.0,23.0,89.0,86.0,164.0,161.0,81.0,79.0,2.0,62.0,4.0,4.0,16.0,80.0,461.0,1.0,1.0,27.0,11.0,16.0,81.0,20.0,13.0,7.0,64.0,1.0,0.0,3.0,0.0,,0.0
142,2.0,2.0,116.0,1.0,115.0,104.0,1.0,103.0,117.0,2.0,115.0,19.0,48.0,27.0,124.0,49.0,128.0,494.0,20.0,106.0,472.0,24.0,127.0,508.0,13.0,102.0,478.0,3.0,89.0,2.0,84.0,55.0,1.0,54.0,114.0,50.0,0.0,50.0,110.0,30.0,4.0,26.0,111.0,33.0,6.0,27.0,112.0,0.0,2.0,27.0,53.0,6.0,4.0,2.0,2.0,0.0,8.0,107.0,8.0,108.0,30.0,136.0,144.0,243.0,252.0,126.0,131.0,29.0,115.0,483.0,0.0,0.0,39.0,1.0,38.0,140.0,38.0,2.0,36.0,131.0,,,5.0,4.0,81.0,2.0,2.0,154.0,14.0,140.0,129.0,3.0,126.0,102.0,5.0,97.0,20.0,47.0,32.0,126.0,57.0,123.0,516.0,30.0,113.0,500.0,27.0,120.0,517.0,16.0,104.0,489.0,30.0,3.0,65.0,3.0,54.0,0.0,54.0,98.0,59.0,1.0,58.0,102.0,27.0,2.0,25.0,97.0,20.0,0.0,20.0,91.0,2.0,3.0,31.0,55.0,5.0,2.0,1.0,1.0,0.0,6.0,92.0,6.0,94.0,38.0,141.0,147.0,233.0,241.0,119.0,124.0,31.0,106.0,486.0,1.0,2.0,36.0,4.0,32.0,118.0,36.0,1.0,35.0,114.0,3.0,3.0,4.5,4.5,,125.0,0.0,125.0,134.0,1.0,133.0,126.0,2.0,124.0,25.0,55.0,38.0,134.0,59.0,119.0,522.0,31.0,109.0,503.0,28.0,117.0,520.0,16.0,98.0,489.0,99.0,2.0,,131.0,2.0,,62.0,0.0,62.0,92.0,62.0,0.0,62.0,92.0,40.0,1.0,39.0,106.0,42.0,6.0,36.0,102.0,2.0,,3.0,,35.0,54.0,7.0,2.0,2.0,6.0,14.0,22.0,115.0,22.0,117.0,41.0,135.0,139.0,250.0,256.0,131.0,134.0,2.0,23.0,1.0,2.0,36.0,107.0,496.0,2.0,4.0,40.0,4.0,36.0,122.0,41.0,1.0,40.0,117.0,4.0,4.0,4.5,4.0,,137.0,4.0,133.0,130.0,2.0,128.0,147.0,2.0,145.0,27.0,57.0,37.0,127.0,67.0,129.0,545.0,29.0,98.0,497.0,31.0,127.0,538.0,20.0,105.0,502.0,35.0,3.0,,45.0,1.0,,76.0,0.0,76.0,111.0,66.0,1.0,65.0,96.0,46.0,2.0,44.0,112.0,46.0,1.0,45.0,113.0,3.0,,2.0,,38.0,54.0,8.0,2.0,2.0,5.0,18.0,25.0,117.0,25.0,121.0,44.0,134.0,139.0,251.0,260.0,132.0,137.0,3.0,58.0,4.0,4.0,43.0,113.0,509.0,1.0,3.0,46.0,0.0,46.0,131.0,40.0,1.0,39.0,118.0,2.5,3.0,,5.0,,
143,1.0,2.0,22.0,7.0,15.0,19.0,5.0,14.0,21.0,4.0,17.0,18.0,43.0,21.0,90.0,27.0,84.0,420.0,15.0,86.0,454.0,7.0,93.0,464.0,12.0,94.0,475.0,0.0,295.0,1.0,305.0,20.0,4.0,16.0,65.0,28.0,6.0,22.0,71.0,12.0,5.0,7.0,76.0,10.0,4.0,6.0,74.0,0.0,3.0,19.0,32.0,3.0,1.0,1.0,1.0,0.0,4.0,88.0,4.0,90.0,11.0,79.0,90.0,167.0,180.0,82.0,89.0,17.0,94.0,462.0,1.0,1.0,14.0,5.0,9.0,104.0,17.0,3.0,14.0,99.0,,,3.5,3.5,25.0,1.0,2.0,55.0,0.0,55.0,46.0,5.0,41.0,44.0,0.0,44.0,20.0,45.0,18.0,79.0,37.0,88.0,457.0,20.0,88.0,472.0,13.0,95.0,482.0,15.0,96.0,485.0,236.0,3.0,151.0,2.0,38.0,0.0,38.0,73.0,39.0,6.0,33.0,70.0,16.0,8.0,8.0,70.0,11.0,4.0,7.0,68.0,0.0,1.0,24.0,40.0,2.0,4.0,1.0,1.0,3.0,6.0,89.0,6.0,94.0,19.0,86.0,92.0,175.0,186.0,86.0,92.0,23.0,91.0,472.0,4.0,2.0,17.0,4.0,13.0,89.0,18.0,1.0,17.0,90.0,3.0,3.0,3.5,3.5,,58.0,4.0,54.0,41.0,10.0,31.0,76.0,1.0,75.0,20.0,42.0,24.0,86.0,41.0,87.0,470.0,24.0,90.0,483.0,13.0,91.0,482.0,11.0,79.0,471.0,180.0,2.0,,164.0,0.0,,40.0,4.0,36.0,65.0,50.0,7.0,43.0,72.0,19.0,10.0,9.0,68.0,17.0,8.0,9.0,68.0,3.0,,2.0,,28.0,40.0,7.0,2.0,2.0,5.0,11.0,18.0,100.0,18.0,104.0,20.0,80.0,85.0,180.0,189.0,88.0,93.0,2.0,31.0,2.0,2.0,30.0,93.0,485.0,4.0,2.0,18.0,4.0,14.0,86.0,16.0,4.0,12.0,77.0,3.5,2.5,3.0,4.0,,54.0,4.0,50.0,74.0,3.0,71.0,80.0,1.0,79.0,22.0,44.0,25.0,88.0,44.0,88.0,480.0,27.0,91.0,491.0,18.0,95.0,493.0,11.0,74.0,471.0,140.0,0.0,,141.0,1.0,,60.0,1.0,59.0,85.0,61.0,4.0,57.0,83.0,24.0,10.0,14.0,71.0,30.0,13.0,17.0,75.0,1.0,,2.0,,23.0,32.0,7.0,1.0,2.0,4.0,13.0,18.0,97.0,19.0,102.0,21.0,78.0,82.0,175.0,184.0,86.0,91.0,2.0,35.0,2.0,2.0,31.0,89.0,486.0,3.0,2.0,22.0,4.0,18.0,85.0,21.0,6.0,15.0,80.0,3.0,3.0,,3.0,,0.0
144,2.0,1.0,70.0,2.0,68.0,70.0,3.0,67.0,63.0,4.0,59.0,18.0,49.0,20.0,115.0,35.0,123.0,449.0,21.0,122.0,475.0,11.0,124.0,477.0,18.0,125.0,496.0,2.0,132.0,1.0,85.0,47.0,5.0,42.0,117.0,41.0,5.0,36.0,110.0,24.0,10.0,14.0,104.0,26.0,16.0,10.0,97.0,0.0,3.0,28.0,60.0,4.0,5.0,3.0,3.0,2.0,9.0,116.0,9.0,113.0,15.0,109.0,102.0,225.0,215.0,114.0,108.0,21.0,115.0,469.0,2.0,4.0,27.0,0.0,27.0,129.0,25.0,0.0,25.0,115.0,,,3.0,4.0,81.0,2.0,1.0,116.0,4.0,112.0,92.0,3.0,89.0,105.0,2.0,103.0,18.0,46.0,23.0,108.0,42.0,114.0,473.0,26.0,114.0,488.0,14.0,110.0,484.0,20.0,123.0,502.0,81.0,3.0,74.0,1.0,56.0,0.0,56.0,115.0,62.0,2.0,60.0,119.0,28.0,11.0,17.0,100.0,30.0,13.0,17.0,100.0,2.0,4.0,28.0,53.0,5.0,3.0,1.0,1.0,1.0,7.0,99.0,7.0,97.0,22.0,109.0,101.0,208.0,198.0,104.0,98.0,31.0,115.0,486.0,5.0,5.0,31.0,1.0,30.0,115.0,34.0,1.0,33.0,111.0,0.0,3.5,3.0,4.0,,118.0,1.0,117.0,114.0,6.0,108.0,117.0,2.0,115.0,25.0,60.0,27.0,107.0,53.0,116.0,506.0,30.0,112.0,500.0,19.0,106.0,495.0,24.0,129.0,516.0,54.0,1.0,,48.0,3.0,,67.0,1.0,66.0,112.0,63.0,1.0,62.0,108.0,40.0,10.0,30.0,103.0,38.0,13.0,25.0,97.0,3.0,,4.0,,34.0,58.0,7.0,2.0,2.0,5.0,15.0,22.0,117.0,22.0,117.0,25.0,104.0,97.0,221.0,214.0,111.0,107.0,2.0,19.0,1.0,1.0,36.0,112.0,496.0,5.0,6.0,34.0,2.0,32.0,116.0,29.0,4.0,25.0,97.0,2.0,2.0,3.0,4.0,,146.0,7.0,139.0,122.0,7.0,115.0,161.0,1.0,160.0,25.0,55.0,28.0,105.0,57.0,114.0,516.0,30.0,104.0,500.0,20.0,102.0,498.0,25.0,125.0,520.0,63.0,2.0,,68.0,3.0,,66.0,0.0,66.0,97.0,72.0,6.0,66.0,97.0,43.0,10.0,33.0,99.0,43.0,7.0,36.0,102.0,4.0,,2.0,,39.0,60.0,8.0,2.0,2.0,5.0,11.0,18.0,105.0,18.0,100.0,27.0,102.0,97.0,207.0,197.0,103.0,98.0,2.0,32.0,2.0,2.0,37.0,108.0,498.0,8.0,4.0,37.0,4.0,33.0,113.0,34.0,5.0,29.0,102.0,3.0,3.0,,4.0,,
145,2.0,2.0,96.0,1.0,95.0,101.0,4.0,97.0,97.0,0.0,97.0,21.0,52.0,29.0,130.0,49.0,128.0,494.0,26.0,118.0,488.0,28.0,134.0,520.0,12.0,99.0,475.0,0.0,160.0,4.0,89.0,56.0,1.0,55.0,114.0,64.0,0.0,64.0,122.0,32.0,1.0,31.0,116.0,30.0,2.0,28.0,113.0,2.0,3.0,26.0,52.0,2.0,4.0,2.0,2.0,2.0,6.0,99.0,6.0,100.0,24.0,121.0,127.0,220.0,227.0,111.0,115.0,31.0,117.0,486.0,2.0,5.0,32.0,0.0,32.0,134.0,30.0,0.0,30.0,122.0,,,4.5,4.5,81.0,2.0,2.0,134.0,0.0,134.0,124.0,0.0,124.0,121.0,0.0,121.0,23.0,55.0,35.0,136.0,55.0,120.0,511.0,30.0,113.0,500.0,29.0,125.0,525.0,19.0,114.0,499.0,105.0,3.0,75.0,4.0,72.0,0.0,72.0,120.0,70.0,0.0,70.0,117.0,42.0,2.0,40.0,115.0,46.0,0.0,46.0,121.0,2.0,3.0,32.0,56.0,4.0,5.0,1.0,2.0,2.0,7.0,96.0,8.0,101.0,33.0,128.0,135.0,224.0,236.0,113.0,121.0,34.0,111.0,492.0,6.0,5.0,25.0,2.0,23.0,104.0,30.0,0.0,30.0,107.0,5.0,5.5,5.0,5.0,,119.0,0.0,119.0,111.0,0.0,111.0,121.0,0.0,121.0,25.0,55.0,33.0,118.0,59.0,118.0,522.0,31.0,107.0,503.0,27.0,114.0,517.0,22.0,116.0,509.0,110.0,3.0,,184.0,4.0,,74.0,1.0,73.0,106.0,74.0,0.0,74.0,107.0,38.0,1.0,37.0,103.0,39.0,0.0,39.0,106.0,3.0,,4.0,,37.0,57.0,7.0,2.0,2.0,4.0,13.0,19.0,108.0,19.0,107.0,38.0,128.0,131.0,236.0,238.0,121.0,122.0,3.0,48.0,3.0,4.0,35.0,104.0,494.0,6.0,5.0,34.0,1.0,33.0,117.0,29.0,1.0,28.0,100.0,4.0,4.0,3.5,4.0,,120.0,3.0,117.0,147.0,1.0,146.0,162.0,0.0,162.0,25.0,53.0,40.0,136.0,66.0,127.0,542.0,31.0,102.0,503.0,29.0,117.0,525.0,21.0,108.0,506.0,72.0,2.0,,80.0,2.0,,73.0,0.0,73.0,106.0,74.0,0.0,74.0,107.0,43.0,1.0,42.0,110.0,46.0,1.0,45.0,113.0,3.0,,2.0,,38.0,54.0,6.0,1.0,1.0,6.0,15.0,22.0,110.0,22.0,111.0,45.0,137.0,142.0,247.0,253.0,129.0,132.0,3.0,58.0,4.0,4.0,41.0,109.0,505.0,11.0,10.0,32.0,2.0,30.0,108.0,32.0,3.0,29.0,102.0,4.5,5.0,,6.0,,
146,2.0,1.0,31.0,3.0,28.0,29.0,3.0,26.0,36.0,3.0,33.0,22.0,57.0,23.0,110.0,34.0,108.0,446.0,19.0,103.0,469.0,14.0,114.0,484.0,18.0,119.0,496.0,1.0,390.0,2.0,237.0,23.0,3.0,20.0,84.0,26.0,4.0,22.0,86.0,19.0,5.0,14.0,96.0,15.0,4.0,11.0,91.0,3.0,2.0,30.0,58.0,1.0,2.0,1.0,1.0,0.0,2.0,80.0,2.0,79.0,18.0,106.0,111.0,186.0,190.0,91.0,94.0,24.0,110.0,474.0,3.0,4.0,11.0,2.0,9.0,104.0,17.0,1.0,16.0,102.0,,,3.5,4.0,81.0,2.0,1.0,100.0,3.0,97.0,81.0,4.0,77.0,77.0,0.0,77.0,21.0,50.0,21.0,91.0,48.0,111.0,491.0,20.0,93.0,472.0,24.0,114.0,508.0,18.0,110.0,496.0,147.0,3.0,128.0,3.0,53.0,0.0,53.0,97.0,55.0,3.0,52.0,96.0,34.0,5.0,29.0,102.0,33.0,7.0,26.0,98.0,2.0,3.0,34.0,59.0,5.0,1.0,1.0,0.0,1.0,7.0,96.0,6.0,94.0,18.0,91.0,89.0,187.0,183.0,92.0,90.0,32.0,108.0,488.0,3.0,3.0,20.0,1.0,19.0,99.0,23.0,0.0,23.0,98.0,4.0,4.5,4.0,3.0,,99.0,2.0,97.0,91.0,3.0,88.0,97.0,1.0,96.0,27.0,59.0,29.0,105.0,48.0,101.0,491.0,27.0,98.0,491.0,24.0,109.0,508.0,24.0,123.0,516.0,132.0,2.0,,101.0,2.0,,60.0,1.0,59.0,88.0,63.0,4.0,59.0,88.0,34.0,2.0,32.0,97.0,32.0,8.0,24.0,87.0,3.0,,2.0,,42.0,64.0,4.0,1.0,1.0,1.0,9.0,11.0,87.0,11.0,87.0,26.0,99.0,100.0,186.0,187.0,91.0,92.0,4.0,61.0,4.0,4.0,34.0,102.0,492.0,6.0,5.0,27.0,0.0,27.0,108.0,26.0,0.0,26.0,98.0,3.0,4.0,4.0,4.0,,92.0,4.0,88.0,98.0,4.0,94.0,119.0,0.0,119.0,27.0,57.0,24.0,90.0,58.0,112.0,519.0,27.0,94.0,491.0,23.0,103.0,505.0,24.0,117.0,516.0,86.0,3.0,,84.0,2.0,,62.0,1.0,61.0,91.0,66.0,1.0,65.0,96.0,46.0,6.0,40.0,107.0,45.0,7.0,38.0,105.0,3.0,,2.0,,42.0,59.0,6.0,1.0,1.0,3.0,11.0,15.0,92.0,15.0,92.0,25.0,92.0,92.0,184.0,184.0,90.0,91.0,4.0,81.0,4.0,4.0,39.0,105.0,502.0,6.0,7.0,28.0,2.0,26.0,101.0,27.0,0.0,27.0,99.0,4.0,4.5,,5.0,,
147,2.0,1.0,91.0,0.0,91.0,91.0,2.0,89.0,93.0,1.0,92.0,23.0,58.0,23.0,100.0,47.0,119.0,489.0,25.0,110.0,486.0,27.0,127.0,517.0,19.0,119.0,499.0,4.0,133.0,3.0,89.0,41.0,0.0,41.0,97.0,44.0,2.0,42.0,98.0,22.0,0.0,22.0,102.0,27.0,1.0,26.0,107.0,2.0,4.0,37.0,67.0,2.0,6.0,3.0,3.0,1.0,6.0,97.0,6.0,100.0,22.0,109.0,122.0,206.0,222.0,102.0,112.0,29.0,112.0,483.0,5.0,3.0,35.0,1.0,34.0,136.0,36.0,0.0,36.0,131.0,,,3.5,4.5,95.0,2.0,1.0,,,,,,,,,,,,,,,,,,,,,,,,,,,,,,,,,,,,,,,,,,,,,,,,,,,,,,,,,,,,,,,,,,,,,,,,,,,,,,,3.5,3.0,3.0,5.0,,125.0,3.0,122.0,104.0,4.0,100.0,126.0,3.0,123.0,24.0,53.0,28.0,102.0,56.0,112.0,514.0,30.0,103.0,500.0,26.0,111.0,513.0,18.0,102.0,496.0,76.0,2.0,,92.0,2.0,,71.0,2.0,69.0,101.0,73.0,0.0,73.0,106.0,37.0,4.0,33.0,99.0,34.0,3.0,31.0,96.0,3.0,,2.0,,43.0,63.0,7.0,2.0,2.0,10.0,13.0,25.0,119.0,25.0,128.0,27.0,99.0,103.0,218.0,231.0,109.0,118.0,4.0,71.0,4.0,4.0,40.0,111.0,503.0,4.0,10.0,36.0,4.0,32.0,116.0,35.0,2.0,33.0,106.0,4.0,3.0,4.0,4.0,,126.0,6.0,120.0,131.0,2.0,129.0,154.0,5.0,149.0,28.0,57.0,30.0,104.0,56.0,106.0,514.0,31.0,100.0,503.0,23.0,102.0,505.0,23.0,112.0,513.0,52.0,3.0,,58.0,1.0,,69.0,0.0,69.0,98.0,69.0,2.0,67.0,95.0,41.0,1.0,40.0,103.0,42.0,1.0,41.0,104.0,1.0,,1.0,,42.0,56.0,7.0,1.0,2.0,10.0,12.0,23.0,111.0,24.0,118.0,30.0,101.0,105.0,212.0,223.0,106.0,113.0,3.0,110.0,4.0,4.0,44.0,112.0,511.0,5.0,9.0,39.0,3.0,36.0,117.0,39.0,6.0,33.0,108.0,4.5,5.0,,6.0,,
148,2.0,2.0,62.0,2.0,60.0,55.0,6.0,49.0,71.0,1.0,70.0,14.0,38.0,23.0,110.0,38.0,117.0,460.0,19.0,107.0,469.0,12.0,114.0,480.0,12.0,100.0,475.0,2.0,79.0,1.0,38.0,35.0,1.0,34.0,96.0,40.0,2.0,38.0,100.0,14.0,2.0,12.0,93.0,15.0,2.0,13.0,94.0,0.0,1.0,16.0,36.0,2.0,3.0,1.0,2.0,0.0,3.0,85.0,4.0,90.0,17.0,104.0,108.0,189.0,198.0,93.0,98.0,22.0,110.0,471.0,3.0,4.0,24.0,0.0,24.0,125.0,18.0,2.0,16.0,102.0,,,3.5,0.0,81.0,2.0,2.0,94.0,2.0,92.0,99.0,1.0,98.0,85.0,1.0,84.0,18.0,43.0,23.0,100.0,49.0,114.0,494.0,22.0,97.0,477.0,15.0,103.0,487.0,18.0,112.0,496.0,122.0,0.0,83.0,3.0,63.0,0.0,63.0,113.0,59.0,2.0,57.0,107.0,25.0,3.0,22.0,98.0,35.0,6.0,29.0,106.0,0.0,2.0,19.0,38.0,2.0,4.0,2.0,1.0,4.0,8.0,101.0,7.0,97.0,24.0,110.0,107.0,211.0,204.0,105.0,101.0,27.0,103.0,479.0,5.0,2.0,26.0,4.0,22.0,103.0,26.0,4.0,22.0,96.0,3.0,3.0,4.0,4.0,,114.0,0.0,114.0,114.0,6.0,108.0,137.0,1.0,136.0,25.0,55.0,30.0,108.0,56.0,112.0,514.0,23.0,90.0,480.0,24.0,108.0,508.0,16.0,97.0,489.0,70.0,1.0,,112.0,2.0,,71.0,1.0,70.0,102.0,71.0,1.0,70.0,102.0,44.0,6.0,38.0,105.0,47.0,9.0,38.0,105.0,2.0,,2.0,,28.0,44.0,6.0,1.0,1.0,1.0,15.0,17.0,102.0,17.0,101.0,27.0,102.0,100.0,204.0,201.0,101.0,100.0,2.0,19.0,1.0,1.0,31.0,97.0,486.0,7.0,6.0,26.0,3.0,23.0,102.0,23.0,0.0,23.0,93.0,2.0,3.0,4.0,4.0,,86.0,3.0,83.0,105.0,4.0,101.0,123.0,0.0,123.0,25.0,52.0,27.0,96.0,58.0,111.0,519.0,25.0,90.0,486.0,23.0,103.0,505.0,19.0,101.0,499.0,103.0,3.0,,132.0,1.0,,68.0,1.0,67.0,95.0,69.0,1.0,68.0,96.0,42.0,5.0,37.0,99.0,38.0,4.0,34.0,96.0,2.0,,3.0,,31.0,43.0,8.0,2.0,2.0,3.0,10.0,15.0,90.0,15.0,92.0,30.0,101.0,102.0,191.0,194.0,94.0,96.0,2.0,26.0,1.0,1.0,29.0,91.0,483.0,8.0,5.0,17.0,2.0,15.0,78.0,21.0,4.0,17.0,80.0,2.0,,,3.0,,
149,1.0,2.0,144.0,2.0,142.0,142.0,13.0,129.0,109.0,2.0,107.0,21.0,54.0,27.0,124.0,49.0,129.0,494.0,21.0,110.0,475.0,26.0,131.0,513.0,20.0,127.0,502.0,3.0,81.0,4.0,49.0,71.0,2.0,69.0,127.0,69.0,2.0,67.0,125.0,43.0,2.0,41.0,127.0,48.0,14.0,34.0,120.0,1.0,4.0,30.0,58.0,5.0,4.0,2.0,2.0,2.0,9.0,110.0,9.0,113.0,28.0,131.0,139.0,241.0,252.0,124.0,131.0,30.0,118.0,485.0,6.0,1.0,39.0,0.0,39.0,141.0,38.0,2.0,36.0,131.0,,,4.5,5.0,88.0,1.0,2.0,165.0,0.0,165.0,159.0,1.0,158.0,149.0,1.0,148.0,25.0,60.0,30.0,120.0,55.0,121.0,511.0,30.0,114.0,500.0,28.0,123.0,520.0,21.0,121.0,506.0,56.0,4.0,36.0,4.0,78.0,0.0,78.0,128.0,81.0,3.0,78.0,128.0,53.0,2.0,51.0,127.0,50.0,1.0,49.0,124.0,3.0,2.0,42.0,72.0,6.0,5.0,1.0,2.0,1.0,8.0,99.0,9.0,104.0,30.0,120.0,126.0,219.0,230.0,110.0,118.0,39.0,121.0,502.0,4.0,4.0,44.0,1.0,43.0,138.0,44.0,0.0,44.0,128.0,5.0,4.0,5.0,5.0,,174.0,2.0,172.0,175.0,1.0,174.0,162.0,5.0,157.0,23.0,51.0,33.0,122.0,69.0,136.0,552.0,32.0,112.0,506.0,26.0,113.0,513.0,22.0,117.0,509.0,42.0,2.0,,57.0,2.0,,58.0,0.0,58.0,96.0,76.0,1.0,75.0,117.0,50.0,8.0,42.0,113.0,45.0,2.0,43.0,115.0,4.0,,4.0,,43.0,69.0,7.0,2.0,2.0,5.0,18.0,25.0,126.0,25.0,128.0,34.0,122.0,121.0,248.0,249.0,129.0,129.0,3.0,47.0,4.0,3.0,46.0,124.0,514.0,6.0,4.0,53.0,3.0,50.0,143.0,43.0,2.0,41.0,118.0,4.5,4.0,4.0,4.5,,157.0,0.0,157.0,149.0,5.0,144.0,167.0,0.0,167.0,30.0,64.0,42.0,141.0,63.0,122.0,533.0,35.0,116.0,515.0,28.0,114.0,520.0,24.0,118.0,516.0,43.0,4.0,,52.0,1.0,,92.0,2.0,90.0,133.0,91.0,4.0,87.0,130.0,60.0,13.0,47.0,116.0,63.0,17.0,46.0,115.0,3.0,,2.0,,51.0,71.0,13.0,4.0,4.0,9.0,18.0,31.0,132.0,31.0,142.0,42.0,130.0,134.0,262.0,276.0,139.0,148.0,4.0,122.0,4.0,4.0,50.0,127.0,521.0,7.0,8.0,50.0,3.0,47.0,132.0,53.0,4.0,49.0,135.0,4.0,4.0,,4.0,,
150,2.0,2.0,97.0,1.0,96.0,91.0,1.0,90.0,104.0,0.0,104.0,21.0,57.0,27.0,131.0,49.0,134.0,494.0,29.0,131.0,497.0,25.0,134.0,510.0,17.0,119.0,492.0,4.0,120.0,1.0,103.0,46.0,0.0,46.0,112.0,50.0,0.0,50.0,115.0,27.0,1.0,26.0,115.0,26.0,3.0,23.0,111.0,2.0,2.0,36.0,70.0,2.0,4.0,3.0,2.0,1.0,6.0,100.0,5.0,96.0,24.0,127.0,127.0,227.0,223.0,115.0,113.0,32.0,122.0,488.0,2.0,4.0,30.0,0.0,30.0,132.0,27.0,2.0,25.0,115.0,,,4.5,4.5,88.0,2.0,2.0,132.0,0.0,132.0,121.0,1.0,120.0,102.0,0.0,102.0,26.0,66.0,24.0,103.0,54.0,123.0,508.0,31.0,120.0,503.0,25.0,119.0,510.0,19.0,116.0,499.0,109.0,4.0,84.0,3.0,60.0,0.0,60.0,110.0,58.0,0.0,58.0,108.0,33.0,1.0,32.0,110.0,31.0,0.0,31.0,108.0,1.0,2.0,41.0,72.0,4.0,2.0,1.0,1.0,1.0,6.0,94.0,6.0,94.0,31.0,127.0,129.0,221.0,223.0,111.0,113.0,35.0,116.0,494.0,9.0,10.0,35.0,5.0,30.0,115.0,35.0,0.0,35.0,114.0,4.0,5.0,5.5,6.0,,126.0,2.0,124.0,123.0,1.0,122.0,117.0,3.0,114.0,27.0,62.0,29.0,109.0,56.0,115.0,514.0,32.0,113.0,506.0,27.0,116.0,517.0,20.0,112.0,502.0,102.0,4.0,,120.0,3.0,,62.0,3.0,59.0,97.0,60.0,0.0,60.0,98.0,38.0,4.0,34.0,104.0,38.0,4.0,34.0,104.0,2.0,,3.0,,46.0,73.0,9.0,3.0,3.0,5.0,14.0,22.0,116.0,22.0,117.0,35.0,125.0,123.0,241.0,240.0,124.0,123.0,2.0,62.0,4.0,4.0,43.0,121.0,509.0,10.0,8.0,32.0,2.0,30.0,113.0,31.0,3.0,28.0,100.0,3.0,4.5,4.5,5.0,,114.0,2.0,112.0,117.0,4.0,113.0,141.0,1.0,140.0,28.0,59.0,30.0,107.0,63.0,123.0,533.0,32.0,108.0,506.0,28.0,115.0,520.0,25.0,122.0,520.0,88.0,3.0,,99.0,2.0,,63.0,0.0,63.0,94.0,56.0,1.0,55.0,83.0,42.0,1.0,41.0,108.0,43.0,0.0,43.0,111.0,4.0,,3.0,,46.0,67.0,6.0,1.0,1.0,9.0,17.0,27.0,124.0,27.0,129.0,33.0,113.0,112.0,237.0,241.0,122.0,124.0,4.0,65.0,4.0,4.0,44.0,117.0,511.0,10.0,9.0,25.0,4.0,21.0,91.0,32.0,1.0,31.0,105.0,3.5,5.0,,5.0,,
151,2.0,2.0,92.0,0.0,92.0,91.0,0.0,91.0,83.0,1.0,82.0,21.0,50.0,23.0,93.0,42.0,102.0,473.0,27.0,106.0,491.0,19.0,107.0,495.0,13.0,95.0,478.0,2.0,117.0,2.0,115.0,62.0,2.0,60.0,104.0,58.0,2.0,56.0,100.0,40.0,4.0,36.0,110.0,38.0,12.0,26.0,98.0,0.0,3.0,29.0,50.0,6.0,2.0,1.0,1.0,2.0,9.0,104.0,9.0,113.0,19.0,89.0,114.0,193.0,227.0,95.0,115.0,33.0,110.0,490.0,3.0,2.0,26.0,2.0,24.0,125.0,24.0,4.0,20.0,108.0,,,4.0,3.0,75.0,2.0,2.0,114.0,1.0,113.0,113.0,1.0,112.0,93.0,0.0,93.0,13.0,31.0,29.0,108.0,50.0,103.0,497.0,24.0,92.0,483.0,23.0,106.0,505.0,12.0,86.0,475.0,149.0,2.0,95.0,2.0,64.0,1.0,63.0,94.0,70.0,4.0,66.0,97.0,50.0,4.0,46.0,115.0,43.0,5.0,38.0,105.0,1.0,3.0,33.0,51.0,10.0,6.0,1.0,2.0,2.0,13.0,109.0,14.0,123.0,26.0,99.0,114.0,208.0,237.0,104.0,121.0,29.0,96.0,483.0,3.0,3.0,31.0,3.0,28.0,112.0,25.0,3.0,22.0,96.0,2.0,2.5,3.0,3.0,,115.0,3.0,112.0,113.0,1.0,112.0,114.0,1.0,113.0,22.0,46.0,30.0,102.0,56.0,107.0,514.0,25.0,90.0,486.0,26.0,109.0,513.0,18.0,98.0,496.0,115.0,3.0,,159.0,3.0,,72.0,2.0,70.0,99.0,70.0,0.0,70.0,99.0,46.0,2.0,44.0,108.0,44.0,5.0,39.0,102.0,2.0,,3.0,,31.0,43.0,5.0,1.0,1.0,3.0,6.0,10.0,77.0,10.0,84.0,28.0,96.0,105.0,173.0,189.0,85.0,93.0,1.0,24.0,1.0,2.0,38.0,102.0,500.0,1.0,5.0,31.0,2.0,29.0,111.0,34.0,2.0,32.0,104.0,2.0,3.0,3.0,2.5,,120.0,1.0,119.0,126.0,0.0,126.0,151.0,1.0,150.0,24.0,46.0,32.0,106.0,59.0,108.0,522.0,31.0,98.0,503.0,29.0,115.0,525.0,22.0,105.0,509.0,76.0,2.0,,94.0,1.0,,70.0,0.0,70.0,99.0,73.0,1.0,72.0,102.0,51.0,4.0,47.0,112.0,50.0,1.0,49.0,115.0,2.0,,3.0,,33.0,42.0,4.0,1.0,1.0,4.0,12.0,17.0,93.0,17.0,98.0,35.0,107.0,117.0,200.0,215.0,99.0,108.0,2.0,55.0,3.0,4.0,36.0,93.0,496.0,8.0,4.0,22.0,2.0,20.0,89.0,28.0,1.0,27.0,99.0,3.0,3.0,,4.0,,1.0
152,5.0,1.0,46.0,5.0,41.0,46.0,3.0,43.0,42.0,3.0,39.0,22.0,57.0,22.0,106.0,37.0,111.0,457.0,19.0,102.0,469.0,15.0,114.0,487.0,17.0,115.0,492.0,1.0,193.0,2.0,127.0,42.0,4.0,38.0,100.0,36.0,6.0,30.0,93.0,20.0,7.0,13.0,94.0,18.0,5.0,13.0,94.0,0.0,3.0,33.0,62.0,6.0,3.0,1.0,2.0,1.0,8.0,107.0,9.0,113.0,18.0,106.0,111.0,213.0,224.0,106.0,113.0,28.0,114.0,481.0,3.0,3.0,20.0,3.0,17.0,115.0,20.0,4.0,16.0,102.0,,,3.5,4.0,81.0,5.0,1.0,116.0,15.0,101.0,97.0,2.0,95.0,84.0,5.0,79.0,22.0,52.0,23.0,97.0,39.0,98.0,464.0,26.0,103.0,488.0,20.0,108.0,498.0,24.0,130.0,516.0,135.0,3.0,84.0,3.0,62.0,2.0,60.0,104.0,62.0,3.0,59.0,103.0,28.0,5.0,23.0,95.0,28.0,6.0,22.0,93.0,2.0,3.0,28.0,50.0,10.0,5.0,1.0,2.0,2.0,13.0,115.0,14.0,123.0,25.0,108.0,110.0,223.0,233.0,113.0,119.0,32.0,108.0,488.0,4.0,3.0,38.0,0.0,38.0,128.0,32.0,2.0,30.0,107.0,4.0,4.5,4.0,5.0,,117.0,1.0,116.0,84.0,3.0,81.0,114.0,2.0,112.0,25.0,55.0,29.0,105.0,47.0,99.0,489.0,30.0,104.0,500.0,22.0,105.0,502.0,23.0,119.0,513.0,127.0,3.0,,151.0,4.0,,67.0,0.0,67.0,98.0,70.0,0.0,70.0,102.0,37.0,6.0,31.0,96.0,30.0,2.0,28.0,92.0,2.0,,4.0,,42.0,64.0,4.0,1.0,1.0,5.0,15.0,21.0,113.0,21.0,113.0,27.0,102.0,103.0,215.0,216.0,108.0,108.0,2.0,29.0,2.0,2.0,43.0,118.0,509.0,4.0,4.0,29.0,1.0,28.0,110.0,26.0,3.0,23.0,94.0,3.5,4.5,4.5,4.5,,118.0,3.0,115.0,127.0,4.0,123.0,139.0,3.0,136.0,24.0,51.0,32.0,113.0,53.0,103.0,506.0,35.0,116.0,515.0,25.0,107.0,510.0,23.0,114.0,513.0,57.0,4.0,,74.0,3.0,,71.0,0.0,71.0,103.0,72.0,1.0,71.0,103.0,35.0,5.0,30.0,95.0,37.0,0.0,37.0,103.0,1.0,,2.0,,37.0,52.0,19.0,4.0,4.0,8.0,15.0,27.0,122.0,27.0,129.0,34.0,112.0,114.0,234.0,243.0,120.0,125.0,2.0,88.0,4.0,4.0,44.0,115.0,511.0,6.0,4.0,39.0,1.0,38.0,120.0,34.0,7.0,27.0,99.0,5.0,5.0,,5.0,,
153,2.0,1.0,38.0,2.0,36.0,26.0,8.0,18.0,33.0,8.0,25.0,14.0,38.0,13.0,77.0,33.0,110.0,442.0,16.0,100.0,458.0,11.0,113.0,477.0,15.0,110.0,485.0,0.0,164.0,2.0,187.0,31.0,3.0,28.0,91.0,27.0,10.0,17.0,81.0,19.0,6.0,13.0,94.0,19.0,11.0,8.0,86.0,3.0,2.0,22.0,46.0,3.0,3.0,1.0,2.0,0.0,4.0,90.0,5.0,96.0,14.0,95.0,99.0,185.0,195.0,91.0,96.0,15.0,103.0,459.0,2.0,1.0,15.0,1.0,14.0,111.0,17.0,3.0,14.0,99.0,,,3.0,1.5,75.0,2.0,1.0,97.0,0.0,97.0,92.0,1.0,91.0,88.0,16.0,72.0,22.0,52.0,25.0,107.0,45.0,109.0,483.0,22.0,97.0,477.0,18.0,107.0,493.0,20.0,118.0,502.0,106.0,3.0,73.0,1.0,61.0,2.0,59.0,109.0,57.0,2.0,55.0,105.0,45.0,10.0,35.0,113.0,43.0,12.0,31.0,108.0,3.0,2.0,32.0,58.0,0.0,2.0,1.0,1.0,1.0,2.0,77.0,2.0,75.0,18.0,96.0,89.0,173.0,164.0,85.0,80.0,27.0,103.0,479.0,3.0,5.0,30.0,2.0,28.0,112.0,27.0,2.0,25.0,100.0,3.0,3.5,3.5,4.0,,105.0,6.0,99.0,98.0,2.0,96.0,114.0,6.0,108.0,23.0,53.0,27.0,103.0,56.0,115.0,514.0,25.0,95.0,486.0,23.0,108.0,505.0,25.0,127.0,520.0,111.0,2.0,,117.0,4.0,,63.0,0.0,63.0,102.0,67.0,1.0,66.0,105.0,38.0,5.0,33.0,103.0,34.0,7.0,27.0,95.0,3.0,,2.0,,39.0,63.0,3.0,1.0,1.0,1.0,10.0,12.0,89.0,12.0,89.0,25.0,101.0,97.0,190.0,186.0,94.0,92.0,3.0,32.0,3.0,2.0,34.0,104.0,492.0,3.0,4.0,28.0,1.0,27.0,108.0,30.0,0.0,30.0,102.0,2.5,3.5,3.5,4.0,,99.0,2.0,97.0,107.0,2.0,105.0,122.0,1.0,121.0,28.0,57.0,31.0,107.0,58.0,111.0,519.0,34.0,112.0,512.0,23.0,103.0,505.0,26.0,122.0,523.0,107.0,4.0,,84.0,1.0,,66.0,0.0,66.0,94.0,66.0,0.0,66.0,94.0,38.0,7.0,31.0,92.0,42.0,6.0,36.0,98.0,3.0,,3.0,,40.0,54.0,3.0,1.0,1.0,3.0,9.0,13.0,84.0,13.0,85.0,26.0,91.0,90.0,175.0,175.0,86.0,86.0,2.0,40.0,2.0,2.0,40.0,105.0,503.0,9.0,5.0,32.0,2.0,30.0,108.0,34.0,1.0,33.0,104.0,4.0,3.0,,4.0,,1.0
154,7.0,2.0,62.0,6.0,56.0,47.0,5.0,42.0,51.0,7.0,44.0,16.0,40.0,20.0,95.0,32.0,103.0,438.0,18.0,100.0,465.0,17.0,116.0,491.0,15.0,108.0,485.0,0.0,102.0,2.0,102.0,35.0,2.0,33.0,96.0,34.0,2.0,32.0,95.0,25.0,12.0,13.0,94.0,39.0,27.0,12.0,93.0,0.0,2.0,19.0,41.0,4.0,4.0,2.0,2.0,0.0,6.0,99.0,6.0,100.0,16.0,101.0,105.0,200.0,205.0,99.0,102.0,24.0,109.0,474.0,3.0,3.0,18.0,3.0,15.0,112.0,19.0,2.0,17.0,104.0,,,3.0,4.0,75.0,7.0,2.0,90.0,1.0,89.0,90.0,6.0,84.0,93.0,20.0,73.0,18.0,43.0,20.0,87.0,38.0,96.0,460.0,20.0,93.0,472.0,18.0,106.0,493.0,15.0,100.0,485.0,136.0,2.0,72.0,4.0,56.0,2.0,54.0,98.0,60.0,1.0,59.0,103.0,38.0,4.0,34.0,108.0,32.0,5.0,27.0,100.0,0.0,1.0,24.0,44.0,1.0,5.0,1.0,2.0,1.0,3.0,81.0,4.0,85.0,18.0,91.0,89.0,172.0,174.0,85.0,85.0,28.0,102.0,481.0,5.0,5.0,22.0,1.0,21.0,102.0,18.0,3.0,15.0,87.0,3.0,2.5,3.0,3.5,,,,,,,,,,,,,,,,,,,,,,,,,,,,,,,,,,,,,,,,,,,,,,,,,,,,,,,,,,,,,,,,,,,,,,,,,,,,,,,,,,,,,,,,3.0,3.0,4.0,3.0,,,,,,,,,,,,,,,,,,,,,,,,,,,,,,,,,,,,,,,,,,,,,,,,,,,,,,,,,,,,,,,,,,,,,,,,,,,,,,,,,,,,,,,,,,,,,
155,5.0,2.0,101.0,1.0,100.0,94.0,0.0,94.0,109.0,13.0,96.0,22.0,60.0,23.0,116.0,43.0,127.0,477.0,22.0,117.0,477.0,19.0,126.0,495.0,20.0,129.0,502.0,2.0,112.0,3.0,84.0,61.0,1.0,60.0,124.0,59.0,1.0,58.0,122.0,36.0,5.0,31.0,120.0,32.0,5.0,27.0,116.0,1.0,3.0,35.0,69.0,4.0,5.0,3.0,3.0,3.0,10.0,116.0,10.0,118.0,21.0,120.0,119.0,236.0,237.0,121.0,121.0,29.0,119.0,483.0,3.0,4.0,31.0,1.0,30.0,132.0,31.0,0.0,31.0,124.0,,,4.0,4.0,95.0,5.0,2.0,165.0,3.0,162.0,146.0,2.0,144.0,130.0,0.0,130.0,24.0,61.0,28.0,117.0,53.0,123.0,506.0,29.0,116.0,497.0,24.0,119.0,508.0,19.0,117.0,499.0,65.0,3.0,55.0,3.0,74.0,1.0,73.0,123.0,70.0,1.0,69.0,119.0,40.0,2.0,38.0,116.0,38.0,0.0,38.0,116.0,3.0,3.0,35.0,63.0,2.0,3.0,1.0,1.0,5.0,8.0,101.0,8.0,101.0,23.0,107.0,104.0,208.0,205.0,104.0,102.0,36.0,118.0,496.0,4.0,6.0,37.0,0.0,37.0,127.0,40.0,0.0,40.0,121.0,5.0,4.5,4.0,4.5,,141.0,0.0,141.0,135.0,0.0,135.0,146.0,0.0,146.0,26.0,60.0,30.0,112.0,61.0,123.0,527.0,30.0,108.0,500.0,26.0,114.0,513.0,23.0,122.0,513.0,61.0,3.0,,57.0,4.0,,80.0,0.0,80.0,123.0,74.0,0.0,74.0,115.0,45.0,4.0,41.0,112.0,39.0,5.0,34.0,104.0,2.0,,4.0,,43.0,69.0,7.0,2.0,2.0,8.0,17.0,27.0,133.0,27.0,135.0,36.0,128.0,126.0,261.0,261.0,139.0,137.0,4.0,64.0,4.0,4.0,45.0,125.0,512.0,4.0,4.0,40.0,3.0,37.0,124.0,41.0,0.0,41.0,118.0,4.0,5.0,4.0,5.0,,149.0,5.0,144.0,141.0,5.0,136.0,159.0,1.0,158.0,27.0,57.0,37.0,127.0,59.0,116.0,522.0,34.0,115.0,512.0,28.0,115.0,520.0,23.0,117.0,513.0,30.0,3.0,,50.0,3.0,,80.0,0.0,80.0,117.0,80.0,3.0,77.0,113.0,51.0,5.0,46.0,115.0,50.0,4.0,46.0,115.0,4.0,,3.0,,47.0,68.0,6.0,1.0,1.0,7.0,15.0,23.0,114.0,23.0,114.0,35.0,117.0,117.0,231.0,231.0,118.0,118.0,4.0,81.0,4.0,4.0,43.0,115.0,509.0,3.0,10.0,47.0,1.0,46.0,131.0,52.0,0.0,52.0,141.0,5.0,4.5,,,,
156,2.0,1.0,71.0,3.0,68.0,63.0,2.0,61.0,56.0,2.0,54.0,23.0,63.0,20.0,104.0,37.0,119.0,457.0,24.0,121.0,483.0,16.0,123.0,489.0,18.0,122.0,496.0,4.0,209.0,4.0,106.0,44.0,1.0,43.0,109.0,44.0,4.0,40.0,107.0,21.0,6.0,15.0,101.0,23.0,8.0,15.0,101.0,2.0,3.0,34.0,67.0,1.0,3.0,2.0,2.0,1.0,4.0,92.0,4.0,90.0,20.0,117.0,116.0,209.0,206.0,105.0,102.0,27.0,117.0,479.0,3.0,3.0,26.0,0.0,26.0,128.0,24.0,2.0,22.0,111.0,,,5.0,5.5,97.0,2.0,1.0,118.0,3.0,115.0,110.0,3.0,107.0,97.0,1.0,96.0,23.0,58.0,26.0,110.0,53.0,122.0,506.0,24.0,103.0,483.0,24.0,118.0,508.0,20.0,120.0,502.0,90.0,4.0,67.0,4.0,66.0,1.0,65.0,115.0,62.0,0.0,62.0,112.0,29.0,2.0,27.0,104.0,30.0,2.0,28.0,105.0,3.0,4.0,40.0,70.0,2.0,6.0,3.0,2.0,4.0,9.0,104.0,8.0,101.0,28.0,120.0,120.0,224.0,221.0,113.0,111.0,37.0,119.0,498.0,6.0,7.0,23.0,1.0,22.0,103.0,22.0,1.0,21.0,95.0,3.5,4.5,4.5,5.5,,130.0,2.0,128.0,113.0,1.0,112.0,127.0,1.0,126.0,26.0,60.0,29.0,109.0,56.0,115.0,514.0,32.0,113.0,506.0,30.0,124.0,530.0,25.0,128.0,520.0,102.0,1.0,,109.0,2.0,,67.0,0.0,67.0,106.0,70.0,1.0,69.0,109.0,35.0,4.0,31.0,100.0,37.0,4.0,33.0,103.0,4.0,,4.0,,43.0,69.0,6.0,2.0,1.0,9.0,11.0,22.0,116.0,21.0,113.0,29.0,111.0,108.0,227.0,221.0,115.0,111.0,2.0,76.0,4.0,4.0,40.0,114.0,503.0,8.0,7.0,29.0,0.0,29.0,111.0,23.0,0.0,23.0,94.0,3.5,4.0,5.0,5.0,,120.0,1.0,119.0,123.0,3.0,120.0,121.0,1.0,120.0,28.0,59.0,31.0,110.0,58.0,113.0,519.0,31.0,103.0,503.0,26.0,110.0,513.0,23.0,115.0,513.0,75.0,3.0,,100.0,1.0,,64.0,0.0,64.0,95.0,61.0,0.0,61.0,91.0,37.0,5.0,32.0,97.0,36.0,6.0,30.0,95.0,1.0,,4.0,,48.0,68.0,4.0,1.0,1.0,7.0,13.0,21.0,107.0,21.0,107.0,34.0,112.0,112.0,219.0,219.0,110.0,110.0,3.0,54.0,4.0,3.0,46.0,120.0,514.0,8.0,8.0,32.0,0.0,32.0,111.0,29.0,0.0,29.0,99.0,4.0,,,4.5,,
157,2.0,1.0,40.0,1.0,39.0,26.0,4.0,22.0,32.0,3.0,29.0,23.0,58.0,18.0,83.0,38.0,104.0,460.0,22.0,101.0,477.0,16.0,109.0,489.0,20.0,121.0,502.0,2.0,215.0,2.0,135.0,32.0,2.0,30.0,87.0,33.0,6.0,27.0,84.0,16.0,4.0,12.0,88.0,19.0,6.0,13.0,90.0,2.0,2.0,30.0,56.0,3.0,1.0,1.0,1.0,0.0,4.0,89.0,4.0,90.0,17.0,98.0,108.0,187.0,198.0,92.0,98.0,29.0,110.0,483.0,2.0,4.0,23.0,0.0,23.0,123.0,20.0,1.0,19.0,107.0,,,5.0,6.0,88.0,2.0,1.0,114.0,2.0,112.0,107.0,1.0,106.0,102.0,1.0,101.0,22.0,50.0,22.0,91.0,50.0,108.0,497.0,28.0,103.0,494.0,23.0,109.0,505.0,20.0,113.0,502.0,114.0,3.0,69.0,3.0,66.0,0.0,66.0,105.0,59.0,0.0,59.0,97.0,36.0,6.0,30.0,99.0,46.0,7.0,39.0,110.0,4.0,2.0,27.0,45.0,2.0,5.0,1.0,2.0,3.0,6.0,89.0,7.0,97.0,23.0,96.0,104.0,185.0,201.0,91.0,100.0,31.0,100.0,486.0,2.0,8.0,32.0,3.0,29.0,113.0,29.0,1.0,28.0,104.0,3.5,3.5,4.0,2.5,,141.0,3.0,138.0,141.0,0.0,141.0,147.0,1.0,146.0,27.0,57.0,28.0,98.0,63.0,122.0,533.0,32.0,107.0,506.0,26.0,110.0,513.0,26.0,125.0,523.0,90.0,3.0,,128.0,4.0,,65.0,0.0,65.0,96.0,73.0,1.0,72.0,105.0,44.0,9.0,35.0,101.0,46.0,8.0,38.0,105.0,3.0,,4.0,,44.0,62.0,4.0,1.0,1.0,5.0,13.0,19.0,102.0,19.0,107.0,26.0,94.0,100.0,196.0,207.0,97.0,103.0,2.0,39.0,2.0,3.0,42.0,113.0,507.0,8.0,12.0,31.0,1.0,30.0,113.0,30.0,0.0,30.0,102.0,3.5,3.5,4.0,4.0,,173.0,2.0,171.0,150.0,1.0,149.0,200.0,1.0,199.0,28.0,56.0,25.0,88.0,58.0,108.0,519.0,55.0,112.0,515.0,24.0,103.0,508.0,27.0,122.0,527.0,87.0,3.0,,79.0,4.0,,76.0,1.0,75.0,106.0,77.0,1.0,76.0,107.0,49.0,8.0,41.0,104.0,49.0,4.0,45.0,110.0,1.0,,3.0,,45.0,58.0,9.0,2.0,2.0,8.0,13.0,23.0,109.0,23.0,113.0,35.0,108.0,114.0,217.0,227.0,109.0,115.0,4.0,72.0,4.0,4.0,44.0,109.0,511.0,8.0,10.0,33.0,0.0,33.0,113.0,36.0,0.0,36.0,110.0,3.5,,,5.0,,0.0
158,2.0,1.0,97.0,0.0,97.0,79.0,1.0,78.0,87.0,14.0,73.0,19.0,48.0,21.0,103.0,42.0,119.0,473.0,31.0,129.0,503.0,20.0,121.0,498.0,16.0,112.0,489.0,2.0,140.0,1.0,80.0,46.0,4.0,42.0,103.0,53.0,5.0,48.0,108.0,33.0,14.0,19.0,103.0,37.0,19.0,18.0,101.0,0.0,1.0,22.0,46.0,4.0,3.0,1.0,1.0,0.0,5.0,95.0,5.0,93.0,18.0,106.0,106.0,201.0,199.0,99.0,99.0,21.0,107.0,469.0,2.0,2.0,28.0,0.0,28.0,130.0,29.0,1.0,28.0,113.0,,,3.5,4.5,81.0,2.0,1.0,142.0,0.0,142.0,137.0,0.0,137.0,126.0,0.0,126.0,22.0,52.0,31.0,123.0,52.0,116.0,503.0,25.0,101.0,486.0,25.0,116.0,510.0,18.0,110.0,496.0,90.0,2.0,45.0,2.0,68.0,0.0,68.0,114.0,70.0,1.0,69.0,115.0,51.0,8.0,43.0,118.0,53.0,8.0,45.0,120.0,0.0,2.0,33.0,57.0,8.0,5.0,1.0,1.0,6.0,15.0,121.0,15.0,122.0,27.0,113.0,110.0,234.0,232.0,120.0,118.0,36.0,155.0,496.0,4.0,7.0,40.0,1.0,39.0,130.0,38.0,2.0,36.0,114.0,4.0,4.0,5.0,4.5,,134.0,0.0,134.0,113.0,4.0,109.0,146.0,0.0,146.0,27.0,59.0,31.0,111.0,57.0,115.0,516.0,30.0,105.0,500.0,26.0,112.0,513.0,21.0,113.0,506.0,100.0,2.0,,111.0,4.0,,75.0,2.0,73.0,106.0,83.0,2.0,81.0,119.0,44.0,7.0,37.0,103.0,49.0,6.0,43.0,111.0,3.0,,4.0,,39.0,60.0,6.0,1.0,1.0,5.0,14.0,20.0,110.0,20.0,110.0,32.0,114.0,115.0,224.0,225.0,113.0,114.0,4.0,94.0,4.0,4.0,38.0,110.0,500.0,11.0,10.0,38.0,1.0,37.0,124.0,42.0,0.0,42.0,120.0,4.0,4.5,4.5,4.5,,158.0,3.0,155.0,149.0,1.0,148.0,188.0,1.0,187.0,31.0,63.0,35.0,118.0,62.0,119.0,530.0,34.0,112.0,512.0,24.0,105.0,508.0,26.0,122.0,523.0,92.0,1.0,,96.0,4.0,,80.0,1.0,79.0,112.0,80.0,2.0,78.0,110.0,51.0,7.0,44.0,108.0,52.0,12.0,40.0,103.0,1.0,,4.0,,40.0,54.0,11.0,3.0,3.0,6.0,14.0,23.0,111.0,23.0,113.0,36.0,114.0,116.0,225.0,229.0,114.0,117.0,3.0,65.0,4.0,4.0,47.0,118.0,516.0,11.0,11.0,40.0,1.0,39.0,122.0,40.0,0.0,40.0,117.0,4.0,5.0,,5.0,,
159,2.0,2.0,120.0,2.0,118.0,132.0,4.0,128.0,125.0,1.0,124.0,21.0,54.0,25.0,112.0,43.0,119.0,477.0,26.0,117.0,488.0,17.0,116.0,491.0,16.0,111.0,489.0,3.0,115.0,1.0,80.0,67.0,3.0,64.0,122.0,65.0,6.0,59.0,118.0,25.0,5.0,20.0,104.0,29.0,15.0,14.0,96.0,0.0,1.0,32.0,61.0,8.0,6.0,3.0,3.0,0.0,11.0,118.0,11.0,122.0,21.0,113.0,119.0,231.0,241.0,118.0,124.0,35.0,123.0,494.0,3.0,3.0,32.0,2.0,30.0,132.0,27.0,3.0,24.0,114.0,,,5.0,5.0,95.0,2.0,2.0,195.0,6.0,189.0,181.0,5.0,176.0,159.0,6.0,153.0,24.0,58.0,28.0,113.0,44.0,104.0,480.0,26.0,102.0,488.0,15.0,101.0,487.0,15.0,100.0,485.0,54.0,3.0,33.0,0.0,71.0,2.0,69.0,115.0,77.0,2.0,75.0,123.0,39.0,6.0,33.0,107.0,41.0,8.0,33.0,107.0,1.0,2.0,28.0,50.0,7.0,3.0,1.0,1.0,0.0,8.0,99.0,8.0,101.0,28.0,115.0,120.0,214.0,221.0,107.0,111.0,32.0,106.0,488.0,5.0,5.0,39.0,2.0,37.0,127.0,41.0,2.0,39.0,120.0,5.0,4.0,4.5,5.0,,183.0,5.0,178.0,169.0,5.0,164.0,179.0,2.0,177.0,21.0,46.0,26.0,96.0,50.0,102.0,497.0,31.0,107.0,503.0,20.0,101.0,498.0,17.0,99.0,492.0,61.0,2.0,,71.0,3.0,,68.0,0.0,68.0,100.0,74.0,1.0,73.0,106.0,41.0,6.0,35.0,101.0,44.0,7.0,37.0,103.0,1.0,,3.0,,39.0,60.0,12.0,4.0,4.0,3.0,11.0,18.0,105.0,18.0,104.0,33.0,117.0,118.0,222.0,222.0,112.0,112.0,3.0,100.0,4.0,4.0,35.0,102.0,494.0,7.0,6.0,39.0,2.0,37.0,124.0,41.0,3.0,38.0,115.0,3.5,3.5,4.0,4.0,,130.0,3.0,127.0,159.0,4.0,155.0,174.0,5.0,169.0,26.0,53.0,31.0,107.0,57.0,109.0,516.0,31.0,101.0,503.0,20.0,98.0,498.0,22.0,109.0,509.0,69.0,3.0,,63.0,1.0,,82.0,2.0,80.0,113.0,82.0,3.0,79.0,112.0,47.0,7.0,40.0,103.0,48.0,12.0,36.0,98.0,0.0,,2.0,,38.0,51.0,5.0,1.0,1.0,8.0,12.0,21.0,106.0,21.0,107.0,32.0,105.0,107.0,211.0,214.0,105.0,107.0,2.0,83.0,4.0,4.0,43.0,110.0,509.0,10.0,9.0,37.0,3.0,34.0,114.0,35.0,6.0,29.0,99.0,4.5,4.5,,4.0,,
160,2.0,2.0,79.0,3.0,76.0,73.0,3.0,70.0,81.0,6.0,75.0,19.0,51.0,22.0,112.0,39.0,122.0,464.0,17.0,106.0,462.0,20.0,127.0,498.0,12.0,101.0,475.0,0.0,130.0,3.0,94.0,47.0,7.0,40.0,107.0,55.0,5.0,50.0,115.0,31.0,8.0,23.0,111.0,31.0,9.0,22.0,110.0,0.0,1.0,24.0,50.0,6.0,3.0,2.0,2.0,0.0,8.0,108.0,8.0,108.0,15.0,104.0,102.0,212.0,210.0,106.0,105.0,25.0,115.0,476.0,1.0,2.0,26.0,2.0,24.0,125.0,30.0,3.0,27.0,118.0,,,4.5,4.0,70.0,2.0,2.0,138.0,0.0,138.0,137.0,1.0,136.0,141.0,2.0,139.0,20.0,49.0,22.0,97.0,48.0,115.0,491.0,23.0,101.0,480.0,26.0,121.0,513.0,19.0,116.0,499.0,78.0,3.0,49.0,2.0,71.0,1.0,70.0,120.0,69.0,0.0,69.0,119.0,41.0,1.0,40.0,118.0,36.0,1.0,35.0,113.0,3.0,1.0,27.0,50.0,5.0,7.0,4.0,3.0,3.0,12.0,114.0,11.0,112.0,25.0,112.0,110.0,226.0,222.0,115.0,112.0,31.0,110.0,486.0,1.0,1.0,35.0,5.0,30.0,115.0,39.0,0.0,39.0,120.0,3.5,4.0,4.0,4.0,,157.0,3.0,154.0,146.0,3.0,143.0,165.0,1.0,164.0,21.0,48.0,28.0,106.0,54.0,112.0,508.0,26.0,97.0,488.0,24.0,110.0,508.0,14.0,93.0,482.0,63.0,3.0,,77.0,2.0,,81.0,2.0,79.0,121.0,76.0,1.0,75.0,117.0,41.0,2.0,39.0,110.0,35.0,4.0,31.0,100.0,2.0,,2.0,,30.0,49.0,8.0,3.0,2.0,3.0,16.0,22.0,116.0,21.0,113.0,33.0,120.0,118.0,236.0,231.0,121.0,118.0,3.0,60.0,4.0,4.0,37.0,111.0,498.0,3.0,4.0,29.0,6.0,23.0,102.0,38.0,2.0,36.0,110.0,4.0,3.5,4.0,3.5,,115.0,4.0,111.0,145.0,1.0,144.0,189.0,1.0,188.0,23.0,49.0,32.0,113.0,58.0,113.0,519.0,29.0,98.0,497.0,28.0,115.0,520.0,18.0,99.0,496.0,64.0,3.0,,81.0,0.0,,82.0,1.0,81.0,119.0,81.0,2.0,79.0,116.0,45.0,5.0,40.0,107.0,41.0,0.0,41.0,108.0,2.0,,3.0,,37.0,52.0,11.0,4.0,3.0,4.0,14.0,22.0,110.0,21.0,107.0,34.0,112.0,112.0,222.0,219.0,112.0,110.0,3.0,50.0,3.0,3.0,42.0,113.0,507.0,5.0,4.0,38.0,3.0,35.0,116.0,40.0,4.0,36.0,110.0,4.0,4.0,,3.0,,
161,2.0,1.0,21.0,4.0,17.0,18.0,3.0,15.0,22.0,3.0,19.0,14.0,38.0,21.0,103.0,30.0,103.0,431.0,11.0,87.0,438.0,11.0,111.0,477.0,11.0,97.0,471.0,0.0,243.0,2.0,473.0,21.0,1.0,20.0,84.0,21.0,3.0,18.0,82.0,19.0,3.0,16.0,99.0,15.0,5.0,10.0,90.0,0.0,1.0,13.0,31.0,1.0,3.0,1.0,2.0,0.0,2.0,80.0,3.0,85.0,11.0,88.0,90.0,168.0,175.0,83.0,86.0,20.0,107.0,467.0,2.0,0.0,20.0,20.0,0.0,80.0,26.0,24.0,2.0,77.0,,,4.0,4.0,45.0,2.0,1.0,41.0,0.0,41.0,49.0,2.0,47.0,61.0,0.0,61.0,20.0,47.0,24.0,100.0,44.0,106.0,480.0,16.0,86.0,458.0,20.0,109.0,498.0,13.0,95.0,478.0,104.0,2.0,38.0,1.0,42.0,0.0,42.0,84.0,46.0,2.0,44.0,87.0,31.0,1.0,30.0,103.0,26.0,4.0,22.0,93.0,1.0,3.0,23.0,42.0,1.0,4.0,1.0,1.0,2.0,4.0,85.0,4.0,85.0,21.0,98.0,98.0,183.0,183.0,90.0,90.0,20.0,94.0,467.0,2.0,0.0,15.0,3.0,12.0,87.0,18.0,0.0,18.0,91.0,2.5,3.0,3.5,3.5,,78.0,0.0,78.0,64.0,4.0,60.0,91.0,0.0,91.0,23.0,51.0,27.0,99.0,64.0,126.0,536.0,23.0,91.0,480.0,31.0,128.0,538.0,13.0,88.0,478.0,217.0,2.0,,206.0,2.0,,60.0,0.0,60.0,90.0,54.0,1.0,53.0,81.0,35.0,4.0,31.0,96.0,39.0,3.0,36.0,102.0,2.0,,3.0,,32.0,50.0,3.0,1.0,1.0,3.0,11.0,15.0,97.0,15.0,96.0,28.0,104.0,102.0,201.0,198.0,99.0,98.0,3.0,52.0,4.0,4.0,29.0,96.0,483.0,8.0,7.0,19.0,2.0,17.0,92.0,18.0,2.0,16.0,84.0,2.5,3.5,3.5,3.5,,72.0,2.0,70.0,86.0,1.0,85.0,97.0,1.0,96.0,23.0,48.0,29.0,101.0,66.0,127.0,542.0,23.0,86.0,480.0,30.0,121.0,530.0,16.0,92.0,489.0,187.0,2.0,,115.0,2.0,,55.0,0.0,55.0,81.0,54.0,0.0,54.0,80.0,35.0,1.0,34.0,96.0,39.0,0.0,39.0,102.0,0.0,,1.0,,30.0,41.0,2.0,1.0,1.0,3.0,13.0,17.0,95.0,17.0,97.0,33.0,107.0,110.0,202.0,207.0,100.0,103.0,2.0,48.0,3.0,3.0,27.0,87.0,479.0,7.0,6.0,19.0,2.0,17.0,83.0,18.0,3.0,15.0,77.0,3.5,3.5,,3.0,,
162,2.0,1.0,9.0,1.0,8.0,13.0,5.0,8.0,12.0,4.0,8.0,19.0,48.0,19.0,100.0,24.0,96.0,408.0,5.0,71.0,404.0,8.0,108.0,468.0,15.0,110.0,485.0,0.0,47.0,2.0,32.0,22.0,14.0,8.0,78.0,15.0,4.0,11.0,81.0,7.0,1.0,6.0,86.0,8.0,2.0,6.0,86.0,0.0,2.0,27.0,53.0,1.0,4.0,3.0,2.0,0.0,4.0,92.0,3.0,82.0,9.0,88.0,77.0,180.0,159.0,88.0,78.0,5.0,91.0,439.0,4.0,2.0,17.0,33.0,0.0,80.0,27.0,23.0,4.0,73.0,,,3.5,4.5,25.0,2.0,1.0,114.0,32.0,82.0,75.0,4.0,71.0,75.0,3.0,72.0,23.0,55.0,21.0,94.0,36.0,96.0,453.0,21.0,96.0,475.0,10.0,97.0,474.0,20.0,118.0,502.0,107.0,3.0,101.0,1.0,56.0,4.0,52.0,102.0,57.0,6.0,51.0,101.0,29.0,12.0,17.0,91.0,39.0,23.0,16.0,90.0,0.0,2.0,29.0,53.0,6.0,6.0,3.0,2.0,2.0,11.0,111.0,10.0,105.0,14.0,86.0,76.0,197.0,181.0,97.0,89.0,26.0,101.0,477.0,2.0,0.0,20.0,3.0,17.0,95.0,23.0,3.0,20.0,92.0,2.0,3.5,3.5,3.5,,,,,,,,,,,,,,,,,,,,,,,,,,,,,,,,,,,,,,,,,,,,,,,,,,,,,,,,,,,,,,,,,,,,,,,,,,,,,,,,,,,,,,,,,,,,,,,,,,,,,,,,,,,,,,,,,,,,,,,,,,,,,,,,,,,,,,,,,,,,,,,,,,,,,,,,,,,,,,,,,,,,,,,,,,,,,,,,,,,,,,,,
163,2.0,2.0,44.0,0.0,44.0,55.0,2.0,53.0,50.0,3.0,47.0,19.0,51.0,22.0,118.0,37.0,124.0,457.0,20.0,118.0,472.0,14.0,126.0,484.0,13.0,107.0,478.0,3.0,250.0,2.0,149.0,34.0,0.0,34.0,108.0,40.0,4.0,36.0,110.0,17.0,0.0,17.0,108.0,10.0,2.0,8.0,94.0,1.0,3.0,19.0,44.0,4.0,2.0,2.0,1.0,0.0,6.0,103.0,5.0,96.0,20.0,123.0,116.0,226.0,212.0,115.0,106.0,23.0,116.0,472.0,2.0,2.0,18.0,0.0,18.0,117.0,20.0,0.0,20.0,108.0,,,4.0,5.0,95.0,2.0,2.0,105.0,1.0,104.0,81.0,0.0,81.0,78.0,1.0,77.0,24.0,61.0,25.0,111.0,47.0,117.0,489.0,28.0,115.0,494.0,20.0,114.0,498.0,21.0,125.0,506.0,121.0,3.0,81.0,3.0,63.0,0.0,63.0,120.0,58.0,1.0,57.0,111.0,28.0,2.0,26.0,107.0,27.0,1.0,26.0,107.0,2.0,2.0,34.0,61.0,2.0,4.0,2.0,1.0,3.0,7.0,97.0,6.0,94.0,29.0,122.0,123.0,219.0,217.0,110.0,109.0,35.0,118.0,494.0,4.0,3.0,26.0,1.0,25.0,107.0,23.0,1.0,22.0,96.0,3.5,4.0,5.0,4.5,,114.0,1.0,113.0,97.0,0.0,97.0,92.0,1.0,91.0,28.0,65.0,28.0,106.0,52.0,111.0,503.0,30.0,108.0,500.0,24.0,111.0,508.0,25.0,129.0,520.0,112.0,3.0,,123.0,4.0,,60.0,0.0,60.0,98.0,66.0,1.0,65.0,104.0,30.0,2.0,28.0,97.0,35.0,2.0,33.0,103.0,2.0,,4.0,,45.0,72.0,5.0,1.0,1.0,6.0,15.0,22.0,116.0,22.0,116.0,30.0,113.0,108.0,229.0,224.0,117.0,113.0,2.0,47.0,4.0,3.0,37.0,112.0,498.0,5.0,4.0,30.0,0.0,30.0,113.0,29.0,1.0,28.0,99.0,4.0,4.0,4.0,3.5,,105.0,7.0,98.0,123.0,2.0,121.0,166.0,1.0,165.0,28.0,59.0,31.0,110.0,57.0,112.0,516.0,31.0,104.0,503.0,24.0,106.0,508.0,24.0,119.0,516.0,79.0,2.0,,78.0,1.0,,74.0,2.0,72.0,105.0,72.0,1.0,71.0,103.0,37.0,2.0,35.0,101.0,39.0,3.0,36.0,102.0,2.0,,2.0,,45.0,65.0,11.0,4.0,3.0,4.0,15.0,23.0,114.0,22.0,110.0,41.0,131.0,129.0,245.0,239.0,127.0,123.0,3.0,80.0,4.0,4.0,44.0,117.0,511.0,9.0,7.0,32.0,2.0,30.0,108.0,34.0,0.0,34.0,107.0,4.0,4.5,,5.0,,
164,2.0,1.0,99.0,2.0,97.0,96.0,1.0,95.0,89.0,2.0,87.0,24.0,61.0,24.0,104.0,44.0,113.0,480.0,29.0,117.0,497.0,19.0,112.0,495.0,21.0,125.0,506.0,4.0,135.0,4.0,85.0,54.0,0.0,54.0,109.0,56.0,2.0,54.0,109.0,35.0,7.0,28.0,109.0,32.0,7.0,25.0,106.0,1.0,3.0,34.0,61.0,4.0,3.0,1.0,2.0,1.0,6.0,94.0,7.0,104.0,24.0,110.0,127.0,204.0,231.0,101.0,118.0,34.0,116.0,492.0,1.0,2.0,31.0,1.0,30.0,132.0,28.0,1.0,27.0,118.0,,,5.0,5.0,88.0,2.0,1.0,155.0,1.0,154.0,132.0,0.0,132.0,133.0,0.0,133.0,25.0,57.0,29.0,112.0,50.0,107.0,497.0,34.0,120.0,512.0,24.0,110.0,508.0,22.0,119.0,509.0,78.0,4.0,52.0,4.0,68.0,1.0,67.0,106.0,64.0,0.0,64.0,103.0,44.0,0.0,44.0,116.0,45.0,2.0,43.0,115.0,1.0,3.0,33.0,54.0,6.0,4.0,1.0,1.0,7.0,14.0,114.0,14.0,123.0,29.0,111.0,123.0,225.0,246.0,114.0,127.0,47.0,129.0,516.0,7.0,7.0,37.0,2.0,35.0,123.0,40.0,0.0,40.0,121.0,5.0,5.0,5.0,4.5,,180.0,6.0,174.0,165.0,0.0,165.0,177.0,1.0,176.0,27.0,57.0,33.0,114.0,57.0,111.0,516.0,34.0,114.0,512.0,28.0,115.0,520.0,27.0,128.0,527.0,66.0,4.0,,83.0,4.0,,73.0,0.0,73.0,106.0,76.0,1.0,75.0,109.0,50.0,1.0,49.0,119.0,48.0,3.0,45.0,113.0,3.0,,4.0,,45.0,63.0,4.0,1.0,1.0,6.0,11.0,18.0,100.0,18.0,104.0,34.0,112.0,121.0,212.0,225.0,106.0,114.0,3.0,98.0,4.0,4.0,48.0,122.0,517.0,8.0,9.0,37.0,2.0,35.0,121.0,40.0,3.0,37.0,112.0,4.0,4.0,4.5,4.5,,164.0,1.0,163.0,167.0,0.0,167.0,192.0,4.0,188.0,29.0,58.0,35.0,114.0,61.0,114.0,527.0,39.0,126.0,528.0,30.0,120.0,530.0,27.0,122.0,527.0,52.0,2.0,,53.0,2.0,,79.0,0.0,79.0,112.0,78.0,1.0,77.0,109.0,54.0,4.0,50.0,116.0,53.0,4.0,49.0,115.0,1.0,,4.0,,43.0,56.0,6.0,1.0,1.0,9.0,17.0,27.0,119.0,27.0,125.0,34.0,106.0,112.0,225.0,237.0,114.0,121.0,2.0,74.0,4.0,4.0,51.0,120.0,522.0,11.0,10.0,41.0,1.0,40.0,123.0,43.0,0.0,43.0,122.0,4.0,4.5,,4.0,,
165,2.0,2.0,13.0,0.0,13.0,16.0,4.0,12.0,13.0,4.0,9.0,19.0,51.0,16.0,91.0,27.0,106.0,420.0,11.0,93.0,438.0,7.0,111.0,464.0,13.0,106.0,478.0,0.0,155.0,2.0,82.0,16.0,3.0,13.0,83.0,15.0,3.0,12.0,82.0,16.0,3.0,13.0,98.0,18.0,6.0,12.0,97.0,2.0,2.0,28.0,58.0,2.0,3.0,2.0,2.0,0.0,4.0,92.0,4.0,90.0,10.0,90.0,87.0,182.0,177.0,89.0,87.0,12.0,104.0,454.0,5.0,2.0,6.0,3.0,3.0,88.0,7.0,2.0,5.0,83.0,,,4.0,5.0,45.0,2.0,2.0,91.0,1.0,90.0,80.0,3.0,77.0,67.0,3.0,64.0,22.0,54.0,22.0,97.0,42.0,107.0,473.0,20.0,96.0,472.0,11.0,100.0,477.0,14.0,100.0,482.0,183.0,3.0,79.0,3.0,56.0,2.0,54.0,104.0,51.0,1.0,50.0,100.0,30.0,12.0,18.0,93.0,28.0,11.0,17.0,91.0,1.0,2.0,29.0,53.0,9.0,5.0,2.0,2.0,2.0,13.0,117.0,13.0,120.0,21.0,103.0,98.0,220.0,218.0,111.0,109.0,25.0,102.0,476.0,4.0,4.0,27.0,4.0,23.0,104.0,23.0,7.0,16.0,88.0,2.0,3.5,2.5,3.5,,75.0,1.0,74.0,78.0,2.0,76.0,96.0,1.0,95.0,22.0,50.0,29.0,109.0,45.0,99.0,483.0,24.0,95.0,483.0,15.0,98.0,487.0,22.0,119.0,509.0,98.0,2.0,,61.0,2.0,,59.0,0.0,59.0,97.0,60.0,3.0,57.0,95.0,34.0,17.0,17.0,82.0,36.0,19.0,17.0,82.0,2.0,,3.0,,26.0,43.0,3.0,1.0,1.0,4.0,12.0,17.0,102.0,17.0,102.0,25.0,101.0,97.0,203.0,199.0,100.0,99.0,2.0,59.0,4.0,4.0,30.0,99.0,485.0,6.0,4.0,28.0,1.0,27.0,108.0,22.0,5.0,17.0,86.0,2.5,2.5,3.5,3.0,,87.0,9.0,78.0,96.0,15.0,81.0,116.0,9.0,107.0,23.0,49.0,30.0,107.0,47.0,95.0,489.0,27.0,95.0,491.0,17.0,96.0,491.0,21.0,109.0,506.0,141.0,2.0,,188.0,1.0,,62.0,1.0,61.0,91.0,68.0,3.0,65.0,96.0,42.0,17.0,25.0,89.0,40.0,20.0,20.0,82.0,3.0,,2.0,,35.0,49.0,12.0,4.0,4.0,6.0,10.0,20.0,105.0,20.0,104.0,29.0,101.0,100.0,206.0,204.0,102.0,101.0,2.0,27.0,1.0,1.0,35.0,99.0,494.0,5.0,4.0,23.0,3.0,20.0,89.0,28.0,3.0,25.0,93.0,,3.5,,,,1.0
166,2.0,1.0,67.0,0.0,67.0,68.0,0.0,68.0,56.0,1.0,55.0,22.0,57.0,20.0,95.0,40.0,115.0,467.0,24.0,113.0,483.0,16.0,115.0,489.0,14.0,105.0,482.0,3.0,77.0,4.0,99.0,48.0,3.0,45.0,106.0,49.0,2.0,47.0,108.0,28.0,6.0,22.0,106.0,26.0,8.0,18.0,101.0,2.0,1.0,26.0,50.0,4.0,4.0,2.0,2.0,2.0,8.0,107.0,8.0,108.0,18.0,106.0,111.0,213.0,219.0,106.0,110.0,29.0,115.0,483.0,0.0,3.0,22.0,1.0,21.0,121.0,24.0,1.0,23.0,113.0,,,5.0,5.0,97.0,2.0,1.0,140.0,5.0,135.0,113.0,3.0,110.0,85.0,2.0,83.0,21.0,50.0,29.0,117.0,51.0,114.0,500.0,31.0,115.0,503.0,26.0,117.0,513.0,20.0,116.0,502.0,92.0,4.0,48.0,4.0,64.0,1.0,63.0,109.0,57.0,2.0,55.0,99.0,36.0,3.0,33.0,107.0,29.0,3.0,26.0,98.0,1.0,3.0,31.0,55.0,3.0,4.0,1.0,1.0,3.0,7.0,96.0,7.0,97.0,29.0,118.0,123.0,214.0,220.0,107.0,111.0,40.0,119.0,503.0,4.0,5.0,35.0,0.0,35.0,123.0,31.0,0.0,31.0,109.0,3.0,3.0,3.0,3.0,,128.0,3.0,125.0,122.0,5.0,117.0,128.0,2.0,126.0,23.0,51.0,30.0,108.0,58.0,116.0,519.0,33.0,113.0,509.0,25.0,110.0,510.0,24.0,122.0,516.0,80.0,3.0,,100.0,4.0,,69.0,1.0,68.0,100.0,70.0,0.0,70.0,102.0,46.0,6.0,40.0,107.0,46.0,10.0,36.0,102.0,4.0,,4.0,,34.0,53.0,9.0,3.0,3.0,9.0,14.0,26.0,125.0,26.0,132.0,32.0,114.0,115.0,239.0,247.0,123.0,128.0,2.0,42.0,3.0,3.0,43.0,117.0,509.0,4.0,6.0,32.0,0.0,32.0,116.0,36.0,1.0,35.0,108.0,3.0,4.0,3.5,3.5,,130.0,6.0,124.0,153.0,13.0,140.0,175.0,3.0,172.0,25.0,52.0,34.0,115.0,61.0,116.0,527.0,34.0,111.0,512.0,20.0,98.0,498.0,24.0,115.0,516.0,66.0,3.0,,70.0,1.0,,69.0,0.0,69.0,98.0,69.0,0.0,69.0,98.0,44.0,5.0,39.0,102.0,47.0,5.0,42.0,106.0,1.0,,3.0,,34.0,46.0,11.0,3.0,3.0,9.0,15.0,27.0,121.0,27.0,125.0,35.0,111.0,114.0,232.0,239.0,119.0,123.0,2.0,47.0,3.0,3.0,47.0,117.0,516.0,5.0,8.0,43.0,0.0,43.0,127.0,41.0,3.0,38.0,114.0,3.5,4.0,,3.0,,1.0
167,2.0,2.0,38.0,7.0,31.0,29.0,3.0,26.0,34.0,7.0,27.0,16.0,42.0,19.0,92.0,32.0,101.0,438.0,17.0,96.0,462.0,4.0,88.0,443.0,18.0,117.0,496.0,2.0,294.0,2.0,197.0,27.0,3.0,24.0,88.0,30.0,8.0,22.0,86.0,19.0,9.0,10.0,90.0,17.0,6.0,11.0,91.0,1.0,2.0,27.0,51.0,4.0,2.0,1.0,1.0,0.0,5.0,93.0,5.0,96.0,15.0,93.0,102.0,186.0,198.0,91.0,98.0,23.0,107.0,472.0,3.0,3.0,15.0,1.0,14.0,111.0,15.0,2.0,13.0,97.0,,,5.0,4.0,95.0,2.0,2.0,91.0,6.0,85.0,76.0,4.0,72.0,84.0,3.0,81.0,24.0,58.0,24.0,100.0,39.0,95.0,464.0,26.0,100.0,488.0,7.0,88.0,464.0,20.0,115.0,502.0,125.0,4.0,90.0,3.0,50.0,3.0,47.0,92.0,48.0,5.0,43.0,85.0,29.0,18.0,11.0,78.0,29.0,15.0,14.0,82.0,2.0,1.0,34.0,58.0,4.0,2.0,1.0,1.0,4.0,9.0,101.0,9.0,104.0,24.0,101.0,107.0,202.0,211.0,100.0,105.0,36.0,112.0,496.0,2.0,4.0,24.0,4.0,20.0,100.0,25.0,0.0,25.0,100.0,3.0,4.0,5.0,4.5,,96.0,4.0,92.0,84.0,6.0,78.0,126.0,3.0,123.0,24.0,53.0,26.0,96.0,45.0,95.0,483.0,28.0,98.0,494.0,14.0,94.0,484.0,22.0,115.0,509.0,95.0,3.0,,113.0,3.0,,51.0,1.0,50.0,78.0,59.0,0.0,59.0,88.0,21.0,9.0,12.0,72.0,29.0,18.0,11.0,70.0,3.0,,3.0,,32.0,47.0,4.0,1.0,1.0,5.0,14.0,20.0,106.0,20.0,110.0,28.0,101.0,105.0,207.0,215.0,103.0,108.0,2.0,52.0,4.0,4.0,41.0,112.0,505.0,5.0,3.0,28.0,3.0,25.0,105.0,32.0,2.0,30.0,102.0,4.0,4.5,4.5,5.0,,90.0,7.0,83.0,117.0,11.0,106.0,137.0,10.0,127.0,25.0,52.0,25.0,90.0,48.0,94.0,491.0,33.0,107.0,509.0,13.0,90.0,482.0,28.0,127.0,530.0,80.0,2.0,,84.0,1.0,,67.0,2.0,65.0,93.0,68.0,3.0,65.0,93.0,30.0,10.0,20.0,79.0,29.0,14.0,15.0,73.0,2.0,,3.0,,42.0,56.0,9.0,2.0,2.0,7.0,14.0,23.0,111.0,23.0,113.0,33.0,107.0,110.0,218.0,223.0,109.0,113.0,2.0,72.0,4.0,4.0,40.0,103.0,503.0,5.0,5.0,26.0,1.0,25.0,99.0,28.0,2.0,26.0,94.0,5.0,4.5,,5.0,,0.0
168,1.0,2.0,36.0,3.0,33.0,26.0,2.0,24.0,21.0,3.0,18.0,20.0,47.0,22.0,90.0,35.0,92.0,449.0,11.0,74.0,438.0,15.0,102.0,487.0,14.0,98.0,482.0,0.0,146.0,2.0,128.0,27.0,1.0,26.0,71.0,27.0,3.0,24.0,70.0,18.0,12.0,6.0,70.0,15.0,12.0,3.0,64.0,0.0,2.0,15.0,29.0,1.0,1.0,1.0,1.0,0.0,2.0,77.0,2.0,79.0,16.0,87.0,105.0,164.0,184.0,81.0,91.0,13.0,88.0,456.0,0.0,1.0,11.0,0.0,11.0,107.0,11.0,3.0,8.0,89.0,,,3.5,4.5,38.0,1.0,2.0,,,,,,,,,,,,,,,,,,,,,,,,,,,,,,,,,,,,,,,,,,,,,,,,,,,,,,,,,,,,,,,,,,,,,,,,,,,,,,,,,,,,,,,,,,,,,,,,,,,,,,,,,,,,,,,,,,,,,,,,,,,,,,,,,,,,,,,,,,,,,,,,,,,,,,,,,,,,,,,,,,,,,,,,,,,,,,,,,,,,,,,,,,,,,,,,,,,,,,,,,,,,,,,,,,,,,,,,,,,,,,,,,,,,,,,,,,,,,,,,,,,,,,,,,,,,,,,,,,,,,,,,,,
169,5.0,2.0,118.0,0.0,118.0,122.0,15.0,107.0,118.0,0.0,118.0,18.0,46.0,26.0,120.0,49.0,129.0,494.0,28.0,124.0,494.0,29.0,138.0,525.0,19.0,123.0,499.0,2.0,99.0,3.0,64.0,58.0,1.0,57.0,116.0,64.0,0.0,64.0,122.0,33.0,2.0,31.0,116.0,35.0,0.0,35.0,121.0,1.0,2.0,30.0,58.0,7.0,7.0,4.0,4.0,0.0,11.0,118.0,11.0,122.0,26.0,126.0,132.0,244.0,254.0,127.0,133.0,35.0,124.0,494.0,4.0,3.0,34.0,1.0,33.0,135.0,37.0,1.0,36.0,131.0,,,5.0,5.0,81.0,5.0,2.0,165.0,2.0,163.0,172.0,0.0,172.0,137.0,5.0,132.0,24.0,58.0,29.0,117.0,59.0,126.0,522.0,29.0,112.0,497.0,31.0,133.0,538.0,18.0,111.0,496.0,82.0,4.0,48.0,3.0,70.0,0.0,70.0,117.0,68.0,0.0,68.0,114.0,48.0,1.0,47.0,122.0,45.0,0.0,45.0,120.0,1.0,3.0,36.0,62.0,4.0,7.0,2.0,3.0,4.0,10.0,106.0,11.0,112.0,30.0,120.0,126.0,226.0,238.0,115.0,122.0,35.0,114.0,494.0,5.0,4.0,41.0,1.0,40.0,132.0,40.0,1.0,39.0,120.0,4.0,4.5,4.0,5.0,,172.0,1.0,171.0,170.0,4.0,166.0,170.0,2.0,168.0,25.0,55.0,31.0,111.0,64.0,126.0,536.0,32.0,111.0,506.0,29.0,120.0,525.0,21.0,113.0,506.0,52.0,4.0,,71.0,4.0,,76.0,0.0,76.0,111.0,76.0,0.0,76.0,111.0,54.0,1.0,53.0,124.0,51.0,0.0,51.0,121.0,4.0,,3.0,,38.0,59.0,4.0,1.0,1.0,6.0,14.0,21.0,113.0,21.0,113.0,34.0,119.0,121.0,232.0,234.0,119.0,119.0,2.0,46.0,3.0,3.0,42.0,116.0,507.0,7.0,6.0,48.0,1.0,47.0,140.0,48.0,0.0,48.0,129.0,3.5,4.0,3.5,5.0,,,,,,,,,,,,,,,,,,,,,,,,,,,,,,,,,,,,,,,,,,,,,,,,,,,,,,,,,,,,,,,,,,,,,,,,,,,,,,,,,,,,,,,,,,,,,
170,5.0,1.0,67.0,1.0,66.0,42.0,1.0,41.0,55.0,2.0,53.0,20.0,51.0,23.0,105.0,38.0,110.0,460.0,17.0,96.0,462.0,12.0,108.0,480.0,14.0,104.0,482.0,2.0,200.0,2.0,121.0,42.0,4.0,38.0,100.0,39.0,5.0,34.0,96.0,23.0,6.0,17.0,100.0,20.0,5.0,15.0,97.0,0.0,3.0,27.0,51.0,8.0,3.0,1.0,1.0,1.0,10.0,112.0,10.0,114.0,21.0,107.0,115.0,219.0,229.0,110.0,117.0,19.0,103.0,466.0,4.0,3.0,23.0,1.0,22.0,122.0,26.0,1.0,25.0,108.0,,,3.5,4.5,70.0,5.0,1.0,97.0,1.0,96.0,99.0,0.0,99.0,84.0,0.0,84.0,24.0,58.0,24.0,100.0,50.0,111.0,497.0,27.0,104.0,491.0,20.0,107.0,498.0,20.0,116.0,502.0,106.0,3.0,69.0,4.0,53.0,1.0,52.0,96.0,54.0,0.0,54.0,98.0,30.0,5.0,25.0,97.0,25.0,3.0,22.0,93.0,1.0,3.0,37.0,63.0,6.0,6.0,2.0,2.0,2.0,10.0,104.0,10.0,105.0,25.0,104.0,104.0,208.0,209.0,104.0,104.0,31.0,103.0,486.0,5.0,3.0,27.0,3.0,24.0,106.0,23.0,2.0,21.0,93.0,3.5,3.5,3.5,3.5,,110.0,3.0,107.0,108.0,1.0,107.0,123.0,1.0,122.0,21.0,46.0,31.0,111.0,53.0,107.0,506.0,27.0,97.0,491.0,22.0,104.0,502.0,20.0,109.0,502.0,87.0,2.0,,104.0,3.0,,60.0,2.0,58.0,87.0,58.0,0.0,58.0,87.0,27.0,1.0,26.0,90.0,27.0,1.0,26.0,90.0,2.0,,3.0,,35.0,54.0,9.0,3.0,3.0,5.0,14.0,22.0,115.0,22.0,117.0,34.0,119.0,121.0,234.0,238.0,120.0,122.0,2.0,99.0,4.0,4.0,32.0,98.0,488.0,4.0,5.0,34.0,1.0,33.0,117.0,31.0,0.0,31.0,103.0,4.0,4.0,4.0,4.5,,,,,,,,,,,,,,,,,,,,,,,,,,,,,,,,,,,,,,,,,,,,,,,,,,,,,,,,,,,,,,,,,,,,,,,,,,,,,,,,,,,,,,,,,,,,,
171,4.0,1.0,88.0,0.0,88.0,63.0,3.0,60.0,76.0,3.0,73.0,21.0,57.0,26.0,127.0,40.0,123.0,467.0,23.0,119.0,480.0,17.0,124.0,491.0,13.0,105.0,478.0,2.0,97.0,3.0,72.0,44.0,3.0,41.0,108.0,55.0,3.0,52.0,117.0,21.0,6.0,15.0,101.0,21.0,2.0,19.0,107.0,0.0,2.0,21.0,46.0,8.0,3.0,2.0,1.0,3.0,13.0,126.0,12.0,122.0,21.0,120.0,115.0,246.0,237.0,128.0,121.0,29.0,119.0,483.0,1.0,1.0,27.0,0.0,27.0,129.0,27.0,1.0,26.0,110.0,,,4.0,4.5,81.0,4.0,1.0,112.0,1.0,111.0,117.0,1.0,116.0,110.0,3.0,107.0,24.0,61.0,30.0,124.0,54.0,123.0,508.0,27.0,110.0,491.0,27.0,123.0,517.0,15.0,103.0,485.0,57.0,3.0,24.0,2.0,62.0,0.0,62.0,112.0,71.0,2.0,69.0,119.0,38.0,2.0,36.0,114.0,37.0,3.0,34.0,112.0,1.0,4.0,24.0,45.0,6.0,5.0,2.0,2.0,7.0,15.0,123.0,15.0,127.0,31.0,127.0,129.0,250.0,256.0,131.0,134.0,32.0,112.0,488.0,3.0,3.0,36.0,2.0,34.0,121.0,32.0,3.0,29.0,106.0,3.5,3.0,4.0,4.0,,153.0,1.0,152.0,129.0,3.0,126.0,131.0,1.0,130.0,26.0,60.0,34.0,125.0,57.0,117.0,516.0,31.0,110.0,503.0,26.0,114.0,513.0,24.0,125.0,516.0,75.0,4.0,,81.0,4.0,,72.0,0.0,72.0,112.0,73.0,1.0,72.0,112.0,38.0,1.0,37.0,107.0,35.0,2.0,33.0,103.0,3.0,,4.0,,36.0,58.0,6.0,2.0,1.0,3.0,17.0,22.0,116.0,21.0,112.0,36.0,128.0,124.0,244.0,236.0,127.0,121.0,4.0,72.0,4.0,4.0,42.0,119.0,507.0,2.0,4.0,33.0,2.0,31.0,114.0,30.0,1.0,29.0,100.0,3.5,3.5,3.5,4.0,,122.0,2.0,120.0,133.0,3.0,130.0,143.0,2.0,141.0,26.0,56.0,38.0,130.0,58.0,113.0,519.0,32.0,107.0,506.0,27.0,112.0,517.0,26.0,124.0,523.0,32.0,2.0,,37.0,3.0,,55.0,0.0,55.0,83.0,68.0,0.0,68.0,100.0,41.0,3.0,38.0,105.0,45.0,3.0,42.0,110.0,1.0,,2.0,,32.0,45.0,6.0,1.0,1.0,9.0,15.0,25.0,117.0,25.0,119.0,41.0,128.0,129.0,245.0,248.0,127.0,129.0,4.0,116.0,4.0,4.0,45.0,118.0,512.0,10.0,10.0,43.0,2.0,41.0,124.0,39.0,2.0,37.0,112.0,,3.0,,,,
172,2.0,2.0,73.0,0.0,73.0,68.0,0.0,68.0,81.0,0.0,81.0,20.0,51.0,23.0,105.0,46.0,121.0,486.0,20.0,102.0,472.0,17.0,115.0,491.0,16.0,111.0,489.0,3.0,133.0,3.0,100.0,44.0,0.0,44.0,105.0,48.0,0.0,48.0,108.0,27.0,6.0,21.0,105.0,30.0,5.0,25.0,110.0,0.0,2.0,27.0,51.0,4.0,6.0,3.0,3.0,2.0,9.0,108.0,9.0,109.0,19.0,102.0,109.0,210.0,218.0,105.0,109.0,33.0,119.0,490.0,4.0,2.0,27.0,0.0,27.0,129.0,26.0,1.0,25.0,108.0,,,5.0,5.0,97.0,2.0,2.0,191.0,12.0,179.0,185.0,0.0,185.0,152.0,1.0,151.0,22.0,52.0,32.0,126.0,66.0,134.0,542.0,29.0,109.0,497.0,25.0,115.0,510.0,17.0,106.0,492.0,80.0,3.0,41.0,2.0,79.0,1.0,78.0,128.0,83.0,3.0,80.0,131.0,54.0,6.0,48.0,123.0,46.0,4.0,42.0,117.0,2.0,3.0,39.0,67.0,6.0,9.0,3.0,4.0,5.0,14.0,118.0,15.0,127.0,37.0,138.0,145.0,256.0,272.0,135.0,144.0,37.0,114.0,498.0,9.0,5.0,42.0,4.0,38.0,128.0,46.0,2.0,44.0,128.0,3.0,3.5,3.5,4.5,,177.0,0.0,177.0,180.0,0.0,180.0,183.0,0.0,183.0,26.0,58.0,37.0,131.0,64.0,125.0,536.0,31.0,106.0,503.0,29.0,119.0,525.0,25.0,124.0,520.0,57.0,2.0,,93.0,3.0,,87.0,1.0,86.0,129.0,84.0,0.0,84.0,124.0,54.0,9.0,45.0,113.0,51.0,6.0,45.0,113.0,3.0,,4.0,,42.0,64.0,16.0,4.0,4.0,5.0,17.0,26.0,125.0,26.0,132.0,40.0,133.0,136.0,258.0,268.0,136.0,142.0,4.0,83.0,4.0,4.0,45.0,119.0,512.0,8.0,6.0,44.0,1.0,43.0,133.0,42.0,1.0,41.0,118.0,3.5,4.0,4.5,5.0,,181.0,1.0,180.0,184.0,0.0,184.0,204.0,1.0,203.0,27.0,55.0,43.0,140.0,66.0,126.0,542.0,31.0,100.0,503.0,28.0,113.0,520.0,21.0,106.0,506.0,40.0,3.0,,42.0,1.0,,92.0,0.0,92.0,133.0,90.0,0.0,90.0,130.0,60.0,3.0,57.0,128.0,60.0,1.0,59.0,131.0,4.0,,2.0,,40.0,54.0,10.0,3.0,3.0,4.0,15.0,22.0,108.0,22.0,110.0,42.0,127.0,132.0,235.0,242.0,120.0,125.0,3.0,92.0,4.0,4.0,44.0,112.0,511.0,10.0,9.0,47.0,5.0,42.0,126.0,48.0,3.0,45.0,125.0,4.0,4.0,,4.0,,
173,2.0,1.0,21.0,7.0,14.0,17.0,3.0,14.0,16.0,6.0,10.0,19.0,48.0,21.0,103.0,30.0,103.0,431.0,11.0,87.0,438.0,14.0,115.0,484.0,17.0,116.0,492.0,0.0,85.0,1.0,32.0,33.0,15.0,18.0,82.0,19.0,6.0,13.0,78.0,10.0,0.0,10.0,90.0,8.0,1.0,7.0,84.0,3.0,1.0,24.0,49.0,2.0,1.0,1.0,1.0,1.0,4.0,90.0,4.0,87.0,11.0,88.0,83.0,178.0,170.0,87.0,83.0,16.0,103.0,461.0,4.0,2.0,6.0,2.0,4.0,90.0,4.0,3.0,1.0,67.0,,,3.0,3.0,45.0,2.0,1.0,,,,,,,,,,,,,,,,,,,,,,,,,,,,,,,,,,,,,,,,,,,,,,,,,,,,,,,,,,,,,,,,,,,,,,,,,,,,,,,3.0,3.0,3.0,3.0,,80.0,2.0,78.0,64.0,2.0,62.0,96.0,1.0,95.0,27.0,59.0,25.0,92.0,43.0,94.0,477.0,29.0,102.0,497.0,20.0,102.0,498.0,25.0,126.0,520.0,184.0,3.0,,187.0,2.0,,44.0,0.0,44.0,73.0,53.0,1.0,52.0,80.0,22.0,2.0,20.0,82.0,27.0,5.0,22.0,85.0,3.0,,4.0,,37.0,57.0,4.0,1.0,1.0,3.0,15.0,19.0,108.0,19.0,107.0,21.0,88.0,88.0,196.0,195.0,97.0,96.0,2.0,33.0,2.0,2.0,27.0,94.0,479.0,6.0,4.0,22.0,1.0,21.0,98.0,15.0,5.0,10.0,73.0,2.5,3.0,3.0,3.0,,,,,,,,,,,,,,,,,,,,,,,,,,,,,,,,,,,,,,,,,,,,,,,,,,,,,,,,,,,,,,,,,,,,,,,,,,,,,,,,,,,,,,,,,,,,,
174,2.0,2.0,62.0,2.0,60.0,45.0,5.0,40.0,51.0,5.0,46.0,24.0,64.0,23.0,105.0,35.0,106.0,449.0,22.0,107.0,477.0,14.0,111.0,484.0,19.0,121.0,499.0,3.0,246.0,3.0,136.0,44.0,8.0,36.0,98.0,40.0,7.0,33.0,96.0,17.0,1.0,16.0,99.0,18.0,5.0,13.0,94.0,3.0,3.0,37.0,69.0,2.0,5.0,2.0,2.0,4.0,8.0,107.0,8.0,104.0,20.0,111.0,112.0,218.0,216.0,109.0,108.0,28.0,113.0,481.0,5.0,4.0,22.0,2.0,20.0,120.0,19.0,5.0,14.0,92.0,,,4.0,5.5,95.0,2.0,2.0,146.0,1.0,145.0,131.0,1.0,130.0,126.0,4.0,122.0,25.0,60.0,24.0,100.0,45.0,104.0,483.0,29.0,109.0,497.0,23.0,111.0,505.0,22.0,122.0,509.0,88.0,4.0,62.0,4.0,61.0,0.0,61.0,105.0,53.0,0.0,53.0,97.0,29.0,3.0,26.0,98.0,29.0,1.0,28.0,101.0,3.0,4.0,39.0,67.0,7.0,4.0,1.0,1.0,2.0,10.0,106.0,10.0,108.0,21.0,98.0,98.0,204.0,206.0,101.0,102.0,37.0,114.0,498.0,5.0,4.0,34.0,5.0,29.0,113.0,35.0,2.0,33.0,111.0,4.5,4.5,5.0,3.5,,166.0,2.0,164.0,163.0,4.0,159.0,172.0,2.0,170.0,30.0,68.0,27.0,99.0,61.0,120.0,527.0,34.0,116.0,512.0,23.0,106.0,505.0,24.0,122.0,516.0,50.0,4.0,,81.0,3.0,,71.0,0.0,71.0,103.0,67.0,0.0,67.0,98.0,43.0,3.0,40.0,107.0,42.0,6.0,36.0,102.0,3.0,,3.0,,55.0,80.0,9.0,3.0,3.0,5.0,14.0,22.0,115.0,22.0,117.0,31.0,112.0,113.0,227.0,230.0,115.0,118.0,2.0,42.0,3.0,3.0,49.0,126.0,519.0,7.0,6.0,40.0,1.0,39.0,127.0,31.0,4.0,27.0,99.0,4.0,4.5,4.0,4.5,,170.0,1.0,169.0,169.0,3.0,166.0,215.0,6.0,209.0,30.0,61.0,33.0,112.0,61.0,116.0,527.0,35.0,115.0,515.0,24.0,104.0,508.0,26.0,122.0,523.0,40.0,3.0,,44.0,4.0,,73.0,1.0,72.0,102.0,82.0,2.0,80.0,113.0,49.0,2.0,47.0,112.0,48.0,6.0,42.0,106.0,4.0,,1.0,,58.0,78.0,16.0,4.0,4.0,5.0,10.0,19.0,101.0,19.0,101.0,41.0,125.0,129.0,226.0,230.0,115.0,118.0,3.0,71.0,4.0,4.0,50.0,122.0,521.0,5.0,6.0,43.0,1.0,42.0,126.0,38.0,0.0,38.0,114.0,4.0,5.0,,,,
175,1.0,2.0,42.0,2.0,40.0,30.0,5.0,25.0,37.0,2.0,35.0,20.0,49.0,21.0,90.0,33.0,95.0,442.0,18.0,93.0,465.0,18.0,110.0,493.0,9.0,86.0,464.0,0.0,150.0,0.0,114.0,22.0,0.0,22.0,71.0,22.0,4.0,18.0,67.0,15.0,5.0,10.0,81.0,15.0,4.0,11.0,82.0,0.0,2.0,22.0,42.0,4.0,4.0,2.0,2.0,0.0,6.0,96.0,6.0,100.0,18.0,96.0,111.0,192.0,211.0,95.0,105.0,23.0,100.0,472.0,0.0,1.0,20.0,0.0,20.0,120.0,15.0,2.0,13.0,97.0,,,4.0,4.0,81.0,1.0,2.0,,,,,,,,,,,,,,,,,,,,,,,,,,,,,,,,,,,,,,,,,,,,,,,,,,,,,,,,,,,,,,,,,,,,,,,,,,,,,,,3.0,,,,,,,,,,,,,,,,,,,,,,,,,,,,,,,,,,,,,,,,,,,,,,,,,,,,,,,,,,,,,,,,,,,,,,,,,,,,,,,,,,,,,,,,,,,,,,,,,,,,,,,,,,,,,,,,,,,,,,,,,,,,,,,,,,,,,,,,,,,,,,,,,,,,,,,,,,,,,,,,,,,,,,,,,,,,,,,,,,,,,,,,,,,
176,4.0,2.0,116.0,3.0,113.0,109.0,5.0,104.0,107.0,4.0,103.0,16.0,44.0,25.0,128.0,38.0,127.0,460.0,18.0,116.0,465.0,17.0,131.0,491.0,12.0,105.0,475.0,2.0,60.0,2.0,43.0,58.0,5.0,53.0,129.0,50.0,0.0,50.0,125.0,38.0,15.0,23.0,117.0,39.0,21.0,18.0,110.0,1.0,0.0,19.0,44.0,0.0,2.0,2.0,1.0,3.0,5.0,98.0,4.0,90.0,19.0,120.0,114.0,218.0,204.0,109.0,101.0,22.0,116.0,471.0,2.0,3.0,31.0,2.0,29.0,131.0,27.0,8.0,19.0,107.0,,,4.0,3.0,81.0,4.0,2.0,117.0,1.0,116.0,112.0,4.0,108.0,97.0,4.0,93.0,18.0,44.0,26.0,114.0,52.0,125.0,503.0,22.0,104.0,477.0,27.0,127.0,517.0,11.0,94.0,471.0,53.0,1.0,52.0,4.0,67.0,0.0,67.0,124.0,64.0,2.0,62.0,119.0,41.0,7.0,34.0,115.0,46.0,4.0,42.0,124.0,1.0,0.0,23.0,45.0,3.0,2.0,1.0,1.0,5.0,9.0,106.0,9.0,104.0,29.0,126.0,123.0,232.0,227.0,119.0,115.0,31.0,114.0,486.0,2.0,3.0,45.0,2.0,43.0,138.0,39.0,2.0,37.0,117.0,3.0,3.0,4.0,3.5,,141.0,2.0,139.0,119.0,4.0,115.0,138.0,3.0,135.0,23.0,53.0,33.0,126.0,60.0,124.0,525.0,27.0,102.0,491.0,26.0,115.0,513.0,17.0,104.0,492.0,52.0,4.0,,42.0,2.0,,59.0,1.0,58.0,102.0,71.0,0.0,71.0,119.0,48.0,10.0,38.0,112.0,50.0,8.0,42.0,117.0,2.0,,2.0,,30.0,52.0,8.0,3.0,2.0,9.0,20.0,32.0,150.0,31.0,148.0,40.0,142.0,136.0,292.0,284.0,160.0,153.0,2.0,54.0,4.0,4.0,35.0,110.0,494.0,3.0,7.0,35.0,6.0,29.0,111.0,40.0,2.0,38.0,115.0,4.0,4.0,5.0,4.5,,117.0,1.0,116.0,129.0,3.0,126.0,160.0,7.0,153.0,22.0,49.0,36.0,129.0,66.0,129.0,542.0,31.0,106.0,503.0,28.0,116.0,520.0,18.0,101.0,496.0,40.0,2.0,,74.0,2.0,,65.0,0.0,65.0,96.0,75.0,2.0,73.0,106.0,48.0,5.0,43.0,111.0,47.0,7.0,40.0,107.0,2.0,,3.0,,41.0,60.0,6.0,1.0,1.0,11.0,16.0,28.0,126.0,28.0,128.0,43.0,135.0,135.0,261.0,263.0,139.0,139.0,3.0,108.0,4.0,4.0,37.0,105.0,498.0,9.0,7.0,46.0,6.0,40.0,123.0,42.0,7.0,35.0,109.0,5.0,4.5,,5.0,,
177,2.0,2.0,36.0,11.0,25.0,48.0,20.0,28.0,48.0,18.0,30.0,20.0,45.0,20.0,80.0,29.0,75.0,427.0,12.0,70.0,442.0,5.0,80.0,452.0,13.0,91.0,478.0,0.0,93.0,1.0,48.0,49.0,31.0,18.0,56.0,98.0,91.0,7.0,55.0,32.0,30.0,2.0,57.0,31.0,30.0,1.0,55.0,0.0,2.0,20.0,34.0,2.0,2.0,1.0,1.0,1.0,4.0,86.0,4.0,90.0,15.0,76.0,102.0,162.0,192.0,80.0,95.0,8.0,76.0,446.0,2.0,3.0,14.0,17.0,0.0,80.0,15.0,35.0,0.0,71.0,1.0,,4.0,4.0,70.0,2.0,2.0,,,,,,,,,,,,,,,,,,,,,,,,,,,,,,,,,,,,,,,,,,,,,,,,,,,,,,,,,,,,,,,,,,,,,,,,,,,,,,,3.5,3.5,3.0,3.0,,120.0,4.0,116.0,112.0,8.0,104.0,133.0,3.0,130.0,23.0,44.0,26.0,87.0,49.0,92.0,494.0,22.0,80.0,477.0,22.0,99.0,502.0,16.0,87.0,489.0,110.0,3.0,,118.0,3.0,,70.0,3.0,67.0,95.0,72.0,3.0,69.0,98.0,43.0,14.0,29.0,90.0,48.0,18.0,30.0,91.0,3.0,,2.0,,39.0,49.0,7.0,1.0,2.0,2.0,11.0,14.0,85.0,15.0,96.0,24.0,83.0,93.0,168.0,189.0,83.0,93.0,4.0,85.0,4.0,4.0,32.0,87.0,488.0,1.0,2.0,26.0,3.0,23.0,102.0,25.0,4.0,21.0,91.0,,,,,,,,,,,,,,,,,,,,,,,,,,,,,,,,,,,,,,,,,,,,,,,,,,,,,,,,,,,,,,,,,,,,,,,,,,,,,,,,,,,,,,,,,,,,,,,,,0.0
178,5.0,1.0,82.0,1.0,81.0,94.0,1.0,93.0,77.0,6.0,71.0,21.0,57.0,20.0,110.0,41.0,128.0,470.0,20.0,117.0,472.0,4.0,101.0,443.0,17.0,120.0,492.0,3.0,90.0,0.0,39.0,48.0,6.0,42.0,117.0,51.0,3.0,48.0,123.0,20.0,10.0,10.0,97.0,20.0,8.0,12.0,101.0,0.0,2.0,36.0,70.0,3.0,3.0,2.0,2.0,1.0,6.0,100.0,6.0,100.0,18.0,112.0,111.0,212.0,211.0,106.0,105.0,26.0,118.0,477.0,5.0,5.0,25.0,0.0,25.0,127.0,27.0,1.0,26.0,117.0,,,4.5,5.0,97.0,5.0,1.0,,,,,,,,,,,,,,,,,,,,,,,,,,,,,,,,,,,,,,,,,,,,,,,,,,,,,,,,,,,,,,,,,,,,,,,,,,,,,,,3.5,4.0,4.0,5.0,,,,,,,,,,,,,,,,,,,,,,,,,,,,,,,,,,,,,,,,,,,,,,,,,,,,,,,,,,,,,,,,,,,,,,,,,,,,,,,,,,,,,,,,3.5,4.5,4.0,4.5,,,,,,,,,,,,,,,,,,,,,,,,,,,,,,,,,,,,,,,,,,,,,,,,,,,,,,,,,,,,,,,,,,,,,,,,,,,,,,,,,,,,,,,,,,,,,
179,5.0,1.0,90.0,0.0,90.0,94.0,4.0,90.0,85.0,0.0,85.0,21.0,54.0,23.0,110.0,48.0,127.0,491.0,25.0,116.0,486.0,21.0,123.0,500.0,18.0,119.0,496.0,2.0,144.0,3.0,92.0,53.0,1.0,52.0,112.0,56.0,0.0,56.0,115.0,24.0,3.0,21.0,105.0,20.0,2.0,18.0,101.0,1.0,3.0,31.0,60.0,1.0,5.0,2.0,2.0,2.0,5.0,95.0,5.0,93.0,20.0,111.0,112.0,206.0,205.0,102.0,102.0,31.0,117.0,486.0,3.0,2.0,26.0,3.0,23.0,123.0,28.0,1.0,27.0,111.0,,,4.5,5.0,88.0,5.0,1.0,153.0,0.0,153.0,131.0,1.0,130.0,133.0,0.0,133.0,23.0,55.0,27.0,110.0,48.0,111.0,491.0,29.0,111.0,497.0,21.0,110.0,500.0,22.0,124.0,509.0,93.0,4.0,59.0,4.0,65.0,0.0,65.0,111.0,66.0,1.0,65.0,111.0,28.0,3.0,25.0,97.0,32.0,3.0,29.0,102.0,1.0,3.0,36.0,62.0,6.0,3.0,1.0,1.0,5.0,12.0,112.0,12.0,116.0,28.0,115.0,120.0,227.0,236.0,115.0,121.0,36.0,115.0,496.0,5.0,6.0,36.0,2.0,34.0,121.0,35.0,1.0,34.0,113.0,3.5,3.5,3.5,4.0,,145.0,1.0,144.0,146.0,1.0,145.0,151.0,2.0,149.0,25.0,55.0,31.0,111.0,57.0,114.0,516.0,33.0,113.0,509.0,25.0,110.0,510.0,22.0,115.0,509.0,81.0,4.0,,118.0,4.0,,71.0,0.0,71.0,103.0,73.0,2.0,71.0,103.0,34.0,3.0,31.0,96.0,39.0,5.0,34.0,100.0,3.0,,3.0,,40.0,61.0,3.0,1.0,1.0,4.0,15.0,20.0,110.0,20.0,109.0,32.0,114.0,113.0,224.0,222.0,113.0,112.0,3.0,41.0,2.0,3.0,41.0,113.0,505.0,6.0,7.0,34.0,3.0,31.0,114.0,35.0,2.0,33.0,105.0,4.0,5.5,4.5,5.0,,168.0,0.0,168.0,168.0,2.0,166.0,170.0,2.0,168.0,28.0,57.0,33.0,112.0,59.0,113.0,522.0,33.0,108.0,509.0,24.0,105.0,508.0,24.0,116.0,516.0,63.0,3.0,,71.0,1.0,,81.0,0.0,81.0,115.0,74.0,2.0,72.0,102.0,40.0,4.0,36.0,98.0,45.0,4.0,41.0,104.0,2.0,,2.0,,46.0,62.0,10.0,3.0,3.0,3.0,15.0,21.0,106.0,21.0,107.0,33.0,107.0,110.0,213.0,217.0,106.0,109.0,2.0,53.0,3.0,3.0,44.0,113.0,511.0,9.0,7.0,42.0,2.0,40.0,123.0,44.0,2.0,42.0,120.0,0.0,3.5,,4.0,,
180,3.0,2.0,157.0,1.0,156.0,136.0,3.0,133.0,147.0,2.0,145.0,19.0,48.0,27.0,124.0,52.0,133.0,503.0,27.0,122.0,491.0,25.0,130.0,510.0,19.0,123.0,499.0,2.0,84.0,3.0,59.0,59.0,0.0,59.0,118.0,69.0,3.0,66.0,124.0,37.0,6.0,31.0,116.0,39.0,5.0,34.0,120.0,0.0,3.0,22.0,46.0,2.0,2.0,1.0,1.0,1.0,4.0,90.0,4.0,90.0,22.0,116.0,122.0,206.0,212.0,102.0,106.0,32.0,120.0,488.0,4.0,5.0,36.0,1.0,35.0,137.0,35.0,1.0,34.0,128.0,,,5.0,5.0,95.0,3.0,2.0,156.0,5.0,151.0,185.0,1.0,184.0,162.0,3.0,159.0,26.0,63.0,30.0,120.0,61.0,129.0,527.0,30.0,114.0,500.0,30.0,129.0,530.0,22.0,124.0,509.0,44.0,3.0,33.0,4.0,78.0,0.0,78.0,128.0,81.0,1.0,80.0,131.0,48.0,3.0,45.0,120.0,47.0,0.0,47.0,122.0,2.0,3.0,34.0,59.0,7.0,9.0,3.0,4.0,2.0,12.0,112.0,13.0,120.0,34.0,130.0,138.0,242.0,258.0,125.0,135.0,38.0,119.0,500.0,6.0,6.0,55.0,5.0,50.0,146.0,55.0,5.0,50.0,138.0,4.0,3.5,3.5,4.0,,172.0,1.0,171.0,155.0,4.0,151.0,150.0,0.0,150.0,29.0,64.0,35.0,124.0,64.0,126.0,536.0,35.0,121.0,515.0,31.0,128.0,538.0,26.0,129.0,523.0,34.0,4.0,,47.0,4.0,,69.0,0.0,69.0,101.0,82.0,0.0,82.0,121.0,51.0,10.0,41.0,108.0,56.0,5.0,51.0,121.0,4.0,,4.0,,37.0,57.0,6.0,1.0,1.0,4.0,15.0,20.0,110.0,20.0,110.0,37.0,126.0,129.0,236.0,239.0,121.0,123.0,3.0,53.0,4.0,4.0,39.0,112.0,502.0,7.0,3.0,56.0,4.0,52.0,145.0,57.0,3.0,54.0,139.0,4.0,3.5,3.5,4.0,,166.0,3.0,163.0,173.0,3.0,170.0,185.0,7.0,178.0,32.0,65.0,41.0,134.0,70.0,136.0,556.0,36.0,119.0,518.0,31.0,126.0,538.0,28.0,129.0,530.0,40.0,3.0,,43.0,3.0,,78.0,0.0,78.0,110.0,78.0,0.0,78.0,110.0,59.0,4.0,55.0,124.0,60.0,4.0,56.0,126.0,3.0,,3.0,,56.0,76.0,10.0,3.0,3.0,5.0,15.0,23.0,111.0,23.0,113.0,44.0,132.0,137.0,243.0,250.0,126.0,130.0,3.0,74.0,4.0,4.0,50.0,126.0,521.0,9.0,7.0,59.0,1.0,58.0,146.0,58.0,2.0,56.0,144.0,5.0,3.0,,4.0,,
181,2.0,2.0,16.0,4.0,12.0,17.0,5.0,12.0,19.0,7.0,12.0,20.0,54.0,17.0,98.0,30.0,110.0,431.0,13.0,98.0,446.0,7.0,111.0,464.0,17.0,119.0,492.0,0.0,87.0,0.0,89.0,20.0,10.0,10.0,82.0,15.0,12.0,3.0,75.0,0.0,0.0,0.0,73.0,16.0,10.0,6.0,89.0,1.0,2.0,16.0,37.0,2.0,5.0,3.0,3.0,0.0,5.0,96.0,5.0,96.0,14.0,101.0,99.0,197.0,195.0,97.0,96.0,5.0,95.0,439.0,0.0,1.0,16.0,17.0,0.0,80.0,25.0,23.0,2.0,77.0,,,4.5,4.0,42.0,2.0,2.0,79.0,0.0,79.0,80.0,1.0,79.0,78.0,1.0,77.0,20.0,49.0,16.0,75.0,44.0,111.0,480.0,28.0,113.0,494.0,15.0,106.0,487.0,19.0,117.0,499.0,112.0,1.0,44.0,1.0,47.0,2.0,45.0,92.0,50.0,2.0,48.0,99.0,39.0,18.0,21.0,97.0,35.0,13.0,22.0,98.0,0.0,3.0,26.0,48.0,1.0,6.0,3.0,2.0,1.0,5.0,90.0,4.0,83.0,18.0,96.0,84.0,186.0,167.0,91.0,82.0,30.0,110.0,485.0,5.0,2.0,22.0,1.0,21.0,102.0,20.0,6.0,14.0,83.0,2.5,3.0,2.0,4.0,,106.0,0.0,106.0,92.0,1.0,91.0,90.0,1.0,89.0,26.0,60.0,27.0,103.0,47.0,102.0,489.0,29.0,105.0,497.0,22.0,107.0,502.0,22.0,119.0,509.0,121.0,4.0,,176.0,3.0,,51.0,1.0,50.0,85.0,49.0,2.0,47.0,82.0,26.0,3.0,23.0,90.0,33.0,9.0,24.0,92.0,3.0,,4.0,,40.0,64.0,3.0,1.0,1.0,2.0,11.0,14.0,94.0,14.0,93.0,20.0,89.0,83.0,183.0,176.0,90.0,86.0,2.0,25.0,2.0,2.0,35.0,108.0,494.0,1.0,4.0,26.0,0.0,26.0,106.0,13.0,1.0,12.0,76.0,3.0,3.5,4.0,3.5,,86.0,3.0,83.0,110.0,1.0,109.0,128.0,0.0,128.0,24.0,51.0,28.0,102.0,59.0,115.0,522.0,31.0,104.0,503.0,22.0,103.0,502.0,21.0,109.0,506.0,99.0,3.0,,113.0,1.0,,65.0,0.0,65.0,96.0,64.0,0.0,64.0,95.0,36.0,3.0,33.0,99.0,39.0,8.0,31.0,96.0,2.0,,3.0,,38.0,56.0,4.0,1.0,1.0,1.0,10.0,12.0,85.0,12.0,84.0,27.0,99.0,95.0,184.0,179.0,90.0,88.0,2.0,44.0,3.0,3.0,41.0,110.0,505.0,8.0,7.0,25.0,0.0,25.0,99.0,27.0,2.0,25.0,93.0,4.0,3.0,,4.0,,1.0
182,4.0,2.0,39.0,3.0,36.0,34.0,3.0,31.0,36.0,6.0,30.0,15.0,40.0,23.0,116.0,37.0,116.0,457.0,16.0,100.0,458.0,13.0,116.0,482.0,12.0,100.0,475.0,0.0,139.0,2.0,67.0,36.0,5.0,31.0,100.0,38.0,1.0,37.0,105.0,16.0,5.0,11.0,95.0,14.0,3.0,11.0,95.0,0.0,1.0,10.0,29.0,7.0,3.0,2.0,1.0,0.0,9.0,112.0,8.0,104.0,20.0,117.0,112.0,229.0,216.0,117.0,108.0,15.0,103.0,459.0,1.0,2.0,21.0,4.0,17.0,115.0,17.0,4.0,13.0,90.0,,,4.0,5.0,55.0,4.0,2.0,40.0,3.0,37.0,57.0,4.0,53.0,62.0,2.0,60.0,15.0,38.0,25.0,107.0,42.0,106.0,473.0,19.0,93.0,469.0,16.0,106.0,489.0,13.0,96.0,478.0,106.0,3.0,75.0,3.0,42.0,0.0,42.0,89.0,42.0,1.0,41.0,88.0,21.0,1.0,20.0,95.0,19.0,2.0,17.0,91.0,0.0,2.0,15.0,32.0,4.0,3.0,1.0,1.0,0.0,5.0,90.0,5.0,90.0,22.0,105.0,101.0,195.0,191.0,96.0,94.0,27.0,103.0,479.0,2.0,2.0,23.0,3.0,20.0,100.0,22.0,1.0,21.0,95.0,3.0,3.5,4.0,4.0,,69.0,5.0,64.0,73.0,7.0,66.0,96.0,0.0,96.0,21.0,46.0,26.0,99.0,50.0,105.0,497.0,24.0,93.0,483.0,23.0,107.0,505.0,16.0,98.0,489.0,83.0,3.0,,74.0,3.0,,54.0,0.0,54.0,92.0,59.0,1.0,58.0,96.0,21.0,3.0,18.0,84.0,20.0,3.0,17.0,82.0,1.0,,4.0,,31.0,51.0,6.0,2.0,1.0,1.0,8.0,11.0,87.0,10.0,83.0,26.0,103.0,98.0,190.0,181.0,94.0,89.0,3.0,61.0,4.0,4.0,33.0,101.0,490.0,2.0,4.0,29.0,3.0,26.0,106.0,24.0,2.0,22.0,92.0,3.0,3.0,3.5,3.5,,,,,,,,,,,,,,,,,,,,,,,,,,,,,,,,,,,,,,,,,,,,,,,,,,,,,,,,,,,,,,,,,,,,,,,,,,,,,,,,,,,,,,,,,,,,,
183,4.0,1.0,49.0,8.0,41.0,45.0,8.0,37.0,55.0,8.0,47.0,18.0,49.0,19.0,100.0,32.0,110.0,438.0,13.0,95.0,446.0,6.0,104.0,459.0,9.0,92.0,464.0,0.0,154.0,3.0,86.0,47.0,17.0,30.0,99.0,63.0,40.0,23.0,93.0,14.0,13.0,1.0,75.0,26.0,25.0,1.0,75.0,0.0,0.0,18.0,41.0,3.0,3.0,2.0,2.0,0.0,5.0,96.0,5.0,96.0,14.0,101.0,99.0,197.0,195.0,97.0,96.0,15.0,104.0,459.0,0.0,0.0,27.0,1.0,26.0,128.0,20.0,3.0,17.0,104.0,,,3.0,4.0,32.0,4.0,1.0,121.0,4.0,117.0,111.0,8.0,103.0,99.0,7.0,92.0,16.0,40.0,20.0,90.0,39.0,101.0,464.0,22.0,98.0,477.0,15.0,104.0,487.0,16.0,106.0,489.0,128.0,1.0,65.0,1.0,60.0,0.0,60.0,110.0,62.0,7.0,55.0,105.0,22.0,5.0,17.0,91.0,27.0,13.0,14.0,85.0,0.0,2.0,20.0,39.0,5.0,3.0,1.0,1.0,1.0,7.0,97.0,7.0,97.0,15.0,88.0,82.0,185.0,179.0,91.0,88.0,17.0,93.0,462.0,3.0,2.0,25.0,4.0,21.0,102.0,24.0,2.0,22.0,96.0,1.0,2.0,1.0,3.5,,94.0,1.0,93.0,111.0,9.0,102.0,106.0,2.0,104.0,21.0,48.0,25.0,96.0,46.0,99.0,486.0,21.0,89.0,475.0,16.0,98.0,489.0,15.0,96.0,485.0,108.0,2.0,,151.0,1.0,,71.0,1.0,70.0,110.0,64.0,3.0,61.0,99.0,29.0,6.0,23.0,90.0,23.0,12.0,11.0,74.0,3.0,,3.0,,22.0,37.0,4.0,1.0,1.0,1.0,11.0,13.0,92.0,13.0,92.0,25.0,101.0,97.0,193.0,189.0,95.0,93.0,2.0,50.0,4.0,4.0,23.0,91.0,472.0,3.0,2.0,28.0,2.0,26.0,106.0,28.0,2.0,26.0,98.0,3.5,3.0,3.0,3.0,,94.0,5.0,89.0,112.0,10.0,102.0,147.0,3.0,144.0,19.0,40.0,28.0,102.0,47.0,95.0,489.0,23.0,87.0,480.0,15.0,93.0,487.0,14.0,87.0,482.0,85.0,1.0,,39.0,0.0,,72.0,3.0,69.0,101.0,60.0,3.0,57.0,86.0,28.0,7.0,21.0,84.0,29.0,7.0,22.0,85.0,0.0,,0.0,,23.0,34.0,1.0,1.0,0.0,2.0,13.0,16.0,95.0,15.0,92.0,26.0,94.0,92.0,189.0,184.0,93.0,91.0,0.0,43.0,3.0,3.0,31.0,93.0,486.0,0.0,2.0,30.0,2.0,28.0,104.0,25.0,4.0,21.0,87.0,,3.0,,,,
184,2.0,2.0,83.0,2.0,81.0,81.0,2.0,79.0,75.0,0.0,75.0,20.0,51.0,26.0,116.0,50.0,123.0,497.0,23.0,106.0,480.0,22.0,119.0,502.0,19.0,119.0,499.0,1.0,172.0,4.0,145.0,54.0,0.0,54.0,109.0,49.0,0.0,49.0,104.0,32.0,4.0,28.0,109.0,29.0,6.0,23.0,103.0,0.0,1.0,31.0,58.0,9.0,3.0,1.0,1.0,2.0,12.0,119.0,12.0,122.0,24.0,114.0,125.0,233.0,247.0,119.0,128.0,34.0,118.0,492.0,3.0,3.0,28.0,1.0,27.0,129.0,26.0,1.0,25.0,108.0,,,6.0,6.0,97.0,2.0,2.0,112.0,2.0,110.0,102.0,2.0,100.0,86.0,1.0,85.0,21.0,50.0,27.0,110.0,51.0,112.0,500.0,30.0,111.0,500.0,26.0,116.0,513.0,15.0,99.0,485.0,134.0,3.0,80.0,4.0,62.0,1.0,61.0,105.0,64.0,2.0,62.0,108.0,36.0,2.0,34.0,108.0,38.0,0.0,38.0,112.0,1.0,2.0,30.0,52.0,7.0,6.0,2.0,2.0,4.0,13.0,113.0,13.0,120.0,33.0,124.0,135.0,237.0,255.0,122.0,133.0,34.0,109.0,492.0,5.0,3.0,31.0,1.0,30.0,115.0,29.0,1.0,28.0,104.0,5.0,5.5,4.5,6.0,,125.0,0.0,125.0,98.0,0.0,98.0,133.0,0.0,133.0,24.0,53.0,31.0,111.0,57.0,113.0,516.0,32.0,109.0,506.0,28.0,116.0,520.0,24.0,120.0,516.0,109.0,4.0,,142.0,4.0,,75.0,2.0,73.0,106.0,76.0,0.0,76.0,111.0,46.0,1.0,45.0,113.0,48.0,1.0,47.0,116.0,3.0,,4.0,,42.0,61.0,8.0,2.0,2.0,8.0,12.0,22.0,111.0,22.0,117.0,35.0,117.0,123.0,228.0,240.0,117.0,123.0,4.0,77.0,4.0,4.0,43.0,115.0,509.0,8.0,7.0,31.0,0.0,31.0,114.0,31.0,1.0,30.0,102.0,4.0,4.5,4.5,4.5,,,,,,,,,,,,,,,,,,,,,,,,,,,,,,,,,,,,,,,,,,,,,,,,,,,,,,,,,,,,,,,,,,,,,,,,,,,,,,,,,,,,,,,,,,,,,
185,2.0,1.0,39.0,3.0,36.0,36.0,1.0,35.0,46.0,4.0,42.0,18.0,46.0,20.0,99.0,38.0,114.0,460.0,20.0,106.0,472.0,15.0,115.0,487.0,9.0,90.0,464.0,0.0,50.0,3.0,20.0,50.0,8.0,42.0,103.0,48.0,14.0,34.0,96.0,38.0,22.0,16.0,99.0,31.0,18.0,13.0,94.0,0.0,2.0,28.0,55.0,3.0,5.0,2.0,3.0,0.0,5.0,95.0,6.0,100.0,15.0,98.0,102.0,193.0,202.0,95.0,100.0,21.0,107.0,469.0,1.0,1.0,23.0,0.0,23.0,123.0,22.0,11.0,11.0,94.0,,,4.0,4.0,81.0,2.0,1.0,108.0,4.0,104.0,100.0,4.0,96.0,77.0,3.0,74.0,21.0,50.0,21.0,91.0,44.0,105.0,480.0,26.0,103.0,488.0,24.0,114.0,508.0,16.0,104.0,489.0,126.0,3.0,81.0,2.0,60.0,0.0,60.0,104.0,60.0,3.0,57.0,101.0,33.0,6.0,27.0,100.0,26.0,2.0,24.0,96.0,1.0,2.0,30.0,53.0,3.0,6.0,2.0,2.0,1.0,6.0,92.0,6.0,91.0,19.0,93.0,87.0,185.0,178.0,91.0,87.0,30.0,105.0,485.0,2.0,3.0,30.0,1.0,29.0,113.0,28.0,2.0,26.0,100.0,3.0,3.0,2.0,3.5,,94.0,3.0,91.0,88.0,2.0,86.0,85.0,16.0,69.0,20.0,44.0,30.0,108.0,50.0,103.0,497.0,29.0,101.0,497.0,24.0,108.0,508.0,18.0,103.0,496.0,67.0,1.0,,90.0,3.0,,66.0,1.0,65.0,96.0,57.0,1.0,56.0,85.0,39.0,4.0,35.0,101.0,43.0,9.0,34.0,100.0,2.0,,4.0,,30.0,47.0,9.0,3.0,3.0,1.0,10.0,14.0,94.0,14.0,94.0,29.0,107.0,108.0,201.0,202.0,99.0,100.0,2.0,47.0,3.0,3.0,37.0,108.0,498.0,4.0,4.0,33.0,1.0,32.0,116.0,33.0,1.0,32.0,104.0,3.0,3.5,3.5,3.5,,99.0,5.0,94.0,102.0,3.0,99.0,138.0,1.0,137.0,23.0,48.0,31.0,107.0,58.0,111.0,519.0,32.0,105.0,506.0,26.0,109.0,513.0,26.0,122.0,523.0,82.0,2.0,,103.0,1.0,,58.0,0.0,58.0,84.0,69.0,3.0,66.0,94.0,47.0,5.0,42.0,106.0,46.0,3.0,43.0,107.0,1.0,,2.0,,37.0,50.0,8.0,2.0,2.0,3.0,13.0,18.0,98.0,18.0,99.0,27.0,94.0,95.0,192.0,194.0,95.0,96.0,2.0,52.0,3.0,3.0,45.0,114.0,512.0,7.0,3.0,29.0,1.0,28.0,104.0,30.0,1.0,29.0,99.0,3.5,4.0,,4.0,,1.0
186,2.0,1.0,42.0,2.0,40.0,30.0,10.0,20.0,55.0,11.0,44.0,19.0,51.0,22.0,118.0,30.0,115.0,431.0,17.0,114.0,462.0,9.0,120.0,471.0,17.0,122.0,492.0,0.0,107.0,2.0,79.0,43.0,17.0,26.0,99.0,37.0,14.0,23.0,96.0,27.0,19.0,8.0,94.0,30.0,20.0,10.0,97.0,2.0,3.0,24.0,52.0,6.0,5.0,3.0,3.0,0.0,9.0,114.0,9.0,113.0,14.0,106.0,99.0,220.0,212.0,111.0,106.0,19.0,114.0,466.0,1.0,1.0,17.0,3.0,14.0,111.0,17.0,3.0,14.0,99.0,,,5.0,4.0,75.0,2.0,1.0,137.0,0.0,137.0,117.0,1.0,116.0,126.0,1.0,125.0,22.0,54.0,21.0,97.0,47.0,118.0,489.0,26.0,111.0,488.0,21.0,116.0,500.0,18.0,115.0,496.0,67.0,2.0,58.0,3.0,64.0,2.0,62.0,119.0,70.0,2.0,68.0,125.0,42.0,9.0,33.0,114.0,44.0,5.0,39.0,121.0,1.0,3.0,19.0,39.0,6.0,5.0,2.0,1.0,2.0,10.0,109.0,9.0,101.0,23.0,111.0,98.0,220.0,199.0,111.0,99.0,30.0,113.0,485.0,3.0,2.0,34.0,2.0,32.0,118.0,36.0,1.0,35.0,112.0,3.5,3.5,4.0,3.5,,156.0,2.0,154.0,126.0,3.0,123.0,131.0,0.0,131.0,22.0,50.0,28.0,106.0,52.0,112.0,503.0,28.0,105.0,494.0,23.0,110.0,505.0,23.0,124.0,513.0,67.0,3.0,,85.0,3.0,,81.0,3.0,78.0,128.0,80.0,4.0,76.0,124.0,51.0,4.0,47.0,122.0,52.0,10.0,42.0,117.0,3.0,,2.0,,25.0,44.0,6.0,2.0,1.0,2.0,14.0,18.0,105.0,17.0,102.0,25.0,104.0,97.0,209.0,199.0,104.0,99.0,2.0,23.0,2.0,2.0,35.0,110.0,494.0,6.0,4.0,38.0,3.0,35.0,121.0,36.0,5.0,31.0,103.0,4.0,3.5,4.0,3.0,,174.0,0.0,174.0,170.0,0.0,170.0,202.0,3.0,199.0,28.0,59.0,32.0,113.0,57.0,112.0,516.0,32.0,108.0,506.0,23.0,105.0,505.0,21.0,110.0,506.0,55.0,3.0,,53.0,3.0,,83.0,2.0,81.0,119.0,81.0,2.0,79.0,116.0,59.0,14.0,45.0,113.0,57.0,12.0,45.0,113.0,1.0,,3.0,,41.0,60.0,6.0,1.0,1.0,4.0,11.0,16.0,96.0,16.0,94.0,33.0,113.0,110.0,209.0,204.0,104.0,101.0,2.0,55.0,4.0,4.0,39.0,109.0,502.0,9.0,5.0,44.0,3.0,41.0,124.0,38.0,7.0,31.0,105.0,4.0,4.0,,4.0,,
187,2.0,1.0,20.0,8.0,12.0,19.0,6.0,13.0,10.0,5.0,5.0,14.0,40.0,17.0,93.0,25.0,103.0,412.0,10.0,91.0,434.0,5.0,105.0,452.0,13.0,106.0,478.0,0.0,37.0,1.0,25.0,16.0,7.0,9.0,79.0,18.0,3.0,15.0,85.0,15.0,9.0,6.0,86.0,17.0,11.0,6.0,86.0,1.0,2.0,20.0,44.0,2.0,2.0,2.0,1.0,0.0,4.0,92.0,3.0,85.0,10.0,90.0,87.0,182.0,172.0,89.0,84.0,11.0,103.0,452.0,1.0,1.0,15.0,5.0,10.0,105.0,23.0,14.0,9.0,90.0,,,2.5,2.0,15.0,2.0,1.0,,,,,,,,,,,,,,,,,,,,,,,,,,,,,,,,,,,,,,,,,,,,,,,,,,,,,,,,,,,,,,,,,,,,,,,,,,,,,,,,,4.0,3.0,,65.0,4.0,61.0,39.0,7.0,32.0,80.0,2.0,78.0,23.0,53.0,24.0,93.0,37.0,87.0,457.0,19.0,85.0,469.0,11.0,92.0,477.0,15.0,96.0,485.0,126.0,0.0,,99.0,1.0,,53.0,6.0,47.0,82.0,47.0,5.0,42.0,77.0,21.0,8.0,13.0,77.0,21.0,9.0,12.0,75.0,3.0,,4.0,,23.0,39.0,5.0,1.0,1.0,0.0,10.0,11.0,87.0,11.0,86.0,19.0,86.0,81.0,173.0,167.0,85.0,82.0,2.0,35.0,3.0,2.0,26.0,94.0,477.0,1.0,5.0,20.0,6.0,14.0,86.0,23.0,2.0,21.0,91.0,3.0,3.5,3.0,3.5,,,,,,,,,,,,,,,,,,,,,,,,,,,,,,,,,,,,,,,,,,,,,,,,,,,,,,,,,,,,,,,,,,,,,,,,,,,,,,,,,,,,,,,,,,,,,0.0
188,2.0,1.0,13.0,5.0,8.0,14.0,7.0,7.0,9.0,6.0,3.0,15.0,42.0,16.0,95.0,22.0,98.0,400.0,12.0,96.0,442.0,4.0,100.0,443.0,11.0,99.0,471.0,0.0,380.0,2.0,414.0,12.0,5.0,7.0,79.0,16.0,8.0,8.0,80.0,6.0,4.0,2.0,80.0,9.0,8.0,1.0,76.0,0.0,2.0,20.0,44.0,0.0,0.0,0.0,0.0,0.0,0.0,72.0,0.0,69.0,11.0,93.0,90.0,165.0,159.0,81.0,78.0,7.0,98.0,444.0,0.0,1.0,13.0,7.0,6.0,96.0,26.0,23.0,3.0,78.0,,,2.0,2.0,6.0,2.0,1.0,60.0,7.0,53.0,37.0,5.0,32.0,48.0,9.0,39.0,18.0,44.0,19.0,89.0,34.0,98.0,446.0,18.0,94.0,465.0,4.0,84.0,443.0,14.0,101.0,482.0,228.0,2.0,45.0,1.0,33.0,8.0,25.0,82.0,44.0,11.0,33.0,90.0,19.0,14.0,5.0,76.0,26.0,25.0,1.0,66.0,1.0,0.0,19.0,38.0,1.0,2.0,1.0,1.0,1.0,3.0,82.0,3.0,80.0,12.0,81.0,75.0,163.0,155.0,80.0,76.0,15.0,94.0,459.0,1.0,0.0,13.0,10.0,3.0,70.0,14.0,5.0,9.0,78.0,,,3.5,3.5,,,,,,,,,,,,,,,,,,,,,,,,,,,,,,,,,,,,,,,,,,,,,,,,,,,,,,,,,,,,,,,,,,,,,,,,,,,,,,,,,,,,,,,,,,,,,,,,,,,,,,,,,,,,,,,,,,,,,,,,,,,,,,,,,,,,,,,,,,,,,,,,,,,,,,,,,,,,,,,,,,,,,,,,,,,,,,,,,,,,,,,,
189,2.0,1.0,16.0,6.0,10.0,27.0,5.0,22.0,26.0,8.0,18.0,21.0,52.0,20.0,90.0,25.0,87.0,412.0,14.0,88.0,450.0,3.0,75.0,423.0,17.0,113.0,492.0,1.0,200.0,2.0,45.0,27.0,9.0,18.0,75.0,29.0,6.0,23.0,80.0,14.0,9.0,5.0,76.0,13.0,12.0,1.0,66.0,3.0,3.0,31.0,58.0,3.0,3.0,1.0,2.0,0.0,4.0,89.0,5.0,96.0,11.0,83.0,90.0,172.0,186.0,85.0,92.0,8.0,88.0,446.0,4.0,3.0,21.0,12.0,9.0,104.0,20.0,17.0,3.0,78.0,,,1.0,2.0,25.0,2.0,1.0,90.0,2.0,88.0,67.0,15.0,52.0,84.0,14.0,70.0,23.0,55.0,20.0,87.0,39.0,95.0,464.0,20.0,91.0,472.0,12.0,96.0,480.0,17.0,105.0,492.0,156.0,3.0,100.0,4.0,52.0,8.0,44.0,87.0,57.0,7.0,50.0,94.0,23.0,15.0,8.0,73.0,27.0,16.0,11.0,78.0,1.0,2.0,32.0,55.0,2.0,5.0,1.0,2.0,0.0,3.0,80.0,4.0,85.0,16.0,82.0,84.0,162.0,169.0,80.0,83.0,33.0,107.0,490.0,4.0,3.0,18.0,2.0,16.0,94.0,18.0,4.0,14.0,85.0,1.0,3.0,1.5,3.0,,,,,,,,,,,,,,,,,,,,,,,,,,,,,,,,,,,,,,,,,,,,,,,,,,,,,,,,,,,,,,,,,,,,,,,,,,,,,,,,,,,,,,,,2.5,3.0,2.0,2.0,,,,,,,,,,,,,,,,,,,,,,,,,,,,,,,,,,,,,,,,,,,,,,,,,,,,,,,,,,,,,,,,,,,,,,,,,,,,,,,,,,,,,,,,,,,,,
190,2.0,1.0,102.0,2.0,100.0,105.0,2.0,103.0,94.0,3.0,91.0,21.0,50.0,24.0,97.0,41.0,102.0,470.0,21.0,95.0,475.0,22.0,112.0,502.0,15.0,101.0,485.0,2.0,123.0,2.0,78.0,60.0,4.0,56.0,100.0,59.0,2.0,57.0,101.0,31.0,3.0,28.0,101.0,26.0,7.0,19.0,89.0,0.0,1.0,22.0,41.0,5.0,4.0,1.0,2.0,0.0,6.0,95.0,7.0,104.0,16.0,87.0,105.0,182.0,209.0,89.0,104.0,28.0,103.0,481.0,2.0,1.0,27.0,0.0,27.0,129.0,31.0,2.0,29.0,121.0,,,4.0,,81.0,2.0,1.0,127.0,0.0,127.0,120.0,0.0,120.0,111.0,0.0,111.0,,,28.0,105.0,49.0,103.0,494.0,24.0,93.0,483.0,21.0,104.0,500.0,16.0,98.0,489.0,97.0,3.0,73.0,2.0,61.0,0.0,61.0,91.0,63.0,0.0,63.0,94.0,30.0,2.0,28.0,92.0,36.0,2.0,34.0,100.0,1.0,2.0,25.0,40.0,7.0,2.0,1.0,1.0,5.0,13.0,109.0,13.0,120.0,21.0,88.0,98.0,197.0,218.0,97.0,109.0,34.0,103.0,492.0,3.0,2.0,36.0,2.0,34.0,121.0,37.0,3.0,34.0,113.0,2.0,3.5,3.5,3.5,,144.0,0.0,144.0,126.0,4.0,122.0,126.0,2.0,124.0,22.0,46.0,33.0,111.0,57.0,110.0,516.0,26.0,92.0,488.0,23.0,103.0,505.0,23.0,114.0,513.0,88.0,1.0,,119.0,3.0,,65.0,2.0,63.0,90.0,71.0,0.0,71.0,100.0,32.0,2.0,30.0,91.0,33.0,3.0,30.0,91.0,3.0,,4.0,,33.0,45.0,4.0,1.0,1.0,4.0,10.0,15.0,90.0,15.0,97.0,31.0,103.0,113.0,193.0,210.0,95.0,105.0,2.0,52.0,3.0,4.0,33.0,95.0,490.0,1.0,0.0,33.0,3.0,30.0,113.0,26.0,4.0,22.0,93.0,3.5,3.5,4.0,4.5,,113.0,7.0,106.0,131.0,6.0,125.0,164.0,7.0,157.0,23.0,46.0,33.0,109.0,58.0,107.0,519.0,31.0,98.0,503.0,28.0,112.0,520.0,26.0,118.0,523.0,86.0,3.0,,79.0,1.0,,63.0,0.0,63.0,90.0,67.0,1.0,66.0,94.0,43.0,3.0,40.0,103.0,45.0,4.0,41.0,104.0,0.0,,2.0,,36.0,46.0,6.0,1.0,1.0,8.0,12.0,21.0,102.0,21.0,108.0,33.0,103.0,112.0,205.0,220.0,102.0,111.0,2.0,33.0,2.0,2.0,35.0,94.0,494.0,1.0,2.0,41.0,2.0,39.0,122.0,31.0,9.0,22.0,91.0,3.5,3.0,,4.0,,1.0
191,1.0,2.0,133.0,0.0,133.0,97.0,6.0,91.0,120.0,4.0,116.0,22.0,60.0,26.0,132.0,42.0,131.0,473.0,26.0,130.0,488.0,14.0,126.0,484.0,19.0,128.0,499.0,3.0,101.0,4.0,76.0,58.0,7.0,51.0,127.0,56.0,4.0,52.0,128.0,33.0,8.0,25.0,119.0,36.0,22.0,14.0,104.0,3.0,3.0,32.0,66.0,5.0,4.0,3.0,2.0,1.0,9.0,114.0,8.0,108.0,23.0,131.0,125.0,245.0,233.0,127.0,119.0,29.0,122.0,483.0,2.0,3.0,23.0,1.0,22.0,122.0,26.0,0.0,26.0,117.0,,,3.5,4.0,88.0,1.0,2.0,165.0,2.0,163.0,185.0,13.0,172.0,133.0,1.0,132.0,22.0,54.0,26.0,118.0,45.0,117.0,483.0,29.0,119.0,497.0,23.0,120.0,505.0,24.0,136.0,516.0,45.0,4.0,37.0,3.0,73.0,1.0,72.0,129.0,72.0,3.0,69.0,126.0,45.0,4.0,41.0,123.0,43.0,4.0,39.0,121.0,4.0,4.0,32.0,59.0,5.0,8.0,4.0,4.0,1.0,10.0,109.0,10.0,108.0,24.0,114.0,107.0,223.0,215.0,113.0,108.0,38.0,123.0,500.0,3.0,4.0,37.0,3.0,34.0,121.0,35.0,0.0,35.0,114.0,3.5,3.5,4.5,4.5,,146.0,5.0,141.0,141.0,3.0,138.0,172.0,1.0,171.0,28.0,68.0,33.0,126.0,58.0,122.0,519.0,32.0,116.0,506.0,26.0,116.0,513.0,22.0,122.0,509.0,67.0,4.0,,96.0,3.0,,81.0,2.0,79.0,130.0,82.0,2.0,80.0,131.0,42.0,3.0,39.0,114.0,45.0,4.0,41.0,116.0,3.0,,4.0,,38.0,64.0,9.0,3.0,3.0,8.0,15.0,26.0,130.0,26.0,132.0,34.0,126.0,121.0,256.0,253.0,135.0,132.0,3.0,82.0,4.0,4.0,40.0,119.0,503.0,5.0,5.0,38.0,1.0,37.0,124.0,36.0,1.0,35.0,108.0,3.0,4.0,5.5,5.0,,163.0,1.0,162.0,151.0,5.0,146.0,181.0,2.0,179.0,28.0,62.0,31.0,114.0,57.0,114.0,516.0,33.0,113.0,509.0,23.0,106.0,505.0,21.0,112.0,506.0,76.0,4.0,,84.0,2.0,,72.0,0.0,72.0,105.0,78.0,2.0,76.0,111.0,43.0,3.0,40.0,107.0,45.0,3.0,42.0,110.0,4.0,,4.0,,42.0,64.0,6.0,1.0,1.0,7.0,17.0,25.0,123.0,25.0,121.0,30.0,109.0,105.0,232.0,226.0,119.0,115.0,2.0,109.0,4.0,4.0,42.0,115.0,507.0,6.0,6.0,44.0,4.0,40.0,123.0,37.0,2.0,35.0,112.0,3.0,6.0,,6.0,,
192,2.0,2.0,79.0,6.0,73.0,93.0,3.0,90.0,75.0,5.0,70.0,19.0,48.0,20.0,99.0,38.0,114.0,460.0,20.0,106.0,472.0,8.0,105.0,468.0,15.0,109.0,485.0,3.0,134.0,2.0,85.0,51.0,6.0,45.0,106.0,55.0,9.0,46.0,107.0,31.0,21.0,10.0,90.0,30.0,20.0,10.0,90.0,0.0,2.0,24.0,49.0,2.0,7.0,4.0,4.0,1.0,7.0,103.0,7.0,104.0,22.0,116.0,122.0,219.0,226.0,110.0,115.0,24.0,110.0,474.0,1.0,1.0,28.0,2.0,26.0,128.0,28.0,0.0,28.0,120.0,,,3.5,3.5,75.0,2.0,2.0,125.0,3.0,122.0,123.0,2.0,121.0,94.0,4.0,90.0,20.0,47.0,23.0,97.0,46.0,109.0,486.0,22.0,97.0,477.0,15.0,103.0,487.0,15.0,101.0,485.0,91.0,3.0,42.0,2.0,63.0,1.0,62.0,108.0,64.0,2.0,62.0,108.0,40.0,20.0,20.0,91.0,35.0,16.0,19.0,89.0,3.0,3.0,29.0,51.0,6.0,7.0,2.0,3.0,1.0,9.0,103.0,10.0,108.0,22.0,100.0,101.0,203.0,209.0,100.0,104.0,26.0,99.0,477.0,3.0,2.0,32.0,8.0,24.0,106.0,35.0,3.0,32.0,110.0,3.5,3.5,3.5,3.0,,139.0,3.0,136.0,97.0,4.0,93.0,114.0,6.0,108.0,22.0,49.0,30.0,108.0,50.0,104.0,497.0,28.0,99.0,494.0,18.0,99.0,493.0,17.0,100.0,492.0,89.0,2.0,,116.0,2.0,,67.0,0.0,67.0,98.0,72.0,2.0,70.0,102.0,32.0,9.0,23.0,86.0,34.0,12.0,22.0,85.0,2.0,,4.0,,31.0,48.0,10.0,3.0,3.0,4.0,11.0,18.0,105.0,18.0,104.0,25.0,97.0,97.0,202.0,201.0,100.0,100.0,2.0,51.0,3.0,4.0,34.0,102.0,492.0,4.0,4.0,39.0,2.0,37.0,124.0,41.0,1.0,40.0,117.0,3.0,2.0,3.0,3.0,,116.0,8.0,108.0,122.0,6.0,116.0,162.0,11.0,151.0,26.0,56.0,28.0,102.0,53.0,103.0,506.0,27.0,94.0,491.0,23.0,104.0,505.0,23.0,115.0,513.0,66.0,2.0,,67.0,1.0,,72.0,3.0,69.0,101.0,71.0,2.0,69.0,101.0,41.0,13.0,28.0,92.0,46.0,13.0,33.0,99.0,3.0,,2.0,,34.0,48.0,9.0,3.0,3.0,8.0,7.0,18.0,100.0,18.0,100.0,30.0,103.0,105.0,203.0,205.0,100.0,102.0,2.0,66.0,4.0,4.0,35.0,99.0,494.0,7.0,5.0,36.0,5.0,31.0,109.0,38.0,3.0,35.0,112.0,3.0,4.0,,,,1.0
193,1.0,1.0,64.0,5.0,59.0,70.0,17.0,53.0,55.0,7.0,48.0,19.0,48.0,21.0,103.0,37.0,114.0,457.0,18.0,103.0,465.0,12.0,113.0,480.0,13.0,103.0,478.0,2.0,128.0,1.0,103.0,38.0,8.0,30.0,93.0,41.0,7.0,34.0,96.0,27.0,13.0,14.0,96.0,23.0,12.0,11.0,91.0,2.0,1.0,23.0,47.0,5.0,4.0,2.0,2.0,2.0,9.0,110.0,9.0,109.0,17.0,104.0,103.0,214.0,212.0,107.0,106.0,18.0,105.0,464.0,3.0,3.0,23.0,3.0,20.0,120.0,20.0,4.0,16.0,95.0,,,4.0,4.0,97.0,1.0,1.0,119.0,1.0,118.0,108.0,5.0,103.0,93.0,5.0,88.0,20.0,47.0,22.0,94.0,40.0,100.0,467.0,26.0,104.0,488.0,14.0,101.0,484.0,16.0,104.0,489.0,110.0,3.0,61.0,2.0,64.0,5.0,59.0,103.0,66.0,2.0,64.0,110.0,39.0,16.0,23.0,95.0,37.0,17.0,20.0,91.0,2.0,4.0,32.0,56.0,4.0,4.0,1.0,1.0,3.0,8.0,99.0,8.0,98.0,26.0,110.0,107.0,209.0,205.0,104.0,102.0,34.0,112.0,492.0,8.0,11.0,35.0,3.0,32.0,118.0,31.0,3.0,28.0,102.0,3.0,3.5,3.0,3.0,,130.0,4.0,126.0,105.0,6.0,99.0,130.0,1.0,129.0,21.0,46.0,27.0,99.0,46.0,99.0,486.0,29.0,103.0,497.0,16.0,97.0,489.0,19.0,107.0,499.0,87.0,3.0,,99.0,0.0,,70.0,3.0,67.0,98.0,75.0,3.0,72.0,105.0,39.0,7.0,32.0,97.0,31.0,9.0,22.0,85.0,3.0,,2.0,,28.0,44.0,2.0,1.0,1.0,3.0,10.0,14.0,94.0,14.0,94.0,27.0,102.0,103.0,196.0,197.0,97.0,98.0,2.0,41.0,2.0,3.0,34.0,102.0,492.0,6.0,7.0,29.0,3.0,26.0,106.0,38.0,0.0,38.0,115.0,3.0,3.0,3.5,4.0,,124.0,2.0,122.0,124.0,4.0,120.0,132.0,3.0,129.0,25.0,52.0,28.0,102.0,50.0,98.0,497.0,29.0,97.0,497.0,20.0,99.0,498.0,23.0,114.0,513.0,81.0,2.0,,93.0,1.0,,67.0,1.0,66.0,97.0,65.0,1.0,64.0,95.0,41.0,11.0,30.0,95.0,46.0,9.0,37.0,103.0,2.0,,2.0,,40.0,56.0,9.0,3.0,2.0,9.0,11.0,23.0,112.0,22.0,110.0,27.0,96.0,95.0,208.0,205.0,104.0,102.0,2.0,60.0,4.0,4.0,39.0,105.0,502.0,5.0,7.0,27.0,3.0,24.0,97.0,35.0,1.0,34.0,107.0,3.5,3.5,,3.0,,
194,1.0,1.0,41.0,2.0,39.0,55.0,3.0,52.0,42.0,6.0,36.0,21.0,54.0,22.0,106.0,31.0,105.0,434.0,14.0,94.0,450.0,6.0,101.0,459.0,8.0,88.0,460.0,2.0,202.0,2.0,152.0,40.0,10.0,30.0,93.0,39.0,12.0,27.0,90.0,16.0,2.0,14.0,96.0,17.0,7.0,10.0,90.0,0.0,1.0,21.0,44.0,5.0,1.0,1.0,1.0,0.0,6.0,99.0,6.0,97.0,13.0,93.0,89.0,192.0,186.0,95.0,92.0,18.0,105.0,464.0,5.0,4.0,18.0,5.0,13.0,110.0,21.0,6.0,15.0,93.0,,,3.5,4.5,81.0,1.0,1.0,73.0,4.0,69.0,54.0,5.0,49.0,59.0,4.0,55.0,22.0,52.0,23.0,97.0,38.0,98.0,460.0,18.0,91.0,465.0,5.0,85.0,452.0,17.0,108.0,492.0,64.0,0.0,48.0,2.0,49.0,3.0,46.0,91.0,42.0,5.0,37.0,81.0,16.0,6.0,10.0,76.0,12.0,6.0,6.0,70.0,1.0,2.0,26.0,47.0,7.0,3.0,1.0,1.0,1.0,9.0,103.0,9.0,104.0,21.0,98.0,98.0,201.0,202.0,99.0,100.0,26.0,101.0,477.0,5.0,5.0,21.0,4.0,17.0,95.0,22.0,1.0,21.0,95.0,2.5,2.0,4.0,3.5,,67.0,5.0,62.0,49.0,8.0,41.0,99.0,2.0,97.0,20.0,44.0,25.0,92.0,42.0,93.0,473.0,24.0,93.0,483.0,9.0,89.0,471.0,23.0,120.0,513.0,166.0,2.0,,199.0,3.0,,53.0,7.0,46.0,75.0,59.0,7.0,52.0,80.0,19.0,7.0,12.0,72.0,17.0,5.0,12.0,72.0,1.0,,3.0,,26.0,41.0,7.0,2.0,2.0,5.0,13.0,20.0,110.0,20.0,110.0,24.0,95.0,95.0,205.0,205.0,102.0,102.0,2.0,57.0,4.0,4.0,29.0,97.0,483.0,6.0,6.0,29.0,10.0,19.0,95.0,26.0,3.0,23.0,94.0,3.5,3.5,4.0,3.5,,66.0,12.0,54.0,96.0,5.0,91.0,110.0,4.0,106.0,22.0,46.0,23.0,87.0,43.0,89.0,477.0,26.0,92.0,488.0,15.0,93.0,487.0,19.0,101.0,499.0,105.0,3.0,,120.0,1.0,,63.0,2.0,61.0,91.0,68.0,5.0,63.0,94.0,22.0,10.0,12.0,72.0,20.0,10.0,10.0,69.0,3.0,,1.0,,32.0,45.0,2.0,1.0,1.0,8.0,15.0,24.0,115.0,24.0,116.0,28.0,98.0,98.0,213.0,214.0,106.0,107.0,2.0,45.0,3.0,3.0,30.0,92.0,485.0,6.0,6.0,24.0,0.0,24.0,97.0,22.0,3.0,19.0,84.0,3.5,4.0,,3.0,,
195,2.0,1.0,33.0,2.0,31.0,31.0,0.0,31.0,32.0,1.0,31.0,21.0,54.0,22.0,106.0,38.0,115.0,460.0,22.0,112.0,477.0,16.0,118.0,489.0,9.0,91.0,464.0,0.0,131.0,1.0,68.0,33.0,1.0,32.0,95.0,34.0,3.0,31.0,94.0,15.0,1.0,14.0,96.0,16.0,0.0,16.0,99.0,0.0,1.0,26.0,52.0,3.0,3.0,1.0,1.0,0.0,4.0,90.0,4.0,87.0,16.0,101.0,100.0,191.0,187.0,94.0,92.0,24.0,111.0,474.0,4.0,2.0,14.0,1.0,13.0,110.0,21.0,0.0,21.0,103.0,,,4.0,4.0,88.0,2.0,1.0,75.0,7.0,68.0,82.0,3.0,79.0,77.0,4.0,73.0,22.0,52.0,23.0,97.0,45.0,108.0,483.0,25.0,102.0,486.0,21.0,111.0,500.0,16.0,104.0,489.0,181.0,4.0,124.0,4.0,52.0,0.0,52.0,96.0,47.0,1.0,46.0,91.0,26.0,4.0,22.0,93.0,22.0,5.0,17.0,87.0,0.0,4.0,28.0,50.0,3.0,1.0,1.0,0.0,4.0,8.0,99.0,7.0,97.0,24.0,105.0,107.0,204.0,204.0,101.0,101.0,29.0,104.0,483.0,3.0,4.0,26.0,2.0,24.0,106.0,20.0,3.0,17.0,90.0,3.0,3.5,4.0,4.0,,101.0,4.0,97.0,105.0,5.0,100.0,95.0,1.0,94.0,25.0,55.0,26.0,96.0,52.0,107.0,503.0,27.0,98.0,491.0,26.0,112.0,513.0,21.0,113.0,506.0,99.0,1.0,,136.0,3.0,,63.0,1.0,62.0,92.0,65.0,1.0,64.0,95.0,33.0,10.0,23.0,86.0,31.0,6.0,25.0,89.0,2.0,,3.0,,32.0,50.0,8.0,2.0,2.0,2.0,9.0,13.0,92.0,13.0,92.0,28.0,104.0,105.0,196.0,197.0,97.0,98.0,2.0,83.0,4.0,4.0,33.0,100.0,490.0,3.0,5.0,23.0,1.0,22.0,100.0,26.0,4.0,22.0,93.0,3.0,3.5,3.5,4.0,,,,,,,,,,,,,,,,,,,,,,,,,,,,,,,,,,,,,,,,,,,,,,,,,,,,,,,,,,,,,,,,,,,,,,,,,,,,,,,,,,,,,,,,,,,,,
196,4.0,2.0,38.0,11.0,27.0,28.0,6.0,22.0,42.0,12.0,30.0,17.0,46.0,22.0,112.0,31.0,108.0,434.0,15.0,99.0,454.0,6.0,104.0,459.0,11.0,98.0,471.0,0.0,162.0,2.0,118.0,36.0,12.0,24.0,94.0,39.0,11.0,28.0,97.0,27.0,21.0,6.0,86.0,26.0,20.0,6.0,86.0,0.0,0.0,18.0,41.0,2.0,4.0,3.0,2.0,1.0,6.0,100.0,5.0,93.0,15.0,104.0,96.0,204.0,189.0,101.0,93.0,14.0,103.0,457.0,3.0,0.0,16.0,6.0,10.0,105.0,13.0,4.0,9.0,83.0,,,3.5,3.5,32.0,4.0,2.0,107.0,1.0,106.0,82.0,8.0,74.0,90.0,5.0,85.0,21.0,52.0,23.0,100.0,41.0,106.0,470.0,20.0,96.0,472.0,11.0,100.0,477.0,17.0,110.0,492.0,83.0,1.0,55.0,1.0,72.0,7.0,65.0,115.0,73.0,10.0,63.0,113.0,46.0,25.0,21.0,97.0,48.0,30.0,18.0,93.0,0.0,0.0,22.0,42.0,3.0,7.0,4.0,3.0,1.0,8.0,101.0,7.0,97.0,20.0,101.0,95.0,202.0,192.0,100.0,95.0,21.0,98.0,469.0,3.0,0.0,25.0,1.0,24.0,106.0,22.0,5.0,17.0,90.0,3.0,2.5,3.0,3.0,,103.0,6.0,97.0,82.0,11.0,71.0,101.0,7.0,94.0,23.0,53.0,28.0,106.0,44.0,97.0,480.0,24.0,94.0,483.0,14.0,96.0,484.0,16.0,99.0,489.0,39.0,1.0,,26.0,0.0,,69.0,2.0,67.0,106.0,73.0,9.0,64.0,103.0,53.0,26.0,27.0,95.0,54.0,27.0,27.0,95.0,0.0,,2.0,,20.0,34.0,4.0,1.0,1.0,0.0,9.0,10.0,84.0,10.0,84.0,27.0,106.0,103.0,190.0,187.0,94.0,92.0,2.0,39.0,3.0,3.0,23.0,91.0,472.0,4.0,0.0,30.0,8.0,22.0,100.0,34.0,14.0,20.0,90.0,3.0,3.5,3.0,3.0,,95.0,6.0,89.0,122.0,6.0,116.0,136.0,17.0,119.0,21.0,44.0,28.0,102.0,46.0,94.0,486.0,22.0,86.0,477.0,18.0,97.0,493.0,17.0,97.0,492.0,28.0,2.0,,24.0,0.0,,72.0,2.0,70.0,102.0,70.0,2.0,68.0,100.0,55.0,14.0,41.0,108.0,54.0,14.0,40.0,107.0,2.0,,2.0,,28.0,40.0,9.0,3.0,2.0,4.0,13.0,20.0,105.0,19.0,101.0,30.0,103.0,102.0,208.0,203.0,104.0,101.0,2.0,51.0,3.0,3.0,27.0,89.0,479.0,3.0,2.0,26.0,6.0,20.0,89.0,25.0,5.0,20.0,85.0,3.5,4.0,,3.5,,
197,2.0,2.0,42.0,2.0,40.0,69.0,15.0,54.0,47.0,3.0,44.0,19.0,51.0,22.0,112.0,35.0,116.0,449.0,18.0,108.0,465.0,14.0,120.0,484.0,21.0,132.0,506.0,1.0,376.0,2.0,207.0,27.0,3.0,24.0,94.0,32.0,4.0,28.0,97.0,17.0,9.0,8.0,90.0,11.0,5.0,6.0,86.0,2.0,3.0,28.0,58.0,5.0,2.0,2.0,1.0,2.0,9.0,112.0,8.0,104.0,21.0,120.0,115.0,232.0,219.0,119.0,110.0,20.0,110.0,467.0,0.0,0.0,21.0,3.0,18.0,117.0,17.0,2.0,15.0,93.0,,,5.0,4.5,65.0,2.0,2.0,90.0,0.0,90.0,111.0,3.0,108.0,97.0,3.0,94.0,25.0,63.0,23.0,100.0,48.0,115.0,491.0,29.0,115.0,497.0,19.0,110.0,495.0,23.0,130.0,513.0,111.0,4.0,82.0,4.0,52.0,0.0,52.0,102.0,45.0,0.0,45.0,92.0,19.0,1.0,18.0,93.0,20.0,1.0,19.0,94.0,1.0,4.0,30.0,55.0,2.0,2.0,1.0,1.0,3.0,6.0,94.0,6.0,91.0,25.0,112.0,104.0,206.0,195.0,102.0,96.0,30.0,109.0,485.0,2.0,4.0,26.0,3.0,23.0,104.0,30.0,0.0,30.0,105.0,3.0,3.5,4.5,4.0,,,,,,,,,,,,,,,,,,,,,,,,,,,,,,,,,,,,,,,,,,,,,,,,,,,,,,,,,,,,,,,,,,,,,,,,,,,,,,,,,,,,,,,,4.0,3.5,4.0,3.0,,,,,,,,,,,,,,,,,,,,,,,,,,,,,,,,,,,,,,,,,,,,,,,,,,,,,,,,,,,,,,,,,,,,,,,,,,,,,,,,,,,,,,,,,,,,,
198,2.0,2.0,26.0,5.0,21.0,24.0,3.0,21.0,20.0,6.0,14.0,19.0,46.0,22.0,93.0,30.0,88.0,431.0,15.0,85.0,454.0,6.0,89.0,459.0,15.0,102.0,485.0,1.0,351.0,2.0,126.0,23.0,3.0,20.0,69.0,23.0,6.0,17.0,66.0,10.0,3.0,7.0,76.0,7.0,3.0,4.0,70.0,2.0,1.0,28.0,52.0,0.0,1.0,1.0,1.0,1.0,2.0,79.0,2.0,77.0,12.0,81.0,86.0,160.0,163.0,79.0,80.0,20.0,96.0,467.0,2.0,2.0,19.0,11.0,8.0,100.0,14.0,5.0,9.0,83.0,,,3.5,3.5,34.0,2.0,2.0,,,,,,,,,,,,,,,,,,,,,,,,,,,,,,,,,,,,,,,,,,,,,,,,,,,,,,,,,,,,,,,,,,,,,,,,,,,,,,,2.0,3.5,3.5,4.0,,83.0,5.0,78.0,86.0,6.0,80.0,102.0,5.0,97.0,26.0,56.0,26.0,92.0,44.0,91.0,480.0,27.0,94.0,491.0,21.0,100.0,500.0,19.0,101.0,499.0,107.0,1.0,,136.0,2.0,,59.0,0.0,59.0,88.0,62.0,1.0,61.0,91.0,26.0,6.0,20.0,82.0,20.0,4.0,16.0,77.0,3.0,,2.0,,35.0,49.0,10.0,3.0,3.0,3.0,8.0,14.0,89.0,14.0,93.0,24.0,90.0,93.0,179.0,186.0,88.0,92.0,2.0,88.0,4.0,4.0,35.0,98.0,494.0,4.0,3.0,25.0,1.0,24.0,103.0,21.0,4.0,17.0,85.0,3.0,3.0,3.5,3.5,,80.0,4.0,76.0,91.0,5.0,86.0,122.0,3.0,119.0,24.0,48.0,26.0,90.0,51.0,96.0,500.0,30.0,96.0,500.0,20.0,97.0,498.0,20.0,100.0,502.0,122.0,2.0,,128.0,1.0,,63.0,1.0,62.0,89.0,65.0,1.0,64.0,91.0,26.0,5.0,21.0,80.0,27.0,5.0,22.0,81.0,0.0,,2.0,,40.0,51.0,10.0,3.0,3.0,5.0,6.0,14.0,85.0,14.0,89.0,23.0,81.0,86.0,166.0,175.0,82.0,86.0,2.0,55.0,3.0,4.0,39.0,99.0,502.0,4.0,7.0,22.0,4.0,18.0,85.0,24.0,5.0,19.0,84.0,3.0,2.0,,4.0,,0.0
199,1.0,2.0,38.0,2.0,36.0,26.0,3.0,23.0,26.0,4.0,22.0,15.0,33.0,23.0,105.0,35.0,104.0,449.0,15.0,91.0,454.0,17.0,113.0,491.0,8.0,86.0,460.0,0.0,84.0,0.0,59.0,30.0,3.0,27.0,90.0,32.0,3.0,29.0,92.0,15.0,2.0,13.0,94.0,17.0,5.0,12.0,93.0,0.0,1.0,17.0,36.0,3.0,4.0,2.0,2.0,1.0,6.0,97.0,6.0,97.0,17.0,98.0,103.0,195.0,200.0,96.0,99.0,18.0,100.0,464.0,2.0,3.0,18.0,1.0,17.0,115.0,15.0,3.0,12.0,89.0,,,4.5,5.0,70.0,1.0,2.0,,,,,,,,,,,,,,,,,,,,,,,,,,,,,,,,,,,,,,,,,,,,,,,,,,,,,,,,,,,,,,,,,,,,,,,,,,,,,,,3.0,3.5,4.0,4.0,,,,,,,,,,,,,,,,,,,,,,,,,,,,,,,,,,,,,,,,,,,,,,,,,,,,,,,,,,,,,,,,,,,,,,,,,,,,,,,,,,,,,,,,3.5,4.0,4.0,4.0,,,,,,,,,,,,,,,,,,,,,,,,,,,,,,,,,,,,,,,,,,,,,,,,,,,,,,,,,,,,,,,,,,,,,,,,,,,,,,,,,,,,,,,,,,,,,
200,2.0,1.0,69.0,4.0,65.0,77.0,1.0,76.0,69.0,2.0,67.0,18.0,44.0,24.0,109.0,42.0,113.0,473.0,22.0,104.0,477.0,18.0,113.0,493.0,16.0,109.0,489.0,3.0,176.0,1.0,70.0,40.0,2.0,38.0,94.0,45.0,1.0,44.0,100.0,26.0,7.0,19.0,98.0,21.0,3.0,18.0,97.0,1.0,3.0,28.0,53.0,3.0,4.0,2.0,2.0,0.0,5.0,93.0,5.0,93.0,20.0,105.0,112.0,198.0,205.0,98.0,102.0,28.0,110.0,481.0,1.0,1.0,24.0,2.0,22.0,122.0,24.0,1.0,23.0,106.0,,,4.0,4.0,88.0,2.0,1.0,123.0,0.0,123.0,117.0,2.0,115.0,103.0,1.0,102.0,25.0,57.0,27.0,110.0,54.0,115.0,508.0,27.0,102.0,491.0,29.0,122.0,525.0,22.0,121.0,509.0,106.0,4.0,58.0,4.0,64.0,2.0,62.0,108.0,64.0,1.0,63.0,109.0,33.0,4.0,29.0,102.0,41.0,3.0,38.0,112.0,1.0,4.0,38.0,64.0,6.0,3.0,1.0,1.0,2.0,9.0,101.0,9.0,101.0,26.0,106.0,107.0,207.0,208.0,103.0,104.0,32.0,104.0,488.0,3.0,3.0,39.0,1.0,38.0,128.0,37.0,2.0,35.0,112.0,3.0,3.5,3.5,3.5,,153.0,5.0,148.0,126.0,1.0,125.0,152.0,1.0,151.0,27.0,59.0,31.0,111.0,61.0,120.0,527.0,29.0,100.0,497.0,31.0,127.0,538.0,21.0,111.0,506.0,73.0,3.0,,98.0,4.0,,72.0,0.0,72.0,105.0,75.0,0.0,75.0,109.0,40.0,3.0,37.0,103.0,44.0,2.0,42.0,110.0,3.0,,4.0,,43.0,63.0,6.0,1.0,1.0,1.0,15.0,17.0,98.0,17.0,102.0,32.0,110.0,115.0,208.0,217.0,104.0,109.0,3.0,42.0,3.0,3.0,37.0,105.0,498.0,4.0,3.0,38.0,2.0,36.0,122.0,36.0,5.0,31.0,103.0,3.5,5.0,3.5,3.5,,128.0,3.0,125.0,119.0,3.0,116.0,155.0,0.0,155.0,28.0,57.0,41.0,134.0,63.0,119.0,533.0,34.0,110.0,512.0,28.0,113.0,520.0,25.0,117.0,520.0,65.0,2.0,,71.0,2.0,,73.0,0.0,73.0,103.0,67.0,0.0,67.0,95.0,42.0,5.0,37.0,99.0,47.0,4.0,43.0,107.0,4.0,,4.0,,47.0,61.0,5.0,1.0,1.0,6.0,13.0,20.0,102.0,20.0,104.0,41.0,122.0,129.0,224.0,233.0,113.0,119.0,3.0,104.0,4.0,4.0,43.0,108.0,509.0,5.0,4.0,41.0,1.0,40.0,123.0,41.0,2.0,39.0,115.0,5.0,3.5,,4.0,,
201,2.0,1.0,36.0,1.0,35.0,25.0,3.0,22.0,34.0,4.0,30.0,18.0,49.0,18.0,102.0,33.0,115.0,442.0,17.0,108.0,462.0,14.0,122.0,484.0,12.0,102.0,475.0,1.0,164.0,0.0,155.0,43.0,7.0,36.0,110.0,39.0,8.0,31.0,105.0,16.0,2.0,14.0,104.0,18.0,5.0,13.0,102.0,0.0,1.0,19.0,42.0,4.0,4.0,3.0,2.0,0.0,7.0,104.0,6.0,97.0,17.0,109.0,103.0,213.0,200.0,106.0,99.0,23.0,115.0,472.0,2.0,2.0,16.0,4.0,12.0,108.0,18.0,2.0,16.0,95.0,,,3.5,4.0,70.0,2.0,1.0,102.0,2.0,100.0,94.0,7.0,87.0,88.0,4.0,84.0,19.0,46.0,26.0,114.0,45.0,114.0,483.0,21.0,99.0,475.0,24.0,120.0,508.0,16.0,108.0,489.0,134.0,1.0,71.0,4.0,61.0,1.0,60.0,117.0,60.0,0.0,60.0,117.0,30.0,2.0,28.0,109.0,33.0,1.0,32.0,113.0,0.0,1.0,25.0,48.0,6.0,7.0,4.0,3.0,0.0,10.0,109.0,9.0,104.0,25.0,116.0,110.0,225.0,214.0,114.0,107.0,31.0,112.0,486.0,3.0,1.0,28.0,1.0,27.0,110.0,30.0,3.0,27.0,103.0,1.5,3.5,3.5,3.5,,96.0,13.0,83.0,87.0,7.0,80.0,89.0,5.0,84.0,22.0,50.0,27.0,103.0,49.0,106.0,494.0,26.0,98.0,488.0,25.0,113.0,510.0,19.0,110.0,499.0,114.0,1.0,,101.0,3.0,,63.0,1.0,62.0,101.0,69.0,0.0,69.0,109.0,37.0,4.0,33.0,103.0,47.0,9.0,38.0,109.0,2.0,,4.0,,27.0,45.0,6.0,2.0,1.0,3.0,17.0,22.0,116.0,21.0,113.0,32.0,117.0,115.0,233.0,228.0,119.0,117.0,2.0,28.0,2.0,2.0,31.0,100.0,486.0,6.0,7.0,24.0,1.0,23.0,102.0,26.0,2.0,24.0,96.0,3.0,4.0,4.0,3.0,,88.0,7.0,81.0,106.0,5.0,101.0,133.0,3.0,130.0,24.0,51.0,29.0,105.0,56.0,110.0,514.0,27.0,95.0,491.0,31.0,127.0,538.0,25.0,122.0,520.0,90.0,1.0,,101.0,1.0,,71.0,1.0,70.0,102.0,71.0,3.0,68.0,100.0,34.0,3.0,31.0,96.0,35.0,1.0,34.0,100.0,2.0,,2.0,,36.0,53.0,6.0,1.0,1.0,6.0,14.0,21.0,109.0,21.0,107.0,32.0,110.0,107.0,219.0,214.0,110.0,107.0,2.0,65.0,4.0,4.0,37.0,104.0,498.0,7.0,7.0,26.0,2.0,24.0,97.0,28.0,4.0,24.0,91.0,3.0,4.0,,4.0,,
202,2.0,1.0,62.0,1.0,61.0,72.0,6.0,66.0,72.0,1.0,71.0,20.0,54.0,21.0,114.0,38.0,124.0,460.0,20.0,117.0,472.0,12.0,121.0,480.0,12.0,103.0,475.0,2.0,1149.0,2.0,1569.0,52.0,1.0,51.0,127.0,59.0,1.0,58.0,134.0,33.0,13.0,20.0,113.0,36.0,12.0,24.0,118.0,0.0,2.0,27.0,53.0,1.0,3.0,2.0,1.0,0.0,3.0,89.0,2.0,77.0,17.0,115.0,103.0,204.0,180.0,101.0,89.0,24.0,116.0,474.0,2.0,3.0,25.0,1.0,24.0,125.0,26.0,2.0,24.0,107.0,,,3.0,3.0,75.0,2.0,1.0,148.0,22.0,126.0,131.0,30.0,101.0,136.0,19.0,117.0,21.0,52.0,22.0,100.0,47.0,118.0,489.0,24.0,107.0,483.0,21.0,116.0,500.0,16.0,108.0,489.0,68.0,3.0,39.0,2.0,60.0,1.0,59.0,116.0,61.0,3.0,58.0,115.0,28.0,6.0,22.0,102.0,33.0,9.0,24.0,104.0,2.0,3.0,28.0,53.0,4.0,5.0,2.0,2.0,2.0,8.0,102.0,8.0,101.0,16.0,96.0,84.0,198.0,185.0,98.0,91.0,28.0,110.0,481.0,4.0,3.0,36.0,4.0,32.0,118.0,33.0,3.0,30.0,107.0,3.0,3.0,3.5,2.0,,145.0,6.0,139.0,108.0,8.0,100.0,135.0,7.0,128.0,22.0,50.0,28.0,106.0,50.0,109.0,497.0,25.0,98.0,486.0,20.0,106.0,498.0,23.0,124.0,513.0,49.0,2.0,,67.0,3.0,,75.0,0.0,75.0,123.0,75.0,0.0,75.0,123.0,46.0,16.0,30.0,103.0,50.0,9.0,41.0,116.0,3.0,,4.0,,36.0,61.0,5.0,1.0,1.0,5.0,12.0,18.0,105.0,18.0,104.0,25.0,104.0,97.0,209.0,201.0,104.0,100.0,2.0,21.0,2.0,1.0,41.0,120.0,505.0,3.0,4.0,41.0,2.0,39.0,127.0,34.0,3.0,31.0,103.0,3.0,3.0,3.5,3.5,,134.0,8.0,126.0,149.0,11.0,138.0,198.0,16.0,182.0,25.0,55.0,30.0,111.0,55.0,111.0,511.0,30.0,104.0,500.0,23.0,106.0,505.0,22.0,115.0,509.0,37.0,3.0,,40.0,1.0,,78.0,3.0,75.0,109.0,77.0,1.0,76.0,111.0,43.0,1.0,42.0,110.0,48.0,4.0,44.0,112.0,2.0,,3.0,,39.0,60.0,3.0,1.0,1.0,3.0,12.0,16.0,100.0,16.0,95.0,24.0,95.0,90.0,195.0,185.0,96.0,91.0,2.0,27.0,1.0,1.0,43.0,117.0,509.0,3.0,10.0,38.0,3.0,35.0,116.0,43.0,5.0,38.0,117.0,3.0,3.0,,4.0,,
203,2.0,1.0,91.0,0.0,91.0,96.0,2.0,94.0,87.0,3.0,84.0,21.0,54.0,26.0,127.0,42.0,122.0,473.0,22.0,113.0,477.0,23.0,128.0,505.0,14.0,107.0,482.0,3.0,104.0,3.0,57.0,59.0,1.0,58.0,122.0,60.0,3.0,57.0,121.0,29.0,4.0,25.0,114.0,25.0,6.0,19.0,107.0,0.0,3.0,30.0,61.0,4.0,2.0,2.0,1.0,3.0,9.0,112.0,8.0,104.0,21.0,120.0,115.0,232.0,219.0,119.0,110.0,28.0,116.0,481.0,1.0,1.0,28.0,2.0,26.0,128.0,27.0,2.0,25.0,108.0,,,4.0,4.5,95.0,2.0,1.0,112.0,1.0,111.0,114.0,3.0,111.0,94.0,1.0,93.0,22.0,54.0,28.0,117.0,48.0,115.0,491.0,25.0,105.0,486.0,23.0,116.0,505.0,15.0,103.0,485.0,75.0,3.0,46.0,2.0,64.0,2.0,62.0,112.0,62.0,1.0,61.0,111.0,36.0,5.0,31.0,108.0,36.0,3.0,33.0,111.0,0.0,2.0,30.0,55.0,4.0,5.0,2.0,2.0,1.0,7.0,97.0,7.0,97.0,25.0,112.0,110.0,209.0,207.0,104.0,103.0,30.0,109.0,485.0,1.0,3.0,36.0,4.0,32.0,118.0,35.0,2.0,33.0,111.0,4.0,4.0,4.0,4.0,,149.0,2.0,147.0,129.0,3.0,126.0,150.0,1.0,149.0,26.0,60.0,32.0,119.0,56.0,115.0,514.0,29.0,104.0,497.0,26.0,114.0,513.0,24.0,125.0,516.0,53.0,1.0,,75.0,2.0,,74.0,1.0,73.0,114.0,75.0,1.0,74.0,115.0,37.0,4.0,33.0,103.0,41.0,7.0,34.0,104.0,3.0,,2.0,,36.0,58.0,11.0,4.0,4.0,6.0,11.0,21.0,113.0,21.0,113.0,28.0,108.0,105.0,221.0,218.0,111.0,109.0,2.0,33.0,3.0,2.0,35.0,107.0,494.0,2.0,6.0,31.0,2.0,29.0,111.0,30.0,3.0,27.0,99.0,5.0,4.0,4.5,5.0,,144.0,2.0,142.0,133.0,3.0,130.0,173.0,1.0,172.0,23.0,49.0,35.0,122.0,61.0,119.0,527.0,31.0,104.0,503.0,28.0,115.0,520.0,23.0,116.0,513.0,45.0,2.0,,50.0,1.0,,75.0,0.0,75.0,109.0,72.0,1.0,71.0,103.0,44.0,5.0,39.0,106.0,47.0,4.0,43.0,111.0,1.0,,2.0,,39.0,55.0,8.0,2.0,2.0,5.0,11.0,18.0,100.0,18.0,100.0,37.0,119.0,122.0,219.0,222.0,110.0,112.0,3.0,55.0,4.0,4.0,35.0,99.0,494.0,8.0,4.0,34.0,0.0,34.0,114.0,30.0,6.0,24.0,94.0,4.5,5.0,,5.0,,
204,2.0,2.0,42.0,10.0,32.0,47.0,7.0,40.0,52.0,8.0,44.0,19.0,51.0,21.0,114.0,35.0,119.0,449.0,15.0,105.0,454.0,13.0,122.0,482.0,19.0,127.0,499.0,0.0,195.0,2.0,190.0,35.0,4.0,31.0,105.0,38.0,6.0,32.0,106.0,13.0,5.0,8.0,94.0,14.0,7.0,7.0,92.0,0.0,2.0,32.0,66.0,5.0,3.0,2.0,1.0,0.0,7.0,107.0,6.0,97.0,15.0,109.0,96.0,216.0,193.0,108.0,95.0,18.0,110.0,464.0,1.0,0.0,22.0,1.0,21.0,121.0,20.0,2.0,18.0,98.0,,,3.0,3.5,65.0,2.0,2.0,83.0,6.0,77.0,88.0,3.0,85.0,92.0,14.0,78.0,22.0,54.0,23.0,108.0,41.0,112.0,470.0,24.0,108.0,483.0,13.0,107.0,482.0,18.0,116.0,496.0,148.0,1.0,67.0,3.0,53.0,1.0,52.0,107.0,50.0,0.0,50.0,105.0,27.0,6.0,21.0,101.0,22.0,8.0,14.0,91.0,0.0,3.0,25.0,48.0,4.0,1.0,1.0,0.0,3.0,8.0,102.0,7.0,97.0,19.0,102.0,92.0,204.0,189.0,101.0,93.0,30.0,113.0,485.0,1.0,3.0,18.0,5.0,13.0,89.0,22.0,0.0,22.0,96.0,2.0,4.0,3.0,3.5,,75.0,1.0,74.0,62.0,9.0,53.0,101.0,2.0,99.0,22.0,50.0,29.0,113.0,44.0,100.0,480.0,24.0,96.0,483.0,12.0,96.0,480.0,18.0,108.0,496.0,130.0,1.0,,129.0,1.0,,60.0,2.0,58.0,102.0,62.0,4.0,58.0,102.0,25.0,6.0,19.0,89.0,27.0,8.0,19.0,89.0,2.0,,2.0,,40.0,67.0,6.0,2.0,1.0,1.0,9.0,12.0,89.0,11.0,87.0,26.0,106.0,100.0,195.0,187.0,96.0,92.0,2.0,22.0,2.0,2.0,30.0,101.0,485.0,4.0,5.0,29.0,3.0,26.0,106.0,26.0,2.0,24.0,96.0,2.5,3.5,3.0,4.0,,75.0,6.0,69.0,96.0,7.0,89.0,119.0,3.0,116.0,28.0,62.0,28.0,105.0,51.0,104.0,500.0,27.0,97.0,491.0,19.0,100.0,495.0,21.0,112.0,506.0,130.0,0.0,,131.0,0.0,,64.0,2.0,62.0,92.0,66.0,2.0,64.0,95.0,25.0,6.0,19.0,81.0,24.0,8.0,16.0,77.0,0.0,,2.0,,38.0,59.0,8.0,2.0,2.0,2.0,10.0,14.0,94.0,14.0,90.0,26.0,99.0,94.0,193.0,184.0,95.0,91.0,2.0,23.0,1.0,1.0,37.0,107.0,498.0,6.0,8.0,22.0,2.0,20.0,89.0,21.0,3.0,18.0,85.0,3.5,4.0,,4.0,,
205,2.0,1.0,116.0,1.0,115.0,98.0,0.0,98.0,122.0,0.0,122.0,19.0,51.0,26.0,127.0,53.0,138.0,506.0,26.0,125.0,488.0,29.0,142.0,525.0,16.0,115.0,489.0,2.0,106.0,4.0,78.0,63.0,0.0,63.0,126.0,57.0,1.0,56.0,120.0,34.0,0.0,34.0,123.0,38.0,1.0,37.0,126.0,0.0,3.0,26.0,54.0,7.0,6.0,4.0,3.0,4.0,15.0,132.0,14.0,130.0,28.0,137.0,137.0,269.0,267.0,144.0,141.0,34.0,124.0,492.0,3.0,1.0,32.0,0.0,32.0,134.0,33.0,1.0,32.0,118.0,,,4.0,3.5,95.0,2.0,1.0,136.0,0.0,136.0,134.0,12.0,122.0,109.0,0.0,109.0,21.0,52.0,32.0,130.0,56.0,127.0,514.0,26.0,109.0,488.0,27.0,124.0,517.0,16.0,107.0,489.0,65.0,3.0,41.0,3.0,68.0,1.0,67.0,117.0,64.0,0.0,64.0,114.0,44.0,3.0,41.0,119.0,44.0,3.0,41.0,119.0,1.0,1.0,19.0,38.0,8.0,4.0,2.0,1.0,4.0,14.0,120.0,13.0,120.0,36.0,140.0,142.0,260.0,262.0,138.0,138.0,37.0,120.0,498.0,3.0,3.0,39.0,1.0,38.0,128.0,42.0,3.0,39.0,120.0,4.0,5.0,5.0,5.5,,,,,,,,,,,,,,,,,,,,,,,,,,,,,,,,,,,,,,,,,,,,,,,,,,,,,,,,,,,,,,,,,,,,,,,,,,,,,,,,,,,,,,,,4.0,4.0,4.5,4.0,,126.0,0.0,126.0,133.0,1.0,132.0,174.0,1.0,173.0,26.0,56.0,35.0,126.0,62.0,121.0,530.0,34.0,115.0,512.0,27.0,113.0,517.0,24.0,120.0,516.0,77.0,2.0,,88.0,2.0,,76.0,1.0,75.0,109.0,72.0,2.0,70.0,102.0,46.0,2.0,44.0,112.0,39.0,1.0,38.0,105.0,2.0,,2.0,,38.0,56.0,4.0,1.0,1.0,6.0,15.0,22.0,111.0,22.0,111.0,34.0,115.0,114.0,226.0,225.0,115.0,114.0,2.0,57.0,4.0,4.0,44.0,117.0,511.0,7.0,8.0,48.0,2.0,46.0,131.0,46.0,3.0,43.0,125.0,3.5,4.0,,4.0,,
206,2.0,1.0,111.0,1.0,110.0,100.0,1.0,99.0,106.0,0.0,106.0,23.0,63.0,25.0,124.0,49.0,132.0,494.0,27.0,125.0,491.0,22.0,128.0,502.0,16.0,114.0,489.0,4.0,112.0,4.0,72.0,64.0,4.0,60.0,124.0,68.0,3.0,65.0,128.0,34.0,1.0,33.0,122.0,38.0,3.0,35.0,124.0,2.0,2.0,,,1.0,5.0,3.0,2.0,1.0,5.0,96.0,4.0,87.0,19.0,114.0,109.0,210.0,196.0,105.0,97.0,31.0,120.0,486.0,4.0,6.0,41.0,0.0,41.0,143.0,38.0,3.0,35.0,122.0,,,4.0,4.5,88.0,2.0,1.0,148.0,2.0,146.0,138.0,1.0,137.0,121.0,2.0,119.0,22.0,54.0,27.0,113.0,55.0,124.0,511.0,26.0,108.0,488.0,27.0,123.0,517.0,18.0,113.0,496.0,69.0,3.0,38.0,4.0,73.0,2.0,71.0,121.0,69.0,4.0,65.0,115.0,42.0,3.0,39.0,117.0,43.0,3.0,40.0,118.0,3.0,3.0,35.0,63.0,1.0,6.0,3.0,2.0,8.0,12.0,114.0,11.0,112.0,26.0,115.0,114.0,229.0,226.0,117.0,115.0,37.0,119.0,498.0,6.0,7.0,45.0,2.0,43.0,138.0,43.0,2.0,41.0,123.0,4.5,5.0,4.0,5.0,,135.0,2.0,133.0,131.0,1.0,130.0,110.0,3.0,107.0,25.0,57.0,33.0,122.0,60.0,122.0,525.0,32.0,114.0,506.0,27.0,116.0,517.0,22.0,119.0,509.0,57.0,4.0,,78.0,3.0,,68.0,0.0,68.0,108.0,70.0,0.0,70.0,110.0,38.0,3.0,35.0,105.0,46.0,3.0,43.0,115.0,3.0,,3.0,,35.0,57.0,8.0,3.0,2.0,5.0,17.0,25.0,126.0,24.0,124.0,30.0,113.0,110.0,239.0,234.0,123.0,119.0,3.0,59.0,4.0,4.0,38.0,113.0,500.0,7.0,7.0,41.0,2.0,39.0,127.0,41.0,1.0,40.0,117.0,4.0,4.0,4.0,4.5,,143.0,2.0,141.0,151.0,1.0,150.0,164.0,3.0,161.0,27.0,57.0,31.0,110.0,60.0,117.0,525.0,36.0,121.0,518.0,30.0,122.0,530.0,27.0,129.0,527.0,41.0,2.0,,42.0,3.0,,72.0,0.0,72.0,105.0,72.0,2.0,70.0,102.0,50.0,0.0,50.0,120.0,54.0,3.0,51.0,121.0,4.0,,4.0,,40.0,58.0,8.0,2.0,2.0,7.0,16.0,25.0,119.0,25.0,121.0,35.0,117.0,117.0,236.0,238.0,121.0,122.0,3.0,52.0,4.0,3.0,39.0,108.0,502.0,3.0,7.0,43.0,4.0,39.0,122.0,44.0,3.0,41.0,121.0,4.0,5.0,,4.0,,
207,2.0,1.0,71.0,2.0,69.0,66.0,19.0,47.0,58.0,5.0,53.0,21.0,54.0,20.0,99.0,34.0,111.0,446.0,18.0,105.0,465.0,12.0,114.0,480.0,18.0,120.0,496.0,3.0,113.0,2.0,63.0,48.0,10.0,38.0,100.0,42.0,10.0,32.0,95.0,15.0,1.0,14.0,96.0,13.0,3.0,10.0,90.0,1.0,1.0,30.0,58.0,5.0,5.0,2.0,3.0,3.0,10.0,114.0,11.0,122.0,17.0,104.0,108.0,218.0,230.0,109.0,118.0,19.0,107.0,466.0,4.0,3.0,26.0,3.0,23.0,123.0,23.0,7.0,16.0,102.0,,,4.5,4.0,88.0,2.0,1.0,118.0,3.0,115.0,86.0,4.0,82.0,102.0,4.0,98.0,21.0,52.0,21.0,94.0,42.0,106.0,473.0,26.0,106.0,488.0,13.0,102.0,482.0,20.0,119.0,502.0,85.0,3.0,65.0,3.0,64.0,3.0,61.0,111.0,61.0,2.0,59.0,109.0,18.0,5.0,13.0,84.0,21.0,6.0,15.0,88.0,2.0,3.0,28.0,52.0,2.0,4.0,2.0,1.0,5.0,9.0,104.0,8.0,101.0,22.0,105.0,101.0,209.0,202.0,104.0,100.0,31.0,109.0,486.0,1.0,5.0,27.0,3.0,24.0,106.0,23.0,2.0,21.0,95.0,3.5,4.0,4.0,4.0,,92.0,18.0,74.0,77.0,3.0,74.0,94.0,0.0,94.0,25.0,57.0,28.0,106.0,43.0,95.0,477.0,25.0,95.0,486.0,18.0,100.0,493.0,21.0,114.0,506.0,98.0,3.0,,92.0,3.0,,46.0,1.0,45.0,80.0,59.0,2.0,57.0,95.0,22.0,7.0,15.0,80.0,23.0,10.0,13.0,77.0,2.0,,3.0,,32.0,52.0,2.0,1.0,1.0,3.0,15.0,19.0,108.0,19.0,107.0,26.0,103.0,100.0,211.0,207.0,105.0,103.0,3.0,45.0,4.0,3.0,35.0,106.0,494.0,4.0,5.0,24.0,0.0,24.0,103.0,27.0,1.0,26.0,98.0,3.0,3.0,3.5,3.5,,91.0,7.0,84.0,95.0,5.0,90.0,127.0,4.0,123.0,22.0,47.0,28.0,102.0,43.0,91.0,477.0,28.0,97.0,494.0,17.0,96.0,491.0,23.0,116.0,513.0,41.0,1.0,,45.0,1.0,,67.0,5.0,62.0,92.0,65.0,4.0,61.0,91.0,25.0,4.0,21.0,84.0,26.0,7.0,19.0,81.0,2.0,,2.0,,36.0,51.0,13.0,4.0,4.0,7.0,18.0,29.0,127.0,29.0,136.0,26.0,94.0,94.0,221.0,230.0,111.0,118.0,3.0,46.0,3.0,3.0,32.0,95.0,488.0,7.0,4.0,34.0,2.0,32.0,111.0,33.0,3.0,30.0,104.0,3.0,4.0,,,,1.0
208,2.0,2.0,50.0,3.0,47.0,55.0,3.0,52.0,52.0,2.0,50.0,20.0,54.0,22.0,118.0,38.0,127.0,460.0,19.0,118.0,469.0,17.0,131.0,491.0,16.0,118.0,489.0,3.0,213.0,0.0,155.0,39.0,3.0,36.0,110.0,36.0,5.0,31.0,105.0,19.0,2.0,17.0,108.0,16.0,2.0,14.0,104.0,1.0,3.0,30.0,63.0,4.0,7.0,4.0,4.0,1.0,9.0,114.0,9.0,113.0,17.0,115.0,108.0,229.0,221.0,117.0,111.0,23.0,117.0,472.0,4.0,3.0,20.0,1.0,19.0,118.0,21.0,1.0,20.0,108.0,,,4.5,4.0,88.0,2.0,2.0,97.0,1.0,96.0,88.0,4.0,84.0,81.0,4.0,77.0,22.0,57.0,24.0,112.0,42.0,114.0,473.0,27.0,116.0,491.0,16.0,112.0,489.0,17.0,113.0,492.0,126.0,4.0,71.0,1.0,51.0,0.0,51.0,106.0,51.0,2.0,49.0,104.0,21.0,1.0,20.0,100.0,22.0,3.0,19.0,98.0,2.0,3.0,27.0,51.0,6.0,5.0,2.0,2.0,3.0,11.0,112.0,11.0,112.0,21.0,107.0,98.0,219.0,210.0,110.0,105.0,29.0,113.0,483.0,6.0,3.0,24.0,1.0,23.0,104.0,21.0,0.0,21.0,95.0,4.5,4.5,4.5,4.0,,94.0,4.0,90.0,85.0,6.0,79.0,104.0,1.0,103.0,23.0,55.0,27.0,107.0,46.0,105.0,486.0,27.0,103.0,491.0,19.0,105.0,495.0,22.0,122.0,509.0,129.0,3.0,,140.0,1.0,,59.0,0.0,59.0,103.0,56.0,2.0,54.0,98.0,19.0,2.0,17.0,87.0,23.0,5.0,18.0,88.0,2.0,,4.0,,34.0,58.0,4.0,1.0,1.0,4.0,14.0,19.0,108.0,19.0,107.0,26.0,106.0,100.0,214.0,207.0,107.0,103.0,2.0,29.0,2.0,2.0,35.0,111.0,494.0,4.0,4.0,24.0,3.0,21.0,98.0,24.0,0.0,24.0,96.0,3.5,3.0,4.5,3.5,,92.0,7.0,85.0,112.0,2.0,110.0,147.0,7.0,140.0,25.0,55.0,25.0,96.0,48.0,100.0,491.0,31.0,107.0,503.0,15.0,96.0,487.0,22.0,116.0,509.0,82.0,2.0,,82.0,0.0,,63.0,1.0,62.0,92.0,67.0,3.0,64.0,95.0,30.0,6.0,24.0,87.0,31.0,2.0,29.0,94.0,3.0,,2.0,,34.0,53.0,8.0,2.0,2.0,7.0,11.0,20.0,110.0,20.0,105.0,25.0,97.0,92.0,207.0,197.0,103.0,98.0,3.0,85.0,4.0,4.0,34.0,102.0,492.0,4.0,5.0,35.0,2.0,33.0,113.0,37.0,0.0,37.0,115.0,4.0,4.0,,4.0,,
209,2.0,2.0,38.0,3.0,35.0,30.0,4.0,26.0,57.0,6.0,51.0,18.0,46.0,22.0,102.0,36.0,109.0,453.0,16.0,96.0,458.0,11.0,108.0,477.0,12.0,98.0,475.0,0.0,78.0,2.0,56.0,34.0,2.0,32.0,95.0,32.0,2.0,30.0,93.0,20.0,5.0,15.0,97.0,12.0,3.0,9.0,88.0,0.0,2.0,25.0,50.0,2.0,7.0,4.0,4.0,0.0,6.0,99.0,6.0,97.0,14.0,95.0,93.0,194.0,190.0,96.0,94.0,21.0,106.0,469.0,3.0,2.0,14.0,2.0,12.0,108.0,17.0,0.0,17.0,97.0,,,4.5,4.0,75.0,2.0,2.0,118.0,0.0,118.0,108.0,0.0,108.0,94.0,0.0,94.0,19.0,45.0,27.0,110.0,46.0,107.0,486.0,26.0,102.0,488.0,20.0,108.0,498.0,17.0,106.0,492.0,101.0,3.0,75.0,1.0,65.0,1.0,64.0,110.0,64.0,3.0,61.0,105.0,43.0,5.0,38.0,112.0,41.0,10.0,31.0,104.0,4.0,4.0,28.0,50.0,5.0,8.0,3.0,3.0,2.0,10.0,106.0,10.0,105.0,24.0,105.0,101.0,211.0,206.0,105.0,102.0,29.0,102.0,483.0,3.0,3.0,27.0,2.0,25.0,107.0,28.0,2.0,26.0,100.0,3.0,2.0,3.5,3.0,,,,,,,,,,,,,,,,,,,,,,,,,,,,,,,,,,,,,,,,,,,,,,,,,,,,,,,,,,,,,,,,,,,,,,,,,,,,,,,,,,,,,,,,3.0,4.0,3.5,,,,,,,,,,,,,,,,,,,,,,,,,,,,,,,,,,,,,,,,,,,,,,,,,,,,,,,,,,,,,,,,,,,,,,,,,,,,,,,,,,,,,,,,,,,,,,
210,2.0,1.0,67.0,2.0,65.0,66.0,2.0,64.0,63.0,3.0,60.0,20.0,51.0,22.0,106.0,34.0,106.0,446.0,17.0,98.0,462.0,11.0,108.0,477.0,19.0,122.0,499.0,1.0,79.0,1.0,80.0,35.0,2.0,33.0,96.0,40.0,3.0,37.0,99.0,18.0,6.0,12.0,93.0,19.0,10.0,9.0,88.0,0.0,3.0,24.0,49.0,4.0,3.0,1.0,1.0,2.0,7.0,103.0,7.0,100.0,19.0,108.0,109.0,211.0,209.0,106.0,104.0,19.0,104.0,466.0,1.0,1.0,24.0,2.0,22.0,122.0,24.0,2.0,22.0,104.0,,,4.0,4.0,88.0,2.0,1.0,103.0,1.0,102.0,90.0,4.0,86.0,101.0,2.0,99.0,24.0,58.0,27.0,110.0,48.0,111.0,491.0,24.0,99.0,483.0,21.0,110.0,500.0,20.0,117.0,502.0,98.0,3.0,53.0,3.0,64.0,0.0,64.0,110.0,64.0,1.0,63.0,109.0,28.0,6.0,22.0,93.0,31.0,3.0,28.0,101.0,1.0,4.0,28.0,50.0,2.0,3.0,1.0,1.0,5.0,8.0,99.0,8.0,101.0,24.0,105.0,107.0,204.0,208.0,101.0,104.0,32.0,108.0,488.0,4.0,2.0,32.0,2.0,30.0,115.0,30.0,2.0,28.0,104.0,4.0,3.0,3.5,3.5,,,,,,,,,,,,,,,,,,,,,,,,,,,,,,,,,,,,,,,,,,,,,,,,,,,,,,,,,,,,,,,,,,,,,,,,,,,,,,,,,,,,,,,,3.5,4.0,3.5,4.0,,,,,,,,,,,,,,,,,,,,,,,,,,,,,,,,,,,,,,,,,,,,,,,,,,,,,,,,,,,,,,,,,,,,,,,,,,,,,,,,,,,,,,,,,,,,,
211,2.0,1.0,66.0,0.0,66.0,42.0,3.0,39.0,60.0,0.0,60.0,21.0,57.0,22.0,118.0,35.0,119.0,449.0,21.0,119.0,475.0,13.0,122.0,482.0,15.0,113.0,485.0,0.0,37.0,1.0,18.0,43.0,4.0,39.0,113.0,48.0,5.0,43.0,118.0,20.0,6.0,14.0,104.0,22.0,10.0,12.0,101.0,1.0,2.0,25.0,52.0,2.0,3.0,2.0,1.0,0.0,4.0,92.0,3.0,82.0,22.0,122.0,119.0,214.0,201.0,107.0,100.0,21.0,113.0,469.0,0.0,0.0,27.0,3.0,24.0,125.0,26.0,4.0,22.0,104.0,,,4.0,4.0,81.0,2.0,1.0,114.0,17.0,97.0,107.0,1.0,106.0,106.0,4.0,102.0,24.0,61.0,24.0,107.0,43.0,111.0,477.0,25.0,108.0,486.0,17.0,110.0,491.0,18.0,114.0,496.0,87.0,3.0,57.0,2.0,63.0,1.0,62.0,119.0,64.0,4.0,60.0,117.0,31.0,4.0,27.0,108.0,39.0,10.0,29.0,110.0,1.0,3.0,25.0,48.0,3.0,5.0,2.0,1.0,2.0,7.0,99.0,6.0,91.0,24.0,121.0,101.0,220.0,192.0,111.0,95.0,28.0,108.0,481.0,3.0,3.0,31.0,7.0,24.0,106.0,35.0,3.0,32.0,108.0,2.0,2.5,3.0,3.0,,127.0,1.0,126.0,126.0,25.0,101.0,108.0,2.0,106.0,22.0,50.0,28.0,106.0,50.0,109.0,497.0,24.0,96.0,483.0,19.0,104.0,495.0,19.0,110.0,499.0,63.0,4.0,,65.0,2.0,,69.0,0.0,69.0,109.0,73.0,0.0,73.0,114.0,32.0,4.0,28.0,97.0,37.0,11.0,26.0,94.0,1.0,,3.0,,24.0,42.0,6.0,2.0,1.0,3.0,16.0,21.0,114.0,20.0,110.0,29.0,114.0,108.0,228.0,218.0,117.0,109.0,2.0,34.0,3.0,3.0,29.0,99.0,483.0,4.0,3.0,35.0,4.0,31.0,114.0,31.0,4.0,27.0,99.0,3.5,3.5,3.5,3.5,,121.0,8.0,113.0,140.0,4.0,136.0,190.0,10.0,180.0,27.0,57.0,31.0,110.0,53.0,105.0,506.0,26.0,94.0,488.0,19.0,99.0,495.0,24.0,119.0,516.0,60.0,1.0,,60.0,1.0,,76.0,1.0,75.0,109.0,82.0,2.0,80.0,117.0,45.0,8.0,37.0,103.0,50.0,10.0,40.0,107.0,1.0,,4.0,,42.0,61.0,14.0,4.0,4.0,8.0,9.0,21.0,109.0,21.0,107.0,32.0,110.0,107.0,219.0,214.0,110.0,107.0,2.0,52.0,4.0,3.0,39.0,108.0,502.0,6.0,12.0,40.0,4.0,36.0,117.0,40.0,6.0,34.0,107.0,3.5,,,3.5,,
212,2.0,2.0,46.0,4.0,42.0,52.0,1.0,51.0,32.0,2.0,30.0,23.0,60.0,26.0,120.0,35.0,109.0,449.0,17.0,99.0,462.0,10.0,108.0,474.0,17.0,116.0,492.0,0.0,160.0,1.0,84.0,30.0,2.0,28.0,91.0,32.0,3.0,29.0,92.0,16.0,2.0,14.0,96.0,16.0,6.0,10.0,90.0,1.0,2.0,31.0,60.0,2.0,5.0,2.0,2.0,2.0,6.0,99.0,6.0,97.0,21.0,113.0,115.0,212.0,212.0,106.0,106.0,23.0,109.0,472.0,0.0,1.0,16.0,1.0,15.0,112.0,19.0,2.0,17.0,97.0,,,4.0,5.0,88.0,2.0,2.0,142.0,0.0,142.0,133.0,1.0,132.0,124.0,5.0,119.0,23.0,55.0,27.0,110.0,46.0,108.0,486.0,29.0,111.0,497.0,16.0,103.0,489.0,21.0,120.0,506.0,114.0,3.0,51.0,3.0,60.0,0.0,60.0,104.0,63.0,2.0,61.0,105.0,35.0,7.0,28.0,101.0,34.0,5.0,29.0,102.0,2.0,3.0,38.0,66.0,7.0,2.0,1.0,1.0,3.0,11.0,109.0,11.0,108.0,26.0,110.0,107.0,219.0,215.0,110.0,108.0,30.0,105.0,485.0,2.0,1.0,32.0,1.0,31.0,117.0,36.0,0.0,36.0,114.0,3.0,3.5,5.0,5.0,,148.0,2.0,146.0,147.0,1.0,146.0,163.0,0.0,163.0,25.0,55.0,30.0,108.0,56.0,113.0,514.0,32.0,111.0,506.0,23.0,106.0,505.0,20.0,109.0,502.0,72.0,2.0,,89.0,3.0,,69.0,1.0,68.0,100.0,69.0,1.0,68.0,100.0,35.0,2.0,33.0,99.0,33.0,5.0,28.0,92.0,3.0,,3.0,,43.0,66.0,12.0,4.0,4.0,7.0,16.0,27.0,128.0,27.0,133.0,34.0,119.0,119.0,247.0,252.0,129.0,131.0,3.0,44.0,3.0,3.0,42.0,116.0,507.0,5.0,4.0,34.0,2.0,32.0,116.0,33.0,1.0,32.0,103.0,3.5,4.0,4.5,4.5,,138.0,1.0,137.0,149.0,3.0,146.0,185.0,3.0,182.0,27.0,55.0,34.0,115.0,58.0,111.0,519.0,33.0,108.0,509.0,22.0,101.0,502.0,23.0,113.0,513.0,61.0,1.0,,79.0,2.0,,70.0,0.0,70.0,99.0,73.0,2.0,71.0,100.0,41.0,10.0,31.0,92.0,42.0,5.0,37.0,99.0,2.0,,3.0,,47.0,63.0,12.0,4.0,4.0,9.0,15.0,28.0,123.0,28.0,128.0,39.0,120.0,124.0,243.0,252.0,126.0,131.0,2.0,80.0,4.0,4.0,47.0,118.0,516.0,5.0,4.0,39.0,2.0,37.0,119.0,37.0,1.0,36.0,110.0,5.0,,,5.0,,
213,2.0,2.0,133.0,17.0,116.0,136.0,15.0,121.0,145.0,26.0,119.0,22.0,57.0,22.0,112.0,39.0,118.0,464.0,20.0,109.0,472.0,13.0,116.0,482.0,14.0,107.0,482.0,2.0,87.0,4.0,62.0,60.0,3.0,57.0,121.0,62.0,9.0,53.0,118.0,36.0,15.0,21.0,109.0,39.0,26.0,13.0,98.0,2.0,1.0,30.0,61.0,4.0,2.0,2.0,1.0,0.0,6.0,100.0,5.0,93.0,19.0,114.0,109.0,214.0,202.0,107.0,100.0,27.0,115.0,479.0,2.0,3.0,28.0,1.0,27.0,129.0,28.0,5.0,23.0,106.0,,,4.5,5.0,97.0,2.0,2.0,195.0,0.0,195.0,200.0,0.0,200.0,176.0,0.0,176.0,19.0,46.0,24.0,103.0,53.0,121.0,506.0,28.0,111.0,494.0,22.0,114.0,502.0,18.0,112.0,496.0,41.0,3.0,34.0,4.0,80.0,2.0,78.0,131.0,83.0,5.0,78.0,131.0,49.0,13.0,36.0,114.0,48.0,8.0,40.0,118.0,2.0,1.0,28.0,52.0,5.0,9.0,4.0,4.0,0.0,9.0,104.0,9.0,104.0,27.0,117.0,117.0,221.0,221.0,111.0,111.0,31.0,109.0,486.0,4.0,0.0,39.0,4.0,35.0,123.0,38.0,2.0,36.0,116.0,4.0,4.0,3.5,4.0,,237.0,2.0,235.0,219.0,2.0,217.0,242.0,0.0,242.0,26.0,60.0,29.0,109.0,53.0,110.0,506.0,29.0,103.0,497.0,24.0,109.0,508.0,19.0,108.0,499.0,44.0,4.0,,57.0,3.0,,84.0,1.0,83.0,130.0,84.0,7.0,77.0,119.0,51.0,6.0,45.0,117.0,47.0,4.0,43.0,115.0,0.0,,4.0,,29.0,48.0,9.0,3.0,3.0,8.0,12.0,23.0,119.0,23.0,120.0,36.0,128.0,126.0,247.0,246.0,129.0,127.0,2.0,44.0,4.0,3.0,35.0,106.0,494.0,4.0,3.0,48.0,1.0,47.0,140.0,37.0,6.0,31.0,103.0,4.0,5.0,4.0,6.0,,207.0,4.0,203.0,205.0,0.0,205.0,235.0,2.0,233.0,27.0,57.0,34.0,119.0,57.0,110.0,516.0,31.0,102.0,503.0,23.0,103.0,505.0,24.0,117.0,516.0,38.0,2.0,,43.0,3.0,,92.0,3.0,89.0,132.0,89.0,4.0,85.0,126.0,54.0,11.0,43.0,111.0,51.0,7.0,44.0,112.0,4.0,,2.0,,41.0,58.0,8.0,2.0,2.0,9.0,19.0,30.0,130.0,30.0,134.0,39.0,123.0,124.0,253.0,258.0,133.0,135.0,4.0,94.0,4.0,4.0,37.0,101.0,498.0,8.0,12.0,54.0,4.0,50.0,136.0,59.0,1.0,58.0,146.0,4.5,,,5.0,,
214,2.0,1.0,111.0,1.0,110.0,108.0,1.0,107.0,114.0,2.0,112.0,23.0,60.0,29.0,127.0,51.0,129.0,500.0,28.0,121.0,494.0,24.0,125.0,508.0,12.0,98.0,475.0,2.0,99.0,3.0,72.0,61.0,1.0,60.0,119.0,61.0,0.0,61.0,120.0,26.0,2.0,24.0,108.0,31.0,3.0,28.0,113.0,1.0,3.0,32.0,61.0,7.0,3.0,1.0,1.0,3.0,11.0,118.0,11.0,118.0,21.0,113.0,115.0,231.0,233.0,118.0,119.0,32.0,119.0,488.0,0.0,3.0,37.0,0.0,37.0,139.0,31.0,2.0,29.0,114.0,,,4.5,6.0,95.0,2.0,1.0,152.0,3.0,149.0,143.0,0.0,143.0,133.0,0.0,133.0,23.0,55.0,34.0,133.0,59.0,125.0,522.0,31.0,116.0,503.0,27.0,120.0,517.0,16.0,104.0,489.0,55.0,3.0,37.0,2.0,77.0,2.0,75.0,123.0,73.0,0.0,73.0,121.0,48.0,5.0,43.0,118.0,46.0,1.0,45.0,120.0,0.0,3.0,31.0,55.0,3.0,3.0,1.0,1.0,0.0,4.0,85.0,4.0,85.0,33.0,128.0,135.0,213.0,220.0,106.0,111.0,37.0,117.0,498.0,2.0,1.0,29.0,4.0,25.0,107.0,39.0,0.0,39.0,120.0,3.0,3.5,4.0,4.0,,158.0,1.0,157.0,145.0,0.0,145.0,160.0,3.0,157.0,24.0,53.0,37.0,131.0,62.0,123.0,530.0,34.0,117.0,512.0,27.0,114.0,517.0,23.0,119.0,513.0,70.0,3.0,,74.0,2.0,,83.0,1.0,82.0,121.0,83.0,2.0,81.0,119.0,45.0,7.0,38.0,105.0,51.0,6.0,45.0,113.0,3.0,,4.0,,30.0,47.0,9.0,3.0,3.0,6.0,15.0,24.0,120.0,24.0,124.0,40.0,133.0,136.0,253.0,260.0,130.0,137.0,2.0,32.0,2.0,2.0,36.0,106.0,496.0,1.0,6.0,38.0,2.0,36.0,122.0,41.0,1.0,40.0,117.0,3.5,4.0,4.0,4.0,,172.0,0.0,172.0,183.0,2.0,181.0,190.0,4.0,186.0,28.0,57.0,40.0,131.0,63.0,120.0,533.0,33.0,108.0,509.0,27.0,111.0,517.0,23.0,113.0,513.0,53.0,3.0,,70.0,1.0,,85.0,0.0,85.0,121.0,85.0,3.0,82.0,117.0,54.0,2.0,52.0,119.0,52.0,2.0,50.0,116.0,4.0,,2.0,,39.0,52.0,6.0,1.0,1.0,8.0,18.0,27.0,121.0,27.0,125.0,40.0,123.0,127.0,244.0,252.0,127.0,131.0,4.0,83.0,4.0,4.0,40.0,104.0,503.0,8.0,7.0,42.0,1.0,41.0,124.0,42.0,2.0,40.0,117.0,,4.0,,4.0,,
215,4.0,2.0,50.0,4.0,46.0,44.0,4.0,40.0,57.0,11.0,46.0,18.0,46.0,18.0,92.0,32.0,106.0,438.0,15.0,96.0,454.0,9.0,108.0,471.0,8.0,88.0,460.0,0.0,102.0,1.0,82.0,40.0,9.0,31.0,94.0,32.0,4.0,28.0,91.0,16.0,6.0,10.0,90.0,13.0,8.0,5.0,80.0,0.0,0.0,18.0,39.0,7.0,2.0,1.0,1.0,1.0,9.0,107.0,9.0,109.0,12.0,90.0,86.0,197.0,195.0,97.0,96.0,20.0,107.0,467.0,2.0,0.0,25.0,2.0,23.0,123.0,20.0,3.0,17.0,97.0,,,4.0,4.0,65.0,4.0,2.0,93.0,0.0,93.0,88.0,1.0,87.0,88.0,4.0,84.0,20.0,47.0,24.0,100.0,43.0,106.0,477.0,21.0,96.0,475.0,17.0,106.0,491.0,12.0,93.0,475.0,108.0,2.0,74.0,2.0,58.0,3.0,55.0,99.0,59.0,4.0,55.0,99.0,19.0,5.0,14.0,82.0,16.0,3.0,13.0,81.0,1.0,1.0,31.0,55.0,2.0,4.0,1.0,1.0,2.0,5.0,89.0,5.0,90.0,20.0,96.0,95.0,185.0,185.0,91.0,91.0,26.0,101.0,477.0,2.0,1.0,28.0,3.0,25.0,107.0,28.0,2.0,26.0,102.0,4.0,1.0,3.5,3.5,,,,,,,,,,,,,,,,,,,,,,,,,,,,,,,,,,,,,,,,,,,,,,,,,,,,,,,,,,,,,,,,,,,,,,,,,,,,,,,,,,,,,,,,3.5,4.5,3.0,5.0,,104.0,2.0,102.0,108.0,3.0,105.0,137.0,2.0,135.0,21.0,43.0,27.0,96.0,53.0,102.0,506.0,31.0,102.0,503.0,22.0,101.0,502.0,18.0,98.0,496.0,123.0,1.0,,101.0,0.0,,66.0,2.0,64.0,91.0,67.0,1.0,66.0,94.0,25.0,3.0,22.0,81.0,25.0,3.0,22.0,81.0,0.0,,2.0,,24.0,34.0,3.0,1.0,1.0,10.0,12.0,23.0,111.0,23.0,113.0,28.0,96.0,98.0,207.0,211.0,103.0,105.0,3.0,59.0,3.0,4.0,35.0,98.0,494.0,4.0,4.0,32.0,1.0,31.0,109.0,27.0,4.0,23.0,90.0,3.0,3.5,,3.5,,
216,2.0,2.0,130.0,2.0,128.0,121.0,3.0,118.0,109.0,0.0,109.0,23.0,63.0,26.0,132.0,42.0,129.0,473.0,24.0,123.0,483.0,22.0,132.0,502.0,19.0,126.0,499.0,2.0,84.0,3.0,53.0,70.0,1.0,69.0,144.0,63.0,2.0,61.0,137.0,41.0,15.0,26.0,120.0,36.0,16.0,20.0,113.0,1.0,2.0,26.0,56.0,2.0,7.0,4.0,4.0,1.0,7.0,107.0,7.0,100.0,25.0,136.0,128.0,243.0,228.0,126.0,117.0,26.0,118.0,477.0,2.0,4.0,36.0,2.0,34.0,136.0,38.0,2.0,36.0,124.0,,,5.0,5.5,97.0,2.0,2.0,135.0,1.0,134.0,138.0,1.0,137.0,122.0,4.0,118.0,23.0,58.0,31.0,132.0,49.0,121.0,494.0,29.0,107.0,483.0,24.0,130.0,525.0,22.0,129.0,509.0,74.0,4.0,42.0,3.0,70.0,1.0,69.0,126.0,85.0,5.0,80.0,137.0,50.0,7.0,43.0,125.0,50.0,10.0,40.0,122.0,0.0,2.0,32.0,59.0,4.0,7.0,4.0,2.0,8.0,16.0,128.0,14.0,119.0,32.0,134.0,124.0,262.0,243.0,139.0,125.0,31.0,113.0,486.0,5.0,4.0,43.0,3.0,40.0,132.0,46.0,1.0,45.0,127.0,3.0,5.0,5.0,5.0,,157.0,1.0,156.0,146.0,4.0,142.0,150.0,1.0,149.0,22.0,50.0,32.0,119.0,54.0,114.0,508.0,33.0,118.0,509.0,23.0,110.0,505.0,22.0,120.0,509.0,60.0,3.0,,78.0,4.0,,80.0,0.0,80.0,131.0,80.0,2.0,78.0,128.0,48.0,10.0,38.0,112.0,47.0,8.0,39.0,114.0,4.0,,4.0,,31.0,53.0,5.0,1.0,1.0,4.0,11.0,16.0,100.0,16.0,100.0,35.0,129.0,123.0,229.0,223.0,117.0,113.0,3.0,57.0,4.0,4.0,37.0,112.0,498.0,7.0,7.0,45.0,1.0,44.0,135.0,47.0,0.0,47.0,128.0,4.0,4.0,4.5,4.5,,154.0,2.0,152.0,152.0,6.0,146.0,175.0,2.0,173.0,25.0,53.0,34.0,123.0,59.0,116.0,522.0,27.0,96.0,491.0,22.0,103.0,502.0,26.0,126.0,523.0,62.0,4.0,,64.0,3.0,,87.0,1.0,86.0,129.0,93.0,6.0,87.0,130.0,58.0,12.0,46.0,115.0,53.0,9.0,44.0,112.0,4.0,,4.0,,41.0,60.0,15.0,4.0,4.0,4.0,16.0,24.0,116.0,24.0,116.0,39.0,126.0,124.0,242.0,240.0,125.0,123.0,3.0,65.0,4.0,4.0,40.0,110.0,503.0,12.0,7.0,41.0,1.0,40.0,123.0,41.0,1.0,40.0,117.0,4.0,5.0,,4.0,,
217,2.0,1.0,50.0,2.0,48.0,62.0,17.0,45.0,44.0,0.0,44.0,17.0,44.0,18.0,92.0,40.0,118.0,467.0,17.0,100.0,462.0,9.0,108.0,471.0,14.0,106.0,482.0,2.0,193.0,1.0,73.0,31.0,4.0,27.0,90.0,35.0,4.0,31.0,94.0,16.0,3.0,13.0,94.0,15.0,2.0,13.0,94.0,0.0,2.0,16.0,36.0,2.0,2.0,1.0,1.0,0.0,3.0,85.0,3.0,82.0,16.0,101.0,100.0,186.0,182.0,91.0,90.0,22.0,109.0,471.0,0.0,1.0,20.0,0.0,20.0,120.0,14.0,4.0,10.0,85.0,,,4.0,4.0,75.0,2.0,1.0,119.0,0.0,119.0,110.0,1.0,109.0,95.0,6.0,89.0,13.0,34.0,28.0,113.0,52.0,118.0,503.0,27.0,108.0,491.0,21.0,111.0,500.0,19.0,115.0,499.0,114.0,4.0,77.0,2.0,69.0,1.0,68.0,114.0,67.0,3.0,64.0,110.0,36.0,3.0,33.0,107.0,36.0,6.0,30.0,103.0,1.0,4.0,35.0,61.0,5.0,8.0,3.0,4.0,2.0,10.0,106.0,11.0,112.0,31.0,123.0,129.0,229.0,241.0,117.0,124.0,32.0,110.0,488.0,3.0,4.0,34.0,1.0,33.0,120.0,30.0,1.0,29.0,106.0,3.0,3.0,4.0,3.5,,123.0,0.0,123.0,112.0,4.0,108.0,119.0,1.0,118.0,23.0,51.0,32.0,115.0,56.0,114.0,514.0,31.0,109.0,503.0,22.0,106.0,502.0,16.0,98.0,489.0,108.0,4.0,,121.0,2.0,,64.0,0.0,64.0,95.0,70.0,0.0,70.0,102.0,33.0,5.0,28.0,92.0,38.0,7.0,31.0,96.0,4.0,,2.0,,31.0,48.0,5.0,1.0,1.0,3.0,12.0,16.0,100.0,16.0,100.0,32.0,114.0,115.0,214.0,215.0,107.0,108.0,2.0,42.0,3.0,3.0,36.0,107.0,496.0,6.0,5.0,30.0,3.0,27.0,108.0,27.0,3.0,24.0,96.0,4.0,4.0,4.5,4.0,,140.0,1.0,139.0,126.0,9.0,117.0,179.0,38.0,141.0,27.0,57.0,32.0,113.0,60.0,116.0,525.0,27.0,94.0,491.0,23.0,103.0,505.0,20.0,105.0,502.0,24.0,1.0,,70.0,0.0,,76.0,0.0,76.0,111.0,81.0,2.0,79.0,116.0,44.0,7.0,37.0,103.0,47.0,4.0,43.0,111.0,1.0,,1.0,,38.0,54.0,5.0,1.0,1.0,1.0,9.0,11.0,81.0,11.0,81.0,36.0,116.0,116.0,197.0,197.0,97.0,98.0,2.0,63.0,4.0,4.0,35.0,98.0,494.0,5.0,6.0,34.0,0.0,34.0,114.0,26.0,2.0,24.0,91.0,3.5,3.5,,3.0,,1.0
218,,,,,,,,,,,,,,,,,,,,,,,,,,,,,,,,,,,,,,,,,,,,,,,,,,,,,,,,,,,,,,,,,,,,,,,,,,,,,,,,,,,4.5,3.5,95.0,,,,,,,,,,,,,,,,,,,,,,,,,,,,,,,,,,,,,,,,,,,,,,,,,,,,,,,,,,,,,,,,,,,,,,,,,,,,,,,,,,,,,,,,,,,,,,,,,,,,,,,,,,,,,,,,,,,,,,,,,,,,,,,,,,,,,,,,,,,,,,,,,,,,,,,,,,,,,,,,,,,,,,,,,,,,,,,,,,,,,,,,,,,,,,,,,,,,,,,,,,,,,,,,,,,,,,,,,,,,,,,,,,,,,,,,,,,,,,,,,,,,,,,,,,,,,,,,,,,,,,,,,,,,
219,1.0,1.0,44.0,9.0,35.0,34.0,8.0,26.0,40.0,10.0,30.0,20.0,51.0,20.0,99.0,27.0,97.0,420.0,15.0,95.0,454.0,8.0,105.0,468.0,11.0,96.0,471.0,0.0,136.0,2.0,96.0,43.0,19.0,24.0,88.0,35.0,12.0,23.0,87.0,26.0,23.0,3.0,76.0,21.0,19.0,2.0,74.0,1.0,1.0,25.0,50.0,3.0,3.0,1.0,1.0,0.0,4.0,89.0,4.0,87.0,13.0,93.0,89.0,182.0,176.0,89.0,86.0,13.0,99.0,456.0,0.0,3.0,18.0,4.0,14.0,111.0,18.0,2.0,16.0,95.0,,,3.0,3.5,38.0,1.0,1.0,102.0,2.0,100.0,74.0,3.0,71.0,85.0,5.0,80.0,22.0,52.0,21.0,91.0,41.0,99.0,470.0,21.0,94.0,475.0,12.0,97.0,480.0,14.0,97.0,482.0,102.0,2.0,76.0,2.0,46.0,0.0,46.0,91.0,43.0,0.0,43.0,85.0,20.0,7.0,13.0,81.0,24.0,7.0,17.0,87.0,0.0,2.0,27.0,48.0,2.0,5.0,1.0,1.0,1.0,4.0,85.0,4.0,83.0,22.0,100.0,95.0,185.0,178.0,91.0,87.0,27.0,99.0,479.0,2.0,2.0,30.0,3.0,27.0,110.0,24.0,3.0,21.0,93.0,2.5,2.0,4.0,3.0,,103.0,7.0,96.0,88.0,7.0,81.0,104.0,6.0,98.0,23.0,51.0,27.0,99.0,46.0,97.0,486.0,25.0,94.0,486.0,16.0,97.0,489.0,15.0,94.0,485.0,49.0,1.0,,61.0,1.0,,59.0,0.0,59.0,88.0,57.0,2.0,55.0,83.0,30.0,10.0,20.0,82.0,29.0,9.0,20.0,82.0,3.0,,3.0,,31.0,48.0,8.0,2.0,2.0,1.0,4.0,7.0,76.0,7.0,77.0,23.0,92.0,90.0,168.0,167.0,83.0,82.0,2.0,86.0,4.0,4.0,34.0,102.0,492.0,4.0,3.0,31.0,1.0,30.0,113.0,20.0,3.0,17.0,85.0,3.0,3.0,3.5,,,,,,,,,,,,,,,,,,,,,,,,,,,,,,,,,,,,,,,,,,,,,,,,,,,,,,,,,,,,,,,,,,,,,,,,,,,,,,,,,,,,,,,,,,,,,,0.0
220,2.0,2.0,40.0,1.0,39.0,36.0,0.0,36.0,40.0,1.0,39.0,22.0,57.0,21.0,103.0,35.0,111.0,449.0,17.0,100.0,462.0,20.0,123.0,498.0,14.0,106.0,482.0,1.0,259.0,1.0,135.0,27.0,0.0,27.0,90.0,28.0,0.0,28.0,91.0,16.0,0.0,16.0,99.0,15.0,2.0,13.0,94.0,1.0,4.0,30.0,58.0,7.0,5.0,2.0,2.0,1.0,10.0,114.0,10.0,114.0,19.0,108.0,109.0,222.0,223.0,112.0,113.0,22.0,109.0,471.0,2.0,4.0,19.0,2.0,17.0,115.0,18.0,2.0,16.0,95.0,,,6.0,5.5,95.0,2.0,2.0,132.0,0.0,132.0,113.0,3.0,110.0,88.0,2.0,86.0,24.0,58.0,26.0,107.0,46.0,108.0,486.0,29.0,111.0,497.0,21.0,110.0,500.0,24.0,130.0,516.0,96.0,3.0,76.0,3.0,44.0,1.0,43.0,85.0,48.0,1.0,47.0,92.0,28.0,1.0,27.0,100.0,28.0,4.0,24.0,96.0,1.0,3.0,42.0,72.0,3.0,8.0,3.0,3.0,5.0,11.0,109.0,11.0,108.0,31.0,123.0,121.0,232.0,229.0,119.0,117.0,35.0,113.0,494.0,4.0,4.0,29.0,0.0,29.0,113.0,26.0,2.0,24.0,97.0,5.5,5.5,5.0,5.5,,119.0,0.0,119.0,113.0,2.0,111.0,135.0,2.0,133.0,27.0,59.0,28.0,102.0,55.0,111.0,511.0,33.0,114.0,509.0,24.0,108.0,508.0,23.0,119.0,513.0,78.0,3.0,,89.0,2.0,,54.0,0.0,54.0,82.0,63.0,1.0,62.0,92.0,43.0,8.0,35.0,101.0,41.0,9.0,32.0,97.0,2.0,,4.0,,48.0,73.0,5.0,1.0,1.0,5.0,11.0,17.0,102.0,17.0,101.0,31.0,112.0,110.0,214.0,211.0,107.0,105.0,4.0,60.0,4.0,4.0,39.0,112.0,502.0,5.0,4.0,30.0,1.0,29.0,111.0,32.0,1.0,31.0,102.0,4.5,5.0,5.0,4.5,,,,,,,,,,,,,,,,,,,,,,,,,,,,,,,,,,,,,,,,,,,,,,,,,,,,,,,,,,,,,,,,,,,,,,,,,,,,,,,,,,,,,,,,,,,,,
221,2.0,2.0,69.0,2.0,67.0,62.0,0.0,62.0,69.0,12.0,57.0,20.0,54.0,22.0,112.0,38.0,120.0,460.0,21.0,115.0,475.0,14.0,120.0,484.0,15.0,112.0,485.0,2.0,174.0,2.0,54.0,36.0,3.0,33.0,101.0,37.0,2.0,35.0,103.0,18.0,4.0,14.0,100.0,15.0,5.0,10.0,94.0,1.0,1.0,24.0,50.0,4.0,5.0,3.0,2.0,2.0,9.0,112.0,8.0,104.0,24.0,127.0,125.0,239.0,229.0,123.0,117.0,29.0,119.0,483.0,3.0,4.0,24.0,0.0,24.0,125.0,24.0,0.0,24.0,107.0,,,5.0,5.0,65.0,2.0,2.0,102.0,1.0,101.0,113.0,0.0,113.0,96.0,2.0,94.0,20.0,49.0,27.0,113.0,49.0,115.0,494.0,30.0,116.0,500.0,22.0,114.0,502.0,18.0,112.0,496.0,122.0,2.0,75.0,2.0,58.0,1.0,57.0,107.0,57.0,0.0,57.0,107.0,21.0,0.0,21.0,97.0,23.0,0.0,23.0,99.0,1.0,4.0,31.0,56.0,7.0,5.0,2.0,1.0,5.0,14.0,120.0,13.0,116.0,27.0,117.0,110.0,237.0,226.0,122.0,115.0,35.0,116.0,494.0,4.0,6.0,30.0,2.0,28.0,112.0,30.0,0.0,30.0,105.0,3.5,4.5,5.0,5.0,,148.0,3.0,145.0,110.0,3.0,107.0,120.0,2.0,118.0,22.0,50.0,31.0,115.0,51.0,108.0,500.0,33.0,116.0,509.0,23.0,108.0,505.0,21.0,115.0,506.0,83.0,3.0,,82.0,4.0,,72.0,1.0,71.0,111.0,76.0,2.0,74.0,115.0,39.0,4.0,35.0,105.0,44.0,11.0,33.0,103.0,2.0,,3.0,,40.0,64.0,8.0,3.0,2.0,7.0,14.0,24.0,122.0,23.0,119.0,30.0,113.0,108.0,235.0,227.0,120.0,115.0,4.0,113.0,4.0,4.0,38.0,112.0,500.0,5.0,10.0,39.0,1.0,38.0,125.0,41.0,2.0,39.0,115.0,4.0,4.5,5.5,4.5,,115.0,3.0,112.0,141.0,3.0,138.0,173.0,2.0,171.0,24.0,51.0,37.0,127.0,56.0,109.0,514.0,35.0,117.0,515.0,28.0,115.0,520.0,24.0,118.0,516.0,63.0,2.0,,64.0,3.0,,75.0,0.0,75.0,109.0,74.0,0.0,74.0,107.0,42.0,7.0,35.0,101.0,42.0,3.0,39.0,106.0,3.0,,2.0,,40.0,56.0,13.0,4.0,4.0,4.0,16.0,24.0,115.0,24.0,116.0,38.0,121.0,121.0,236.0,237.0,121.0,121.0,3.0,78.0,4.0,4.0,43.0,115.0,509.0,10.0,10.0,38.0,2.0,36.0,117.0,38.0,4.0,34.0,107.0,3.0,5.0,4.0,5.0,,
222,2.0,2.0,112.0,0.0,112.0,113.0,3.0,110.0,114.0,2.0,112.0,21.0,54.0,24.0,113.0,44.0,123.0,480.0,23.0,114.0,480.0,23.0,127.0,505.0,14.0,106.0,482.0,3.0,100.0,4.0,69.0,62.0,0.0,62.0,120.0,66.0,2.0,64.0,122.0,31.0,7.0,24.0,108.0,41.0,5.0,36.0,122.0,1.0,2.0,32.0,61.0,4.0,5.0,2.0,2.0,1.0,7.0,103.0,7.0,100.0,22.0,116.0,119.0,219.0,219.0,110.0,110.0,33.0,121.0,490.0,2.0,3.0,40.0,2.0,38.0,140.0,39.0,1.0,38.0,126.0,,,,4.5,97.0,2.0,2.0,,,,,,,,,,,,,,,,,,,,,,,,,,,,,,,,,,,,,,,,,,,,,,,,,,,,,,,,,,,,,,,,,,,,,,,,,,,,,,,6.0,5.0,4.0,5.0,,,,,,,,,,,,,,,,,,,,,,,,,,,,,,,,,,,,,,,,,,,,,,,,,,,,,,,,,,,,,,,,,,,,,,,,,,,,,,,,,,,,,,,,4.5,2.5,3.5,5.0,,121.0,2.0,119.0,120.0,5.0,115.0,138.0,6.0,132.0,26.0,56.0,30.0,107.0,56.0,109.0,514.0,28.0,96.0,494.0,28.0,114.0,520.0,22.0,111.0,509.0,95.0,1.0,,94.0,0.0,,73.0,1.0,72.0,105.0,73.0,2.0,71.0,103.0,42.0,5.0,37.0,103.0,47.0,1.0,46.0,115.0,2.0,,1.0,,45.0,63.0,8.0,2.0,2.0,2.0,18.0,22.0,110.0,22.0,111.0,30.0,103.0,105.0,213.0,216.0,106.0,108.0,2.0,64.0,4.0,4.0,42.0,112.0,507.0,5.0,2.0,38.0,0.0,38.0,120.0,36.0,3.0,33.0,108.0,3.5,4.0,,3.0,,
223,2.0,2.0,88.0,0.0,88.0,104.0,0.0,104.0,89.0,1.0,88.0,23.0,60.0,26.0,127.0,49.0,131.0,494.0,30.0,130.0,500.0,24.0,130.0,508.0,21.0,131.0,506.0,4.0,137.0,3.0,110.0,48.0,0.0,48.0,114.0,46.0,0.0,46.0,112.0,22.0,2.0,20.0,108.0,24.0,0.0,24.0,113.0,1.0,4.0,36.0,70.0,5.0,7.0,4.0,4.0,1.0,10.0,116.0,10.0,114.0,26.0,132.0,130.0,248.0,244.0,129.0,126.0,37.0,126.0,498.0,0.0,2.0,28.0,0.0,28.0,130.0,23.0,0.0,23.0,106.0,,,5.5,4.5,97.0,2.0,2.0,159.0,2.0,157.0,135.0,2.0,133.0,122.0,2.0,120.0,25.0,60.0,34.0,137.0,58.0,126.0,519.0,32.0,120.0,506.0,23.0,114.0,505.0,25.0,135.0,520.0,85.0,3.0,64.0,4.0,66.0,0.0,66.0,116.0,60.0,0.0,60.0,110.0,32.0,0.0,32.0,110.0,33.0,1.0,32.0,110.0,1.0,4.0,29.0,53.0,3.0,4.0,2.0,1.0,10.0,15.0,123.0,14.0,119.0,35.0,137.0,132.0,260.0,251.0,138.0,131.0,43.0,128.0,509.0,4.0,6.0,37.0,2.0,35.0,123.0,41.0,0.0,41.0,121.0,4.0,4.0,5.0,5.5,,153.0,1.0,152.0,162.0,6.0,156.0,153.0,10.0,143.0,27.0,59.0,36.0,131.0,62.0,123.0,530.0,34.0,118.0,512.0,26.0,113.0,513.0,28.0,136.0,530.0,79.0,4.0,,99.0,4.0,,63.0,0.0,63.0,102.0,66.0,0.0,66.0,105.0,34.0,1.0,33.0,103.0,23.0,1.0,22.0,89.0,4.0,,3.0,,43.0,69.0,3.0,1.0,1.0,9.0,17.0,27.0,133.0,27.0,133.0,37.0,130.0,127.0,263.0,260.0,140.0,137.0,4.0,49.0,4.0,3.0,46.0,124.0,514.0,6.0,6.0,36.0,2.0,34.0,119.0,39.0,1.0,38.0,114.0,3.5,4.5,4.0,5.0,,,,,,,,,,,,,,,,,,,,,,,,,,,,,,,,,,,,,,,,,,,,,,,,,,,,,,,,,,,,,,,,,,,,,,,,,,,,,,,,,,,,,,,,,,,,,
224,2.0,1.0,92.0,0.0,92.0,95.0,0.0,95.0,93.0,1.0,92.0,20.0,49.0,23.0,100.0,42.0,109.0,473.0,26.0,109.0,488.0,20.0,113.0,498.0,18.0,114.0,496.0,1.0,135.0,4.0,105.0,53.0,0.0,53.0,108.0,56.0,2.0,54.0,109.0,26.0,0.0,26.0,107.0,23.0,3.0,20.0,100.0,1.0,3.0,22.0,42.0,3.0,6.0,3.0,3.0,3.0,9.0,107.0,9.0,109.0,21.0,103.0,115.0,210.0,224.0,105.0,113.0,35.0,117.0,494.0,4.0,4.0,32.0,1.0,31.0,133.0,28.0,4.0,24.0,107.0,,,4.0,5.5,75.0,2.0,1.0,,,,,,,,,,,,,,,,,,,,,,,,,,,,,,,,,,,,,,,,,,,,,,,,,,,,,,,,,,,,,,,,,,,,,,,,,,,,,,,2.5,5.0,,,,,,,,,,,,,,,,,,,,,,,,,,,,,,,,,,,,,,,,,,,,,,,,,,,,,,,,,,,,,,,,,,,,,,,,,,,,,,,,,,,,,,,,,,,,,,,,,,,,,,,,,,,,,,,,,,,,,,,,,,,,,,,,,,,,,,,,,,,,,,,,,,,,,,,,,,,,,,,,,,,,,,,,,,,,,,,,,,,,,,,,,,
225,1.0,1.0,62.0,2.0,60.0,61.0,1.0,60.0,60.0,4.0,56.0,20.0,51.0,21.0,98.0,39.0,110.0,464.0,22.0,105.0,477.0,20.0,117.0,498.0,13.0,100.0,478.0,1.0,165.0,3.0,130.0,43.0,2.0,41.0,97.0,47.0,2.0,45.0,100.0,22.0,1.0,21.0,101.0,23.0,1.0,22.0,102.0,1.0,2.0,26.0,50.0,3.0,3.0,1.0,1.0,1.0,5.0,93.0,5.0,93.0,20.0,105.0,112.0,198.0,205.0,98.0,102.0,29.0,113.0,483.0,2.0,0.0,29.0,0.0,29.0,131.0,25.0,1.0,24.0,107.0,,,3.5,3.5,70.0,1.0,1.0,112.0,1.0,111.0,117.0,2.0,115.0,103.0,1.0,102.0,24.0,55.0,30.0,115.0,54.0,115.0,508.0,28.0,105.0,494.0,28.0,120.0,520.0,15.0,98.0,485.0,100.0,3.0,56.0,3.0,69.0,0.0,69.0,115.0,63.0,1.0,62.0,108.0,40.0,1.0,39.0,114.0,39.0,0.0,39.0,114.0,2.0,3.0,29.0,50.0,5.0,7.0,2.0,2.0,6.0,13.0,113.0,13.0,116.0,26.0,106.0,107.0,219.0,223.0,110.0,113.0,34.0,108.0,429.0,1.0,3.0,38.0,0.0,38.0,128.0,32.0,1.0,31.0,107.0,1.0,3.5,4.0,3.0,,114.0,1.0,113.0,122.0,2.0,120.0,130.0,2.0,128.0,27.0,57.0,33.0,118.0,63.0,123.0,533.0,32.0,108.0,506.0,26.0,111.0,513.0,17.0,98.0,492.0,96.0,2.0,,121.0,3.0,,70.0,2.0,68.0,100.0,77.0,0.0,77.0,113.0,43.0,2.0,41.0,108.0,44.0,3.0,41.0,108.0,3.0,,4.0,,41.0,60.0,6.0,1.0,1.0,5.0,9.0,15.0,93.0,15.0,96.0,29.0,104.0,105.0,197.0,201.0,97.0,100.0,4.0,120.0,4.0,4.0,42.0,113.0,507.0,5.0,3.0,38.0,2.0,36.0,122.0,38.0,1.0,37.0,111.0,4.0,3.5,4.0,4.0,,,,,,,,,,,,,,,,,,,,,,,,,,,,,,,,,,,,,,,,,,,,,,,,,,,,,,,,,,,,,,,,,,,,,,,,,,,,,,,,,,,,,,,,,,,,,1.0
226,,,,,,,,,,,,,,,,,,,,,,,,,,,,,,,,,,,,,,,,,,,,,,,,,,,,,,,,,,,,,,,,,,,,,,,,,,,,,,,,,,,4.0,4.0,38.0,,,,,,,,,,,,,,,,,,,,,,,,,,,,,,,,,,,,,,,,,,,,,,,,,,,,,,,,,,,,,,,,,,,,,,,,,,,,,,,,,,,,,,,,,,,,,,,,,,,,,,,,,,,,,,,,,,,,,,,,,,,,,,,,,,,,,,,,,,,,,,,,,,,,,,,,,,,,,,,,,,,,,,,,,,,,,,,,,,,,,,,,,,,,,,,,,,,,,,,,,,,,,,,,,,,,,,,,,,,,,,,,,,,,,,,,,,,,,,,,,,,,,,,,,,,,,,,,,,,,,,,,,,,,
227,2.0,1.0,53.0,0.0,53.0,59.0,16.0,43.0,42.0,2.0,40.0,18.0,46.0,24.0,113.0,37.0,112.0,457.0,18.0,101.0,465.0,22.0,124.0,502.0,9.0,90.0,464.0,1.0,315.0,3.0,199.0,43.0,1.0,42.0,103.0,41.0,0.0,41.0,103.0,22.0,1.0,21.0,105.0,23.0,4.0,19.0,103.0,1.0,0.0,18.0,39.0,2.0,2.0,1.0,1.0,1.0,4.0,90.0,4.0,87.0,21.0,113.0,115.0,203.0,202.0,100.0,100.0,22.0,108.0,471.0,0.0,0.0,20.0,1.0,19.0,118.0,19.0,2.0,17.0,97.0,,,3.5,3.5,95.0,2.0,1.0,103.0,1.0,102.0,80.0,0.0,80.0,70.0,0.0,70.0,19.0,45.0,28.0,113.0,55.0,120.0,511.0,22.0,96.0,477.0,25.0,116.0,510.0,16.0,104.0,489.0,129.0,3.0,76.0,1.0,64.0,1.0,63.0,109.0,58.0,1.0,57.0,101.0,36.0,3.0,33.0,107.0,36.0,0.0,36.0,110.0,1.0,2.0,26.0,47.0,3.0,5.0,1.0,1.0,2.0,6.0,92.0,6.0,91.0,25.0,108.0,104.0,200.0,195.0,99.0,96.0,27.0,100.0,479.0,4.0,4.0,31.0,2.0,29.0,113.0,32.0,1.0,31.0,107.0,2.0,3.0,4.0,4.0,,90.0,0.0,90.0,92.0,2.0,90.0,110.0,2.0,108.0,21.0,46.0,29.0,105.0,57.0,114.0,516.0,30.0,104.0,500.0,27.0,114.0,517.0,13.0,88.0,478.0,93.0,3.0,,107.0,1.0,,53.0,0.0,53.0,81.0,61.0,0.0,61.0,91.0,41.0,0.0,41.0,108.0,35.0,2.0,33.0,99.0,1.0,,4.0,,33.0,51.0,7.0,2.0,2.0,2.0,13.0,17.0,102.0,17.0,101.0,31.0,112.0,110.0,214.0,211.0,107.0,105.0,2.0,33.0,2.0,2.0,30.0,97.0,485.0,6.0,3.0,30.0,2.0,28.0,110.0,27.0,2.0,25.0,96.0,3.0,3.0,3.0,3.5,,88.0,2.0,86.0,108.0,2.0,106.0,125.0,0.0,125.0,23.0,48.0,33.0,112.0,60.0,115.0,525.0,27.0,94.0,491.0,24.0,105.0,508.0,18.0,98.0,496.0,79.0,3.0,,85.0,1.0,,65.0,0.0,65.0,93.0,68.0,1.0,67.0,95.0,46.0,1.0,45.0,110.0,49.0,0.0,49.0,115.0,2.0,,2.0,,37.0,50.0,6.0,1.0,1.0,4.0,15.0,20.0,103.0,20.0,104.0,35.0,111.0,114.0,214.0,218.0,107.0,109.0,2.0,47.0,3.0,3.0,32.0,94.0,488.0,4.0,5.0,30.0,5.0,25.0,99.0,30.0,3.0,27.0,96.0,3.0,3.0,,,,
228,2.0,2.0,99.0,2.0,97.0,98.0,3.0,95.0,95.0,1.0,94.0,24.0,61.0,30.0,130.0,48.0,121.0,491.0,20.0,100.0,472.0,26.0,125.0,513.0,16.0,109.0,489.0,2.0,112.0,4.0,63.0,60.0,1.0,59.0,116.0,57.0,1.0,56.0,110.0,32.0,0.0,32.0,113.0,35.0,3.0,32.0,113.0,1.0,4.0,27.0,51.0,6.0,4.0,2.0,2.0,2.0,10.0,112.0,10.0,114.0,31.0,131.0,145.0,243.0,259.0,126.0,136.0,30.0,113.0,485.0,2.0,2.0,39.0,1.0,38.0,140.0,42.0,2.0,40.0,129.0,,,6.0,6.0,88.0,2.0,2.0,,,,,,,,,,,,,,,,,,,,,,,,,,,,,,,,,,,,,,,,,,,,,,,,,,,,,,,,,,,,,,,,,,,,,,,,,,,,,,,5.0,4.0,,5.0,,138.0,1.0,137.0,147.0,2.0,145.0,154.0,2.0,152.0,26.0,56.0,37.0,127.0,61.0,119.0,527.0,34.0,114.0,512.0,30.0,122.0,530.0,24.0,119.0,516.0,79.0,4.0,,94.0,3.0,,76.0,0.0,76.0,111.0,70.0,0.0,70.0,102.0,39.0,3.0,36.0,102.0,44.0,2.0,42.0,110.0,2.0,,4.0,,40.0,58.0,9.0,3.0,3.0,10.0,15.0,28.0,126.0,28.0,137.0,41.0,131.0,137.0,257.0,274.0,136.0,146.0,3.0,74.0,4.0,4.0,39.0,108.0,502.0,5.0,5.0,37.0,1.0,36.0,122.0,39.0,1.0,38.0,114.0,3.0,5.0,3.5,,,152.0,1.0,151.0,130.0,2.0,128.0,163.0,1.0,162.0,25.0,52.0,39.0,129.0,59.0,113.0,522.0,31.0,101.0,503.0,27.0,111.0,517.0,25.0,119.0,520.0,61.0,2.0,,67.0,1.0,,70.0,0.0,70.0,99.0,73.0,0.0,73.0,103.0,44.0,2.0,42.0,106.0,43.0,2.0,41.0,104.0,2.0,,2.0,,31.0,43.0,9.0,2.0,3.0,8.0,19.0,29.0,126.0,30.0,139.0,43.0,129.0,137.0,255.0,276.0,134.0,148.0,5.0,76.0,4.0,4.0,43.0,111.0,509.0,7.0,6.0,42.0,2.0,40.0,123.0,41.0,2.0,39.0,118.0,5.0,4.0,,5.0,,
229,1.0,2.0,27.0,9.0,18.0,29.0,6.0,23.0,32.0,5.0,27.0,18.0,46.0,19.0,92.0,32.0,101.0,438.0,15.0,92.0,454.0,7.0,99.0,464.0,11.0,95.0,471.0,0.0,83.0,3.0,47.0,33.0,8.0,25.0,89.0,39.0,13.0,26.0,89.0,14.0,4.0,10.0,90.0,13.0,7.0,6.0,82.0,0.0,2.0,19.0,41.0,4.0,6.0,3.0,3.0,0.0,7.0,103.0,7.0,100.0,13.0,93.0,89.0,196.0,189.0,97.0,93.0,15.0,98.0,459.0,0.0,0.0,18.0,7.0,11.0,107.0,29.0,7.0,22.0,104.0,,,3.5,5.0,45.0,1.0,2.0,110.0,31.0,79.0,72.0,7.0,65.0,88.0,16.0,72.0,19.0,45.0,21.0,91.0,34.0,88.0,446.0,17.0,86.0,462.0,11.0,95.0,477.0,12.0,91.0,475.0,83.0,3.0,50.0,1.0,50.0,3.0,47.0,92.0,52.0,6.0,46.0,91.0,28.0,20.0,8.0,73.0,32.0,23.0,9.0,75.0,0.0,2.0,14.0,29.0,6.0,1.0,1.0,0.0,0.0,7.0,96.0,6.0,91.0,18.0,91.0,84.0,187.0,175.0,92.0,86.0,17.0,89.0,462.0,1.0,3.0,24.0,12.0,12.0,87.0,21.0,10.0,11.0,79.0,0.0,2.0,3.5,2.0,,67.0,7.0,60.0,55.0,8.0,47.0,76.0,3.0,73.0,18.0,40.0,22.0,83.0,37.0,84.0,457.0,18.0,81.0,465.0,6.0,81.0,459.0,11.0,82.0,471.0,89.0,0.0,,64.0,0.0,,50.0,2.0,48.0,77.0,52.0,2.0,50.0,78.0,29.0,22.0,7.0,65.0,24.0,18.0,6.0,63.0,2.0,,2.0,,24.0,36.0,6.0,1.0,1.0,2.0,7.0,10.0,80.0,10.0,83.0,20.0,82.0,83.0,162.0,166.0,80.0,81.0,1.0,22.0,1.0,1.0,26.0,91.0,477.0,2.0,3.0,21.0,7.0,14.0,86.0,23.0,3.0,20.0,89.0,2.5,3.5,3.5,3.0,,,,,,,,,,,,,,,,,,,,,,,,,,,,,,,,,,,,,,,,,,,,,,,,,,,,,,,,,,,,,,,,,,,,,,,,,,,,,,,,,,,,,,,,,,,,,0.0
230,1.0,1.0,120.0,1.0,119.0,97.0,0.0,97.0,118.0,0.0,118.0,19.0,46.0,27.0,115.0,53.0,124.0,506.0,28.0,115.0,494.0,25.0,121.0,510.0,17.0,111.0,492.0,3.0,71.0,4.0,51.0,58.0,0.0,58.0,115.0,65.0,0.0,65.0,122.0,31.0,4.0,27.0,108.0,29.0,3.0,26.0,107.0,0.0,1.0,28.0,53.0,7.0,4.0,2.0,2.0,0.0,9.0,108.0,9.0,109.0,23.0,111.0,122.0,219.0,231.0,110.0,118.0,34.0,116.0,492.0,3.0,2.0,32.0,0.0,32.0,134.0,28.0,1.0,27.0,111.0,,,5.5,5.0,97.0,1.0,1.0,116.0,5.0,111.0,141.0,1.0,140.0,123.0,1.0,122.0,22.0,50.0,34.0,128.0,55.0,114.0,511.0,29.0,105.0,497.0,28.0,118.0,520.0,20.0,112.0,502.0,83.0,4.0,56.0,4.0,68.0,1.0,67.0,106.0,71.0,1.0,70.0,110.0,37.0,4.0,33.0,103.0,43.0,4.0,39.0,110.0,2.0,2.0,26.0,43.0,3.0,5.0,1.0,1.0,6.0,10.0,103.0,10.0,105.0,35.0,125.0,132.0,228.0,237.0,117.0,121.0,35.0,108.0,494.0,2.0,6.0,38.0,1.0,37.0,127.0,38.0,0.0,38.0,116.0,3.5,4.0,5.5,4.0,,149.0,1.0,148.0,128.0,4.0,124.0,133.0,4.0,129.0,25.0,53.0,34.0,117.0,57.0,112.0,516.0,31.0,104.0,503.0,28.0,115.0,520.0,17.0,97.0,492.0,67.0,3.0,,76.0,2.0,,73.0,1.0,72.0,105.0,71.0,0.0,71.0,103.0,37.0,3.0,34.0,100.0,38.0,3.0,35.0,101.0,2.0,,4.0,,36.0,53.0,5.0,1.0,1.0,4.0,16.0,21.0,109.0,21.0,112.0,35.0,117.0,121.0,226.0,233.0,115.0,119.0,2.0,26.0,1.0,2.0,42.0,112.0,507.0,9.0,4.0,34.0,1.0,33.0,117.0,33.0,2.0,31.0,102.0,3.5,3.5,5.0,4.0,,,,,,,,,,,,,,,,,,,,,,,,,,,,,,,,,,,,,,,,,,,,,,,,,,,,,,,,,,,,,,,,,,,,,,,,,,,,,,,,,,,,,,,,,,,,,
231,2.0,2.0,73.0,1.0,72.0,63.0,4.0,59.0,72.0,3.0,69.0,20.0,51.0,19.0,92.0,37.0,107.0,457.0,18.0,97.0,465.0,9.0,102.0,471.0,14.0,103.0,482.0,1.0,58.0,2.0,84.0,39.0,6.0,33.0,90.0,47.0,8.0,39.0,95.0,18.0,6.0,12.0,88.0,22.0,13.0,9.0,84.0,0.0,1.0,19.0,39.0,3.0,4.0,2.0,2.0,0.0,5.0,93.0,5.0,93.0,16.0,96.0,100.0,189.0,193.0,93.0,95.0,24.0,107.0,474.0,2.0,0.0,27.0,1.0,26.0,128.0,21.0,3.0,18.0,98.0,,,4.0,4.5,97.0,2.0,2.0,117.0,3.0,114.0,113.0,7.0,106.0,110.0,5.0,105.0,22.0,50.0,24.0,97.0,44.0,100.0,480.0,26.0,100.0,488.0,17.0,102.0,491.0,16.0,101.0,489.0,91.0,3.0,57.0,3.0,60.0,2.0,58.0,102.0,52.0,5.0,47.0,92.0,25.0,11.0,14.0,82.0,21.0,8.0,13.0,81.0,2.0,4.0,29.0,50.0,4.0,7.0,2.0,2.0,2.0,8.0,98.0,8.0,98.0,25.0,104.0,104.0,202.0,202.0,100.0,100.0,32.0,104.0,488.0,3.0,3.0,32.0,6.0,26.0,109.0,38.0,1.0,37.0,115.0,3.5,4.0,4.0,4.0,,91.0,5.0,86.0,73.0,2.0,71.0,99.0,1.0,98.0,23.0,51.0,27.0,99.0,54.0,108.0,508.0,28.0,98.0,494.0,20.0,100.0,498.0,17.0,98.0,492.0,92.0,3.0,,103.0,2.0,,58.0,3.0,55.0,83.0,59.0,1.0,58.0,87.0,23.0,9.0,14.0,75.0,25.0,10.0,15.0,76.0,2.0,,3.0,,29.0,43.0,5.0,1.0,1.0,2.0,14.0,17.0,98.0,17.0,101.0,24.0,92.0,93.0,190.0,194.0,94.0,96.0,3.0,41.0,2.0,3.0,34.0,99.0,492.0,6.0,2.0,32.0,3.0,29.0,111.0,31.0,1.0,30.0,101.0,3.5,4.0,4.0,5.0,,110.0,5.0,105.0,110.0,5.0,105.0,98.0,10.0,88.0,24.0,50.0,31.0,107.0,52.0,100.0,503.0,28.0,95.0,494.0,19.0,97.0,495.0,17.0,95.0,492.0,94.0,2.0,,90.0,1.0,,64.0,0.0,64.0,91.0,57.0,1.0,56.0,82.0,34.0,9.0,25.0,85.0,35.0,10.0,25.0,85.0,2.0,,1.0,,39.0,52.0,8.0,2.0,2.0,3.0,13.0,18.0,98.0,18.0,100.0,29.0,99.0,102.0,197.0,202.0,97.0,100.0,2.0,65.0,4.0,4.0,33.0,95.0,490.0,5.0,2.0,30.0,3.0,27.0,102.0,30.0,1.0,29.0,102.0,3.0,3.0,,4.0,,0.0
232,2.0,1.0,26.0,7.0,19.0,20.0,6.0,14.0,17.0,5.0,12.0,17.0,42.0,23.0,97.0,28.0,87.0,423.0,9.0,73.0,430.0,11.0,101.0,477.0,10.0,89.0,468.0,0.0,89.0,3.0,40.0,29.0,7.0,22.0,71.0,27.0,4.0,23.0,72.0,10.0,6.0,4.0,70.0,18.0,16.0,2.0,65.0,0.0,1.0,13.0,29.0,5.0,3.0,1.0,1.0,0.0,6.0,96.0,6.0,97.0,16.0,91.0,100.0,187.0,197.0,92.0,98.0,15.0,93.0,459.0,0.0,0.0,7.0,4.0,3.0,88.0,11.0,2.0,9.0,83.0,,,4.0,4.0,34.0,2.0,1.0,58.0,1.0,57.0,66.0,4.0,62.0,55.0,6.0,49.0,18.0,41.0,22.0,91.0,37.0,88.0,457.0,20.0,88.0,472.0,11.0,92.0,477.0,11.0,85.0,471.0,125.0,1.0,60.0,1.0,50.0,0.0,50.0,85.0,43.0,5.0,38.0,73.0,20.0,7.0,13.0,77.0,15.0,5.0,10.0,73.0,0.0,3.0,21.0,36.0,5.0,6.0,2.0,2.0,3.0,10.0,103.0,10.0,105.0,19.0,86.0,87.0,189.0,192.0,93.0,95.0,21.0,90.0,469.0,1.0,2.0,14.0,3.0,11.0,86.0,14.0,6.0,8.0,75.0,2.0,2.0,2.0,3.0,,61.0,5.0,56.0,57.0,8.0,49.0,74.0,3.0,71.0,21.0,44.0,25.0,89.0,44.0,91.0,480.0,22.0,86.0,477.0,16.0,95.0,489.0,14.0,88.0,482.0,174.0,2.0,,220.0,2.0,,43.0,0.0,43.0,72.0,48.0,1.0,47.0,76.0,15.0,3.0,12.0,72.0,16.0,4.0,12.0,72.0,1.0,,4.0,,24.0,35.0,3.0,1.0,1.0,3.0,15.0,19.0,102.0,19.0,106.0,23.0,87.0,90.0,189.0,196.0,93.0,97.0,2.0,38.0,2.0,3.0,28.0,91.0,481.0,0.0,3.0,18.0,0.0,18.0,93.0,18.0,1.0,17.0,85.0,2.5,2.5,2.5,2.5,,,,,,,,,,,,,,,,,,,,,,,,,,,,,,,,,,,,,,,,,,,,,,,,,,,,,,,,,,,,,,,,,,,,,,,,,,,,,,,,,,,,,,,,,,,,,0.0
233,1.0,1.0,45.0,4.0,41.0,31.0,2.0,29.0,35.0,1.0,34.0,20.0,51.0,25.0,112.0,36.0,107.0,453.0,18.0,98.0,465.0,21.0,120.0,500.0,15.0,107.0,485.0,2.0,409.0,2.0,321.0,28.0,0.0,28.0,91.0,29.0,1.0,28.0,91.0,19.0,0.0,19.0,103.0,15.0,2.0,13.0,94.0,0.0,2.0,29.0,56.0,1.0,4.0,2.0,2.0,1.0,4.0,90.0,4.0,87.0,20.0,111.0,112.0,201.0,199.0,99.0,99.0,21.0,105.0,469.0,2.0,4.0,16.0,1.0,15.0,112.0,20.0,3.0,17.0,97.0,,,3.5,5.0,88.0,1.0,1.0,62.0,2.0,60.0,43.0,1.0,42.0,62.0,2.0,60.0,19.0,45.0,23.0,97.0,48.0,109.0,491.0,24.0,98.0,483.0,24.0,113.0,508.0,15.0,99.0,485.0,181.0,3.0,141.0,3.0,41.0,2.0,39.0,83.0,53.0,0.0,53.0,97.0,23.0,0.0,23.0,95.0,21.0,1.0,20.0,91.0,1.0,1.0,27.0,47.0,4.0,1.0,1.0,0.0,4.0,9.0,101.0,8.0,98.0,24.0,101.0,101.0,202.0,199.0,100.0,99.0,30.0,103.0,485.0,2.0,6.0,21.0,0.0,21.0,102.0,19.0,1.0,18.0,89.0,4.0,5.0,5.0,4.0,,58.0,1.0,57.0,60.0,5.0,55.0,87.0,5.0,82.0,23.0,51.0,30.0,108.0,48.0,99.0,491.0,27.0,97.0,491.0,26.0,111.0,513.0,13.0,87.0,478.0,192.0,3.0,,207.0,3.0,,43.0,0.0,43.0,72.0,45.0,4.0,41.0,70.0,26.0,0.0,26.0,90.0,22.0,1.0,21.0,84.0,2.0,,3.0,,35.0,51.0,4.0,1.0,1.0,4.0,10.0,15.0,93.0,15.0,96.0,31.0,108.0,110.0,201.0,206.0,99.0,102.0,2.0,30.0,2.0,2.0,33.0,99.0,490.0,6.0,5.0,23.0,1.0,22.0,100.0,23.0,0.0,23.0,93.0,2.0,2.5,3.0,4.0,,,,,,,,,,,,,,,,,,,,,,,,,,,,,,,,,,,,,,,,,,,,,,,,,,,,,,,,,,,,,,,,,,,,,,,,,,,,,,,,,,,,,,,,,,,,,
234,1.0,1.0,67.0,1.0,66.0,59.0,2.0,57.0,60.0,0.0,60.0,17.0,46.0,23.0,121.0,39.0,127.0,464.0,18.0,114.0,465.0,13.0,124.0,482.0,15.0,114.0,485.0,1.0,172.0,2.0,124.0,47.0,1.0,46.0,121.0,46.0,0.0,46.0,121.0,26.0,3.0,23.0,117.0,27.0,11.0,16.0,107.0,1.0,0.0,17.0,41.0,6.0,5.0,3.0,2.0,0.0,9.0,114.0,8.0,104.0,16.0,112.0,100.0,226.0,204.0,115.0,101.0,24.0,117.0,474.0,2.0,1.0,29.0,0.0,29.0,131.0,25.0,2.0,23.0,106.0,,,3.5,3.5,81.0,1.0,1.0,127.0,2.0,125.0,135.0,0.0,135.0,115.0,5.0,110.0,22.0,54.0,29.0,125.0,52.0,124.0,503.0,27.0,114.0,491.0,23.0,119.0,505.0,17.0,112.0,492.0,52.0,2.0,45.0,1.0,63.0,0.0,63.0,120.0,67.0,1.0,66.0,123.0,40.0,4.0,36.0,118.0,45.0,7.0,38.0,120.0,3.0,3.0,24.0,47.0,5.0,7.0,2.0,2.0,1.0,8.0,102.0,8.0,98.0,26.0,119.0,107.0,221.0,205.0,111.0,102.0,30.0,115.0,485.0,3.0,2.0,36.0,2.0,34.0,121.0,36.0,4.0,32.0,108.0,3.0,3.5,3.0,3.0,,,,,,,,,,,,,,,,,,,,,,,,,,,,,,,,,,,,,,,,,,,,,,,,,,,,,,,,,,,,,,,,,,,,,,,,,,,,,,,,,,,,,,,,3.0,3.5,3.5,3.0,,,,,,,,,,,,,,,,,,,,,,,,,,,,,,,,,,,,,,,,,,,,,,,,,,,,,,,,,,,,,,,,,,,,,,,,,,,,,,,,,,,,,,,,,,,,,
235,1.0,2.0,49.0,11.0,38.0,34.0,6.0,28.0,52.0,8.0,44.0,18.0,46.0,23.0,110.0,32.0,106.0,438.0,16.0,98.0,458.0,10.0,110.0,474.0,12.0,99.0,475.0,1.0,175.0,2.0,45.0,38.0,6.0,32.0,95.0,31.0,6.0,25.0,89.0,15.0,6.0,9.0,88.0,16.0,7.0,9.0,88.0,1.0,2.0,26.0,52.0,6.0,4.0,2.0,2.0,0.0,8.0,107.0,8.0,104.0,17.0,104.0,103.0,211.0,207.0,105.0,103.0,20.0,107.0,467.0,1.0,0.0,19.0,4.0,15.0,112.0,18.0,3.0,15.0,93.0,,,5.0,5.0,51.0,1.0,2.0,85.0,4.0,81.0,89.0,7.0,82.0,95.0,4.0,91.0,17.0,41.0,22.0,94.0,41.0,102.0,470.0,26.0,104.0,488.0,15.0,103.0,487.0,15.0,101.0,485.0,116.0,1.0,58.0,1.0,50.0,4.0,46.0,91.0,50.0,6.0,44.0,87.0,20.0,10.0,10.0,76.0,20.0,9.0,11.0,78.0,0.0,2.0,29.0,51.0,5.0,5.0,1.0,1.0,0.0,6.0,92.0,6.0,91.0,22.0,100.0,95.0,192.0,186.0,95.0,92.0,26.0,99.0,477.0,1.0,2.0,22.0,7.0,15.0,92.0,22.0,0.0,22.0,94.0,3.0,4.0,4.0,3.5,,89.0,4.0,85.0,69.0,6.0,63.0,113.0,6.0,107.0,22.0,49.0,26.0,96.0,42.0,93.0,473.0,28.0,99.0,494.0,16.0,97.0,489.0,17.0,100.0,492.0,113.0,3.0,,92.0,2.0,,59.0,0.0,59.0,88.0,57.0,3.0,54.0,82.0,22.0,8.0,14.0,75.0,20.0,6.0,14.0,75.0,3.0,,2.0,,29.0,45.0,3.0,1.0,1.0,3.0,9.0,13.0,92.0,13.0,91.0,26.0,99.0,98.0,191.0,189.0,94.0,93.0,2.0,44.0,3.0,3.0,35.0,104.0,494.0,2.0,2.0,23.0,3.0,20.0,97.0,21.0,2.0,19.0,88.0,2.5,3.5,3.0,2.5,,,,,,,,,,,,,,,,,,,,,,,,,,,,,,,,,,,,,,,,,,,,,,,,,,,,,,,,,,,,,,,,,,,,,,,,,,,,,,,,,,,,,,,,,,,,,
236,1.0,2.0,55.0,8.0,47.0,32.0,6.0,26.0,56.0,11.0,45.0,18.0,46.0,21.0,103.0,33.0,110.0,442.0,17.0,102.0,462.0,7.0,106.0,464.0,14.0,107.0,482.0,3.0,252.0,2.0,120.0,43.0,10.0,33.0,96.0,54.0,19.0,35.0,97.0,16.0,7.0,9.0,88.0,16.0,11.0,5.0,80.0,0.0,2.0,23.0,47.0,3.0,5.0,2.0,2.0,0.0,5.0,95.0,5.0,93.0,14.0,95.0,93.0,190.0,186.0,94.0,92.0,19.0,107.0,466.0,2.0,2.0,22.0,5.0,17.0,115.0,21.0,5.0,16.0,95.0,,,4.0,3.5,81.0,1.0,2.0,112.0,5.0,107.0,99.0,6.0,93.0,85.0,7.0,78.0,18.0,43.0,23.0,97.0,39.0,98.0,464.0,23.0,97.0,480.0,9.0,94.0,471.0,18.0,110.0,496.0,83.0,3.0,58.0,2.0,47.0,3.0,44.0,87.0,46.0,4.0,42.0,84.0,28.0,14.0,14.0,82.0,30.0,18.0,12.0,79.0,1.0,1.0,24.0,44.0,4.0,4.0,1.0,1.0,0.0,5.0,89.0,5.0,87.0,19.0,93.0,87.0,182.0,174.0,89.0,85.0,25.0,98.0,476.0,3.0,2.0,35.0,9.0,26.0,109.0,31.0,9.0,22.0,104.0,2.0,3.5,3.0,3.5,50.0,72.0,7.0,65.0,103.0,37.0,66.0,91.0,8.0,83.0,19.0,42.0,26.0,96.0,42.0,92.0,473.0,24.0,92.0,483.0,15.0,96.0,487.0,22.0,116.0,509.0,119.0,2.0,,126.0,1.0,,55.0,2.0,53.0,81.0,60.0,1.0,59.0,88.0,32.0,11.0,21.0,84.0,39.0,22.0,17.0,79.0,3.0,,3.0,,28.0,44.0,5.0,1.0,1.0,2.0,9.0,12.0,89.0,12.0,88.0,26.0,99.0,98.0,188.0,186.0,92.0,92.0,3.0,82.0,4.0,4.0,31.0,98.0,486.0,5.0,3.0,27.0,3.0,24.0,103.0,25.0,5.0,20.0,89.0,0.0,2.0,3.0,3.0,,101.0,11.0,90.0,95.0,9.0,86.0,117.0,6.0,111.0,23.0,49.0,23.0,87.0,46.0,94.0,486.0,26.0,93.0,488.0,14.0,92.0,484.0,20.0,105.0,502.0,93.0,2.0,,107.0,2.0,,71.0,6.0,65.0,96.0,67.0,7.0,60.0,90.0,45.0,26.0,19.0,81.0,43.0,29.0,14.0,75.0,2.0,,1.0,,36.0,51.0,10.0,3.0,3.0,4.0,10.0,17.0,97.0,17.0,97.0,29.0,101.0,100.0,198.0,197.0,98.0,98.0,2.0,68.0,4.0,4.0,35.0,99.0,494.0,6.0,5.0,24.0,4.0,20.0,89.0,30.0,1.0,29.0,99.0,3.0,4.0,,4.0,,
237,1.0,2.0,84.0,0.0,84.0,86.0,3.0,83.0,68.0,3.0,65.0,19.0,48.0,26.0,120.0,41.0,121.0,470.0,23.0,115.0,480.0,22.0,127.0,502.0,13.0,103.0,478.0,3.0,199.0,3.0,102.0,45.0,2.0,43.0,104.0,53.0,1.0,52.0,112.0,19.0,1.0,18.0,101.0,20.0,1.0,19.0,103.0,1.0,1.0,21.0,44.0,1.0,3.0,1.0,1.0,3.0,5.0,95.0,5.0,93.0,21.0,113.0,115.0,208.0,208.0,104.0,104.0,26.0,113.0,477.0,2.0,3.0,26.0,0.0,26.0,128.0,21.0,1.0,20.0,101.0,,,4.0,5.0,81.0,1.0,2.0,138.0,1.0,137.0,102.0,1.0,101.0,111.0,2.0,109.0,19.0,45.0,28.0,113.0,52.0,118.0,503.0,29.0,113.0,497.0,26.0,119.0,513.0,14.0,99.0,482.0,115.0,3.0,90.0,4.0,63.0,0.0,63.0,109.0,63.0,2.0,61.0,105.0,28.0,3.0,25.0,97.0,30.0,1.0,29.0,102.0,1.0,2.0,30.0,53.0,2.0,5.0,1.0,1.0,4.0,7.0,96.0,7.0,95.0,30.0,120.0,118.0,216.0,213.0,108.0,106.0,38.0,120.0,500.0,2.0,2.0,29.0,3.0,26.0,109.0,20.0,2.0,18.0,89.0,3.5,4.0,4.5,3.5,,112.0,3.0,109.0,111.0,1.0,110.0,127.0,1.0,126.0,22.0,49.0,30.0,112.0,57.0,116.0,516.0,32.0,112.0,506.0,30.0,123.0,530.0,17.0,101.0,492.0,124.0,2.0,,153.0,3.0,,64.0,1.0,63.0,102.0,66.0,0.0,66.0,105.0,27.0,2.0,25.0,93.0,25.0,1.0,24.0,92.0,3.0,,3.0,,34.0,55.0,4.0,1.0,1.0,6.0,14.0,21.0,113.0,21.0,112.0,35.0,125.0,121.0,238.0,233.0,122.0,119.0,2.0,41.0,3.0,3.0,36.0,107.0,496.0,4.0,5.0,32.0,1.0,31.0,114.0,34.0,1.0,33.0,105.0,4.0,4.0,4.0,3.0,,,,,,,,,,,,,,,,,,,,,,,,,,,,,,,,,,,,,,,,,,,,,,,,,,,,,,,,,,,,,,,,,,,,,,,,,,,,,,,,,,,,,,,,4.0,3.0,,4.0,,
238,2.0,2.0,43.0,4.0,39.0,26.0,2.0,24.0,31.0,4.0,27.0,18.0,46.0,21.0,103.0,32.0,108.0,438.0,19.0,107.0,469.0,10.0,111.0,474.0,16.0,114.0,489.0,0.0,297.0,1.0,196.0,34.0,6.0,28.0,91.0,22.0,3.0,19.0,83.0,11.0,3.0,8.0,86.0,9.0,6.0,3.0,76.0,1.0,3.0,26.0,52.0,5.0,2.0,1.0,1.0,0.0,6.0,99.0,6.0,97.0,19.0,108.0,109.0,207.0,206.0,103.0,102.0,21.0,109.0,469.0,0.0,0.0,15.0,0.0,15.0,112.0,16.0,3.0,13.0,90.0,,,4.0,3.5,81.0,2.0,2.0,,,,,,,,,,,,,,,,,,,,,,,,,,,,,,,,,,,,,,,,,,,,,,,,,,,,,,,,,,,,,,,,,,,,,,,,,,,,,,,2.0,2.0,2.0,2.0,,,,,,,,,,,,,,,,,,,,,,,,,,,,,,,,,,,,,,,,,,,,,,,,,,,,,,,,,,,,,,,,,,,,,,,,,,,,,,,,,,,,,,,,2.0,3.0,3.0,3.0,,,,,,,,,,,,,,,,,,,,,,,,,,,,,,,,,,,,,,,,,,,,,,,,,,,,,,,,,,,,,,,,,,,,,,,,,,,,,,,,,,,,,,,,,,,,,
239,2.0,1.0,84.0,1.0,83.0,95.0,0.0,95.0,72.0,2.0,70.0,18.0,44.0,24.0,104.0,43.0,114.0,477.0,22.0,104.0,477.0,20.0,116.0,498.0,15.0,106.0,485.0,0.0,162.0,3.0,159.0,46.0,2.0,44.0,100.0,53.0,2.0,51.0,106.0,26.0,8.0,18.0,97.0,29.0,8.0,21.0,101.0,2.0,3.0,23.0,45.0,6.0,7.0,4.0,4.0,0.0,10.0,112.0,10.0,114.0,23.0,111.0,122.0,223.0,236.0,113.0,121.0,22.0,103.0,471.0,4.0,3.0,32.0,1.0,31.0,133.0,30.0,3.0,27.0,111.0,,,4.0,3.5,81.0,2.0,1.0,121.0,1.0,120.0,122.0,0.0,122.0,104.0,0.0,104.0,21.0,48.0,32.0,121.0,51.0,110.0,500.0,31.0,112.0,503.0,27.0,117.0,517.0,21.0,117.0,506.0,128.0,3.0,80.0,3.0,66.0,0.0,66.0,105.0,60.0,1.0,59.0,97.0,40.0,4.0,36.0,106.0,43.0,4.0,39.0,110.0,2.0,3.0,30.0,52.0,2.0,6.0,2.0,2.0,1.0,5.0,87.0,5.0,87.0,29.0,114.0,116.0,201.0,203.0,99.0,101.0,34.0,107.0,492.0,4.0,3.0,40.0,2.0,38.0,128.0,37.0,2.0,35.0,112.0,3.5,4.0,5.5,4.5,,153.0,2.0,151.0,144.0,1.0,143.0,143.0,1.0,142.0,24.0,51.0,34.0,117.0,61.0,119.0,527.0,32.0,108.0,506.0,30.0,122.0,530.0,21.0,110.0,506.0,80.0,3.0,,84.0,4.0,,80.0,0.0,80.0,117.0,78.0,2.0,76.0,111.0,54.0,4.0,50.0,120.0,52.0,4.0,48.0,117.0,2.0,,4.0,,36.0,53.0,7.0,2.0,2.0,7.0,15.0,24.0,116.0,24.0,122.0,41.0,131.0,137.0,247.0,259.0,129.0,136.0,2.0,36.0,2.0,2.0,42.0,113.0,507.0,5.0,8.0,37.0,3.0,34.0,119.0,43.0,0.0,43.0,120.0,4.5,4.0,4.0,4.5,,,,,,,,,,,,,,,,,,,,,,,,,,,,,,,,,,,,,,,,,,,,,,,,,,,,,,,,,,,,,,,,,,,,,,,,,,,,,,,,,,,,,,,,,,,,,
240,2.0,1.0,60.0,1.0,59.0,69.0,2.0,67.0,60.0,1.0,59.0,20.0,51.0,22.0,106.0,40.0,120.0,467.0,23.0,115.0,480.0,8.0,108.0,468.0,15.0,110.0,485.0,4.0,254.0,4.0,195.0,35.0,2.0,33.0,96.0,37.0,2.0,35.0,97.0,18.0,0.0,18.0,101.0,18.0,3.0,15.0,97.0,3.0,4.0,36.0,67.0,1.0,6.0,3.0,3.0,3.0,7.0,103.0,7.0,100.0,23.0,118.0,122.0,221.0,222.0,111.0,112.0,23.0,110.0,472.0,3.0,2.0,26.0,0.0,26.0,128.0,23.0,0.0,23.0,106.0,,,4.0,3.5,95.0,2.0,1.0,107.0,1.0,106.0,110.0,2.0,108.0,103.0,1.0,102.0,25.0,60.0,29.0,117.0,47.0,110.0,489.0,33.0,122.0,509.0,24.0,115.0,508.0,15.0,101.0,485.0,106.0,3.0,63.0,4.0,60.0,0.0,60.0,104.0,56.0,2.0,54.0,98.0,33.0,6.0,27.0,100.0,35.0,3.0,32.0,106.0,1.0,2.0,38.0,66.0,5.0,3.0,1.0,1.0,3.0,9.0,103.0,9.0,101.0,26.0,110.0,107.0,213.0,208.0,106.0,104.0,34.0,112.0,492.0,4.0,3.0,37.0,1.0,36.0,125.0,29.0,1.0,28.0,102.0,5.0,3.5,3.0,3.5,,123.0,5.0,118.0,122.0,3.0,119.0,114.0,2.0,112.0,26.0,58.0,30.0,108.0,55.0,112.0,511.0,30.0,105.0,500.0,22.0,105.0,502.0,24.0,123.0,516.0,95.0,4.0,,94.0,3.0,,64.0,1.0,63.0,94.0,71.0,0.0,71.0,103.0,34.0,5.0,29.0,94.0,37.0,4.0,33.0,99.0,2.0,,2.0,,41.0,63.0,5.0,1.0,1.0,2.0,18.0,21.0,113.0,21.0,112.0,30.0,109.0,108.0,222.0,220.0,112.0,111.0,3.0,61.0,4.0,4.0,37.0,108.0,498.0,5.0,6.0,36.0,3.0,33.0,117.0,34.0,3.0,31.0,102.0,,,,,,116.0,1.0,115.0,122.0,1.0,121.0,156.0,1.0,155.0,27.0,57.0,32.0,113.0,56.0,109.0,514.0,31.0,103.0,503.0,25.0,107.0,510.0,22.0,111.0,509.0,94.0,4.0,,112.0,3.0,,70.0,2.0,68.0,100.0,65.0,0.0,65.0,96.0,40.0,10.0,30.0,95.0,37.0,5.0,32.0,97.0,3.0,,2.0,,41.0,58.0,6.0,1.0,1.0,5.0,16.0,22.0,110.0,22.0,110.0,34.0,112.0,112.0,222.0,222.0,112.0,112.0,3.0,67.0,4.0,4.0,42.0,112.0,507.0,5.0,6.0,30.0,3.0,27.0,102.0,33.0,3.0,30.0,101.0,3.0,,,,,
241,2.0,2.0,69.0,0.0,69.0,69.0,0.0,69.0,63.0,0.0,63.0,19.0,48.0,25.0,117.0,42.0,122.0,473.0,22.0,113.0,477.0,16.0,119.0,489.0,18.0,120.0,496.0,3.0,102.0,3.0,53.0,47.0,1.0,46.0,107.0,51.0,2.0,49.0,109.0,17.0,3.0,14.0,96.0,17.0,2.0,15.0,97.0,1.0,1.0,30.0,58.0,6.0,7.0,4.0,4.0,2.0,12.0,121.0,12.0,122.0,24.0,121.0,125.0,242.0,247.0,125.0,128.0,27.0,115.0,479.0,3.0,3.0,23.0,1.0,22.0,122.0,24.0,0.0,24.0,107.0,,,4.0,4.5,88.0,2.0,2.0,102.0,3.0,99.0,90.0,4.0,86.0,92.0,2.0,90.0,25.0,60.0,26.0,107.0,48.0,113.0,491.0,28.0,110.0,494.0,18.0,107.0,493.0,17.0,108.0,492.0,110.0,4.0,88.0,2.0,58.0,0.0,58.0,102.0,50.0,0.0,50.0,94.0,28.0,5.0,23.0,95.0,30.0,5.0,25.0,97.0,2.0,4.0,31.0,55.0,6.0,6.0,2.0,2.0,3.0,11.0,109.0,11.0,108.0,29.0,118.0,116.0,227.0,224.0,115.0,113.0,29.0,106.0,483.0,3.0,4.0,30.0,2.0,28.0,112.0,28.0,2.0,26.0,100.0,3.0,4.0,4.0,4.0,88.0,117.0,2.0,115.0,120.0,3.0,117.0,106.0,2.0,104.0,24.0,53.0,31.0,115.0,56.0,114.0,514.0,36.0,124.0,518.0,27.0,115.0,517.0,20.0,111.0,502.0,112.0,2.0,,51.0,3.0,,61.0,0.0,61.0,99.0,61.0,0.0,61.0,99.0,38.0,3.0,35.0,105.0,35.0,6.0,29.0,98.0,3.0,,3.0,,35.0,57.0,10.0,4.0,3.0,5.0,17.0,26.0,130.0,25.0,126.0,33.0,120.0,116.0,250.0,242.0,131.0,125.0,3.0,35.0,3.0,2.0,43.0,119.0,509.0,5.0,9.0,34.0,2.0,32.0,116.0,29.0,3.0,26.0,97.0,3.0,3.5,3.5,5.0,,113.0,2.0,111.0,114.0,3.0,111.0,137.0,2.0,135.0,24.0,51.0,31.0,110.0,60.0,116.0,525.0,35.0,116.0,515.0,26.0,109.0,513.0,25.0,120.0,520.0,78.0,3.0,,103.0,1.0,,70.0,0.0,70.0,102.0,62.0,0.0,62.0,92.0,41.0,3.0,38.0,105.0,38.0,2.0,36.0,102.0,4.0,,2.0,,41.0,58.0,6.0,1.0,1.0,4.0,15.0,20.0,105.0,20.0,104.0,34.0,112.0,112.0,217.0,216.0,109.0,108.0,2.0,57.0,4.0,4.0,42.0,111.0,507.0,4.0,4.0,36.0,0.0,36.0,117.0,30.0,4.0,26.0,94.0,2.0,3.0,,,,
242,2.0,1.0,93.0,5.0,88.0,94.0,4.0,90.0,93.0,3.0,90.0,22.0,54.0,25.0,108.0,45.0,110.0,483.0,19.0,93.0,469.0,19.0,110.0,495.0,15.0,102.0,485.0,1.0,75.0,1.0,40.0,57.0,2.0,55.0,110.0,59.0,5.0,54.0,109.0,28.0,9.0,19.0,98.0,34.0,10.0,24.0,104.0,2.0,2.0,31.0,56.0,4.0,6.0,3.0,3.0,2.0,9.0,107.0,9.0,109.0,21.0,103.0,115.0,210.0,224.0,105.0,113.0,28.0,108.0,481.0,3.0,3.0,29.0,1.0,28.0,130.0,20.0,5.0,15.0,93.0,,,4.0,4.0,75.0,2.0,1.0,112.0,5.0,107.0,93.0,3.0,90.0,99.0,17.0,82.0,24.0,55.0,25.0,100.0,49.0,105.0,494.0,24.0,95.0,483.0,19.0,102.0,495.0,21.0,116.0,506.0,97.0,2.0,59.0,2.0,59.0,1.0,58.0,96.0,63.0,2.0,61.0,99.0,33.0,4.0,29.0,98.0,34.0,5.0,29.0,98.0,1.0,2.0,33.0,54.0,3.0,4.0,1.0,1.0,0.0,4.0,83.0,4.0,83.0,24.0,98.0,101.0,181.0,184.0,89.0,91.0,28.0,97.0,481.0,4.0,3.0,28.0,1.0,27.0,110.0,17.0,1.0,16.0,86.0,2.5,3.0,3.5,3.5,50.0,123.0,3.0,120.0,111.0,7.0,104.0,118.0,6.0,112.0,23.0,49.0,29.0,102.0,52.0,103.0,503.0,30.0,101.0,500.0,25.0,108.0,510.0,20.0,106.0,502.0,89.0,1.0,,93.0,2.0,,63.0,1.0,62.0,92.0,62.0,0.0,62.0,92.0,28.0,1.0,27.0,91.0,30.0,6.0,24.0,87.0,2.0,,4.0,,41.0,58.0,7.0,2.0,2.0,6.0,13.0,21.0,107.0,21.0,112.0,26.0,94.0,98.0,201.0,210.0,99.0,105.0,2.0,25.0,1.0,2.0,38.0,105.0,500.0,7.0,7.0,27.0,1.0,26.0,106.0,21.0,3.0,18.0,87.0,3.0,3.0,2.0,2.0,,113.0,7.0,106.0,126.0,11.0,115.0,128.0,6.0,122.0,25.0,50.0,28.0,96.0,53.0,99.0,506.0,31.0,99.0,503.0,22.0,100.0,502.0,24.0,113.0,516.0,63.0,4.0,,72.0,0.0,,69.0,1.0,68.0,96.0,63.0,1.0,62.0,89.0,36.0,10.0,26.0,86.0,37.0,7.0,30.0,91.0,1.0,,1.0,,47.0,61.0,8.0,2.0,2.0,3.0,14.0,19.0,99.0,19.0,101.0,32.0,102.0,107.0,201.0,208.0,99.0,104.0,3.0,62.0,4.0,4.0,41.0,103.0,505.0,6.0,5.0,24.0,4.0,20.0,89.0,31.0,1.0,30.0,101.0,2.0,2.0,,,,
243,2.0,1.0,109.0,2.0,107.0,100.0,4.0,96.0,109.0,2.0,107.0,22.0,57.0,23.0,105.0,46.0,123.0,486.0,22.0,108.0,477.0,19.0,119.0,495.0,13.0,101.0,478.0,3.0,85.0,2.0,55.0,62.0,2.0,60.0,119.0,66.0,4.0,62.0,120.0,28.0,8.0,20.0,104.0,29.0,5.0,24.0,108.0,1.0,1.0,32.0,61.0,3.0,3.0,1.0,1.0,2.0,6.0,99.0,6.0,97.0,19.0,108.0,109.0,207.0,206.0,103.0,102.0,35.0,123.0,494.0,3.0,1.0,36.0,0.0,36.0,138.0,36.0,0.0,36.0,124.0,,,4.5,3.5,97.0,2.0,1.0,140.0,6.0,134.0,131.0,2.0,129.0,120.0,2.0,118.0,22.0,52.0,25.0,104.0,50.0,112.0,497.0,32.0,118.0,506.0,24.0,114.0,508.0,13.0,94.0,478.0,80.0,4.0,64.0,3.0,61.0,1.0,60.0,104.0,63.0,1.0,62.0,108.0,30.0,2.0,28.0,101.0,36.0,9.0,27.0,100.0,2.0,2.0,32.0,56.0,6.0,4.0,1.0,1.0,4.0,11.0,109.0,11.0,108.0,25.0,108.0,104.0,217.0,212.0,109.0,106.0,37.0,115.0,498.0,4.0,1.0,27.0,1.0,26.0,109.0,29.0,0.0,29.0,104.0,4.0,3.5,4.0,3.5,60.0,145.0,3.0,142.0,137.0,2.0,135.0,142.0,2.0,140.0,22.0,49.0,30.0,108.0,56.0,112.0,514.0,29.0,101.0,497.0,23.0,106.0,505.0,22.0,115.0,509.0,71.0,3.0,,93.0,3.0,,66.0,0.0,66.0,97.0,64.0,0.0,64.0,95.0,35.0,1.0,34.0,100.0,34.0,7.0,27.0,91.0,4.0,,4.0,,31.0,48.0,5.0,1.0,1.0,5.0,15.0,21.0,113.0,21.0,112.0,27.0,102.0,100.0,215.0,212.0,108.0,106.0,3.0,39.0,2.0,3.0,46.0,122.0,514.0,6.0,6.0,28.0,1.0,27.0,108.0,26.0,2.0,24.0,95.0,3.5,4.5,3.5,5.5,,144.0,4.0,140.0,157.0,0.0,157.0,190.0,6.0,184.0,28.0,57.0,33.0,112.0,60.0,115.0,525.0,30.0,99.0,500.0,26.0,109.0,513.0,20.0,104.0,502.0,63.0,4.0,,59.0,1.0,,72.0,1.0,71.0,100.0,81.0,1.0,80.0,113.0,44.0,4.0,40.0,103.0,42.0,1.0,41.0,104.0,3.0,,0.0,,45.0,60.0,4.0,1.0,1.0,2.0,15.0,18.0,98.0,18.0,99.0,30.0,101.0,102.0,199.0,201.0,98.0,100.0,2.0,37.0,2.0,2.0,43.0,111.0,509.0,3.0,6.0,28.0,1.0,27.0,102.0,28.0,1.0,27.0,96.0,,,,4.0,,
244,2.0,2.0,64.0,2.0,62.0,81.0,3.0,78.0,66.0,13.0,53.0,21.0,52.0,23.0,97.0,36.0,100.0,453.0,16.0,89.0,458.0,13.0,104.0,482.0,12.0,95.0,475.0,1.0,158.0,2.0,85.0,51.0,3.0,48.0,99.0,54.0,5.0,49.0,99.0,24.0,2.0,22.0,98.0,24.0,8.0,16.0,90.0,0.0,2.0,25.0,47.0,4.0,5.0,2.0,2.0,0.0,6.0,96.0,6.0,97.0,13.0,84.0,89.0,180.0,186.0,88.0,92.0,20.0,97.0,467.0,3.0,3.0,25.0,1.0,24.0,125.0,21.0,0.0,21.0,103.0,,,2.5,3.5,51.0,2.0,2.0,96.0,6.0,90.0,92.0,0.0,92.0,90.0,7.0,83.0,22.0,50.0,25.0,100.0,43.0,96.0,477.0,22.0,91.0,477.0,18.0,101.0,493.0,14.0,93.0,482.0,90.0,3.0,56.0,1.0,64.0,2.0,62.0,101.0,58.0,0.0,58.0,96.0,29.0,5.0,24.0,92.0,33.0,4.0,29.0,98.0,2.0,1.0,26.0,43.0,6.0,4.0,1.0,1.0,0.0,7.0,92.0,7.0,95.0,24.0,98.0,101.0,190.0,196.0,94.0,97.0,28.0,97.0,481.0,3.0,3.0,33.0,1.0,32.0,118.0,26.0,3.0,23.0,96.0,2.5,3.0,3.5,3.5,24.0,125.0,3.0,122.0,111.0,5.0,106.0,119.0,1.0,118.0,24.0,51.0,29.0,102.0,54.0,106.0,508.0,26.0,93.0,488.0,23.0,104.0,505.0,16.0,94.0,489.0,73.0,3.0,,70.0,3.0,,79.0,1.0,78.0,115.0,74.0,1.0,73.0,106.0,36.0,6.0,30.0,95.0,37.0,8.0,29.0,94.0,0.0,,4.0,,27.0,39.0,14.0,4.0,4.0,3.0,14.0,21.0,107.0,21.0,112.0,26.0,94.0,98.0,201.0,210.0,99.0,105.0,3.0,56.0,4.0,4.0,35.0,99.0,494.0,5.0,4.0,38.0,2.0,36.0,122.0,42.0,1.0,41.0,117.0,,,,3.0,,88.0,4.0,84.0,122.0,1.0,121.0,133.0,1.0,132.0,23.0,46.0,29.0,98.0,53.0,99.0,506.0,28.0,93.0,494.0,21.0,98.0,500.0,12.0,77.0,475.0,87.0,1.0,,139.0,1.0,,73.0,2.0,71.0,100.0,72.0,0.0,72.0,102.0,42.0,3.0,39.0,102.0,39.0,2.0,37.0,99.0,0.0,,1.0,,30.0,39.0,11.0,3.0,3.0,4.0,14.0,21.0,102.0,21.0,107.0,34.0,105.0,112.0,207.0,219.0,103.0,110.0,2.0,55.0,3.0,4.0,30.0,88.0,485.0,4.0,3.0,28.0,6.0,22.0,93.0,31.0,3.0,28.0,98.0,3.0,3.0,,,,1.0
245,2.0,1.0,97.0,1.0,96.0,103.0,1.0,102.0,109.0,0.0,109.0,22.0,57.0,22.0,102.0,44.0,120.0,480.0,27.0,119.0,491.0,18.0,117.0,493.0,18.0,118.0,496.0,2.0,83.0,1.0,45.0,56.0,1.0,55.0,114.0,48.0,1.0,47.0,108.0,26.0,4.0,22.0,106.0,24.0,2.0,22.0,106.0,1.0,3.0,20.0,42.0,6.0,5.0,2.0,2.0,1.0,9.0,110.0,9.0,109.0,21.0,113.0,115.0,223.0,224.0,113.0,113.0,37.0,125.0,498.0,1.0,4.0,24.0,1.0,23.0,123.0,20.0,0.0,20.0,101.0,,,3.0,3.5,88.0,2.0,1.0,140.0,0.0,140.0,124.0,1.0,123.0,108.0,1.0,107.0,23.0,55.0,30.0,120.0,50.0,112.0,497.0,29.0,110.0,497.0,23.0,112.0,505.0,21.0,120.0,506.0,60.0,3.0,42.0,4.0,64.0,0.0,64.0,110.0,65.0,0.0,65.0,111.0,38.0,4.0,34.0,108.0,36.0,3.0,33.0,107.0,1.0,2.0,30.0,53.0,5.0,6.0,2.0,2.0,2.0,9.0,103.0,9.0,101.0,32.0,125.0,124.0,228.0,225.0,117.0,114.0,32.0,106.0,488.0,2.0,3.0,31.0,0.0,31.0,117.0,32.0,1.0,31.0,107.0,2.5,3.0,3.5,3.5,92.0,110.0,1.0,109.0,128.0,1.0,127.0,130.0,0.0,130.0,22.0,49.0,28.0,102.0,55.0,111.0,511.0,33.0,113.0,509.0,26.0,112.0,513.0,21.0,112.0,506.0,59.0,3.0,,71.0,3.0,,56.0,0.0,56.0,85.0,60.0,0.0,60.0,90.0,37.0,6.0,31.0,96.0,38.0,9.0,29.0,94.0,3.0,,3.0,,38.0,59.0,9.0,3.0,3.0,2.0,16.0,21.0,113.0,21.0,112.0,33.0,117.0,116.0,230.0,228.0,118.0,117.0,2.0,50.0,3.0,3.0,40.0,112.0,503.0,2.0,2.0,35.0,0.0,35.0,121.0,37.0,0.0,37.0,111.0,4.0,4.0,3.5,3.5,,113.0,3.0,110.0,126.0,4.0,122.0,148.0,0.0,148.0,22.0,46.0,34.0,115.0,57.0,108.0,516.0,30.0,98.0,500.0,25.0,106.0,510.0,24.0,115.0,516.0,66.0,2.0,,48.0,2.0,,73.0,0.0,73.0,103.0,74.0,1.0,73.0,103.0,45.0,7.0,38.0,101.0,41.0,6.0,35.0,97.0,3.0,,3.0,,33.0,45.0,6.0,1.0,1.0,9.0,14.0,24.0,113.0,24.0,114.0,33.0,107.0,107.0,220.0,221.0,111.0,111.0,2.0,74.0,4.0,4.0,42.0,108.0,507.0,5.0,5.0,28.0,2.0,26.0,101.0,40.0,0.0,40.0,116.0,4.0,3.0,,,,
246,2.0,1.0,92.0,0.0,92.0,94.0,2.0,92.0,93.0,2.0,91.0,16.0,44.0,26.0,132.0,38.0,124.0,460.0,19.0,114.0,469.0,24.0,136.0,508.0,12.0,103.0,475.0,1.0,107.0,4.0,59.0,59.0,2.0,57.0,133.0,63.0,4.0,59.0,135.0,36.0,2.0,34.0,128.0,43.0,2.0,41.0,135.0,0.0,1.0,20.0,46.0,3.0,5.0,3.0,2.0,0.0,6.0,103.0,5.0,93.0,16.0,112.0,100.0,215.0,193.0,108.0,95.0,28.0,120.0,481.0,1.0,1.0,29.0,2.0,27.0,129.0,29.0,1.0,28.0,113.0,,,3.5,4.0,88.0,2.0,1.0,105.0,3.0,102.0,111.0,2.0,109.0,95.0,3.0,92.0,21.0,52.0,32.0,136.0,51.0,122.0,500.0,27.0,112.0,491.0,28.0,127.0,520.0,19.0,118.0,499.0,68.0,2.0,60.0,2.0,70.0,0.0,70.0,127.0,66.0,4.0,62.0,119.0,42.0,1.0,41.0,123.0,45.0,7.0,38.0,120.0,0.0,3.0,31.0,58.0,2.0,10.0,4.0,4.0,1.0,7.0,99.0,7.0,95.0,29.0,126.0,116.0,225.0,211.0,114.0,105.0,29.0,110.0,483.0,3.0,1.0,32.0,8.0,24.0,106.0,32.0,5.0,27.0,101.0,2.5,4.5,4.0,3.5,42.0,143.0,3.0,140.0,146.0,1.0,145.0,161.0,4.0,157.0,21.0,48.0,34.0,125.0,56.0,117.0,514.0,30.0,108.0,500.0,28.0,119.0,520.0,21.0,116.0,506.0,56.0,3.0,,117.0,3.0,,73.0,0.0,73.0,114.0,78.0,2.0,76.0,118.0,50.0,7.0,43.0,115.0,51.0,10.0,41.0,112.0,3.0,,3.0,,36.0,61.0,8.0,3.0,2.0,2.0,17.0,22.0,117.0,21.0,112.0,34.0,126.0,119.0,243.0,231.0,126.0,118.0,3.0,46.0,4.0,3.0,40.0,116.0,503.0,8.0,5.0,33.0,2.0,31.0,114.0,28.0,4.0,24.0,95.0,3.0,3.5,4.0,4.0,,138.0,3.0,135.0,150.0,9.0,141.0,171.0,8.0,163.0,25.0,53.0,36.0,124.0,62.0,121.0,530.0,28.0,97.0,494.0,27.0,113.0,517.0,22.0,113.0,509.0,32.0,2.0,,52.0,1.0,,68.0,0.0,68.0,100.0,66.0,0.0,66.0,97.0,50.0,6.0,44.0,112.0,49.0,3.0,46.0,115.0,4.0,,3.0,,35.0,51.0,6.0,1.0,1.0,4.0,12.0,17.0,98.0,17.0,96.0,35.0,117.0,111.0,215.0,207.0,108.0,103.0,4.0,79.0,4.0,4.0,40.0,109.0,503.0,8.0,5.0,34.0,2.0,32.0,111.0,35.0,3.0,32.0,103.0,2.0,3.0,,,,
247,2.0,1.0,98.0,1.0,97.0,85.0,1.0,84.0,87.0,1.0,86.0,23.0,60.0,29.0,127.0,47.0,122.0,489.0,26.0,115.0,488.0,28.0,131.0,520.0,23.0,134.0,513.0,3.0,157.0,4.0,100.0,58.0,0.0,58.0,117.0,61.0,1.0,60.0,119.0,34.0,2.0,32.0,117.0,34.0,0.0,34.0,120.0,1.0,3.0,29.0,56.0,4.0,3.0,1.0,1.0,1.0,6.0,99.0,6.0,97.0,28.0,131.0,137.0,230.0,234.0,118.0,119.0,38.0,125.0,500.0,2.0,2.0,29.0,0.0,29.0,131.0,27.0,0.0,27.0,111.0,,,4.5,4.0,88.0,2.0,1.0,138.0,2.0,136.0,113.0,0.0,113.0,114.0,5.0,109.0,22.0,52.0,30.0,120.0,55.0,118.0,511.0,24.0,98.0,483.0,27.0,119.0,517.0,24.0,129.0,516.0,81.0,4.0,73.0,4.0,65.0,0.0,65.0,111.0,64.0,0.0,64.0,110.0,35.0,4.0,31.0,104.0,36.0,4.0,32.0,106.0,2.0,3.0,36.0,62.0,6.0,4.0,1.0,1.0,5.0,12.0,112.0,12.0,112.0,33.0,128.0,127.0,240.0,239.0,124.0,123.0,33.0,107.0,490.0,3.0,3.0,25.0,1.0,24.0,106.0,26.0,1.0,25.0,98.0,3.0,4.0,4.0,4.0,98.0,139.0,2.0,137.0,143.0,7.0,136.0,160.0,2.0,158.0,27.0,59.0,33.0,118.0,57.0,113.0,516.0,31.0,106.0,503.0,28.0,116.0,520.0,28.0,134.0,530.0,85.0,4.0,,90.0,4.0,,72.0,0.0,72.0,105.0,76.0,1.0,75.0,109.0,46.0,1.0,45.0,113.0,50.0,5.0,45.0,113.0,4.0,,4.0,,48.0,70.0,8.0,2.0,2.0,4.0,13.0,19.0,104.0,19.0,106.0,34.0,115.0,119.0,219.0,225.0,110.0,114.0,4.0,40.0,2.0,3.0,44.0,118.0,511.0,6.0,6.0,28.0,0.0,28.0,110.0,28.0,0.0,28.0,99.0,4.5,5.5,5.0,5.5,,159.0,4.0,155.0,155.0,8.0,147.0,166.0,5.0,161.0,27.0,55.0,36.0,120.0,61.0,116.0,527.0,34.0,111.0,512.0,26.0,108.0,513.0,25.0,118.0,520.0,62.0,2.0,,69.0,2.0,,78.0,1.0,77.0,109.0,81.0,0.0,81.0,115.0,48.0,5.0,43.0,107.0,48.0,2.0,46.0,111.0,2.0,,2.0,,44.0,59.0,7.0,1.0,1.0,4.0,14.0,19.0,101.0,19.0,101.0,41.0,125.0,129.0,226.0,230.0,115.0,118.0,3.0,74.0,4.0,4.0,47.0,117.0,516.0,7.0,7.0,34.0,2.0,32.0,111.0,32.0,2.0,30.0,101.0,4.0,5.0,,,,
248,1.0,2.0,85.0,1.0,84.0,97.0,6.0,91.0,114.0,2.0,112.0,18.0,46.0,24.0,109.0,40.0,115.0,467.0,21.0,106.0,475.0,15.0,114.0,487.0,14.0,105.0,482.0,2.0,92.0,1.0,62.0,53.0,3.0,50.0,110.0,56.0,4.0,52.0,112.0,20.0,3.0,17.0,100.0,17.0,3.0,14.0,96.0,0.0,2.0,22.0,46.0,8.0,4.0,2.0,2.0,3.0,13.0,125.0,13.0,126.0,19.0,108.0,109.0,233.0,235.0,119.0,120.0,27.0,113.0,479.0,5.0,4.0,31.0,1.0,30.0,132.0,31.0,3.0,28.0,118.0,,,3.5,3.5,81.0,1.0,2.0,,,,,,,,,,,,,,,,,,,,,,,,,,,,,,,,,,,,,,,,,,,,,,,,,,,,,,,,,,,,,,,,,,,,,,,,,,,,,,,,,,,,,,,,,,,,,,,,,,,,,,,,,,,,,,,,,,,,,,,,,,,,,,,,,,,,,,,,,,,,,,,,,,,,,,,,,,,,,,,,,,,,,,,,,,,,,,,,,,,,,,,,,,,,,,,,,,,,,,,,,,,,,,,,,,,,,,,,,,,,,,,,,,,,,,,,,,,,,,,,,,,,,,,,,,,,,,,,,,,,,,,,,,
249,2.0,1.0,47.0,4.0,43.0,48.0,6.0,42.0,51.0,5.0,46.0,22.0,54.0,20.0,90.0,36.0,104.0,453.0,19.0,98.0,469.0,19.0,115.0,495.0,15.0,106.0,485.0,2.0,141.0,2.0,134.0,36.0,5.0,31.0,88.0,30.0,2.0,28.0,85.0,17.0,3.0,14.0,91.0,12.0,6.0,6.0,78.0,0.0,3.0,26.0,50.0,5.0,7.0,4.0,4.0,1.0,10.0,112.0,10.0,114.0,22.0,109.0,119.0,221.0,233.0,111.0,119.0,24.0,105.0,474.0,2.0,2.0,25.0,0.0,25.0,127.0,22.0,1.0,21.0,103.0,,,5.0,4.5,75.0,2.0,1.0,107.0,5.0,102.0,71.0,4.0,67.0,93.0,3.0,90.0,23.0,53.0,23.0,94.0,48.0,106.0,491.0,25.0,97.0,486.0,21.0,107.0,500.0,21.0,117.0,506.0,97.0,2.0,78.0,3.0,47.0,0.0,47.0,92.0,56.0,3.0,53.0,97.0,27.0,2.0,25.0,97.0,26.0,7.0,19.0,89.0,1.0,4.0,28.0,49.0,4.0,4.0,1.0,1.0,6.0,11.0,107.0,11.0,108.0,25.0,104.0,104.0,211.0,212.0,105.0,106.0,34.0,107.0,492.0,4.0,3.0,34.0,2.0,32.0,118.0,31.0,0.0,31.0,107.0,3.5,5.0,4.5,4.0,,96.0,3.0,93.0,83.0,2.0,81.0,103.0,3.0,100.0,23.0,49.0,28.0,102.0,56.0,111.0,514.0,34.0,115.0,512.0,24.0,107.0,508.0,21.0,110.0,506.0,101.0,2.0,,130.0,2.0,,65.0,2.0,63.0,94.0,65.0,2.0,63.0,94.0,31.0,5.0,26.0,90.0,23.0,8.0,15.0,76.0,3.0,,3.0,,25.0,38.0,9.0,3.0,3.0,8.0,15.0,26.0,121.0,26.0,130.0,29.0,104.0,105.0,225.0,235.0,114.0,120.0,3.0,38.0,2.0,3.0,46.0,120.0,514.0,3.0,2.0,29.0,0.0,29.0,111.0,24.0,2.0,22.0,92.0,4.5,3.5,5.0,4.5,,,,,,,,,,,,,,,,,,,,,,,,,,,,,,,,,,,,,,,,,,,,,,,,,,,,,,,,,,,,,,,,,,,,,,,,,,,,,,,,,,,,,,,,,,,,,1.0
250,1.0,2.0,139.0,0.0,139.0,107.0,2.0,105.0,125.0,3.0,122.0,19.0,46.0,29.0,122.0,46.0,118.0,486.0,27.0,115.0,491.0,25.0,123.0,510.0,17.0,113.0,492.0,2.0,120.0,3.0,84.0,62.0,0.0,62.0,119.0,64.0,0.0,64.0,121.0,38.0,3.0,35.0,116.0,40.0,3.0,37.0,119.0,1.0,3.0,32.0,59.0,3.0,6.0,3.0,3.0,1.0,7.0,101.0,7.0,100.0,29.0,126.0,140.0,227.0,240.0,115.0,123.0,33.0,116.0,490.0,2.0,3.0,33.0,0.0,33.0,135.0,34.0,1.0,33.0,120.0,,,6.0,6.0,95.0,1.0,2.0,170.0,2.0,168.0,161.0,1.0,160.0,142.0,0.0,142.0,19.0,43.0,32.0,121.0,57.0,119.0,516.0,32.0,116.0,506.0,27.0,117.0,517.0,22.0,121.0,509.0,84.0,4.0,54.0,3.0,73.0,0.0,73.0,121.0,74.0,0.0,74.0,122.0,44.0,2.0,42.0,117.0,45.0,2.0,43.0,118.0,2.0,4.0,34.0,58.0,,9.0,3.0,4.0,5.0,,,,,34.0,126.0,130.0,,,,,38.0,115.0,500.0,0.0,5.0,40.0,2.0,38.0,128.0,39.0,2.0,37.0,115.0,4.5,4.5,5.5,5.0,,172.0,3.0,169.0,183.0,1.0,182.0,175.0,2.0,173.0,25.0,53.0,39.0,137.0,61.0,119.0,527.0,34.0,115.0,512.0,28.0,115.0,520.0,22.0,114.0,509.0,63.0,4.0,,97.0,1.0,,83.0,0.0,83.0,123.0,80.0,0.0,80.0,117.0,52.0,6.0,46.0,115.0,54.0,3.0,51.0,121.0,2.0,,4.0,,39.0,57.0,8.0,2.0,2.0,5.0,16.0,23.0,114.0,23.0,119.0,37.0,122.0,127.0,236.0,246.0,121.0,127.0,4.0,99.0,4.0,4.0,42.0,113.0,507.0,5.0,9.0,44.0,3.0,41.0,130.0,43.0,3.0,40.0,116.0,2.5,5.5,5.0,5.0,,,,,,,,,,,,,,,,,,,,,,,,,,,,,,,,,,,,,,,,,,,,,,,,,,,,,,,,,,,,,,,,,,,,,,,,,,,,,,,,,,,,,,,,,,,,,
251,1.0,2.0,88.0,1.0,87.0,81.0,1.0,80.0,72.0,2.0,70.0,19.0,48.0,25.0,117.0,41.0,118.0,470.0,21.0,108.0,475.0,16.0,116.0,489.0,13.0,102.0,478.0,2.0,152.0,2.0,80.0,59.0,2.0,57.0,116.0,54.0,2.0,52.0,112.0,35.0,4.0,31.0,116.0,28.0,8.0,20.0,104.0,1.0,3.0,24.0,49.0,2.0,8.0,4.0,4.0,3.0,9.0,110.0,9.0,109.0,20.0,111.0,112.0,221.0,221.0,111.0,111.0,28.0,114.0,481.0,2.0,3.0,24.0,3.0,21.0,121.0,22.0,0.0,22.0,104.0,,,5.0,6.0,65.0,1.0,2.0,106.0,0.0,106.0,93.0,2.0,91.0,103.0,0.0,103.0,24.0,58.0,28.0,113.0,53.0,118.0,506.0,24.0,100.0,483.0,26.0,119.0,513.0,15.0,101.0,485.0,99.0,1.0,80.0,2.0,64.0,0.0,64.0,110.0,65.0,2.0,63.0,109.0,45.0,1.0,44.0,119.0,40.0,5.0,35.0,109.0,0.0,3.0,22.0,41.0,2.0,4.0,1.0,1.0,2.0,5.0,89.0,5.0,87.0,23.0,103.0,98.0,192.0,185.0,95.0,91.0,30.0,106.0,485.0,3.0,4.0,30.0,3.0,27.0,110.0,31.0,1.0,30.0,105.0,4.0,3.0,5.0,4.5,,123.0,1.0,122.0,117.0,4.0,113.0,123.0,2.0,121.0,22.0,49.0,31.0,111.0,57.0,114.0,516.0,25.0,94.0,486.0,26.0,112.0,513.0,16.0,97.0,489.0,106.0,2.0,,116.0,1.0,,76.0,1.0,75.0,109.0,72.0,1.0,71.0,103.0,44.0,4.0,40.0,107.0,50.0,10.0,40.0,107.0,3.0,,4.0,,31.0,48.0,6.0,1.0,1.0,1.0,11.0,13.0,92.0,13.0,91.0,27.0,102.0,100.0,194.0,191.0,96.0,94.0,3.0,108.0,4.0,4.0,36.0,105.0,496.0,4.0,4.0,33.0,2.0,31.0,114.0,27.0,3.0,24.0,95.0,4.0,,,,,126.0,5.0,121.0,119.0,3.0,116.0,157.0,2.0,155.0,25.0,53.0,31.0,110.0,61.0,117.0,527.0,28.0,96.0,494.0,27.0,112.0,517.0,21.0,108.0,506.0,65.0,4.0,,80.0,1.0,,77.0,1.0,76.0,111.0,79.0,4.0,75.0,109.0,45.0,16.0,29.0,94.0,49.0,8.0,41.0,108.0,3.0,,1.0,,45.0,63.0,8.0,2.0,2.0,4.0,12.0,18.0,100.0,18.0,99.0,28.0,98.0,98.0,198.0,197.0,98.0,98.0,3.0,117.0,4.0,4.0,34.0,97.0,492.0,4.0,3.0,30.0,2.0,28.0,104.0,28.0,2.0,26.0,94.0,4.0,,,,,
252,5.0,1.0,67.0,4.0,63.0,62.0,0.0,62.0,60.0,5.0,55.0,16.0,44.0,24.0,119.0,35.0,118.0,449.0,20.0,115.0,472.0,16.0,124.0,489.0,11.0,99.0,471.0,1.0,109.0,1.0,89.0,36.0,5.0,31.0,100.0,40.0,3.0,37.0,105.0,18.0,6.0,12.0,97.0,22.0,8.0,14.0,100.0,0.0,0.0,20.0,44.0,2.0,3.0,2.0,1.0,1.0,5.0,96.0,4.0,87.0,21.0,120.0,115.0,216.0,202.0,108.0,100.0,24.0,116.0,474.0,2.0,2.0,18.0,3.0,15.0,112.0,22.0,1.0,21.0,103.0,,,4.0,4.5,75.0,5.0,1.0,81.0,1.0,80.0,75.0,3.0,72.0,77.0,2.0,75.0,19.0,46.0,25.0,107.0,43.0,110.0,477.0,20.0,97.0,472.0,19.0,111.0,495.0,15.0,104.0,485.0,93.0,1.0,52.0,2.0,55.0,0.0,55.0,105.0,53.0,2.0,51.0,101.0,23.0,5.0,18.0,93.0,22.0,3.0,19.0,94.0,0.0,2.0,18.0,36.0,6.0,7.0,4.0,2.0,7.0,17.0,129.0,15.0,122.0,24.0,110.0,101.0,239.0,223.0,123.0,113.0,29.0,108.0,483.0,4.0,4.0,26.0,2.0,24.0,106.0,26.0,3.0,23.0,96.0,3.5,2.0,5.0,2.5,,72.0,4.0,68.0,65.0,5.0,60.0,82.0,1.0,81.0,18.0,41.0,26.0,99.0,50.0,108.0,497.0,25.0,97.0,486.0,20.0,104.0,498.0,10.0,83.0,468.0,79.0,0.0,,74.0,2.0,,55.0,1.0,54.0,92.0,58.0,3.0,55.0,93.0,25.0,5.0,20.0,86.0,20.0,4.0,16.0,81.0,2.0,,1.0,,17.0,30.0,4.0,1.0,1.0,4.0,15.0,20.0,110.0,20.0,109.0,27.0,106.0,100.0,216.0,209.0,108.0,104.0,3.0,81.0,4.0,4.0,33.0,104.0,490.0,4.0,3.0,31.0,3.0,28.0,110.0,25.0,6.0,19.0,88.0,4.5,3.5,4.5,4.0,,,,,,,,,,,,,,,,,,,,,,,,,,,,,,,,,,,,,,,,,,,,,,,,,,,,,,,,,,,,,,,,,,,,,,,,,,,,,,,,,,,,,,,,,,,,,
253,5.0,2.0,46.0,3.0,43.0,51.0,3.0,48.0,44.0,3.0,41.0,19.0,51.0,21.0,108.0,39.0,120.0,464.0,18.0,106.0,465.0,20.0,126.0,498.0,16.0,114.0,489.0,0.0,313.0,1.0,194.0,36.0,4.0,32.0,101.0,32.0,3.0,29.0,98.0,16.0,3.0,13.0,98.0,14.0,4.0,10.0,94.0,0.0,2.0,23.0,49.0,4.0,8.0,4.0,4.0,0.0,8.0,108.0,8.0,104.0,21.0,120.0,115.0,228.0,219.0,117.0,110.0,27.0,116.0,479.0,0.0,0.0,18.0,2.0,16.0,114.0,15.0,3.0,12.0,89.0,,,6.0,6.0,75.0,5.0,2.0,77.0,6.0,71.0,74.0,2.0,72.0,71.0,1.0,70.0,22.0,52.0,26.0,110.0,42.0,104.0,473.0,24.0,101.0,483.0,17.0,106.0,491.0,21.0,122.0,506.0,98.0,3.0,70.0,3.0,56.0,0.0,56.0,106.0,55.0,3.0,52.0,102.0,23.0,1.0,22.0,98.0,19.0,4.0,15.0,88.0,1.0,3.0,32.0,58.0,10.0,7.0,4.0,2.0,0.0,14.0,120.0,12.0,112.0,26.0,115.0,107.0,235.0,219.0,120.0,110.0,31.0,108.0,486.0,4.0,4.0,30.0,2.0,28.0,112.0,25.0,3.0,22.0,94.0,5.5,4.5,4.0,3.5,,99.0,2.0,97.0,88.0,7.0,81.0,106.0,2.0,104.0,22.0,50.0,29.0,109.0,50.0,105.0,497.0,29.0,103.0,497.0,22.0,106.0,502.0,19.0,108.0,499.0,63.0,2.0,,88.0,3.0,,66.0,0.0,66.0,105.0,62.0,2.0,60.0,98.0,27.0,1.0,26.0,94.0,28.0,5.0,23.0,90.0,2.0,,3.0,,32.0,52.0,5.0,1.0,1.0,3.0,12.0,16.0,100.0,16.0,99.0,26.0,103.0,98.0,203.0,197.0,100.0,98.0,4.0,73.0,4.0,4.0,37.0,110.0,498.0,6.0,3.0,29.0,2.0,27.0,108.0,25.0,4.0,21.0,91.0,4.0,4.5,4.5,4.5,,,,,,,,,,,,,,,,,,,,,,,,,,,,,,,,,,,,,,,,,,,,,,,,,,,,,,,,,,,,,,,,,,,,,,,,,,,,,,,,,,,,,,,,,,,,,
254,2.0,2.0,59.0,3.0,56.0,90.0,0.0,90.0,65.0,3.0,62.0,18.0,44.0,24.0,104.0,35.0,99.0,449.0,23.0,103.0,480.0,17.0,110.0,491.0,17.0,111.0,492.0,2.0,139.0,4.0,101.0,36.0,0.0,36.0,92.0,36.0,0.0,36.0,92.0,15.0,5.0,10.0,85.0,15.0,0.0,15.0,93.0,1.0,1.0,26.0,48.0,0.0,3.0,1.0,1.0,3.0,4.0,88.0,4.0,87.0,20.0,101.0,112.0,189.0,199.0,93.0,99.0,27.0,107.0,479.0,1.0,3.0,18.0,1.0,17.0,115.0,17.0,0.0,17.0,97.0,,,3.0,5.0,75.0,2.0,2.0,156.0,1.0,155.0,140.0,1.0,139.0,106.0,2.0,104.0,21.0,48.0,25.0,100.0,50.0,108.0,497.0,29.0,106.0,497.0,20.0,104.0,498.0,16.0,100.0,489.0,93.0,3.0,52.0,4.0,64.0,1.0,63.0,102.0,65.0,0.0,65.0,104.0,26.0,4.0,22.0,89.0,33.0,4.0,29.0,98.0,2.0,3.0,27.0,45.0,2.0,5.0,1.0,1.0,1.0,4.0,83.0,4.0,83.0,26.0,103.0,107.0,186.0,190.0,91.0,94.0,38.0,113.0,500.0,2.0,3.0,39.0,3.0,36.0,125.0,40.0,0.0,40.0,119.0,3.0,4.0,5.0,4.5,,156.0,1.0,155.0,124.0,7.0,117.0,154.0,2.0,152.0,24.0,51.0,28.0,98.0,50.0,99.0,497.0,30.0,101.0,500.0,21.0,101.0,500.0,17.0,97.0,492.0,72.0,2.0,,90.0,3.0,,56.0,0.0,56.0,85.0,64.0,1.0,63.0,94.0,32.0,2.0,30.0,95.0,36.0,6.0,30.0,95.0,2.0,,2.0,,22.0,33.0,4.0,1.0,1.0,3.0,9.0,13.0,86.0,13.0,91.0,27.0,96.0,100.0,182.0,191.0,89.0,94.0,2.0,85.0,4.0,4.0,39.0,107.0,502.0,4.0,3.0,35.0,2.0,33.0,117.0,39.0,1.0,38.0,114.0,3.0,4.0,3.5,4.0,,,,,,,,,,,,,,,,,,,,,,,,,,,,,,,,,,,,,,,,,,,,,,,,,,,,,,,,,,,,,,,,,,,,,,,,,,,,,,,,,,,,,,,,,,,,,
255,3.0,1.0,42.0,3.0,39.0,42.0,1.0,41.0,41.0,3.0,38.0,18.0,46.0,25.0,117.0,37.0,111.0,457.0,14.0,91.0,450.0,15.0,114.0,487.0,13.0,101.0,478.0,0.0,253.0,2.0,199.0,31.0,3.0,28.0,91.0,36.0,2.0,34.0,36.0,21.0,1.0,20.0,104.0,19.0,0.0,19.0,103.0,0.0,1.0,23.0,47.0,0.0,3.0,1.0,1.0,0.0,1.0,74.0,1.0,72.0,21.0,113.0,115.0,187.0,187.0,92.0,92.0,20.0,105.0,467.0,1.0,2.0,18.0,0.0,18.0,117.0,18.0,0.0,18.0,98.0,,,3.5,3.5,51.0,3.0,1.0,90.0,0.0,90.0,86.0,4.0,82.0,76.0,2.0,74.0,19.0,45.0,27.0,110.0,41.0,99.0,470.0,20.0,92.0,472.0,23.0,112.0,505.0,14.0,97.0,482.0,151.0,3.0,110.0,1.0,58.0,0.0,58.0,102.0,54.0,2.0,52.0,96.0,30.0,2.0,28.0,101.0,30.0,1.0,29.0,102.0,0.0,2.0,20.0,37.0,2.0,5.0,1.0,1.0,1.0,4.0,85.0,4.0,83.0,24.0,105.0,101.0,190.0,184.0,94.0,91.0,26.0,98.0,477.0,2.0,2.0,25.0,4.0,21.0,102.0,26.0,2.0,24.0,97.0,3.0,2.0,3.5,3.0,73.0,112.0,2.0,110.0,97.0,8.0,89.0,117.0,3.0,114.0,22.0,49.0,28.0,102.0,52.0,106.0,503.0,30.0,104.0,500.0,26.0,112.0,513.0,16.0,97.0,489.0,68.0,2.0,,85.0,3.0,,68.0,1.0,67.0,98.0,71.0,1.0,70.0,102.0,49.0,10.0,39.0,106.0,48.0,7.0,41.0,108.0,3.0,,3.0,,27.0,42.0,6.0,1.0,1.0,4.0,15.0,20.0,110.0,20.0,109.0,31.0,112.0,110.0,222.0,219.0,112.0,110.0,3.0,43.0,3.0,3.0,33.0,99.0,490.0,2.0,4.0,33.0,4.0,29.0,111.0,27.0,3.0,24.0,95.0,2.5,4.0,3.0,4.0,,105.0,3.0,102.0,110.0,2.0,108.0,132.0,3.0,129.0,20.0,41.0,28.0,99.0,58.0,111.0,519.0,26.0,91.0,488.0,27.0,111.0,517.0,12.0,80.0,475.0,88.0,3.0,,78.0,1.0,,66.0,0.0,66.0,94.0,62.0,0.0,62.0,89.0,42.0,3.0,39.0,102.0,48.0,0.0,48.0,114.0,1.0,,0.0,,26.0,36.0,9.0,2.0,2.0,5.0,11.0,18.0,98.0,18.0,99.0,35.0,111.0,114.0,209.0,213.0,104.0,106.0,3.0,56.0,3.0,4.0,30.0,91.0,485.0,2.0,2.0,27.0,4.0,23.0,95.0,27.0,5.0,22.0,88.0,2.0,2.0,,,,
256,2.0,1.0,68.0,0.0,68.0,53.0,2.0,51.0,55.0,1.0,54.0,21.0,52.0,24.0,104.0,41.0,110.0,470.0,23.0,105.0,480.0,21.0,116.0,500.0,16.0,108.0,489.0,3.0,146.0,2.0,128.0,44.0,0.0,44.0,100.0,47.0,1.0,46.0,101.0,24.0,2.0,22.0,102.0,22.0,3.0,19.0,98.0,0.0,3.0,30.0,56.0,4.0,6.0,3.0,3.0,0.0,7.0,101.0,7.0,100.0,21.0,107.0,115.0,208.0,215.0,104.0,108.0,30.0,113.0,485.0,2.0,1.0,23.0,0.0,23.0,123.0,20.0,2.0,18.0,98.0,,,3.5,3.5,81.0,2.0,1.0,110.0,2.0,108.0,86.0,1.0,85.0,94.0,2.0,92.0,24.0,55.0,33.0,124.0,50.0,109.0,497.0,27.0,102.0,491.0,24.0,112.0,508.0,20.0,114.0,502.0,108.0,3.0,68.0,4.0,66.0,0.0,66.0,112.0,67.0,2.0,65.0,111.0,30.0,3.0,27.0,100.0,33.0,1.0,32.0,106.0,0.0,2.0,33.0,56.0,4.0,5.0,1.0,1.0,5.0,10.0,104.0,10.0,105.0,31.0,119.0,121.0,223.0,226.0,113.0,115.0,38.0,115.0,500.0,5.0,5.0,31.0,0.0,31.0,117.0,27.0,2.0,25.0,98.0,3.5,3.5,4.5,5.0,73.0,130.0,0.0,130.0,151.0,14.0,137.0,144.0,4.0,140.0,25.0,53.0,32.0,111.0,53.0,106.0,506.0,31.0,105.0,503.0,26.0,111.0,513.0,24.0,120.0,516.0,89.0,4.0,,80.0,3.0,,76.0,2.0,74.0,107.0,76.0,1.0,75.0,109.0,36.0,2.0,34.0,100.0,42.0,4.0,38.0,105.0,3.0,,4.0,,41.0,60.0,7.0,2.0,2.0,5.0,14.0,21.0,109.0,21.0,112.0,36.0,119.0,124.0,228.0,236.0,117.0,121.0,3.0,124.0,4.0,4.0,45.0,118.0,512.0,10.0,10.0,34.0,1.0,33.0,117.0,30.0,3.0,27.0,98.0,4.0,5.0,3.0,3.5,,126.0,4.0,122.0,122.0,3.0,119.0,174.0,1.0,173.0,27.0,55.0,32.0,110.0,59.0,111.0,522.0,35.0,113.0,515.0,27.0,110.0,517.0,26.0,120.0,523.0,91.0,3.0,,80.0,2.0,,80.0,0.0,80.0,113.0,77.0,1.0,76.0,107.0,44.0,2.0,42.0,106.0,38.0,2.0,36.0,98.0,3.0,,1.0,,38.0,49.0,9.0,2.0,2.0,7.0,17.0,26.0,117.0,26.0,122.0,34.0,106.0,112.0,223.0,234.0,113.0,119.0,2.0,98.0,4.0,4.0,47.0,115.0,516.0,11.0,10.0,37.0,1.0,36.0,117.0,31.0,3.0,28.0,98.0,3.0,4.0,,,,
257,2.0,1.0,70.0,4.0,66.0,90.0,16.0,74.0,71.0,5.0,66.0,19.0,51.0,22.0,118.0,38.0,122.0,460.0,23.0,121.0,480.0,8.0,113.0,468.0,13.0,106.0,478.0,4.0,132.0,3.0,118.0,43.0,7.0,36.0,110.0,52.0,6.0,46.0,121.0,16.0,4.0,12.0,101.0,15.0,12.0,3.0,83.0,0.0,3.0,22.0,48.0,0.0,2.0,2.0,1.0,2.0,4.0,92.0,3.0,82.0,18.0,112.0,106.0,204.0,188.0,101.0,93.0,23.0,115.0,472.0,2.0,1.0,24.0,0.0,24.0,125.0,15.0,0.0,15.0,93.0,,,2.0,2.5,97.0,2.0,1.0,152.0,24.0,128.0,139.0,5.0,134.0,120.0,16.0,104.0,22.0,54.0,25.0,111.0,46.0,115.0,486.0,23.0,103.0,480.0,15.0,107.0,487.0,20.0,121.0,502.0,21.0,2.0,12.0,1.0,61.0,1.0,60.0,117.0,62.0,1.0,61.0,118.0,24.0,4.0,20.0,100.0,18.0,6.0,12.0,88.0,2.0,2.0,27.0,50.0,1.0,3.0,1.0,1.0,1.0,3.0,82.0,3.0,78.0,24.0,110.0,101.0,192.0,179.0,95.0,88.0,34.0,116.0,492.0,2.0,0.0,37.0,3.0,34.0,121.0,35.0,1.0,34.0,111.0,2.0,3.0,3.5,3.0,78.0,138.0,3.0,135.0,120.0,4.0,116.0,126.0,2.0,124.0,23.0,53.0,26.0,99.0,53.0,112.0,506.0,29.0,106.0,497.0,17.0,100.0,491.0,22.0,120.0,509.0,65.0,2.0,,88.0,3.0,,68.0,1.0,67.0,106.0,69.0,2.0,67.0,106.0,34.0,11.0,23.0,90.0,32.0,7.0,25.0,93.0,4.0,,4.0,,35.0,60.0,6.0,2.0,1.0,5.0,14.0,21.0,114.0,20.0,109.0,27.0,109.0,100.0,223.0,209.0,113.0,104.0,2.0,40.0,3.0,3.0,33.0,104.0,490.0,4.0,3.0,34.0,0.0,34.0,119.0,35.0,2.0,33.0,105.0,2.5,3.0,4.0,4.0,,117.0,7.0,110.0,130.0,11.0,119.0,162.0,5.0,157.0,26.0,56.0,29.0,105.0,52.0,103.0,503.0,34.0,114.0,512.0,21.0,101.0,500.0,26.0,126.0,523.0,43.0,2.0,,38.0,1.0,,69.0,1.0,68.0,100.0,68.0,0.0,68.0,100.0,32.0,7.0,25.0,89.0,32.0,7.0,25.0,89.0,3.0,,3.0,,45.0,65.0,5.0,1.0,1.0,6.0,15.0,22.0,111.0,22.0,109.0,31.0,108.0,102.0,219.0,211.0,110.0,105.0,3.0,45.0,3.0,3.0,40.0,109.0,503.0,5.0,3.0,40.0,0.0,40.0,123.0,37.0,2.0,35.0,108.0,3.0,4.0,,,,
258,1.0,1.0,68.0,0.0,68.0,60.0,0.0,60.0,55.0,2.0,53.0,19.0,51.0,21.0,114.0,39.0,125.0,464.0,16.0,107.0,458.0,19.0,130.0,495.0,22.0,137.0,509.0,1.0,132.0,1.0,106.0,42.0,0.0,42.0,117.0,42.0,2.0,40.0,114.0,22.0,2.0,20.0,113.0,23.0,6.0,17.0,108.0,1.0,3.0,23.0,51.0,2.0,5.0,3.0,2.0,0.0,5.0,98.0,4.0,87.0,20.0,123.0,112.0,221.0,199.0,111.0,99.0,25.0,117.0,476.0,0.0,3.0,25.0,0.0,25.0,127.0,23.0,0.0,23.0,106.0,,,4.0,3.5,81.0,1.0,1.0,,,,,,,,,,,,,,,,,,,,,,,,,,,,,,,,,,,,,,,,,,,,,,,,,,,,,,,,,,,,,,,,,,,,,,,,,,,,,,,2.0,3.0,,,,,,,,,,,,,,,,,,,,,,,,,,,,,,,,,,,,,,,,,,,,,,,,,,,,,,,,,,,,,,,,,,,,,,,,,,,,,,,,,,,,,,,,,,,,,,,,,,,,,,,,,,,,,,,,,,,,,,,,,,,,,,,,,,,,,,,,,,,,,,,,,,,,,,,,,,,,,,,,,,,,,,,,,,,,,,,,,,,,,,,,,,
259,3.0,1.0,87.0,0.0,87.0,70.0,3.0,67.0,68.0,4.0,64.0,18.0,46.0,22.0,106.0,40.0,115.0,467.0,22.0,108.0,477.0,16.0,115.0,489.0,14.0,105.0,482.0,2.0,148.0,1.0,85.0,54.0,2.0,52.0,112.0,54.0,6.0,48.0,108.0,31.0,12.0,19.0,103.0,33.0,15.0,18.0,101.0,0.0,3.0,25.0,50.0,2.0,3.0,1.0,1.0,1.0,4.0,90.0,4.0,87.0,18.0,106.0,106.0,196.0,193.0,97.0,95.0,22.0,107.0,471.0,3.0,3.0,30.0,2.0,28.0,130.0,25.0,4.0,21.0,103.0,,,5.0,4.5,95.0,3.0,1.0,156.0,20.0,136.0,125.0,1.0,124.0,119.0,5.0,114.0,23.0,55.0,29.0,117.0,51.0,115.0,500.0,28.0,108.0,494.0,24.0,114.0,508.0,18.0,110.0,496.0,66.0,3.0,31.0,0.0,68.0,1.0,67.0,113.0,68.0,2.0,66.0,112.0,38.0,3.0,35.0,109.0,40.0,4.0,36.0,100.0,1.0,4.0,27.0,48.0,2.0,7.0,2.0,2.0,2.0,6.0,92.0,6.0,91.0,25.0,108.0,104.0,200.0,195.0,99.0,96.0,31.0,106.0,486.0,3.0,3.0,34.0,1.0,33.0,120.0,28.0,4.0,24.0,97.0,3.0,4.0,3.5,4.0,46.0,145.0,2.0,143.0,119.0,4.0,115.0,160.0,8.0,152.0,25.0,55.0,30.0,108.0,53.0,108.0,506.0,26.0,96.0,488.0,23.0,106.0,505.0,20.0,109.0,502.0,61.0,2.0,,67.0,2.0,,75.0,1.0,74.0,107.0,76.0,1.0,75.0,109.0,49.0,10.0,39.0,106.0,45.0,6.0,39.0,106.0,2.0,,3.0,,32.0,50.0,12.0,4.0,4.0,7.0,16.0,27.0,128.0,27.0,133.0,28.0,104.0,102.0,232.0,235.0,119.0,120.0,3.0,44.0,3.0,3.0,31.0,98.0,486.0,2.0,3.0,35.0,5.0,30.0,113.0,32.0,2.0,30.0,101.0,3.5,3.5,4.0,4.0,,88.0,4.0,84.0,123.0,5.0,118.0,147.0,10.0,137.0,24.0,50.0,32.0,110.0,55.0,105.0,511.0,30.0,99.0,500.0,25.0,107.0,510.0,20.0,104.0,502.0,53.0,2.0,,54.0,2.0,,73.0,1.0,72.0,102.0,73.0,0.0,73.0,103.0,41.0,2.0,39.0,102.0,45.0,7.0,38.0,101.0,3.0,,2.0,,38.0,51.0,10.0,3.0,3.0,5.0,18.0,26.0,118.0,26.0,122.0,31.0,103.0,105.0,221.0,227.0,111.0,115.0,3.0,58.0,3.0,4.0,34.0,96.0,492.0,5.0,5.0,32.0,2.0,30.0,108.0,31.0,2.0,29.0,99.0,4.0,5.0,,,,
260,5.0,2.0,103.0,4.0,99.0,103.0,4.0,99.0,93.0,3.0,90.0,21.0,57.0,23.0,121.0,44.0,131.0,480.0,26.0,128.0,488.0,14.0,124.0,484.0,19.0,127.0,499.0,3.0,105.0,4.0,88.0,60.0,4.0,56.0,132.0,54.0,2.0,52.0,128.0,38.0,21.0,17.0,108.0,35.0,20.0,15.0,105.0,1.0,3.0,31.0,64.0,4.0,5.0,3.0,2.0,3.0,10.0,118.0,9.0,109.0,22.0,129.0,119.0,247.0,228.0,129.0,117.0,34.0,126.0,492.0,3.0,3.0,34.0,2.0,32.0,134.0,32.0,2.0,30.0,115.0,,,4.5,5.0,95.0,5.0,2.0,121.0,6.0,115.0,122.0,2.0,120.0,117.0,6.0,111.0,25.0,63.0,24.0,107.0,47.0,117.0,489.0,30.0,119.0,500.0,14.0,106.0,484.0,18.0,114.0,496.0,61.0,3.0,28.0,3.0,64.0,1.0,63.0,120.0,59.0,1.0,58.0,115.0,29.0,13.0,16.0,94.0,24.0,5.0,19.0,98.0,2.0,1.0,37.0,67.0,3.0,7.0,4.0,2.0,1.0,8.0,102.0,6.0,91.0,31.0,131.0,121.0,233.0,212.0,119.0,106.0,39.0,124.0,502.0,4.0,6.0,39.0,1.0,38.0,128.0,29.0,2.0,27.0,101.0,3.5,3.5,4.0,3.5,83.0,143.0,3.0,140.0,106.0,2.0,104.0,130.0,2.0,128.0,26.0,60.0,27.0,103.0,52.0,112.0,503.0,33.0,118.0,509.0,23.0,110.0,505.0,23.0,123.0,513.0,75.0,4.0,,95.0,2.0,,68.0,2.0,66.0,105.0,75.0,1.0,74.0,115.0,37.0,11.0,26.0,94.0,41.0,13.0,28.0,97.0,4.0,,4.0,,41.0,69.0,8.0,3.0,2.0,3.0,14.0,20.0,111.0,19.0,106.0,30.0,116.0,108.0,227.0,214.0,115.0,107.0,2.0,51.0,4.0,4.0,46.0,127.0,514.0,6.0,9.0,38.0,2.0,36.0,122.0,30.0,3.0,27.0,98.0,4.0,4.5,5.0,4.0,,126.0,1.0,125.0,116.0,3.0,113.0,155.0,3.0,152.0,25.0,53.0,30.0,107.0,54.0,107.0,508.0,35.0,118.0,515.0,20.0,100.0,498.0,26.0,126.0,523.0,47.0,3.0,,46.0,2.0,,72.0,1.0,71.0,103.0,73.0,1.0,72.0,105.0,42.0,22.0,20.0,82.0,37.0,19.0,18.0,80.0,2.0,,2.0,,43.0,63.0,7.0,2.0,1.0,7.0,13.0,22.0,111.0,21.0,106.0,32.0,110.0,104.0,221.0,210.0,111.0,105.0,2.0,24.0,1.0,1.0,49.0,125.0,519.0,5.0,6.0,46.0,2.0,44.0,128.0,39.0,0.0,39.0,114.0,3.0,4.0,,,,
261,2.0,2.0,89.0,1.0,88.0,94.0,3.0,91.0,84.0,2.0,82.0,19.0,51.0,26.0,127.0,39.0,120.0,464.0,19.0,109.0,469.0,17.0,122.0,491.0,10.0,95.0,468.0,3.0,121.0,3.0,63.0,57.0,0.0,57.0,121.0,61.0,1.0,60.0,124.0,31.0,12.0,19.0,107.0,36.0,8.0,28.0,117.0,0.0,1.0,16.0,37.0,4.0,4.0,3.0,2.0,3.0,10.0,116.0,9.0,109.0,18.0,112.0,106.0,228.0,215.0,117.0,108.0,22.0,111.0,471.0,2.0,0.0,23.0,2.0,21.0,121.0,19.0,3.0,16.0,95.0,,,3.5,3.5,59.0,2.0,2.0,132.0,2.0,130.0,141.0,15.0,126.0,113.0,15.0,98.0,17.0,42.0,28.0,117.0,46.0,113.0,486.0,21.0,97.0,475.0,23.0,116.0,505.0,14.0,100.0,482.0,101.0,1.0,64.0,2.0,68.0,2.0,66.0,116.0,67.0,0.0,67.0,117.0,45.0,9.0,36.0,114.0,41.0,5.0,36.0,114.0,0.0,1.0,26.0,48.0,6.0,6.0,3.0,2.0,1.0,10.0,108.0,9.0,101.0,24.0,110.0,101.0,218.0,202.0,109.0,100.0,23.0,99.0,472.0,1.0,2.0,26.0,5.0,21.0,102.0,19.0,1.0,18.0,89.0,2.0,3.0,3.5,4.0,35.0,113.0,3.0,110.0,88.0,4.0,84.0,108.0,1.0,107.0,21.0,48.0,32.0,119.0,52.0,108.0,503.0,22.0,91.0,477.0,22.0,106.0,502.0,15.0,96.0,482.0,114.0,3.0,,105.0,3.0,,70.0,1.0,69.0,109.0,64.0,1.0,63.0,102.0,35.0,4.0,31.0,100.0,37.0,2.0,35.0,105.0,2.0,,3.0,,25.0,42.0,9.0,3.0,3.0,4.0,16.0,23.0,119.0,23.0,119.0,36.0,128.0,124.0,247.0,243.0,129.0,125.0,3.0,36.0,3.0,2.0,34.0,104.0,492.0,3.0,4.0,28.0,1.0,27.0,108.0,28.0,3.0,25.0,96.0,3.5,3.5,3.5,,,,,,,,,,,,,,,,,,,,,,,,,,,,,,,,,,,,,,,,,,,,,,,,,,,,,,,,,,,,,,,,,,,,,,,,,,,,,,,,,,,,,,,,,,,,,,
262,2.0,2.0,57.0,4.0,53.0,49.0,3.0,46.0,49.0,3.0,46.0,17.0,42.0,23.0,100.0,40.0,109.0,467.0,21.0,100.0,475.0,17.0,111.0,491.0,15.0,105.0,485.0,2.0,224.0,2.0,178.0,38.0,2.0,36.0,92.0,32.0,2.0,30.0,87.0,12.0,0.0,12.0,88.0,14.0,1.0,13.0,90.0,0.0,1.0,24.0,47.0,5.0,5.0,2.0,2.0,0.0,7.0,101.0,7.0,100.0,25.0,116.0,128.0,217.0,228.0,109.0,117.0,26.0,107.0,477.0,4.0,5.0,18.0,0.0,18.0,117.0,19.0,0.0,19.0,100.0,,,4.0,4.0,75.0,2.0,2.0,98.0,1.0,97.0,96.0,3.0,93.0,88.0,4.0,84.0,22.0,50.0,23.0,94.0,44.0,100.0,480.0,26.0,99.0,488.0,24.0,111.0,508.0,17.0,104.0,492.0,124.0,4.0,70.0,2.0,58.0,0.0,58.0,102.0,49.0,0.0,49.0,93.0,26.0,1.0,25.0,97.0,23.0,3.0,20.0,91.0,0.0,3.0,29.0,50.0,4.0,7.0,2.0,2.0,3.0,9.0,101.0,9.0,101.0,30.0,116.0,118.0,217.0,219.0,109.0,110.0,31.0,101.0,486.0,6.0,5.0,26.0,2.0,24.0,106.0,22.0,2.0,20.0,92.0,4.0,3.5,4.0,4.0,92.0,114.0,2.0,112.0,73.0,3.0,70.0,102.0,1.0,101.0,23.0,49.0,28.0,98.0,50.0,100.0,497.0,30.0,101.0,500.0,26.0,110.0,513.0,19.0,104.0,499.0,137.0,3.0,,166.0,2.0,,63.0,0.0,63.0,94.0,55.0,3.0,52.0,80.0,27.0,5.0,22.0,85.0,27.0,5.0,22.0,85.0,0.0,,3.0,,33.0,49.0,9.0,3.0,3.0,3.0,15.0,21.0,109.0,21.0,112.0,26.0,96.0,98.0,205.0,210.0,102.0,105.0,3.0,72.0,4.0,4.0,38.0,106.0,500.0,6.0,5.0,30.0,0.0,30.0,113.0,24.0,0.0,24.0,95.0,3.5,3.5,4.0,5.0,,88.0,4.0,84.0,106.0,6.0,100.0,143.0,1.0,142.0,24.0,50.0,29.0,101.0,54.0,102.0,508.0,30.0,98.0,500.0,25.0,106.0,510.0,22.0,108.0,509.0,125.0,3.0,,140.0,1.0,,65.0,0.0,65.0,93.0,46.0,1.0,45.0,72.0,35.0,8.0,27.0,87.0,30.0,4.0,26.0,86.0,2.0,,1.0,,43.0,56.0,4.0,1.0,1.0,3.0,14.0,18.0,97.0,18.0,99.0,29.0,96.0,100.0,193.0,199.0,95.0,99.0,3.0,63.0,4.0,4.0,35.0,95.0,494.0,7.0,6.0,26.0,2.0,24.0,97.0,26.0,2.0,24.0,91.0,3.0,4.0,,,,
263,4.0,1.0,123.0,3.0,120.0,107.0,12.0,95.0,104.0,0.0,104.0,21.0,52.0,27.0,120.0,44.0,116.0,480.0,24.0,108.0,483.0,26.0,125.0,513.0,17.0,113.0,492.0,4.0,101.0,4.0,66.0,66.0,2.0,64.0,121.0,64.0,3.0,61.0,118.0,43.0,5.0,38.0,120.0,42.0,4.0,38.0,120.0,1.0,4.0,36.0,65.0,8.0,4.0,2.0,2.0,3.0,13.0,122.0,13.0,126.0,25.0,116.0,128.0,238.0,254.0,122.0,133.0,29.0,112.0,483.0,2.0,3.0,32.0,0.0,32.0,134.0,32.0,3.0,29.0,114.0,,,4.0,5.0,75.0,4.0,1.0,170.0,1.0,169.0,149.0,3.0,146.0,145.0,1.0,144.0,24.0,58.0,31.0,123.0,48.0,107.0,491.0,30.0,111.0,500.0,28.0,120.0,520.0,22.0,122.0,509.0,78.0,4.0,55.0,3.0,79.0,3.0,76.0,124.0,84.0,3.0,81.0,132.0,52.0,10.0,42.0,117.0,48.0,2.0,46.0,121.0,3.0,4.0,39.0,66.0,11.0,8.0,3.0,3.0,6.0,20.0,134.0,20.0,136.0,30.0,116.0,118.0,250.0,254.0,131.0,133.0,31.0,103.0,486.0,5.0,3.0,42.0,0.0,42.0,136.0,40.0,1.0,39.0,118.0,4.0,4.0,5.0,5.0,92.0,149.0,0.0,149.0,136.0,1.0,135.0,147.0,0.0,147.0,26.0,58.0,34.0,121.0,62.0,121.0,530.0,30.0,102.0,500.0,30.0,122.0,530.0,26.0,127.0,523.0,89.0,4.0,,97.0,3.0,,84.0,1.0,83.0,123.0,83.0,0.0,83.0,123.0,58.0,5.0,53.0,124.0,55.0,2.0,53.0,124.0,3.0,,3.0,,49.0,71.0,4.0,1.0,1.0,8.0,17.0,26.0,121.0,26.0,130.0,35.0,117.0,121.0,238.0,251.0,122.0,131.0,4.0,74.0,4.0,4.0,46.0,120.0,514.0,3.0,4.0,40.0,0.0,40.0,129.0,37.0,3.0,34.0,106.0,4.0,5.0,4.5,4.0,,222.0,1.0,221.0,165.0,7.0,158.0,208.0,0.0,208.0,29.0,59.0,37.0,123.0,66.0,126.0,542.0,36.0,117.0,518.0,30.0,120.0,530.0,28.0,127.0,530.0,64.0,3.0,,100.0,2.0,,91.0,0.0,91.0,132.0,95.0,7.0,88.0,127.0,56.0,3.0,53.0,121.0,53.0,0.0,53.0,121.0,4.0,,3.0,,50.0,65.0,14.0,4.0,4.0,5.0,17.0,26.0,117.0,26.0,119.0,42.0,124.0,129.0,241.0,248.0,124.0,129.0,4.0,68.0,4.0,4.0,49.0,119.0,519.0,10.0,11.0,40.0,0.0,40.0,123.0,40.0,1.0,39.0,114.0,4.0,5.0,,,,
264,7.0,1.0,35.0,7.0,28.0,33.0,6.0,27.0,52.0,21.0,31.0,15.0,42.0,18.0,97.0,31.0,112.0,434.0,15.0,103.0,454.0,15.0,123.0,487.0,13.0,106.0,478.0,1.0,207.0,1.0,137.0,30.0,4.0,26.0,95.0,33.0,3.0,30.0,99.0,18.0,3.0,15.0,101.0,17.0,2.0,15.0,101.0,0.0,0.0,22.0,48.0,2.0,3.0,2.0,1.0,0.0,4.0,92.0,3.0,82.0,16.0,107.0,100.0,199.0,182.0,98.0,90.0,14.0,106.0,457.0,0.0,0.0,15.0,1.0,14.0,111.0,12.0,5.0,7.0,79.0,,,2.0,3.0,25.0,7.0,1.0,68.0,2.0,66.0,67.0,2.0,65.0,67.0,0.0,67.0,21.0,52.0,24.0,107.0,43.0,110.0,477.0,19.0,95.0,469.0,17.0,109.0,491.0,10.0,89.0,468.0,215.0,2.0,119.0,1.0,56.0,1.0,55.0,110.0,56.0,3.0,53.0,108.0,31.0,5.0,26.0,107.0,34.0,7.0,27.0,108.0,0.0,2.0,28.0,52.0,1.0,4.0,2.0,1.0,0.0,3.0,82.0,2.0,73.0,20.0,101.0,89.0,183.0,162.0,90.0,79.0,18.0,96.0,464.0,1.0,0.0,14.0,2.0,12.0,87.0,17.0,1.0,16.0,86.0,2.0,3.0,3.5,2.5,24.0,96.0,4.0,92.0,103.0,7.0,96.0,112.0,2.0,110.0,22.0,50.0,32.0,119.0,50.0,108.0,497.0,27.0,100.0,491.0,20.0,104.0,498.0,15.0,97.0,485.0,114.0,2.0,,101.0,2.0,,68.0,1.0,67.0,106.0,74.0,2.0,72.0,112.0,49.0,16.0,33.0,103.0,49.0,18.0,31.0,100.0,1.0,,1.0,,31.0,51.0,6.0,2.0,1.0,1.0,7.0,10.0,84.0,9.0,81.0,24.0,98.0,93.0,182.0,174.0,89.0,85.0,3.0,34.0,3.0,2.0,34.0,106.0,492.0,1.0,2.0,19.0,4.0,15.0,88.0,26.0,1.0,25.0,96.0,2.5,3.0,3.0,3.0,,89.0,9.0,80.0,96.0,5.0,91.0,113.0,5.0,108.0,26.0,56.0,30.0,107.0,52.0,103.0,503.0,25.0,92.0,486.0,23.0,105.0,505.0,14.0,89.0,482.0,92.0,3.0,,55.0,1.0,,71.0,1.0,70.0,102.0,67.0,0.0,67.0,98.0,44.0,12.0,32.0,97.0,49.0,20.0,29.0,94.0,1.0,,2.0,,36.0,53.0,8.0,2.0,2.0,2.0,10.0,14.0,90.0,14.0,89.0,32.0,110.0,107.0,200.0,196.0,99.0,97.0,3.0,47.0,3.0,3.0,30.0,94.0,485.0,1.0,2.0,26.0,3.0,23.0,95.0,26.0,4.0,22.0,88.0,2.0,3.0,3.0,3.5,,1.0
265,2.0,2.0,33.0,1.0,32.0,29.0,4.0,25.0,33.0,7.0,26.0,20.0,54.0,21.0,114.0,36.0,119.0,453.0,15.0,103.0,454.0,22.0,132.0,502.0,13.0,106.0,478.0,0.0,125.0,1.0,44.0,28.0,3.0,25.0,98.0,24.0,5.0,19.0,92.0,22.0,6.0,16.0,107.0,22.0,14.0,8.0,94.0,0.0,1.0,23.0,49.0,1.0,3.0,2.0,1.0,1.0,4.0,92.0,3.0,82.0,15.0,104.0,96.0,196.0,178.0,97.0,87.0,18.0,110.0,464.0,3.0,0.0,15.0,2.0,13.0,110.0,16.0,4.0,12.0,89.0,,,3.5,3.5,25.0,2.0,2.0,92.0,5.0,87.0,88.0,2.0,86.0,88.0,3.0,85.0,23.0,58.0,21.0,97.0,44.0,111.0,480.0,23.0,102.0,480.0,19.0,111.0,495.0,17.0,110.0,492.0,134.0,3.0,76.0,1.0,60.0,1.0,59.0,116.0,59.0,3.0,56.0,110.0,30.0,5.0,25.0,106.0,32.0,8.0,24.0,104.0,2.0,3.0,31.0,56.0,3.0,5.0,2.0,1.0,2.0,7.0,97.0,6.0,91.0,24.0,110.0,101.0,207.0,192.0,103.0,95.0,32.0,112.0,488.0,3.0,3.0,18.0,4.0,14.0,91.0,27.0,1.0,26.0,100.0,3.5,2.5,4.0,4.5,,97.0,2.0,95.0,104.0,7.0,97.0,111.0,2.0,109.0,21.0,48.0,27.0,103.0,47.0,103.0,489.0,27.0,100.0,491.0,23.0,109.0,505.0,21.0,116.0,506.0,97.0,4.0,,107.0,1.0,,60.0,1.0,59.0,97.0,57.0,1.0,56.0,94.0,31.0,4.0,27.0,95.0,32.0,6.0,26.0,94.0,2.0,,4.0,,26.0,43.0,6.0,2.0,1.0,3.0,4.0,9.0,81.0,8.0,79.0,25.0,101.0,95.0,182.0,174.0,89.0,85.0,2.0,122.0,4.0,4.0,33.0,104.0,490.0,2.0,3.0,25.0,2.0,23.0,102.0,28.0,0.0,28.0,99.0,3.0,4.0,3.0,4.0,,135.0,8.0,127.0,120.0,7.0,113.0,172.0,9.0,163.0,25.0,53.0,25.0,93.0,56.0,110.0,514.0,30.0,101.0,500.0,22.0,103.0,502.0,21.0,110.0,506.0,67.0,1.0,,67.0,2.0,,72.0,0.0,72.0,105.0,74.0,3.0,71.0,103.0,41.0,3.0,38.0,105.0,44.0,2.0,42.0,110.0,1.0,,2.0,,33.0,49.0,8.0,2.0,2.0,2.0,13.0,17.0,98.0,17.0,96.0,27.0,99.0,92.0,197.0,188.0,97.0,93.0,2.0,52.0,4.0,3.0,43.0,115.0,509.0,3.0,3.0,28.0,2.0,26.0,101.0,28.0,2.0,26.0,93.0,2.0,3.5,3.0,4.0,,
266,2.0,1.0,16.0,3.0,13.0,16.0,5.0,11.0,13.0,7.0,6.0,18.0,46.0,16.0,86.0,28.0,97.0,423.0,12.0,87.0,442.0,13.0,111.0,482.0,17.0,115.0,492.0,0.0,365.0,1.0,95.0,18.0,4.0,14.0,78.0,19.0,5.0,14.0,78.0,16.0,3.0,13.0,94.0,16.0,6.0,10.0,90.0,0.0,2.0,24.0,49.0,3.0,5.0,2.0,2.0,0.0,5.0,95.0,5.0,93.0,10.0,85.0,80.0,180.0,173.0,88.0,85.0,16.0,101.0,461.0,3.0,0.0,11.0,2.0,9.0,104.0,10.0,2.0,8.0,82.0,,,3.0,3.5,22.0,2.0,1.0,63.0,0.0,63.0,40.0,3.0,37.0,46.0,0.0,46.0,20.0,47.0,21.0,91.0,36.0,92.0,453.0,20.0,92.0,472.0,17.0,104.0,491.0,16.0,103.0,489.0,186.0,2.0,168.0,2.0,36.0,0.0,36.0,80.0,37.0,4.0,33.0,77.0,16.0,1.0,15.0,84.0,15.0,3.0,12.0,79.0,0.0,2.0,31.0,55.0,1.0,3.0,1.0,1.0,0.0,2.0,76.0,2.0,73.0,13.0,79.0,74.0,155.0,147.0,76.0,71.0,22.0,95.0,471.0,2.0,4.0,13.0,4.0,9.0,82.0,20.0,0.0,20.0,92.0,,,4.0,5.0,,51.0,1.0,50.0,33.0,5.0,28.0,61.0,1.0,60.0,21.0,46.0,22.0,83.0,48.0,100.0,491.0,26.0,96.0,488.0,20.0,102.0,498.0,23.0,119.0,513.0,222.0,1.0,,258.0,2.0,,43.0,1.0,42.0,71.0,46.0,3.0,43.0,72.0,24.0,3.0,21.0,84.0,17.0,4.0,13.0,73.0,3.0,,3.0,,26.0,41.0,8.0,2.0,2.0,3.0,11.0,16.0,100.0,16.0,99.0,19.0,83.0,81.0,183.0,180.0,90.0,89.0,2.0,36.0,2.0,2.0,27.0,93.0,479.0,3.0,3.0,17.0,4.0,13.0,85.0,21.0,3.0,18.0,87.0,3.5,3.5,3.5,3.5,,,,,,,,,,,,,,,,,,,,,,,,,,,,,,,,,,,,,,,,,,,,,,,,,,,,,,,,,,,,,,,,,,,,,,,,,,,,,,,,,,,,,,,,,,,,,0.0
267,1.0,1.0,67.0,0.0,67.0,52.0,1.0,51.0,63.0,1.0,62.0,23.0,60.0,25.0,112.0,42.0,114.0,473.0,25.0,112.0,486.0,25.0,124.0,510.0,18.0,117.0,496.0,3.0,168.0,4.0,96.0,50.0,1.0,49.0,109.0,48.0,0.0,48.0,108.0,24.0,1.0,23.0,107.0,25.0,2.0,23.0,107.0,0.0,2.0,27.0,51.0,4.0,6.0,3.0,3.0,1.0,8.0,105.0,8.0,104.0,24.0,114.0,125.0,219.0,229.0,110.0,117.0,27.0,110.0,479.0,3.0,3.0,29.0,0.0,29.0,131.0,24.0,1.0,23.0,106.0,,,4.0,5.0,81.0,1.0,1.0,122.0,2.0,120.0,105.0,3.0,102.0,95.0,0.0,95.0,21.0,48.0,31.0,123.0,52.0,112.0,503.0,26.0,100.0,488.0,27.0,117.0,517.0,20.0,114.0,502.0,102.0,3.0,74.0,2.0,70.0,1.0,69.0,115.0,68.0,0.0,68.0,114.0,40.0,0.0,40.0,115.0,39.0,1.0,38.0,112.0,0.0,3.0,32.0,55.0,1.0,14.0,4.0,4.0,3.0,8.0,98.0,8.0,98.0,29.0,114.0,116.0,212.0,214.0,106.0,107.0,34.0,108.0,492.0,4.0,5.0,34.0,2.0,32.0,118.0,33.0,0.0,33.0,109.0,2.0,3.0,5.0,5.0,,125.0,2.0,123.0,115.0,6.0,109.0,130.0,0.0,130.0,24.0,53.0,30.0,108.0,59.0,116.0,522.0,30.0,102.0,500.0,24.0,107.0,508.0,19.0,105.0,499.0,102.0,2.0,,113.0,3.0,,78.0,0.0,78.0,115.0,78.0,2.0,76.0,111.0,45.0,4.0,41.0,108.0,50.0,3.0,47.0,116.0,2.0,,4.0,,33.0,49.0,12.0,4.0,4.0,4.0,19.0,27.0,124.0,27.0,133.0,34.0,115.0,119.0,239.0,252.0,123.0,131.0,3.0,44.0,3.0,3.0,35.0,82.0,430.0,6.0,4.0,31.0,3.0,28.0,110.0,34.0,1.0,33.0,105.0,3.5,5.0,4.5,4.5,,123.0,1.0,122.0,140.0,1.0,139.0,174.0,6.0,168.0,25.0,52.0,33.0,112.0,64.0,122.0,536.0,34.0,110.0,512.0,27.0,110.0,517.0,21.0,105.0,506.0,65.0,3.0,,73.0,4.0,,81.0,0.0,81.0,115.0,84.0,1.0,83.0,118.0,51.0,3.0,48.0,114.0,55.0,5.0,50.0,116.0,2.0,,2.0,,42.0,56.0,10.0,3.0,3.0,7.0,17.0,27.0,121.0,27.0,125.0,40.0,123.0,127.0,244.0,252.0,127.0,131.0,2.0,86.0,4.0,4.0,39.0,103.0,502.0,7.0,6.0,33.0,2.0,31.0,109.0,33.0,2.0,31.0,102.0,4.0,,,,,
268,2.0,1.0,39.0,4.0,35.0,24.0,3.0,21.0,51.0,3.0,48.0,22.0,52.0,19.0,80.0,35.0,91.0,449.0,22.0,95.0,477.0,20.0,108.0,498.0,11.0,89.0,471.0,2.0,261.0,2.0,128.0,35.0,0.0,35.0,79.0,34.0,0.0,34.0,78.0,15.0,2.0,13.0,81.0,12.0,2.0,10.0,76.0,0.0,2.0,25.0,45.0,0.0,4.0,1.0,2.0,3.0,4.0,87.0,5.0,93.0,16.0,87.0,100.0,174.0,193.0,85.0,95.0,24.0,96.0,474.0,3.0,3.0,20.0,1.0,19.0,118.0,19.0,0.0,19.0,100.0,,,3.5,3.5,81.0,2.0,1.0,94.0,5.0,89.0,66.0,0.0,66.0,99.0,14.0,85.0,23.0,51.0,23.0,90.0,42.0,91.0,473.0,27.0,97.0,491.0,19.0,99.0,495.0,18.0,102.0,496.0,122.0,4.0,80.0,4.0,52.0,2.0,50.0,78.0,45.0,0.0,45.0,74.0,21.0,3.0,18.0,80.0,19.0,3.0,16.0,77.0,1.0,4.0,30.0,44.0,4.0,7.0,2.0,2.0,2.0,8.0,92.0,8.0,98.0,19.0,80.0,87.0,172.0,185.0,85.0,91.0,37.0,106.0,498.0,2.0,4.0,24.0,2.0,22.0,103.0,25.0,0.0,25.0,98.0,2.5,4.0,3.5,4.0,,,,,,,,,,,,,,,,,,,,,,,,,,,,,,,,,,,,,,,,,,,,,,,,,,,,,,,,,,,,,,,,,,,,,,,,,,,,,,,,,,,,,,,,,,,,,,,,,,,,,,,,,,,,,,,,,,,,,,,,,,,,,,,,,,,,,,,,,,,,,,,,,,,,,,,,,,,,,,,,,,,,,,,,,,,,,,,,,,,,,,,,
269,1.0,1.0,26.0,5.0,21.0,24.0,5.0,19.0,19.0,5.0,14.0,15.0,42.0,18.0,97.0,29.0,107.0,427.0,14.0,98.0,450.0,4.0,98.0,443.0,6.0,84.0,453.0,0.0,165.0,2.0,62.0,27.0,8.0,19.0,89.0,27.0,9.0,18.0,88.0,10.0,5.0,5.0,84.0,12.0,5.0,7.0,88.0,0.0,1.0,20.0,44.0,2.0,0.0,0.0,0.0,1.0,3.0,87.0,3.0,82.0,11.0,93.0,83.0,180.0,165.0,88.0,81.0,11.0,101.0,452.0,3.0,3.0,15.0,4.0,11.0,107.0,11.0,12.0,0.0,64.0,,,3.5,3.5,32.0,1.0,1.0,,,,,,,,,,,,,,,,,,,,,,,,,,,,,,,,,,,,,,,,,,,,,,,,,,,,,,,,,,,,,,,,,,,,,,,,,,,,,,,,,,,,,,,,,,,,,,,,,,,,,,,,,,,,,,,,,,,,,,,,,,,,,,,,,,,,,,,,,,,,,,,,,,,,,,,,,,,,,,,,,,,,,,,,,,,,,,,,,,,,,,,,,,,,,,,,,,,,,,,,,,,,,,,,,,,,,,,,,,,,,,,,,,,,,,,,,,,,,,,,,,,,,,,,,,,,,,,,,,,,,,,,,,
270,2.0,2.0,65.0,1.0,64.0,55.0,1.0,54.0,50.0,1.0,49.0,18.0,46.0,22.0,102.0,39.0,110.0,464.0,19.0,99.0,469.0,24.0,123.0,508.0,12.0,97.0,475.0,1.0,187.0,2.0,123.0,38.0,1.0,37.0,93.0,37.0,0.0,37.0,93.0,17.0,1.0,16.0,94.0,22.0,2.0,20.0,100.0,2.0,2.0,23.0,45.0,4.0,4.0,2.0,2.0,2.0,8.0,105.0,8.0,104.0,19.0,102.0,109.0,207.0,213.0,103.0,106.0,27.0,110.0,479.0,2.0,4.0,24.0,0.0,24.0,125.0,20.0,2.0,18.0,98.0,,,4.0,5.0,97.0,2.0,2.0,92.0,1.0,91.0,70.0,2.0,68.0,85.0,4.0,81.0,22.0,52.0,26.0,107.0,46.0,105.0,486.0,27.0,103.0,491.0,21.0,108.0,500.0,20.0,115.0,502.0,143.0,2.0,91.0,3.0,56.0,2.0,54.0,98.0,53.0,0.0,53.0,97.0,22.0,3.0,19.0,89.0,22.0,1.0,21.0,92.0,1.0,2.0,26.0,45.0,5.0,4.0,1.0,1.0,6.0,12.0,110.0,12.0,112.0,21.0,94.0,92.0,204.0,204.0,101.0,101.0,36.0,112.0,496.0,3.0,4.0,30.0,2.0,28.0,112.0,25.0,1.0,24.0,97.0,3.0,3.0,4.0,3.0,,110.0,1.0,109.0,104.0,8.0,96.0,114.0,2.0,112.0,23.0,51.0,26.0,96.0,51.0,103.0,500.0,30.0,102.0,500.0,22.0,104.0,502.0,21.0,111.0,506.0,92.0,4.0,,104.0,4.0,,67.0,2.0,65.0,96.0,69.0,2.0,67.0,98.0,25.0,1.0,24.0,87.0,20.0,2.0,18.0,80.0,1.0,,3.0,,35.0,51.0,11.0,4.0,4.0,6.0,15.0,25.0,119.0,25.0,126.0,25.0,94.0,95.0,213.0,221.0,106.0,111.0,3.0,35.0,2.0,2.0,38.0,107.0,500.0,5.0,6.0,34.0,0.0,34.0,119.0,37.0,0.0,37.0,111.0,4.0,3.5,4.0,4.0,,,,,,,,,,,,,,,,,,,,,,,,,,,,,,,,,,,,,,,,,,,,,,,,,,,,,,,,,,,,,,,,,,,,,,,,,,,,,,,,,,,,,,,,,,,,,
271,1.0,1.0,111.0,0.0,111.0,96.0,2.0,94.0,118.0,0.0,118.0,22.0,57.0,28.0,123.0,57.0,135.0,516.0,24.0,113.0,483.0,27.0,130.0,517.0,17.0,115.0,492.0,2.0,84.0,3.0,48.0,62.0,0.0,62.0,120.0,62.0,0.0,62.0,120.0,42.0,1.0,41.0,127.0,38.0,0.0,38.0,124.0,0.0,2.0,27.0,53.0,6.0,5.0,2.0,2.0,2.0,10.0,114.0,10.0,114.0,32.0,141.0,147.0,255.0,261.0,134.0,137.0,34.0,121.0,492.0,5.0,3.0,37.0,0.0,37.0,139.0,42.0,2.0,40.0,129.0,,,6.0,6.0,95.0,1.0,1.0,165.0,1.0,164.0,159.0,2.0,157.0,153.0,3.0,150.0,22.0,52.0,33.0,130.0,60.0,125.0,525.0,29.0,109.0,497.0,29.0,123.0,525.0,18.0,109.0,496.0,60.0,2.0,28.0,4.0,73.0,1.0,72.0,120.0,68.0,0.0,68.0,114.0,48.0,1.0,47.0,122.0,50.0,2.0,48.0,123.0,3.0,4.0,42.0,72.0,6.0,10.0,4.0,4.0,5.0,15.0,121.0,15.0,122.0,37.0,138.0,137.0,259.0,259.0,137.0,136.0,37.0,114.0,498.0,5.0,4.0,42.0,4.0,38.0,128.0,40.0,4.0,36.0,114.0,5.0,5.0,5.0,4.0,,172.0,1.0,171.0,165.0,1.0,164.0,163.0,0.0,163.0,26.0,58.0,43.0,150.0,64.0,126.0,536.0,34.0,116.0,512.0,31.0,128.0,538.0,26.0,128.0,523.0,35.0,2.0,,40.0,2.0,,73.0,0.0,73.0,106.0,78.0,1.0,77.0,113.0,50.0,1.0,49.0,119.0,49.0,0.0,49.0,119.0,4.0,,4.0,,43.0,66.0,13.0,4.0,4.0,6.0,11.0,21.0,113.0,21.0,112.0,44.0,142.0,145.0,255.0,257.0,134.0,135.0,1.0,35.0,2.0,2.0,44.0,119.0,511.0,6.0,5.0,48.0,5.0,43.0,133.0,45.0,8.0,37.0,111.0,5.0,5.5,4.0,4.5,,,,,,,,,,,,,,,,,,,,,,,,,,,,,,,,,,,,,,,,,,,,,,,,,,,,,,,,,,,,,,,,,,,,,,,,,,,,,,,,,,,,,,,,,,,,,
272,3.0,2.0,44.0,3.0,41.0,50.0,2.0,48.0,45.0,5.0,40.0,21.0,52.0,21.0,93.0,34.0,98.0,446.0,18.0,94.0,465.0,10.0,100.0,474.0,15.0,104.0,485.0,0.0,89.0,1.0,53.0,38.0,7.0,31.0,88.0,40.0,7.0,33.0,90.0,16.0,4.0,12.0,88.0,18.0,6.0,12.0,88.0,3.0,2.0,25.0,47.0,4.0,3.0,1.0,1.0,2.0,7.0,100.0,7.0,100.0,16.0,91.0,100.0,191.0,200.0,94.0,99.0,21.0,99.0,469.0,2.0,1.0,21.0,2.0,19.0,118.0,19.0,2.0,17.0,97.0,,,4.0,3.5,65.0,3.0,2.0,77.0,2.0,75.0,68.0,3.0,65.0,55.0,1.0,54.0,20.0,45.0,21.0,88.0,46.0,102.0,486.0,22.0,92.0,477.0,16.0,99.0,489.0,19.0,110.0,499.0,51.0,1.0,37.0,2.0,46.0,0.0,46.0,81.0,45.0,1.0,44.0,79.0,22.0,6.0,16.0,81.0,19.0,3.0,16.0,81.0,1.0,3.0,23.0,39.0,4.0,5.0,1.0,1.0,1.0,6.0,89.0,6.0,91.0,23.0,96.0,98.0,185.0,189.0,91.0,93.0,30.0,99.0,485.0,3.0,2.0,20.0,1.0,19.0,99.0,20.0,1.0,19.0,90.0,1.5,2.0,3.0,4.0,,72.0,2.0,70.0,60.0,1.0,59.0,77.0,2.0,75.0,25.0,53.0,25.0,89.0,43.0,91.0,477.0,23.0,88.0,480.0,16.0,95.0,489.0,18.0,100.0,496.0,174.0,2.0,,110.0,2.0,,60.0,0.0,60.0,90.0,56.0,4.0,52.0,80.0,23.0,3.0,20.0,82.0,24.0,7.0,17.0,79.0,3.0,,2.0,,31.0,46.0,4.0,1.0,1.0,2.0,12.0,15.0,93.0,15.0,96.0,25.0,94.0,95.0,187.0,191.0,92.0,94.0,2.0,36.0,2.0,2.0,29.0,92.0,483.0,5.0,3.0,20.0,2.0,18.0,93.0,17.0,3.0,14.0,81.0,,,,,,63.0,4.0,59.0,80.0,1.0,79.0,92.0,3.0,89.0,22.0,46.0,25.0,90.0,54.0,102.0,508.0,29.0,96.0,497.0,16.0,93.0,489.0,24.0,115.0,516.0,81.0,0.0,,95.0,1.0,,63.0,1.0,62.0,89.0,60.0,3.0,57.0,83.0,35.0,16.0,19.0,78.0,33.0,16.0,17.0,75.0,2.0,,2.0,,37.0,50.0,4.0,1.0,1.0,4.0,11.0,16.0,93.0,16.0,94.0,26.0,91.0,92.0,184.0,186.0,90.0,92.0,2.0,23.0,1.0,1.0,37.0,99.0,498.0,4.0,3.0,23.0,2.0,21.0,91.0,22.0,4.0,18.0,82.0,,,,,,0.0
273,1.0,2.0,92.0,4.0,88.0,85.0,1.0,84.0,83.0,2.0,81.0,22.0,57.0,26.0,116.0,43.0,119.0,477.0,24.0,113.0,483.0,18.0,117.0,493.0,18.0,118.0,496.0,2.0,94.0,1.0,60.0,58.0,1.0,57.0,116.0,54.0,3.0,51.0,111.0,31.0,3.0,28.0,113.0,32.0,6.0,26.0,111.0,0.0,3.0,33.0,62.0,8.0,7.0,4.0,4.0,3.0,15.0,132.0,15.0,134.0,22.0,116.0,119.0,248.0,253.0,129.0,132.0,30.0,117.0,485.0,3.0,4.0,34.0,1.0,33.0,135.0,33.0,1.0,32.0,118.0,,,6.0,5.0,88.0,1.0,2.0,108.0,0.0,108.0,122.0,2.0,120.0,109.0,15.0,94.0,24.0,58.0,28.0,113.0,56.0,121.0,514.0,32.0,119.0,506.0,29.0,125.0,525.0,23.0,127.0,513.0,84.0,4.0,61.0,3.0,71.0,1.0,70.0,117.0,69.0,0.0,69.0,115.0,41.0,3.0,38.0,112.0,37.0,3.0,34.0,108.0,2.0,4.0,37.0,64.0,6.0,5.0,1.0,1.0,7.0,14.0,118.0,14.0,119.0,32.0,125.0,124.0,243.0,243.0,126.0,125.0,40.0,121.0,503.0,3.0,5.0,41.0,1.0,40.0,132.0,37.0,3.0,34.0,111.0,4.0,5.0,5.0,5.0,,163.0,0.0,163.0,158.0,1.0,157.0,167.0,3.0,164.0,25.0,55.0,36.0,127.0,64.0,126.0,536.0,37.0,127.0,521.0,27.0,114.0,517.0,23.0,119.0,513.0,55.0,3.0,,65.0,3.0,,86.0,2.0,84.0,124.0,79.0,1.0,78.0,115.0,51.0,1.0,50.0,120.0,47.0,2.0,45.0,113.0,3.0,,4.0,,44.0,67.0,11.0,4.0,4.0,5.0,16.0,25.0,123.0,25.0,126.0,38.0,128.0,130.0,251.0,256.0,132.0,134.0,3.0,40.0,2.0,3.0,47.0,125.0,516.0,9.0,10.0,43.0,2.0,41.0,130.0,40.0,3.0,37.0,111.0,4.0,4.5,5.5,5.0,,,,,,,,,,,,,,,,,,,,,,,,,,,,,,,,,,,,,,,,,,,,,,,,,,,,,,,,,,,,,,,,,,,,,,,,,,,,,,,,,,,,,,,,,,,,,
274,2.0,1.0,17.0,5.0,12.0,15.0,7.0,8.0,15.0,6.0,9.0,16.0,44.0,15.0,89.0,21.0,95.0,396.0,11.0,92.0,438.0,8.0,111.0,468.0,13.0,105.0,478.0,1.0,750.0,1.0,484.0,21.0,8.0,13.0,83.0,15.0,5.0,10.0,80.0,13.0,1.0,12.0,97.0,15.0,11.0,4.0,82.0,0.0,1.0,25.0,52.0,1.0,2.0,2.0,1.0,0.0,3.0,87.0,2.0,77.0,13.0,98.0,89.0,185.0,166.0,91.0,81.0,8.0,97.0,446.0,2.0,2.0,1.0,3.0,0.0,80.0,1.0,4.0,0.0,64.0,,,3.5,3.5,32.0,2.0,1.0,70.0,3.0,67.0,46.0,1.0,45.0,57.0,3.0,54.0,21.0,52.0,23.0,100.0,40.0,104.0,467.0,21.0,97.0,475.0,16.0,107.0,489.0,14.0,100.0,482.0,231.0,2.0,148.0,2.0,51.0,1.0,50.0,100.0,42.0,3.0,39.0,86.0,22.0,8.0,14.0,85.0,20.0,7.0,13.0,84.0,2.0,2.0,27.0,50.0,6.0,4.0,2.0,1.0,3.0,11.0,111.0,10.0,105.0,17.0,93.0,82.0,204.0,187.0,101.0,92.0,32.0,112.0,488.0,2.0,5.0,18.0,3.0,15.0,92.0,19.0,1.0,18.0,89.0,,,4.0,3.5,,,,,,,,,,,,,,,,,,,,,,,,,,,,,,,,,,,,,,,,,,,,,,,,,,,,,,,,,,,,,,,,,,,,,,,,,,,,,,,,,,,,,,,,,,,,,,,,,,,,,,,,,,,,,,,,,,,,,,,,,,,,,,,,,,,,,,,,,,,,,,,,,,,,,,,,,,,,,,,,,,,,,,,,,,,,,,,,,,,,,,,,
275,2.0,2.0,86.0,1.0,85.0,96.0,2.0,94.0,85.0,0.0,85.0,18.0,49.0,25.0,124.0,42.0,127.0,473.0,20.0,115.0,472.0,22.0,132.0,502.0,11.0,99.0,471.0,2.0,77.0,3.0,88.0,53.0,0.0,53.0,118.0,55.0,0.0,55.0,119.0,26.0,1.0,25.0,114.0,21.0,1.0,20.0,108.0,0.0,1.0,17.0,39.0,9.0,2.0,2.0,1.0,0.0,11.0,119.0,10.0,114.0,23.0,124.0,122.0,243.0,236.0,126.0,121.0,24.0,116.0,474.0,2.0,2.0,32.0,1.0,31.0,133.0,30.0,3.0,27.0,111.0,,,3.0,3.5,65.0,2.0,2.0,,,,,,,,,,,,,,,,,,,,,,,,,,,,,,,,,,,,,,,,,,,,,,,,,,,,,,,,,,,,,,,,,,,,,,,,,,,,,,,2.0,3.5,4.0,4.0,,,,,,,,,,,,,,,,,,,,,,,,,,,,,,,,,,,,,,,,,,,,,,,,,,,,,,,,,,,,,,,,,,,,,,,,,,,,,,,,,,,,,,,,2.0,2.5,3.0,2.0,,108.0,5.0,103.0,117.0,1.0,116.0,147.0,1.0,146.0,25.0,55.0,34.0,123.0,57.0,113.0,516.0,30.0,102.0,500.0,31.0,127.0,538.0,15.0,93.0,485.0,80.0,3.0,,85.0,2.0,,52.0,0.0,52.0,80.0,56.0,1.0,55.0,83.0,31.0,2.0,29.0,94.0,33.0,3.0,30.0,95.0,2.0,,2.0,,36.0,53.0,6.0,1.0,1.0,5.0,16.0,22.0,111.0,22.0,110.0,41.0,131.0,129.0,242.0,239.0,125.0,123.0,4.0,61.0,4.0,4.0,40.0,110.0,503.0,2.0,3.0,29.0,3.0,26.0,101.0,30.0,2.0,28.0,98.0,2.0,3.0,,4.0,,
276,1.0,1.0,67.0,3.0,64.0,69.0,5.0,64.0,52.0,7.0,45.0,20.0,49.0,21.0,93.0,35.0,103.0,449.0,14.0,88.0,450.0,16.0,111.0,489.0,9.0,88.0,464.0,1.0,198.0,3.0,68.0,45.0,4.0,41.0,97.0,39.0,5.0,34.0,91.0,25.0,4.0,21.0,101.0,25.0,4.0,21.0,101.0,0.0,1.0,25.0,48.0,3.0,2.0,1.0,1.0,2.0,6.0,97.0,6.0,97.0,17.0,98.0,103.0,195.0,200.0,96.0,99.0,20.0,101.0,467.0,0.0,3.0,21.0,1.0,20.0,120.0,17.0,3.0,14.0,92.0,,,3.0,3.5,45.0,1.0,1.0,106.0,0.0,106.0,99.0,0.0,99.0,94.0,4.0,90.0,19.0,43.0,25.0,100.0,47.0,105.0,489.0,20.0,90.0,472.0,21.0,107.0,500.0,13.0,93.0,478.0,25.0,2.0,38.0,3.0,65.0,1.0,64.0,110.0,64.0,3.0,61.0,105.0,44.0,7.0,37.0,111.0,44.0,10.0,34.0,108.0,1.0,0.0,21.0,38.0,4.0,9.0,3.0,4.0,0.0,7.0,94.0,8.0,98.0,18.0,87.0,84.0,181.0,182.0,89.0,90.0,23.0,94.0,472.0,3.0,0.0,29.0,1.0,28.0,112.0,18.0,3.0,15.0,85.0,1.0,4.0,4.0,3.5,,111.0,2.0,109.0,92.0,6.0,86.0,106.0,2.0,104.0,15.0,33.0,28.0,102.0,49.0,99.0,494.0,25.0,92.0,486.0,23.0,105.0,505.0,18.0,101.0,496.0,112.0,1.0,,67.0,1.0,,63.0,0.0,63.0,94.0,69.0,1.0,68.0,100.0,44.0,6.0,38.0,105.0,49.0,9.0,40.0,107.0,2.0,,3.0,,21.0,33.0,8.0,2.0,2.0,2.0,12.0,16.0,96.0,16.0,99.0,24.0,92.0,93.0,188.0,192.0,92.0,95.0,2.0,50.0,3.0,3.0,25.0,89.0,476.0,4.0,4.0,22.0,7.0,15.0,88.0,26.0,1.0,25.0,96.0,3.0,2.0,3.0,3.0,,,,,,,,,,,,,,,,,,,,,,,,,,,,,,,,,,,,,,,,,,,,,,,,,,,,,,,,,,,,,,,,,,,,,,,,,,,,,,,,,,,,,,,,,,,,,1.0
277,2.0,2.0,94.0,0.0,94.0,95.0,3.0,92.0,83.0,3.0,80.0,16.0,44.0,25.0,128.0,43.0,130.0,477.0,19.0,114.0,469.0,17.0,127.0,491.0,12.0,103.0,475.0,1.0,109.0,3.0,96.0,50.0,2.0,48.0,123.0,48.0,2.0,46.0,121.0,23.0,1.0,22.0,116.0,19.0,4.0,15.0,105.0,1.0,2.0,15.0,38.0,3.0,3.0,2.0,1.0,2.0,7.0,107.0,6.0,97.0,22.0,129.0,119.0,236.0,216.0,121.0,108.0,31.0,122.0,486.0,4.0,3.0,30.0,0.0,30.0,132.0,26.0,2.0,24.0,107.0,,,4.5,5.0,88.0,2.0,2.0,144.0,2.0,142.0,124.0,5.0,119.0,114.0,2.0,112.0,17.0,42.0,24.0,107.0,44.0,113.0,480.0,24.0,106.0,483.0,22.0,117.0,502.0,13.0,98.0,478.0,87.0,3.0,65.0,3.0,62.0,1.0,61.0,118.0,63.0,0.0,63.0,120.0,30.0,10.0,20.0,100.0,34.0,6.0,28.0,109.0,1.0,1.0,7.0,22.0,5.0,2.0,1.0,1.0,2.0,8.0,102.0,8.0,98.0,24.0,114.0,101.0,216.0,199.0,108.0,99.0,28.0,108.0,481.0,3.0,4.0,35.0,2.0,33.0,120.0,33.0,2.0,31.0,107.0,1.5,3.5,4.0,3.5,83.0,143.0,3.0,140.0,134.0,7.0,127.0,150.0,0.0,150.0,22.0,50.0,29.0,109.0,52.0,112.0,503.0,28.0,104.0,494.0,24.0,111.0,508.0,21.0,117.0,506.0,92.0,2.0,,145.0,4.0,,71.0,1.0,70.0,110.0,74.0,0.0,74.0,115.0,31.0,2.0,29.0,98.0,39.0,5.0,34.0,104.0,3.0,,3.0,,24.0,42.0,9.0,3.0,3.0,5.0,12.0,20.0,111.0,20.0,109.0,29.0,114.0,105.0,225.0,214.0,114.0,107.0,2.0,51.0,4.0,4.0,37.0,112.0,498.0,3.0,3.0,32.0,3.0,29.0,111.0,30.0,2.0,28.0,99.0,3.0,4.0,3.0,3.5,,113.0,8.0,105.0,136.0,5.0,131.0,158.0,6.0,152.0,22.0,47.0,29.0,108.0,56.0,111.0,514.0,32.0,108.0,506.0,25.0,109.0,510.0,24.0,120.0,516.0,73.0,2.0,,80.0,4.0,,71.0,1.0,70.0,102.0,63.0,1.0,62.0,92.0,32.0,4.0,28.0,92.0,41.0,6.0,35.0,101.0,2.0,,1.0,,32.0,47.0,9.0,3.0,2.0,7.0,14.0,24.0,116.0,23.0,113.0,27.0,99.0,95.0,215.0,208.0,108.0,104.0,4.0,87.0,4.0,4.0,41.0,112.0,505.0,5.0,6.0,36.0,2.0,34.0,114.0,34.0,4.0,30.0,101.0,4.0,3.0,,,,
278,2.0,2.0,20.0,6.0,14.0,14.0,5.0,9.0,12.0,5.0,7.0,18.0,49.0,19.0,106.0,23.0,100.0,404.0,13.0,98.0,446.0,7.0,111.0,464.0,12.0,102.0,475.0,0.0,74.0,3.0,58.0,9.0,2.0,7.0,79.0,15.0,3.0,12.0,84.0,11.0,3.0,8.0,94.0,8.0,1.0,7.0,92.0,2.0,2.0,23.0,49.0,2.0,5.0,3.0,2.0,0.0,5.0,96.0,4.0,87.0,8.0,86.0,74.0,182.0,161.0,89.0,79.0,7.0,98.0,444.0,2.0,1.0,5.0,5.0,0.0,80.0,11.0,5.0,6.0,78.0,,,3.0,3.0,17.0,2.0,2.0,43.0,10.0,33.0,49.0,8.0,41.0,57.0,7.0,50.0,21.0,52.0,19.0,89.0,33.0,96.0,442.0,16.0,90.0,458.0,7.0,95.0,464.0,16.0,108.0,489.0,210.0,1.0,124.0,0.0,39.0,2.0,37.0,93.0,38.0,2.0,36.0,92.0,22.0,12.0,10.0,85.0,19.0,7.0,12.0,88.0,3.0,3.0,23.0,45.0,8.0,3.0,1.0,1.0,2.0,11.0,112.0,11.0,108.0,14.0,90.0,76.0,202.0,184.0,100.0,91.0,19.0,98.0,466.0,2.0,2.0,14.0,1.0,13.0,89.0,13.0,2.0,11.0,79.0,,,4.0,4.0,81.0,45.0,5.0,40.0,21.0,6.0,15.0,59.0,4.0,55.0,20.0,45.0,22.0,87.0,38.0,91.0,460.0,19.0,88.0,469.0,11.0,94.0,477.0,19.0,110.0,499.0,167.0,3.0,,173.0,1.0,,43.0,3.0,40.0,75.0,43.0,3.0,40.0,75.0,14.0,6.0,8.0,70.0,20.0,9.0,11.0,74.0,3.0,,3.0,,27.0,47.0,5.0,1.0,1.0,2.0,13.0,16.0,100.0,16.0,99.0,21.0,94.0,86.0,194.0,185.0,96.0,91.0,2.0,40.0,3.0,3.0,26.0,95.0,477.0,2.0,4.0,17.0,5.0,12.0,83.0,18.0,5.0,13.0,78.0,3.5,2.5,3.5,4.0,,48.0,3.0,45.0,58.0,6.0,52.0,83.0,6.0,77.0,19.0,40.0,23.0,87.0,42.0,90.0,473.0,29.0,99.0,497.0,13.0,92.0,482.0,20.0,107.0,502.0,121.0,1.0,,94.0,0.0,,51.0,5.0,46.0,75.0,52.0,4.0,48.0,77.0,22.0,9.0,13.0,73.0,23.0,10.0,13.0,73.0,2.0,,1.0,,29.0,43.0,7.0,2.0,1.0,3.0,12.0,17.0,98.0,16.0,94.0,22.0,87.0,84.0,185.0,178.0,91.0,87.0,3.0,95.0,4.0,4.0,33.0,98.0,490.0,1.0,2.0,20.0,4.0,16.0,81.0,20.0,2.0,18.0,82.0,3.0,3.5,3.5,3.5,,
279,2.0,1.0,15.0,4.0,11.0,14.0,6.0,8.0,10.0,4.0,6.0,19.0,48.0,15.0,79.0,25.0,92.0,412.0,11.0,85.0,438.0,6.0,98.0,459.0,20.0,125.0,502.0,0.0,284.0,1.0,131.0,15.0,4.0,11.0,76.0,16.0,5.0,11.0,76.0,8.0,1.0,7.0,84.0,6.0,2.0,4.0,78.0,0.0,2.0,18.0,39.0,4.0,3.0,1.0,1.0,0.0,5.0,95.0,5.0,93.0,11.0,88.0,83.0,183.0,176.0,90.0,86.0,7.0,91.0,444.0,1.0,1.0,19.0,18.0,1.0,83.0,22.0,28.0,0.0,64.0,,,3.5,3.5,13.0,2.0,1.0,30.0,3.0,27.0,26.0,4.0,22.0,25.0,3.0,22.0,18.0,43.0,18.0,80.0,35.0,91.0,449.0,14.0,80.0,450.0,10.0,95.0,474.0,14.0,97.0,482.0,225.0,0.0,289.0,1.0,27.0,1.0,26.0,71.0,31.0,3.0,28.0,73.0,11.0,2.0,9.0,75.0,14.0,3.0,11.0,78.0,1.0,2.0,19.0,36.0,2.0,2.0,1.0,1.0,1.0,4.0,85.0,4.0,83.0,14.0,81.0,76.0,166.0,159.0,82.0,78.0,21.0,94.0,469.0,1.0,2.0,11.0,2.0,9.0,82.0,11.0,2.0,9.0,76.0,,,3.5,4.0,70.0,32.0,5.0,27.0,30.0,4.0,26.0,25.0,6.0,19.0,18.0,40.0,22.0,83.0,42.0,92.0,473.0,19.0,84.0,469.0,15.0,96.0,487.0,16.0,97.0,489.0,61.0,0.0,,77.0,0.0,,37.0,2.0,35.0,64.0,36.0,2.0,34.0,63.0,19.0,3.0,16.0,77.0,18.0,5.0,13.0,73.0,2.0,,4.0,,29.0,45.0,5.0,1.0,1.0,1.0,13.0,15.0,97.0,15.0,96.0,17.0,78.0,77.0,175.0,173.0,86.0,85.0,3.0,41.0,2.0,3.0,21.0,87.0,469.0,4.0,3.0,16.0,6.0,10.0,79.0,20.0,12.0,8.0,68.0,2.5,2.0,3.0,4.0,,54.0,6.0,48.0,49.0,8.0,41.0,51.0,0.0,51.0,22.0,47.0,20.0,78.0,40.0,85.0,467.0,20.0,82.0,472.0,15.0,93.0,487.0,20.0,105.0,502.0,284.0,2.0,,287.0,2.0,,46.0,3.0,43.0,72.0,43.0,2.0,41.0,70.0,23.0,8.0,15.0,76.0,22.0,5.0,17.0,79.0,0.0,,1.0,,32.0,45.0,5.0,1.0,1.0,2.0,11.0,14.0,89.0,14.0,89.0,18.0,76.0,75.0,165.0,164.0,81.0,80.0,2.0,31.0,2.0,2.0,26.0,87.0,477.0,7.0,4.0,23.0,11.0,12.0,71.0,25.0,17.0,8.0,66.0,3.0,4.0,3.0,3.0,,0.0
280,2.0,2.0,59.0,3.0,56.0,64.0,4.0,60.0,68.0,3.0,65.0,20.0,49.0,20.0,90.0,35.0,101.0,449.0,19.0,97.0,469.0,14.0,107.0,484.0,17.0,112.0,492.0,2.0,173.0,4.0,133.0,42.0,5.0,37.0,93.0,34.0,2.0,32.0,89.0,17.0,3.0,14.0,91.0,18.0,2.0,16.0,94.0,2.0,2.0,22.0,44.0,2.0,3.0,1.0,1.0,1.0,4.0,89.0,4.0,87.0,20.0,105.0,112.0,194.0,199.0,96.0,99.0,25.0,106.0,476.0,2.0,1.0,22.0,0.0,22.0,122.0,23.0,3.0,20.0,101.0,,,4.5,4.0,70.0,2.0,2.0,92.0,1.0,91.0,72.0,1.0,71.0,76.0,5.0,71.0,24.0,55.0,23.0,94.0,43.0,99.0,477.0,30.0,110.0,500.0,20.0,106.0,498.0,18.0,108.0,496.0,163.0,3.0,98.0,4.0,51.0,1.0,50.0,94.0,40.0,1.0,39.0,83.0,19.0,1.0,18.0,88.0,17.0,5.0,12.0,79.0,1.0,3.0,31.0,53.0,3.0,6.0,2.0,2.0,4.0,9.0,101.0,9.0,101.0,25.0,104.0,104.0,205.0,205.0,102.0,102.0,35.0,110.0,494.0,3.0,2.0,29.0,1.0,28.0,112.0,24.0,1.0,23.0,96.0,3.0,4.0,5.0,4.0,,105.0,1.0,104.0,101.0,5.0,96.0,104.0,2.0,102.0,24.0,51.0,28.0,98.0,52.0,103.0,503.0,33.0,111.0,509.0,19.0,99.0,495.0,23.0,116.0,513.0,97.0,4.0,,108.0,3.0,,70.0,0.0,70.0,102.0,64.0,2.0,62.0,92.0,30.0,8.0,22.0,85.0,29.0,5.0,24.0,87.0,3.0,,3.0,,35.0,51.0,2.0,1.0,1.0,2.0,9.0,12.0,85.0,12.0,88.0,26.0,96.0,98.0,181.0,186.0,89.0,92.0,3.0,53.0,4.0,4.0,40.0,109.0,503.0,0.0,5.0,29.0,1.0,28.0,110.0,30.0,0.0,30.0,101.0,2.5,3.5,3.5,4.0,,,,,,,,,,,,,,,,,,,,,,,,,,,,,,,,,,,,,,,,,,,,,,,,,,,,,,,,,,,,,,,,,,,,,,,,,,,,,,,,,,,,,,,,,,,,,0.0
281,2.0,2.0,91.0,1.0,90.0,85.0,1.0,84.0,80.0,3.0,77.0,19.0,48.0,24.0,109.0,40.0,112.0,467.0,20.0,101.0,472.0,21.0,119.0,500.0,14.0,103.0,482.0,0.0,91.0,4.0,110.0,49.0,0.0,49.0,104.0,43.0,1.0,42.0,98.0,21.0,0.0,21.0,101.0,19.0,7.0,12.0,88.0,1.0,2.0,21.0,42.0,6.0,5.0,2.0,2.0,2.0,10.0,112.0,10.0,114.0,18.0,100.0,106.0,212.0,220.0,106.0,111.0,29.0,113.0,483.0,1.0,1.0,25.0,1.0,24.0,125.0,26.0,2.0,24.0,107.0,,,4.0,5.0,88.0,2.0,2.0,122.0,1.0,121.0,97.0,0.0,97.0,101.0,1.0,100.0,22.0,52.0,28.0,113.0,47.0,106.0,489.0,31.0,114.0,503.0,23.0,111.0,505.0,16.0,102.0,489.0,83.0,2.0,45.0,2.0,65.0,0.0,65.0,111.0,67.0,1.0,66.0,112.0,31.0,4.0,27.0,100.0,33.0,1.0,32.0,106.0,1.0,2.0,29.0,50.0,7.0,8.0,3.0,3.0,4.0,14.0,116.0,14.0,119.0,27.0,109.0,110.0,225.0,229.0,114.0,117.0,34.0,109.0,492.0,3.0,4.0,37.0,2.0,35.0,123.0,37.0,2.0,35.0,112.0,4.0,4.0,4.0,4.5,,125.0,3.0,122.0,109.0,5.0,104.0,123.0,2.0,121.0,24.0,53.0,27.0,99.0,55.0,110.0,511.0,32.0,109.0,506.0,28.0,116.0,520.0,20.0,108.0,502.0,76.0,1.0,,137.0,1.0,,67.0,0.0,67.0,98.0,66.0,2.0,64.0,95.0,32.0,1.0,31.0,96.0,38.0,0.0,38.0,105.0,2.0,,3.0,,33.0,49.0,9.0,3.0,3.0,6.0,13.0,22.0,111.0,22.0,116.0,32.0,110.0,113.0,221.0,229.0,111.0,117.0,3.0,52.0,4.0,4.0,36.0,103.0,496.0,3.0,4.0,38.0,4.0,34.0,119.0,39.0,2.0,37.0,111.0,2.5,3.0,3.0,4.5,,116.0,3.0,113.0,115.0,5.0,110.0,142.0,3.0,139.0,24.0,50.0,33.0,112.0,58.0,111.0,519.0,31.0,101.0,503.0,28.0,114.0,520.0,20.0,104.0,502.0,49.0,2.0,,91.0,0.0,,71.0,1.0,70.0,99.0,71.0,1.0,70.0,99.0,38.0,8.0,30.0,91.0,40.0,1.0,39.0,102.0,1.0,,1.0,,39.0,52.0,6.0,1.0,1.0,6.0,17.0,24.0,113.0,24.0,118.0,38.0,118.0,124.0,231.0,242.0,118.0,125.0,4.0,121.0,4.0,4.0,37.0,99.0,498.0,5.0,4.0,30.0,5.0,25.0,99.0,36.0,2.0,34.0,110.0,2.0,4.0,,5.0,,
282,2.0,2.0,55.0,15.0,40.0,48.0,10.0,38.0,60.0,13.0,47.0,17.0,46.0,17.0,93.0,22.0,94.0,400.0,10.0,88.0,434.0,8.0,109.0,468.0,9.0,92.0,464.0,0.0,58.0,2.0,335.0,42.0,22.0,20.0,90.0,31.0,8.0,23.0,93.0,17.0,4.0,13.0,98.0,16.0,8.0,8.0,90.0,0.0,0.0,18.0,39.0,0.0,3.0,2.0,1.0,0.0,2.0,82.0,1.0,72.0,5.0,78.0,67.0,160.0,139.0,79.0,65.0,10.0,99.0,450.0,0.0,0.0,24.0,12.0,12.0,108.0,15.0,18.0,0.0,64.0,,,2.0,2.0,13.0,2.0,2.0,58.0,7.0,51.0,78.0,7.0,71.0,85.0,16.0,69.0,17.0,41.0,19.0,87.0,34.0,92.0,446.0,15.0,84.0,454.0,7.0,91.0,464.0,13.0,96.0,478.0,125.0,1.0,75.0,3.0,61.0,7.0,54.0,104.0,64.0,14.0,50.0,100.0,31.0,13.0,18.0,93.0,41.0,23.0,18.0,93.0,0.0,0.0,19.0,38.0,1.0,3.0,1.0,1.0,0.0,2.0,77.0,2.0,73.0,11.0,79.0,70.0,156.0,143.0,77.0,69.0,16.0,92.0,461.0,1.0,2.0,12.0,2.0,10.0,84.0,15.0,2.0,13.0,82.0,,,3.5,3.5,,80.0,6.0,74.0,108.0,26.0,82.0,98.0,7.0,91.0,20.0,45.0,22.0,87.0,38.0,89.0,460.0,19.0,85.0,469.0,8.0,87.0,468.0,12.0,87.0,475.0,86.0,3.0,,60.0,0.0,,70.0,16.0,54.0,92.0,80.0,20.0,60.0,98.0,50.0,34.0,16.0,81.0,58.0,44.0,14.0,78.0,0.0,,2.0,,23.0,39.0,10.0,4.0,3.0,0.0,12.0,16.0,100.0,15.0,96.0,22.0,93.0,88.0,193.0,184.0,95.0,91.0,2.0,23.0,2.0,1.0,24.0,92.0,474.0,2.0,0.0,27.0,4.0,23.0,102.0,26.0,7.0,19.0,88.0,3.0,2.0,3.5,3.5,,,,,,,,,,,,,,,,,,,,,,,,,,,,,,,,,,,,,,,,,,,,,,,,,,,,,,,,,,,,,,,,,,,,,,,,,,,,,,,,,,,,,,,,,,,,,0.0
283,2.0,1.0,96.0,3.0,93.0,113.0,4.0,109.0,82.0,7.0,75.0,22.0,57.0,22.0,102.0,40.0,113.0,467.0,26.0,115.0,488.0,13.0,110.0,482.0,15.0,107.0,485.0,3.0,80.0,3.0,53.0,43.0,6.0,37.0,99.0,59.0,9.0,50.0,110.0,22.0,9.0,13.0,94.0,23.0,6.0,17.0,100.0,2.0,3.0,31.0,58.0,4.0,5.0,2.0,2.0,3.0,9.0,108.0,9.0,109.0,19.0,102.0,109.0,210.0,218.0,105.0,109.0,27.0,111.0,479.0,3.0,4.0,33.0,1.0,32.0,134.0,32.0,0.0,32.0,118.0,,,4.5,5.0,95.0,2.0,1.0,170.0,5.0,165.0,148.0,2.0,146.0,153.0,7.0,146.0,26.0,63.0,25.0,104.0,50.0,111.0,497.0,32.0,117.0,506.0,20.0,107.0,498.0,22.0,122.0,509.0,54.0,4.0,29.0,3.0,68.0,2.0,66.0,112.0,64.0,3.0,61.0,105.0,33.0,8.0,25.0,97.0,32.0,8.0,24.0,96.0,3.0,3.0,35.0,61.0,3.0,6.0,2.0,2.0,6.0,11.0,109.0,11.0,108.0,27.0,113.0,110.0,222.0,218.0,112.0,109.0,31.0,103.0,486.0,5.0,5.0,42.0,0.0,42.0,136.0,39.0,3.0,36.0,114.0,3.5,4.5,5.0,5.0,,149.0,8.0,141.0,170.0,11.0,159.0,175.0,11.0,164.0,23.0,51.0,30.0,108.0,53.0,107.0,506.0,31.0,107.0,503.0,18.0,99.0,493.0,24.0,122.0,516.0,54.0,3.0,,68.0,4.0,,82.0,2.0,80.0,117.0,81.0,3.0,78.0,115.0,48.0,11.0,37.0,103.0,45.0,13.0,32.0,97.0,3.0,,3.0,,39.0,60.0,4.0,1.0,1.0,6.0,13.0,20.0,110.0,20.0,109.0,30.0,109.0,108.0,219.0,217.0,110.0,109.0,3.0,46.0,3.0,3.0,40.0,112.0,503.0,4.0,4.0,37.0,2.0,35.0,121.0,39.0,1.0,38.0,114.0,3.5,4.0,4.0,4.0,,,,,,,,,,,,,,,,,,,,,,,,,,,,,,,,,,,,,,,,,,,,,,,,,,,,,,,,,,,,,,,,,,,,,,,,,,,,,,,,,,,,,,,,,,,,,
284,1.0,1.0,101.0,2.0,99.0,96.0,1.0,95.0,97.0,4.0,93.0,21.0,57.0,29.0,139.0,51.0,135.0,500.0,20.0,111.0,472.0,28.0,138.0,520.0,11.0,98.0,471.0,1.0,96.0,3.0,49.0,59.0,0.0,59.0,123.0,63.0,2.0,61.0,125.0,36.0,6.0,30.0,119.0,41.0,5.0,36.0,125.0,0.0,1.0,23.0,49.0,6.0,2.0,2.0,1.0,2.0,10.0,116.0,9.0,109.0,24.0,127.0,125.0,243.0,234.0,126.0,119.0,19.0,108.0,466.0,2.0,0.0,28.0,0.0,28.0,130.0,23.0,4.0,19.0,100.0,,,4.5,5.0,97.0,1.0,1.0,119.0,0.0,119.0,135.0,0.0,135.0,112.0,6.0,106.0,22.0,54.0,30.0,124.0,53.0,122.0,506.0,21.0,97.0,475.0,28.0,125.0,520.0,14.0,100.0,482.0,48.0,2.0,54.0,2.0,70.0,0.0,70.0,120.0,65.0,2.0,63.0,113.0,44.0,4.0,40.0,118.0,41.0,4.0,37.0,115.0,2.0,2.0,34.0,61.0,6.0,7.0,4.0,2.0,6.0,16.0,126.0,14.0,119.0,24.0,110.0,101.0,236.0,220.0,121.0,111.0,30.0,109.0,485.0,3.0,1.0,27.0,5.0,22.0,103.0,28.0,3.0,25.0,98.0,2.0,3.0,4.0,4.0,,140.0,0.0,140.0,155.0,1.0,154.0,130.0,1.0,129.0,23.0,53.0,34.0,125.0,59.0,120.0,522.0,31.0,110.0,503.0,28.0,118.0,520.0,19.0,109.0,499.0,71.0,2.0,,90.0,3.0,,82.0,1.0,81.0,126.0,78.0,2.0,76.0,118.0,48.0,3.0,45.0,117.0,51.0,2.0,49.0,122.0,3.0,,2.0,,29.0,48.0,5.0,1.0,1.0,7.0,16.0,24.0,122.0,24.0,122.0,32.0,117.0,113.0,239.0,235.0,123.0,120.0,3.0,36.0,3.0,2.0,43.0,121.0,509.0,2.0,1.0,34.0,3.0,31.0,114.0,36.0,4.0,32.0,103.0,3.0,3.5,3.5,4.0,,,,,,,,,,,,,,,,,,,,,,,,,,,,,,,,,,,,,,,,,,,,,,,,,,,,,,,,,,,,,,,,,,,,,,,,,,,,,,,,,,,,,,,,,,,,,
285,1.0,2.0,9.0,5.0,4.0,10.0,6.0,4.0,8.0,6.0,2.0,13.0,37.0,17.0,85.0,20.0,82.0,392.0,11.0,84.0,438.0,3.0,78.0,423.0,9.0,89.0,464.0,0.0,180.0,2.0,50.0,9.0,3.0,6.0,71.0,9.0,3.0,6.0,71.0,5.0,1.0,4.0,78.0,8.0,4.0,4.0,78.0,0.0,1.0,21.0,42.0,2.0,0.0,0.0,0.0,0.0,2.0,80.0,2.0,77.0,10.0,80.0,80.0,160.0,157.0,79.0,77.0,1.0,75.0,419.0,0.0,0.0,13.0,7.0,6.0,96.0,11.0,14.0,0.0,64.0,,,2.0,2.5,3.0,1.0,2.0,,,,,,,,,,,,,,,,,,,,,,,,,,,,,,,,,,,,,,,,,,,,,,,,,,,,,,,,,,,,,,,,,,,,,,,,,,,,,,,,,,,,30.0,8.0,22.0,16.0,8.0,8.0,32.0,7.0,25.0,19.0,42.0,21.0,81.0,36.0,83.0,453.0,14.0,72.0,450.0,5.0,78.0,452.0,13.0,87.0,478.0,281.0,2.0,,267.0,1.0,,36.0,10.0,26.0,56.0,35.0,7.0,28.0,58.0,12.0,1.0,11.0,70.0,12.0,2.0,10.0,69.0,3.0,,3.0,,31.0,46.0,1.0,1.0,0.0,0.0,7.0,8.0,75.0,7.0,77.0,19.0,80.0,81.0,155.0,158.0,76.0,78.0,1.0,35.0,2.0,3.0,16.0,81.0,461.0,2.0,0.0,4.0,3.0,1.0,60.0,12.0,7.0,5.0,62.0,,,,,,,,,,,,,,,,,,,,,,,,,,,,,,,,,,,,,,,,,,,,,,,,,,,,,,,,,,,,,,,,,,,,,,,,,,,,,,,,,,,,,,,,,,,,,,,,,0.0
286,2.0,1.0,86.0,4.0,82.0,75.0,1.0,74.0,89.0,0.0,89.0,23.0,58.0,26.0,116.0,48.0,118.0,491.0,26.0,110.0,488.0,24.0,120.0,508.0,16.0,108.0,489.0,1.0,156.0,2.0,95.0,49.0,0.0,49.0,104.0,51.0,0.0,51.0,106.0,27.0,1.0,26.0,107.0,22.0,1.0,21.0,101.0,0.0,4.0,29.0,54.0,6.0,3.0,1.0,1.0,1.0,8.0,105.0,8.0,104.0,22.0,109.0,119.0,214.0,223.0,107.0,113.0,31.0,112.0,486.0,4.0,5.0,28.0,1.0,27.0,129.0,30.0,1.0,29.0,114.0,,,5.5,5.0,95.0,2.0,1.0,142.0,1.0,141.0,112.0,2.0,110.0,109.0,1.0,108.0,27.0,62.0,28.0,109.0,56.0,117.0,514.0,35.0,124.0,515.0,26.0,115.0,513.0,17.0,104.0,492.0,80.0,3.0,56.0,4.0,70.0,0.0,70.0,110.0,69.0,0.0,69.0,109.0,38.0,1.0,37.0,107.0,42.0,1.0,41.0,112.0,2.0,3.0,37.0,63.0,9.0,7.0,2.0,2.0,0.0,11.0,107.0,11.0,108.0,29.0,114.0,116.0,221.0,224.0,111.0,113.0,31.0,101.0,486.0,3.0,5.0,30.0,2.0,28.0,112.0,31.0,1.0,30.0,105.0,4.5,5.0,5.0,5.0,,156.0,1.0,155.0,143.0,0.0,143.0,146.0,2.0,144.0,28.0,59.0,37.0,127.0,63.0,123.0,533.0,33.0,112.0,509.0,29.0,118.0,525.0,24.0,120.0,516.0,35.0,1.0,,42.0,3.0,,78.0,0.0,78.0,115.0,76.0,1.0,75.0,109.0,44.0,2.0,42.0,110.0,43.0,1.0,42.0,110.0,3.0,,3.0,,42.0,61.0,7.0,2.0,2.0,2.0,17.0,21.0,109.0,21.0,112.0,35.0,117.0,121.0,226.0,233.0,115.0,119.0,3.0,25.0,1.0,2.0,39.0,109.0,502.0,3.0,7.0,43.0,0.0,43.0,133.0,38.0,1.0,37.0,111.0,4.0,3.5,4.0,4.0,,,,,,,,,,,,,,,,,,,,,,,,,,,,,,,,,,,,,,,,,,,,,,,,,,,,,,,,,,,,,,,,,,,,,,,,,,,,,,,,,,,,,,,,,,,,,
287,2.0,1.0,42.0,5.0,37.0,45.0,2.0,43.0,48.0,1.0,47.0,22.0,57.0,23.0,105.0,38.0,110.0,460.0,21.0,105.0,475.0,17.0,115.0,491.0,19.0,121.0,499.0,2.0,48.0,1.0,35.0,36.0,4.0,32.0,95.0,36.0,2.0,34.0,96.0,16.0,3.0,13.0,94.0,19.0,4.0,15.0,97.0,1.0,4.0,35.0,64.0,4.0,3.0,1.0,1.0,2.0,7.0,101.0,7.0,100.0,20.0,105.0,112.0,206.0,212.0,102.0,106.0,19.0,103.0,466.0,3.0,2.0,19.0,1.0,18.0,117.0,18.0,2.0,16.0,95.0,,,4.0,3.5,55.0,2.0,1.0,90.0,7.0,83.0,77.0,2.0,75.0,58.0,2.0,56.0,25.0,60.0,26.0,107.0,43.0,102.0,477.0,24.0,98.0,483.0,21.0,109.0,500.0,23.0,126.0,513.0,64.0,2.0,57.0,2.0,50.0,1.0,49.0,93.0,42.0,0.0,42.0,84.0,20.0,1.0,19.0,89.0,24.0,4.0,20.0,91.0,2.0,4.0,42.0,72.0,1.0,4.0,1.0,1.0,4.0,6.0,92.0,6.0,91.0,27.0,113.0,110.0,205.0,201.0,102.0,100.0,31.0,104.0,486.0,4.0,1.0,18.0,1.0,17.0,95.0,20.0,0.0,20.0,92.0,3.5,4.0,4.0,5.0,42.0,118.0,1.0,117.0,92.0,3.0,89.0,128.0,15.0,113.0,25.0,55.0,30.0,108.0,53.0,108.0,506.0,32.0,111.0,506.0,27.0,114.0,517.0,25.0,125.0,520.0,108.0,4.0,,106.0,3.0,,66.0,0.0,66.0,97.0,63.0,1.0,62.0,92.0,32.0,3.0,29.0,94.0,28.0,2.0,26.0,90.0,3.0,,4.0,,41.0,63.0,7.0,2.0,2.0,6.0,13.0,21.0,113.0,21.0,112.0,30.0,109.0,108.0,222.0,220.0,112.0,111.0,3.0,30.0,2.0,2.0,34.0,102.0,492.0,5.0,4.0,27.0,1.0,26.0,106.0,21.0,2.0,19.0,88.0,3.5,4.0,4.0,4.0,,111.0,5.0,106.0,97.0,5.0,92.0,161.0,2.0,159.0,29.0,61.0,32.0,113.0,55.0,107.0,511.0,30.0,100.0,500.0,24.0,105.0,508.0,25.0,121.0,520.0,97.0,2.0,,98.0,2.0,,64.0,0.0,64.0,95.0,58.0,2.0,56.0,85.0,30.0,0.0,30.0,95.0,27.0,2.0,25.0,89.0,3.0,,2.0,,47.0,66.0,9.0,3.0,3.0,8.0,14.0,25.0,117.0,25.0,121.0,30.0,103.0,105.0,220.0,226.0,111.0,115.0,3.0,47.0,3.0,3.0,38.0,104.0,500.0,5.0,3.0,28.0,2.0,26.0,101.0,25.0,1.0,24.0,94.0,4.0,5.0,,,,
288,3.0,2.0,123.0,5.0,118.0,105.0,3.0,102.0,109.0,0.0,109.0,21.0,54.0,27.0,124.0,47.0,124.0,489.0,20.0,104.0,472.0,22.0,122.0,502.0,13.0,101.0,478.0,3.0,94.0,2.0,62.0,58.0,2.0,56.0,115.0,59.0,1.0,58.0,117.0,36.0,6.0,30.0,115.0,32.0,2.0,30.0,115.0,0.0,2.0,27.0,53.0,8.0,8.0,4.0,4.0,0.0,12.0,121.0,12.0,122.0,27.0,128.0,134.0,249.0,256.0,130.0,134.0,28.0,114.0,481.0,1.0,2.0,40.0,1.0,39.0,141.0,39.0,0.0,39.0,127.0,,,4.0,5.0,81.0,3.0,2.0,158.0,4.0,154.0,156.0,3.0,153.0,108.0,4.0,104.0,22.0,52.0,30.0,120.0,47.0,108.0,489.0,23.0,97.0,480.0,24.0,114.0,508.0,16.0,103.0,489.0,46.0,1.0,21.0,1.0,68.0,1.0,67.0,113.0,72.0,4.0,68.0,114.0,42.0,7.0,35.0,109.0,43.0,5.0,38.0,112.0,1.0,3.0,28.0,50.0,11.0,9.0,4.0,4.0,3.0,18.0,130.0,18.0,131.0,32.0,107.0,124.0,237.0,255.0,122.0,133.0,31.0,104.0,486.0,1.0,2.0,41.0,1.0,40.0,132.0,33.0,4.0,29.0,104.0,4.0,4.0,5.0,4.0,78.0,172.0,8.0,164.0,148.0,2.0,146.0,141.0,2.0,139.0,22.0,49.0,31.0,111.0,50.0,103.0,497.0,28.0,99.0,494.0,26.0,112.0,513.0,15.0,94.0,485.0,32.0,1.0,,20.0,1.0,,75.0,1.0,74.0,107.0,78.0,4.0,74.0,107.0,49.0,10.0,39.0,106.0,48.0,9.0,39.0,106.0,2.0,,4.0,,37.0,57.0,18.0,4.0,4.0,5.0,14.0,23.0,118.0,23.0,119.0,35.0,121.0,121.0,239.0,240.0,123.0,123.0,3.0,74.0,4.0,4.0,33.0,100.0,490.0,4.0,4.0,42.0,7.0,35.0,121.0,38.0,4.0,34.0,106.0,2.5,3.5,3.5,4.0,,120.0,1.0,119.0,130.0,4.0,126.0,173.0,5.0,168.0,23.0,48.0,38.0,126.0,54.0,104.0,508.0,29.0,97.0,497.0,24.0,105.0,508.0,19.0,101.0,499.0,65.0,3.0,,54.0,2.0,,74.0,1.0,73.0,103.0,81.0,1.0,80.0,113.0,49.0,5.0,44.0,108.0,54.0,8.0,46.0,111.0,2.0,,1.0,,32.0,44.0,21.0,4.0,4.0,3.0,15.0,22.0,108.0,22.0,110.0,37.0,116.0,119.0,224.0,229.0,113.0,117.0,2.0,38.0,2.0,2.0,37.0,100.0,498.0,7.0,3.0,40.0,5.0,35.0,116.0,46.0,1.0,45.0,125.0,2.0,5.0,,,,
289,1.0,1.0,97.0,1.0,96.0,83.0,1.0,82.0,76.0,4.0,72.0,20.0,47.0,26.0,103.0,43.0,105.0,477.0,22.0,97.0,477.0,16.0,104.0,489.0,15.0,101.0,485.0,2.0,190.0,3.0,135.0,54.0,0.0,54.0,98.0,37.0,0.0,37.0,81.0,20.0,5.0,15.0,84.0,27.0,5.0,22.0,93.0,0.0,2.0,19.0,36.0,6.0,3.0,1.0,1.0,3.0,10.0,108.0,10.0,114.0,21.0,98.0,115.0,206.0,229.0,102.0,117.0,30.0,106.0,485.0,2.0,1.0,26.0,3.0,23.0,123.0,29.0,3.0,26.0,110.0,,,3.5,5.0,97.0,1.0,1.0,112.0,3.0,109.0,121.0,0.0,121.0,99.0,3.0,96.0,21.0,46.0,26.0,99.0,53.0,109.0,506.0,23.0,91.0,480.0,17.0,98.0,491.0,16.0,98.0,489.0,93.0,4.0,65.0,3.0,67.0,0.0,67.0,98.0,70.0,2.0,68.0,100.0,35.0,3.0,32.0,97.0,40.0,4.0,36.0,102.0,1.0,4.0,29.0,45.0,6.0,8.0,2.0,3.0,3.0,11.0,103.0,12.0,112.0,30.0,109.0,118.0,212.0,230.0,106.0,118.0,33.0,100.0,490.0,3.0,4.0,38.0,2.0,36.0,125.0,32.0,2.0,30.0,105.0,4.0,3.5,4.0,4.0,68.0,147.0,7.0,140.0,156.0,11.0,145.0,147.0,2.0,145.0,23.0,48.0,33.0,111.0,61.0,117.0,527.0,31.0,101.0,503.0,27.0,111.0,517.0,20.0,104.0,502.0,80.0,2.0,,50.0,3.0,,72.0,0.0,72.0,102.0,76.0,2.0,74.0,105.0,43.0,3.0,40.0,103.0,43.0,2.0,41.0,104.0,2.0,,2.0,,38.0,51.0,5.0,1.0,1.0,3.0,15.0,19.0,101.0,19.0,106.0,32.0,105.0,113.0,206.0,219.0,102.0,110.0,3.0,42.0,2.0,3.0,35.0,97.0,494.0,4.0,5.0,39.0,2.0,37.0,124.0,39.0,0.0,39.0,115.0,3.5,3.5,2.5,4.5,,115.0,2.0,113.0,121.0,1.0,120.0,145.0,1.0,144.0,25.0,50.0,34.0,112.0,55.0,101.0,511.0,27.0,90.0,491.0,21.0,98.0,500.0,22.0,106.0,509.0,116.0,2.0,,106.0,1.0,,77.0,1.0,76.0,107.0,82.0,0.0,82.0,117.0,51.0,9.0,42.0,106.0,51.0,6.0,45.0,110.0,2.0,,2.0,,41.0,52.0,8.0,2.0,2.0,9.0,14.0,25.0,112.0,25.0,119.0,35.0,107.0,114.0,219.0,233.0,110.0,119.0,2.0,46.0,3.0,3.0,42.0,103.0,507.0,5.0,8.0,31.0,4.0,27.0,102.0,39.0,2.0,37.0,112.0,3.0,3.0,,4.0,,
290,2.0,2.0,176.0,0.0,176.0,146.0,4.0,142.0,184.0,0.0,184.0,20.0,54.0,28.0,135.0,50.0,133.0,497.0,29.0,129.0,497.0,26.0,134.0,513.0,21.0,132.0,506.0,4.0,51.0,1.0,19.0,72.0,2.0,70.0,133.0,70.0,0.0,70.0,133.0,40.0,1.0,39.0,128.0,45.0,5.0,40.0,129.0,1.0,2.0,23.0,49.0,5.0,6.0,4.0,3.0,0.0,9.0,112.0,8.0,104.0,30.0,142.0,143.0,254.0,247.0,134.0,128.0,31.0,120.0,486.0,6.0,2.0,44.0,2.0,42.0,144.0,45.0,3.0,42.0,131.0,,,4.5,5.0,88.0,2.0,2.0,170.0,1.0,169.0,168.0,2.0,166.0,139.0,1.0,138.0,22.0,54.0,36.0,144.0,60.0,129.0,525.0,33.0,124.0,509.0,31.0,135.0,538.0,18.0,112.0,496.0,58.0,3.0,46.0,3.0,81.0,0.0,81.0,134.0,84.0,1.0,83.0,136.0,49.0,2.0,47.0,125.0,46.0,1.0,45.0,123.0,2.0,3.0,29.0,53.0,7.0,9.0,4.0,4.0,2.0,13.0,117.0,13.0,116.0,39.0,147.0,142.0,264.0,258.0,140.0,135.0,37.0,119.0,498.0,8.0,5.0,41.0,1.0,40.0,132.0,45.0,2.0,43.0,124.0,4.0,4.0,5.0,4.0,88.0,186.0,1.0,185.0,179.0,1.0,178.0,163.0,0.0,163.0,22.0,50.0,36.0,131.0,61.0,123.0,527.0,33.0,116.0,509.0,29.0,121.0,525.0,20.0,112.0,502.0,48.0,4.0,,52.0,3.0,,88.0,4.0,84.0,131.0,83.0,0.0,83.0,130.0,53.0,3.0,50.0,123.0,49.0,4.0,45.0,117.0,3.0,,2.0,,36.0,58.0,12.0,4.0,4.0,5.0,14.0,23.0,119.0,23.0,119.0,41.0,140.0,137.0,259.0,256.0,137.0,134.0,4.0,65.0,4.0,4.0,47.0,128.0,516.0,11.0,12.0,53.0,4.0,49.0,141.0,49.0,2.0,47.0,127.0,3.5,4.0,3.0,5.5,,193.0,3.0,190.0,201.0,1.0,200.0,219.0,1.0,218.0,23.0,49.0,42.0,141.0,67.0,130.0,545.0,35.0,117.0,515.0,29.0,117.0,525.0,24.0,118.0,516.0,30.0,4.0,,31.0,1.0,,89.0,0.0,89.0,132.0,86.0,1.0,85.0,126.0,57.0,3.0,54.0,125.0,50.0,1.0,49.0,119.0,3.0,,2.0,,46.0,65.0,12.0,4.0,4.0,7.0,15.0,26.0,120.0,26.0,122.0,45.0,137.0,140.0,257.0,262.0,136.0,138.0,3.0,91.0,4.0,4.0,48.0,123.0,517.0,11.0,10.0,54.0,1.0,53.0,140.0,46.0,3.0,43.0,122.0,4.0,5.0,,,,
291,2.0,1.0,67.0,1.0,66.0,59.0,2.0,57.0,61.0,4.0,57.0,19.0,46.0,25.0,108.0,41.0,110.0,470.0,20.0,99.0,472.0,22.0,118.0,502.0,16.0,108.0,489.0,2.0,194.0,2.0,192.0,48.0,4.0,44.0,100.0,39.0,4.0,35.0,91.0,17.0,2.0,15.0,93.0,20.0,7.0,13.0,90.0,0.0,1.0,20.0,40.0,4.0,0.0,0.0,0.0,0.0,4.0,89.0,4.0,87.0,20.0,105.0,112.0,194.0,199.0,96.0,99.0,22.0,102.0,471.0,0.0,0.0,26.0,0.0,26.0,128.0,22.0,1.0,21.0,103.0,,,3.5,3.5,70.0,2.0,1.0,123.0,15.0,108.0,86.0,2.0,84.0,92.0,2.0,90.0,20.0,45.0,23.0,94.0,46.0,103.0,486.0,25.0,97.0,486.0,25.0,113.0,510.0,15.0,98.0,485.0,105.0,3.0,66.0,2.0,59.0,1.0,58.0,102.0,56.0,2.0,54.0,98.0,25.0,3.0,22.0,93.0,25.0,8.0,17.0,87.0,0.0,1.0,29.0,50.0,7.0,6.0,2.0,2.0,6.0,15.0,119.0,15.0,122.0,24.0,101.0,101.0,220.0,223.0,111.0,113.0,31.0,101.0,486.0,3.0,2.0,27.0,4.0,23.0,104.0,25.0,1.0,24.0,97.0,3.5,3.5,3.0,5.0,50.0,122.0,2.0,120.0,110.0,4.0,106.0,124.0,3.0,121.0,24.0,51.0,29.0,102.0,49.0,99.0,494.0,27.0,95.0,491.0,23.0,105.0,505.0,20.0,107.0,502.0,96.0,2.0,,79.0,4.0,,67.0,0.0,67.0,98.0,64.0,2.0,62.0,92.0,30.0,1.0,29.0,94.0,28.0,3.0,25.0,89.0,1.0,,3.0,,37.0,54.0,4.0,1.0,1.0,4.0,15.0,20.0,106.0,20.0,109.0,27.0,99.0,100.0,205.0,209.0,102.0,104.0,3.0,85.0,4.0,4.0,32.0,96.0,488.0,5.0,3.0,35.0,1.0,34.0,119.0,39.0,1.0,38.0,114.0,3.5,4.0,5.0,4.0,,110.0,8.0,102.0,93.0,7.0,86.0,116.0,1.0,115.0,24.0,48.0,31.0,107.0,53.0,99.0,506.0,28.0,93.0,494.0,21.0,98.0,500.0,22.0,108.0,509.0,118.0,2.0,,113.0,1.0,,63.0,0.0,63.0,90.0,66.0,2.0,64.0,91.0,36.0,14.0,22.0,81.0,30.0,7.0,23.0,83.0,1.0,,0.0,,33.0,43.0,6.0,1.0,1.0,4.0,12.0,17.0,94.0,17.0,96.0,32.0,102.0,104.0,196.0,200.0,97.0,99.0,3.0,90.0,4.0,4.0,35.0,95.0,494.0,1.0,4.0,32.0,3.0,29.0,106.0,28.0,6.0,22.0,87.0,3.0,4.0,,,,
292,2.0,1.0,16.0,5.0,11.0,19.0,5.0,14.0,19.0,4.0,15.0,18.0,49.0,18.0,97.0,28.0,106.0,423.0,14.0,98.0,450.0,10.0,115.0,474.0,14.0,108.0,482.0,0.0,79.0,2.0,75.0,16.0,0.0,16.0,86.0,22.0,5.0,17.0,87.0,12.0,3.0,9.0,92.0,12.0,6.0,6.0,86.0,1.0,0.0,21.0,46.0,2.0,0.0,0.0,0.0,0.0,2.0,82.0,2.0,77.0,16.0,107.0,100.0,189.0,177.0,93.0,87.0,7.0,96.0,444.0,0.0,0.0,5.0,8.0,0.0,80.0,7.0,10.0,0.0,64.0,,,2.5,1.0,7.0,2.0,1.0,87.0,7.0,80.0,91.0,11.0,80.0,80.0,16.0,64.0,14.0,36.0,22.0,97.0,39.0,104.0,464.0,21.0,98.0,475.0,18.0,110.0,493.0,14.0,100.0,482.0,158.0,2.0,106.0,2.0,57.0,0.0,57.0,107.0,53.0,1.0,52.0,102.0,24.0,1.0,23.0,99.0,27.0,2.0,25.0,102.0,0.0,1.0,20.0,39.0,4.0,0.0,0.0,0.0,0.0,4.0,86.0,4.0,83.0,21.0,103.0,92.0,189.0,175.0,93.0,86.0,25.0,103.0,476.0,1.0,0.0,18.0,1.0,17.0,95.0,17.0,0.0,17.0,88.0,,,2.0,2.5,88.0,56.0,16.0,40.0,79.0,3.0,76.0,93.0,12.0,81.0,22.0,50.0,30.0,112.0,52.0,110.0,503.0,24.0,95.0,483.0,26.0,114.0,513.0,17.0,103.0,492.0,148.0,3.0,,203.0,0.0,,57.0,0.0,57.0,95.0,45.0,0.0,45.0,80.0,31.0,1.0,30.0,99.0,28.0,1.0,27.0,95.0,0.0,,4.0,,29.0,48.0,4.0,1.0,1.0,2.0,8.0,11.0,87.0,11.0,86.0,23.0,96.0,90.0,183.0,176.0,90.0,86.0,2.0,30.0,3.0,2.0,26.0,95.0,477.0,4.0,4.0,23.0,0.0,23.0,102.0,16.0,1.0,15.0,83.0,2.0,3.0,2.0,3.5,,91.0,18.0,73.0,97.0,3.0,94.0,114.0,3.0,111.0,22.0,47.0,27.0,99.0,55.0,107.0,511.0,31.0,103.0,503.0,27.0,112.0,517.0,13.0,85.0,478.0,107.0,1.0,,140.0,1.0,,56.0,1.0,55.0,83.0,52.0,0.0,52.0,80.0,29.0,3.0,26.0,90.0,38.0,0.0,38.0,105.0,3.0,,0.0,,31.0,44.0,10.0,3.0,3.0,0.0,9.0,12.0,84.0,12.0,84.0,32.0,107.0,107.0,191.0,191.0,94.0,94.0,2.0,35.0,2.0,2.0,33.0,97.0,490.0,4.0,5.0,23.0,2.0,21.0,91.0,23.0,3.0,20.0,85.0,2.0,2.0,3.0,3.0,,1.0
293,1.0,2.0,60.0,6.0,54.0,52.0,2.0,50.0,55.0,8.0,47.0,15.0,42.0,24.0,125.0,35.0,118.0,449.0,19.0,113.0,469.0,13.0,121.0,482.0,11.0,99.0,471.0,2.0,143.0,1.0,78.0,45.0,2.0,43.0,118.0,40.0,2.0,38.0,112.0,22.0,7.0,15.0,105.0,17.0,6.0,11.0,99.0,0.0,1.0,17.0,39.0,8.0,2.0,2.0,1.0,0.0,10.0,116.0,9.0,109.0,19.0,114.0,109.0,230.0,218.0,118.0,109.0,23.0,115.0,472.0,0.0,2.0,24.0,1.0,23.0,123.0,21.0,3.0,18.0,98.0,,,3.5,3.5,75.0,1.0,2.0,,,,,,,,,,,,,,,,,,,,,,,,,,,,,,,,,,,,,,,,,,,,,,,,,,,,,,,,,,,,,,,,,,,,,,,,,,,,,,,3.0,4.0,4.0,3.5,88.0,129.0,9.0,120.0,117.0,14.0,103.0,119.0,13.0,106.0,20.0,45.0,28.0,106.0,48.0,106.0,491.0,29.0,106.0,497.0,19.0,104.0,495.0,19.0,110.0,499.0,77.0,2.0,,102.0,3.0,,69.0,3.0,66.0,105.0,65.0,1.0,64.0,103.0,37.0,12.0,25.0,93.0,35.0,13.0,22.0,89.0,3.0,,3.0,,28.0,49.0,10.0,4.0,3.0,3.0,14.0,21.0,114.0,20.0,109.0,25.0,104.0,95.0,218.0,204.0,109.0,101.0,3.0,69.0,4.0,4.0,32.0,102.0,488.0,2.0,1.0,35.0,1.0,34.0,119.0,30.0,1.0,29.0,100.0,3.0,4.5,3.0,4.5,,106.0,6.0,100.0,129.0,9.0,120.0,165.0,18.0,147.0,22.0,47.0,32.0,113.0,51.0,102.0,500.0,30.0,101.0,500.0,17.0,96.0,491.0,21.0,110.0,506.0,83.0,1.0,,48.0,2.0,,68.0,0.0,68.0,100.0,70.0,3.0,67.0,98.0,47.0,23.0,24.0,87.0,47.0,30.0,17.0,79.0,2.0,,2.0,,37.0,54.0,12.0,4.0,4.0,5.0,16.0,25.0,119.0,25.0,116.0,33.0,113.0,107.0,232.0,223.0,119.0,113.0,2.0,62.0,4.0,4.0,37.0,104.0,498.0,3.0,6.0,40.0,3.0,37.0,119.0,30.0,2.0,28.0,97.0,3.0,3.5,3.0,3.0,,
294,2.0,1.0,139.0,0.0,139.0,115.0,1.0,114.0,133.0,0.0,133.0,19.0,48.0,28.0,123.0,50.0,124.0,497.0,24.0,110.0,483.0,22.0,120.0,502.0,21.0,127.0,506.0,3.0,85.0,2.0,55.0,64.0,0.0,64.0,121.0,66.0,0.0,66.0,123.0,34.0,0.0,34.0,115.0,37.0,0.0,37.0,119.0,1.0,4.0,30.0,56.0,2.0,4.0,2.0,2.0,1.0,5.0,93.0,5.0,93.0,28.0,124.0,137.0,217.0,230.0,109.0,118.0,36.0,122.0,496.0,4.0,4.0,38.0,3.0,35.0,137.0,45.0,2.0,43.0,132.0,,,4.0,4.5,97.0,2.0,1.0,200.0,1.0,199.0,192.0,4.0,188.0,170.0,3.0,167.0,22.0,52.0,32.0,126.0,61.0,126.0,527.0,30.0,111.0,500.0,30.0,126.0,530.0,19.0,112.0,499.0,35.0,3.0,20.0,3.0,73.0,1.0,72.0,120.0,74.0,0.0,74.0,122.0,50.0,3.0,47.0,122.0,47.0,2.0,45.0,120.0,3.0,4.0,37.0,63.0,9.0,7.0,2.0,2.0,2.0,13.0,113.0,13.0,116.0,34.0,126.0,130.0,239.0,246.0,123.0,127.0,44.0,127.0,511.0,8.0,11.0,40.0,1.0,39.0,130.0,39.0,0.0,39.0,118.0,4.0,4.0,5.0,5.5,88.0,166.0,0.0,166.0,180.0,2.0,178.0,174.0,1.0,173.0,24.0,53.0,35.0,124.0,56.0,112.0,514.0,32.0,109.0,506.0,26.0,111.0,513.0,20.0,108.0,502.0,38.0,3.0,,51.0,3.0,,83.0,2.0,81.0,119.0,77.0,1.0,76.0,111.0,50.0,1.0,49.0,119.0,48.0,2.0,46.0,115.0,4.0,,2.0,,39.0,57.0,12.0,4.0,4.0,5.0,16.0,25.0,119.0,25.0,126.0,37.0,122.0,127.0,241.0,253.0,124.0,132.0,3.0,47.0,3.0,3.0,42.0,113.0,507.0,10.0,10.0,45.0,3.0,42.0,132.0,46.0,1.0,45.0,123.0,4.5,4.0,4.0,4.5,,187.0,1.0,186.0,173.0,2.0,171.0,202.0,2.0,200.0,22.0,46.0,40.0,131.0,65.0,124.0,539.0,32.0,104.0,506.0,30.0,120.0,530.0,23.0,112.0,513.0,42.0,2.0,,47.0,2.0,,85.0,1.0,84.0,120.0,84.0,0.0,84.0,120.0,55.0,1.0,54.0,124.0,55.0,2.0,53.0,121.0,4.0,,2.0,,45.0,60.0,13.0,4.0,4.0,8.0,18.0,30.0,128.0,30.0,134.0,40.0,123.0,127.0,251.0,261.0,132.0,137.0,4.0,90.0,4.0,4.0,48.0,118.0,517.0,,10.0,42.0,0.0,42.0,126.0,42.0,1.0,41.0,118.0,4.0,4.0,,,,
295,2.0,1.0,40.0,3.0,37.0,34.0,5.0,29.0,45.0,3.0,42.0,21.0,50.0,22.0,90.0,35.0,90.0,449.0,16.0,84.0,458.0,15.0,100.0,487.0,17.0,106.0,492.0,0.0,223.0,1.0,63.0,35.0,9.0,26.0,71.0,23.0,6.0,17.0,61.0,16.0,4.0,12.0,79.0,20.0,11.0,9.0,75.0,1.0,1.0,18.0,33.0,4.0,5.0,1.0,2.0,0.0,5.0,91.0,6.0,97.0,18.0,87.0,106.0,178.0,203.0,87.0,101.0,15.0,88.0,459.0,3.0,5.0,12.0,5.0,7.0,98.0,12.0,1.0,11.0,87.0,,,4.5,4.5,51.0,2.0,1.0,79.0,3.0,76.0,81.0,3.0,78.0,84.0,1.0,83.0,21.0,46.0,24.0,93.0,36.0,82.0,453.0,23.0,89.0,480.0,14.0,94.0,484.0,21.0,111.0,506.0,148.0,3.0,79.0,1.0,58.0,3.0,55.0,83.0,56.0,3.0,53.0,81.0,27.0,6.0,21.0,84.0,35.0,14.0,21.0,84.0,2.0,3.0,26.0,39.0,3.0,4.0,1.0,1.0,4.0,8.0,92.0,8.0,98.0,22.0,87.0,95.0,179.0,193.0,88.0,95.0,21.0,85.0,469.0,5.0,4.0,24.0,6.0,18.0,97.0,26.0,1.0,25.0,98.0,2.0,4.0,3.0,3.5,92.0,89.0,2.0,87.0,70.0,8.0,62.0,104.0,4.0,100.0,23.0,48.0,25.0,86.0,43.0,87.0,477.0,30.0,98.0,500.0,13.0,90.0,482.0,18.0,96.0,496.0,132.0,4.0,,70.0,1.0,,68.0,3.0,65.0,93.0,60.0,4.0,56.0,82.0,41.0,14.0,27.0,87.0,36.0,13.0,23.0,83.0,3.0,,2.0,,28.0,37.0,10.0,3.0,3.0,3.0,10.0,16.0,92.0,16.0,99.0,23.0,82.0,90.0,174.0,189.0,85.0,93.0,2.0,37.0,2.0,3.0,32.0,91.0,488.0,5.0,3.0,28.0,1.0,27.0,108.0,25.0,3.0,22.0,92.0,,3.0,3.5,3.5,,,,,,,,,,,,,,,,,,,,,,,,,,,,,,,,,,,,,,,,,,,,,,,,,,,,,,,,,,,,,,,,,,,,,,,,,,,,,,,,,,,,,,,,,,,,,0.0
296,2.0,1.0,23.0,4.0,19.0,19.0,4.0,15.0,20.0,4.0,16.0,16.0,39.0,19.0,83.0,30.0,86.0,431.0,15.0,84.0,454.0,9.0,95.0,471.0,17.0,108.0,492.0,0.0,55.0,3.0,42.0,13.0,1.0,12.0,61.0,19.0,2.0,17.0,66.0,11.0,4.0,7.0,76.0,10.0,5.0,5.0,72.0,0.0,2.0,18.0,36.0,8.0,2.0,1.0,1.0,1.0,10.0,110.0,10.0,114.0,18.0,96.0,106.0,206.0,220.0,102.0,111.0,15.0,91.0,459.0,3.0,3.0,7.0,2.0,5.0,94.0,17.0,7.0,10.0,85.0,,,3.5,3.0,38.0,2.0,1.0,40.0,4.0,36.0,29.0,2.0,27.0,34.0,2.0,32.0,20.0,45.0,25.0,100.0,39.0,90.0,464.0,16.0,79.0,458.0,14.0,96.0,484.0,10.0,81.0,468.0,87.0,1.0,46.0,0.0,31.0,0.0,31.0,69.0,26.0,3.0,23.0,62.0,10.0,3.0,7.0,68.0,13.0,4.0,9.0,71.0,0.0,2.0,19.0,33.0,6.0,4.0,1.0,1.0,1.0,8.0,96.0,8.0,98.0,20.0,89.0,89.0,185.0,187.0,91.0,92.0,24.0,92.0,474.0,4.0,1.0,11.0,3.0,8.0,80.0,10.0,2.0,8.0,75.0,2.0,2.0,3.0,3.5,7.0,,,,,,,,,,,,,,,,,,,,,,,,,,,,,,,,,,,,,,,,,,,,,,,,,,,,,,,,,,,,,,,,,,,,,,,,,,,,,,,,,,,,,,,2.0,2.0,2.0,3.0,,45.0,6.0,39.0,51.0,4.0,47.0,61.0,3.0,58.0,19.0,37.0,25.0,88.0,46.0,89.0,486.0,23.0,83.0,480.0,17.0,93.0,491.0,16.0,88.0,489.0,143.0,0.0,,97.0,0.0,,47.0,2.0,45.0,72.0,51.0,4.0,47.0,74.0,21.0,6.0,15.0,73.0,23.0,6.0,17.0,75.0,0.0,,0.0,,30.0,39.0,5.0,1.0,1.0,4.0,14.0,19.0,98.0,19.0,100.0,26.0,87.0,90.0,185.0,190.0,91.0,94.0,2.0,37.0,2.0,2.0,32.0,89.0,488.0,8.0,3.0,15.0,2.0,13.0,74.0,12.0,1.0,11.0,70.0,2.0,2.0,2.0,3.0,,
297,2.0,1.0,40.0,4.0,36.0,37.0,6.0,31.0,52.0,16.0,36.0,15.0,40.0,20.0,99.0,36.0,109.0,453.0,18.0,100.0,465.0,10.0,107.0,474.0,14.0,105.0,482.0,2.0,298.0,1.0,212.0,32.0,9.0,23.0,87.0,27.0,4.0,23.0,87.0,20.0,7.0,13.0,94.0,22.0,10.0,12.0,93.0,1.0,4.0,23.0,47.0,4.0,2.0,1.0,1.0,1.0,6.0,99.0,6.0,97.0,17.0,104.0,103.0,203.0,200.0,100.0,99.0,23.0,108.0,472.0,2.0,3.0,17.0,1.0,16.0,114.0,19.0,0.0,19.0,100.0,,,3.5,3.0,59.0,2.0,1.0,97.0,6.0,91.0,72.0,3.0,69.0,78.0,2.0,76.0,20.0,47.0,22.0,94.0,44.0,106.0,480.0,23.0,98.0,480.0,15.0,103.0,487.0,16.0,104.0,489.0,134.0,3.0,79.0,3.0,45.0,1.0,44.0,87.0,48.0,3.0,45.0,89.0,27.0,6.0,21.0,92.0,27.0,7.0,20.0,91.0,1.0,3.0,25.0,45.0,1.0,5.0,1.0,1.0,1.0,3.0,81.0,3.0,78.0,26.0,110.0,107.0,191.0,185.0,94.0,91.0,28.0,103.0,481.0,2.0,1.0,22.0,1.0,21.0,102.0,22.0,1.0,21.0,93.0,2.0,3.0,3.5,2.5,55.0,113.0,9.0,104.0,105.0,26.0,79.0,76.0,6.0,70.0,23.0,51.0,28.0,102.0,50.0,103.0,497.0,28.0,99.0,494.0,19.0,100.0,495.0,23.0,119.0,513.0,56.0,1.0,,48.0,2.0,,65.0,1.0,64.0,95.0,67.0,2.0,65.0,96.0,33.0,9.0,24.0,87.0,38.0,9.0,29.0,94.0,3.0,,3.0,,32.0,50.0,10.0,3.0,3.0,3.0,10.0,16.0,100.0,16.0,99.0,23.0,92.0,90.0,192.0,189.0,95.0,93.0,2.0,21.0,1.0,1.0,34.0,102.0,492.0,3.0,4.0,25.0,0.0,25.0,105.0,17.0,1.0,16.0,84.0,1.5,2.0,3.0,2.0,,95.0,12.0,83.0,100.0,8.0,92.0,106.0,8.0,98.0,25.0,52.0,26.0,93.0,54.0,104.0,508.0,29.0,97.0,497.0,22.0,101.0,502.0,25.0,120.0,520.0,77.0,2.0,,87.0,1.0,,61.0,0.0,61.0,88.0,55.0,1.0,54.0,80.0,32.0,3.0,29.0,90.0,29.0,5.0,24.0,84.0,1.0,,1.0,,32.0,44.0,5.0,1.0,1.0,2.0,13.0,16.0,93.0,16.0,94.0,26.0,91.0,92.0,184.0,186.0,90.0,92.0,3.0,49.0,3.0,3.0,43.0,113.0,509.0,4.0,4.0,24.0,3.0,21.0,91.0,25.0,1.0,24.0,91.0,2.0,3.0,,,,1.0
298,1.0,2.0,47.0,2.0,45.0,47.0,2.0,45.0,46.0,2.0,44.0,14.0,36.0,23.0,105.0,38.0,107.0,460.0,15.0,90.0,454.0,20.0,116.0,498.0,10.0,91.0,468.0,1.0,65.0,2.0,101.0,34.0,1.0,33.0,90.0,33.0,2.0,31.0,88.0,15.0,0.0,15.0,93.0,19.0,7.0,12.0,88.0,0.0,0.0,21.0,42.0,7.0,0.0,0.0,0.0,0.0,7.0,101.0,7.0,100.0,19.0,102.0,109.0,203.0,209.0,100.0,104.0,18.0,99.0,464.0,0.0,1.0,20.0,2.0,18.0,117.0,18.0,2.0,16.0,95.0,,,3.5,4.0,38.0,1.0,2.0,,,,,,,,,,,,,,,,,,,,,,,,,,,,,,,,,,,,,,,,,,,,,,,,,,,,,,,,,,,,,,,,,,,,,,,,,,,,,,,2.0,2.0,2.0,2.0,15.0,,,,,,,,,,,,,,,,,,,,,,,,,,,,,,,,,,,,,,,,,,,,,,,,,,,,,,,,,,,,,,,,,,,,,,,,,,,,,,,,,,,,,,,2.5,2.5,3.0,3.5,,,,,,,,,,,,,,,,,,,,,,,,,,,,,,,,,,,,,,,,,,,,,,,,,,,,,,,,,,,,,,,,,,,,,,,,,,,,,,,,,,,,,,,,,,,,,
299,2.0,2.0,43.0,0.0,43.0,38.0,2.0,36.0,46.0,7.0,39.0,18.0,46.0,18.0,92.0,35.0,108.0,449.0,15.0,94.0,454.0,14.0,112.0,484.0,10.0,93.0,468.0,1.0,291.0,1.0,114.0,45.0,15.0,30.0,93.0,44.0,7.0,37.0,99.0,31.0,14.0,17.0,100.0,27.0,14.0,13.0,94.0,0.0,1.0,18.0,39.0,1.0,4.0,2.0,2.0,1.0,4.0,90.0,4.0,87.0,15.0,98.0,96.0,188.0,183.0,92.0,90.0,24.0,109.0,474.0,1.0,0.0,18.0,3.0,15.0,112.0,15.0,4.0,11.0,87.0,,,3.0,4.0,45.0,2.0,2.0,96.0,1.0,95.0,96.0,1.0,95.0,75.0,4.0,71.0,18.0,43.0,21.0,91.0,41.0,100.0,470.0,20.0,93.0,472.0,18.0,106.0,493.0,11.0,89.0,471.0,114.0,1.0,61.0,3.0,64.0,2.0,62.0,108.0,67.0,4.0,63.0,109.0,41.0,10.0,31.0,104.0,37.0,7.0,30.0,103.0,0.0,1.0,25.0,45.0,2.0,4.0,1.0,1.0,2.0,5.0,89.0,5.0,87.0,18.0,91.0,84.0,180.0,171.0,88.0,84.0,27.0,100.0,479.0,3.0,2.0,22.0,7.0,15.0,92.0,27.0,5.0,22.0,94.0,,,4.0,4.0,65.0,94.0,3.0,91.0,77.0,2.0,75.0,108.0,2.0,106.0,20.0,44.0,26.0,96.0,50.0,104.0,497.0,25.0,94.0,486.0,26.0,112.0,513.0,13.0,89.0,478.0,108.0,1.0,,136.0,1.0,,62.0,1.0,61.0,91.0,56.0,0.0,56.0,85.0,34.0,4.0,30.0,95.0,30.0,6.0,24.0,87.0,1.0,,4.0,,34.0,53.0,6.0,1.0,1.0,2.0,10.0,13.0,92.0,13.0,91.0,19.0,83.0,81.0,175.0,172.0,86.0,84.0,3.0,45.0,3.0,3.0,33.0,100.0,490.0,3.0,2.0,22.0,0.0,22.0,100.0,18.0,2.0,16.0,84.0,2.5,3.0,3.0,3.5,,113.0,3.0,110.0,123.0,2.0,121.0,137.0,2.0,135.0,24.0,50.0,27.0,96.0,52.0,100.0,503.0,29.0,97.0,497.0,25.0,107.0,510.0,16.0,92.0,489.0,74.0,3.0,,67.0,3.0,,52.0,1.0,51.0,78.0,54.0,1.0,53.0,80.0,45.0,6.0,39.0,102.0,45.0,4.0,41.0,104.0,1.0,,1.0,,32.0,44.0,8.0,2.0,2.0,2.0,10.0,14.0,87.0,14.0,89.0,26.0,91.0,92.0,178.0,181.0,87.0,89.0,2.0,32.0,1.0,2.0,31.0,92.0,486.0,2.0,0.0,27.0,5.0,22.0,93.0,25.0,7.0,18.0,82.0,1.0,2.5,3.0,,,0.0
300,1.0,1.0,67.0,1.0,66.0,68.0,2.0,66.0,66.0,3.0,63.0,18.0,46.0,26.0,120.0,43.0,120.0,477.0,12.0,88.0,442.0,15.0,115.0,487.0,12.0,99.0,475.0,0.0,332.0,1.0,124.0,48.0,1.0,47.0,108.0,44.0,1.0,43.0,104.0,19.0,8.0,11.0,91.0,24.0,11.0,13.0,94.0,0.0,0.0,25.0,50.0,5.0,4.0,2.0,2.0,2.0,9.0,110.0,9.0,109.0,21.0,113.0,115.0,223.0,224.0,113.0,113.0,16.0,102.0,461.0,0.0,1.0,28.0,2.0,26.0,128.0,25.0,4.0,21.0,103.0,,,3.5,3.5,65.0,1.0,1.0,83.0,4.0,79.0,77.0,3.0,74.0,84.0,1.0,83.0,19.0,45.0,26.0,107.0,46.0,108.0,486.0,20.0,93.0,472.0,19.0,107.0,495.0,14.0,98.0,482.0,48.0,1.0,82.0,1.0,52.0,1.0,51.0,95.0,56.0,0.0,56.0,100.0,25.0,6.0,19.0,89.0,27.0,4.0,23.0,95.0,0.0,1.0,25.0,45.0,5.0,7.0,2.0,2.0,4.0,11.0,109.0,11.0,108.0,30.0,120.0,118.0,229.0,226.0,117.0,115.0,24.0,97.0,474.0,0.0,0.0,32.0,6.0,26.0,109.0,31.0,3.0,28.0,102.0,3.0,3.5,3.5,4.0,,94.0,3.0,91.0,98.0,4.0,94.0,97.0,2.0,95.0,21.0,46.0,29.0,105.0,49.0,101.0,494.0,28.0,99.0,494.0,19.0,100.0,495.0,13.0,88.0,478.0,140.0,1.0,,139.0,3.0,,63.0,1.0,62.0,92.0,65.0,3.0,62.0,92.0,30.0,7.0,23.0,86.0,28.0,4.0,24.0,87.0,1.0,,3.0,,26.0,41.0,9.0,3.0,3.0,2.0,12.0,17.0,102.0,17.0,101.0,35.0,121.0,121.0,223.0,222.0,113.0,112.0,2.0,57.0,4.0,4.0,33.0,100.0,490.0,1.0,1.0,26.0,5.0,21.0,98.0,29.0,3.0,26.0,97.0,3.5,,,2.0,,85.0,1.0,84.0,93.0,2.0,91.0,119.0,3.0,116.0,21.0,44.0,30.0,107.0,56.0,109.0,514.0,28.0,96.0,494.0,21.0,100.0,500.0,14.0,88.0,482.0,136.0,1.0,,145.0,0.0,,59.0,1.0,58.0,87.0,62.0,1.0,61.0,91.0,37.0,8.0,29.0,94.0,33.0,4.0,29.0,94.0,0.0,,2.0,,31.0,44.0,7.0,2.0,1.0,3.0,13.0,18.0,100.0,17.0,97.0,37.0,119.0,119.0,219.0,216.0,110.0,108.0,3.0,111.0,4.0,4.0,28.0,91.0,481.0,4.0,3.0,22.0,6.0,16.0,81.0,22.0,5.0,17.0,80.0,3.0,3.0,,3.0,,
301,2.0,1.0,14.0,13.0,1.0,14.0,7.0,7.0,10.0,6.0,4.0,21.0,52.0,18.0,88.0,20.0,79.0,392.0,7.0,71.0,419.0,4.0,86.0,443.0,16.0,109.0,489.0,0.0,110.0,3.0,96.0,19.0,15.0,4.0,59.0,14.0,8.0,6.0,61.0,9.0,4.0,5.0,76.0,9.0,8.0,1.0,66.0,0.0,2.0,24.0,47.0,2.0,3.0,1.0,1.0,0.0,3.0,85.0,3.0,82.0,9.0,78.0,77.0,163.0,159.0,80.0,78.0,2.0,77.0,427.0,2.0,3.0,22.0,27.0,0.0,80.0,23.0,25.0,0.0,64.0,,,2.0,2.0,7.0,2.0,1.0,27.0,11.0,16.0,15.0,6.0,9.0,16.0,6.0,10.0,20.0,45.0,18.0,79.0,26.0,72.0,416.0,12.0,72.0,442.0,7.0,86.0,464.0,15.0,97.0,485.0,186.0,0.0,96.0,2.0,22.0,10.0,12.0,55.0,16.0,4.0,12.0,55.0,13.0,8.0,5.0,63.0,11.0,5.0,6.0,66.0,0.0,3.0,29.0,50.0,2.0,2.0,1.0,1.0,1.0,4.0,84.0,4.0,83.0,14.0,77.0,76.0,161.0,159.0,79.0,78.0,8.0,77.0,446.0,2.0,2.0,7.0,13.0,0.0,62.0,19.0,17.0,2.0,65.0,,,3.5,3.5,,,,,,,,,,,,,,,,,,,,,,,,,,,,,,,,,,,,,,,,,,,,,,,,,,,,,,,,,,,,,,,,,,,,,,,,,,,,,,,,,,,,,,,,,,,,,34.0,7.0,27.0,30.0,6.0,24.0,40.0,8.0,32.0,24.0,50.0,18.0,70.0,33.0,72.0,442.0,15.0,68.0,454.0,10.0,86.0,474.0,21.0,105.0,506.0,208.0,3.0,,169.0,1.0,,35.0,1.0,34.0,61.0,39.0,5.0,34.0,61.0,22.0,6.0,16.0,74.0,22.0,7.0,15.0,73.0,0.0,,2.0,,39.0,50.0,3.0,1.0,1.0,2.0,3.0,6.0,66.0,6.0,69.0,16.0,67.0,69.0,133.0,138.0,61.0,64.0,1.0,6.0,1.0,1.0,20.0,77.0,467.0,6.0,3.0,9.0,3.0,6.0,55.0,13.0,2.0,11.0,70.0,2.0,2.0,2.0,,,
302,2.0,2.0,50.0,2.0,48.0,52.0,4.0,48.0,44.0,7.0,37.0,19.0,45.0,21.0,87.0,36.0,92.0,453.0,17.0,86.0,462.0,11.0,96.0,477.0,14.0,97.0,482.0,0.0,211.0,2.0,113.0,32.0,5.0,27.0,72.0,26.0,2.0,24.0,70.0,14.0,5.0,9.0,75.0,14.0,3.0,11.0,78.0,1.0,3.0,19.0,36.0,3.0,4.0,1.0,2.0,0.0,4.0,87.0,5.0,93.0,18.0,91.0,106.0,178.0,199.0,87.0,99.0,16.0,89.0,461.0,0.0,0.0,14.0,5.0,9.0,104.0,19.0,1.0,18.0,98.0,,,3.5,5.0,42.0,2.0,2.0,77.0,0.0,77.0,70.0,2.0,68.0,65.0,1.0,64.0,19.0,42.0,22.0,87.0,41.0,91.0,470.0,21.0,87.0,475.0,15.0,96.0,487.0,15.0,94.0,485.0,107.0,2.0,54.0,2.0,49.0,3.0,46.0,75.0,43.0,1.0,42.0,71.0,33.0,17.0,16.0,77.0,35.0,27.0,8.0,66.0,0.0,2.0,28.0,44.0,7.0,6.0,2.0,2.0,1.0,10.0,100.0,10.0,105.0,24.0,95.0,101.0,195.0,206.0,96.0,102.0,29.0,96.0,483.0,1.0,2.0,23.0,4.0,19.0,99.0,25.0,1.0,24.0,97.0,2.5,3.0,1.0,3.0,39.0,84.0,4.0,80.0,77.0,8.0,69.0,97.0,2.0,95.0,21.0,43.0,29.0,98.0,45.0,91.0,483.0,23.0,86.0,480.0,11.0,88.0,477.0,15.0,88.0,485.0,125.0,1.0,,164.0,1.0,,60.0,2.0,58.0,84.0,55.0,4.0,51.0,78.0,28.0,12.0,16.0,74.0,29.0,13.0,16.0,74.0,3.0,,2.0,,29.0,40.0,7.0,1.0,2.0,1.0,10.0,12.0,82.0,13.0,91.0,26.0,91.0,98.0,173.0,189.0,85.0,93.0,2.0,86.0,4.0,4.0,28.0,88.0,481.0,4.0,2.0,22.0,2.0,20.0,97.0,23.0,1.0,22.0,92.0,2.0,2.0,2.5,4.0,,64.0,5.0,59.0,96.0,4.0,92.0,97.0,1.0,96.0,20.0,37.0,26.0,88.0,49.0,92.0,494.0,25.0,86.0,486.0,15.0,91.0,487.0,18.0,93.0,496.0,65.0,1.0,,76.0,0.0,,64.0,0.0,64.0,86.0,63.0,2.0,61.0,82.0,28.0,5.0,23.0,79.0,26.0,9.0,17.0,72.0,0.0,,2.0,,30.0,37.0,7.0,1.0,1.0,2.0,14.0,17.0,91.0,17.0,96.0,28.0,90.0,95.0,181.0,191.0,89.0,94.0,2.0,76.0,4.0,4.0,30.0,85.0,485.0,3.0,4.0,27.0,3.0,24.0,97.0,22.0,6.0,16.0,78.0,3.0,3.0,3.0,4.0,,0.0
303,2.0,2.0,47.0,4.0,43.0,48.0,5.0,43.0,33.0,6.0,27.0,17.0,46.0,23.0,121.0,37.0,122.0,457.0,9.0,90.0,430.0,12.0,121.0,480.0,16.0,117.0,489.0,0.0,146.0,2.0,99.0,33.0,6.0,27.0,100.0,34.0,6.0,28.0,101.0,19.0,6.0,13.0,102.0,19.0,11.0,8.0,94.0,0.0,0.0,18.0,41.0,3.0,4.0,3.0,2.0,0.0,6.0,100.0,5.0,93.0,16.0,107.0,100.0,207.0,193.0,103.0,95.0,21.0,113.0,469.0,3.0,3.0,20.0,4.0,16.0,114.0,18.0,2.0,16.0,95.0,,,3.5,4.0,55.0,2.0,2.0,81.0,1.0,80.0,66.0,4.0,62.0,81.0,1.0,80.0,17.0,42.0,25.0,111.0,41.0,110.0,470.0,23.0,105.0,480.0,19.0,114.0,495.0,15.0,105.0,485.0,124.0,2.0,55.0,2.0,57.0,1.0,56.0,110.0,55.0,3.0,52.0,107.0,30.0,8.0,22.0,102.0,23.0,3.0,20.0,100.0,0.0,0.0,,,9.0,6.0,3.0,2.0,4.0,16.0,128.0,15.0,122.0,22.0,109.0,95.0,237.0,217.0,122.0,109.0,31.0,113.0,486.0,4.0,4.0,23.0,5.0,18.0,97.0,25.0,4.0,21.0,93.0,3.0,2.0,2.0,3.5,32.0,102.0,2.0,100.0,86.0,3.0,83.0,106.0,2.0,104.0,15.0,35.0,29.0,109.0,48.0,105.0,491.0,26.0,98.0,488.0,23.0,109.0,505.0,19.0,110.0,499.0,135.0,1.0,,160.0,2.0,,62.0,2.0,60.0,98.0,59.0,0.0,59.0,97.0,28.0,4.0,24.0,92.0,29.0,4.0,25.0,93.0,1.0,,3.0,,27.0,45.0,8.0,3.0,2.0,1.0,13.0,17.0,102.0,16.0,99.0,27.0,106.0,100.0,208.0,199.0,104.0,99.0,3.0,52.0,4.0,4.0,38.0,113.0,500.0,7.0,8.0,21.0,4.0,17.0,92.0,25.0,3.0,22.0,92.0,3.0,3.0,3.0,4.0,,72.0,3.0,69.0,87.0,2.0,85.0,129.0,0.0,129.0,20.0,44.0,28.0,105.0,54.0,108.0,508.0,26.0,95.0,488.0,23.0,106.0,505.0,16.0,96.0,489.0,131.0,1.0,,135.0,0.0,,66.0,0.0,66.0,97.0,55.0,2.0,53.0,81.0,29.0,4.0,25.0,89.0,29.0,5.0,24.0,87.0,0.0,,2.0,,31.0,48.0,10.0,3.0,3.0,0.0,11.0,14.0,94.0,14.0,89.0,23.0,92.0,86.0,186.0,175.0,91.0,86.0,2.0,63.0,4.0,4.0,34.0,100.0,492.0,6.0,8.0,21.0,6.0,15.0,78.0,24.0,6.0,18.0,82.0,4.0,2.0,,4.0,,
304,1.0,1.0,37.0,4.0,33.0,26.0,3.0,23.0,33.0,2.0,31.0,19.0,48.0,22.0,102.0,32.0,100.0,438.0,16.0,93.0,458.0,9.0,102.0,471.0,13.0,100.0,478.0,0.0,69.0,2.0,63.0,31.0,5.0,26.0,89.0,30.0,4.0,26.0,89.0,15.0,2.0,13.0,94.0,18.0,11.0,7.0,84.0,1.0,2.0,28.0,53.0,1.0,3.0,1.0,1.0,0.0,2.0,80.0,2.0,77.0,14.0,90.0,93.0,170.0,170.0,83.0,83.0,15.0,97.0,459.0,2.0,3.0,9.0,6.0,3.0,88.0,21.0,29.0,0.0,64.0,,,2.5,3.5,38.0,1.0,1.0,,,,,,,,,,,,,,,,,,,,,,,,,,,,,,,,,,,,,,,,,,,,,,,,,,,,,,,,,,,,,,,,,,,,,,,,,,,,,,,,,,,,,,,,,,,,,,,,,,,,,,,,,,,,,,,,,,,,,,,,,,,,,,,,,,,,,,,,,,,,,,,,,,,,,,,,,,,,,,,,,,,,,,,,,,,,,,,,,,,,,,,,,,,,,,,,,,,,,,,,,,,,,,,,,,,,,,,,,,,,,,,,,,,,,,,,,,,,,,,,,,,,,,,,,,,,,,,,,,,,,,,,,,
305,2.0,1.0,96.0,2.0,94.0,89.0,2.0,87.0,95.0,2.0,93.0,20.0,51.0,23.0,105.0,47.0,121.0,489.0,18.0,97.0,465.0,26.0,126.0,513.0,17.0,113.0,492.0,2.0,127.0,3.0,79.0,54.0,2.0,52.0,112.0,64.0,4.0,60.0,119.0,27.0,2.0,25.0,110.0,25.0,2.0,23.0,107.0,1.0,3.0,25.0,48.0,2.0,3.0,1.0,1.0,0.0,3.0,85.0,3.0,82.0,21.0,107.0,115.0,192.0,197.0,95.0,98.0,29.0,113.0,483.0,1.0,1.0,27.0,0.0,27.0,129.0,29.0,1.0,28.0,113.0,,,4.0,3.5,75.0,2.0,1.0,123.0,4.0,119.0,102.0,0.0,102.0,133.0,17.0,116.0,20.0,47.0,22.0,94.0,52.0,113.0,503.0,25.0,99.0,486.0,22.0,109.0,502.0,16.0,102.0,489.0,96.0,4.0,50.0,1.0,61.0,2.0,59.0,103.0,49.0,0.0,49.0,93.0,34.0,4.0,30.0,103.0,38.0,4.0,34.0,108.0,2.0,4.0,28.0,49.0,3.0,8.0,3.0,3.0,1.0,7.0,94.0,7.0,95.0,27.0,109.0,110.0,203.0,205.0,100.0,102.0,31.0,103.0,486.0,2.0,4.0,29.0,3.0,26.0,109.0,27.0,1.0,26.0,100.0,1.5,3.5,4.0,3.0,83.0,125.0,1.0,124.0,128.0,5.0,123.0,117.0,1.0,116.0,23.0,51.0,36.0,127.0,60.0,118.0,525.0,31.0,106.0,503.0,30.0,122.0,530.0,22.0,115.0,509.0,64.0,2.0,,75.0,2.0,,69.0,0.0,69.0,101.0,70.0,0.0,70.0,102.0,38.0,2.0,36.0,102.0,39.0,2.0,37.0,103.0,3.0,,3.0,,33.0,51.0,5.0,1.0,1.0,1.0,12.0,14.0,94.0,14.0,93.0,28.0,104.0,102.0,198.0,195.0,98.0,96.0,3.0,44.0,3.0,3.0,36.0,104.0,496.0,4.0,2.0,34.0,4.0,30.0,113.0,26.0,14.0,12.0,76.0,3.0,2.5,3.0,2.5,,110.0,0.0,110.0,131.0,0.0,131.0,154.0,1.0,153.0,23.0,48.0,37.0,123.0,63.0,120.0,533.0,28.0,94.0,494.0,28.0,113.0,520.0,23.0,112.0,513.0,65.0,1.0,,73.0,2.0,,78.0,2.0,76.0,107.0,68.0,1.0,67.0,95.0,44.0,9.0,35.0,97.0,46.0,5.0,41.0,104.0,3.0,,2.0,,39.0,52.0,9.0,2.0,2.0,5.0,18.0,25.0,116.0,25.0,116.0,32.0,105.0,104.0,221.0,220.0,111.0,111.0,3.0,61.0,4.0,4.0,43.0,110.0,509.0,2.0,5.0,32.0,1.0,31.0,109.0,30.0,2.0,28.0,97.0,3.0,3.0,3.0,3.0,,
306,1.0,2.0,98.0,1.0,97.0,96.0,1.0,95.0,90.0,1.0,89.0,17.0,46.0,27.0,131.0,41.0,126.0,470.0,,,,20.0,129.0,498.0,13.0,106.0,478.0,0.0,99.0,2.0,63.0,62.0,3.0,59.0,123.0,57.0,4.0,53.0,118.0,35.0,5.0,30.0,119.0,37.0,9.0,28.0,117.0,0.0,1.0,23.0,49.0,9.0,8.0,4.0,4.0,1.0,14.0,129.0,14.0,130.0,19.0,114.0,109.0,243.0,239.0,126.0,123.0,28.0,120.0,481.0,3.0,2.0,35.0,2.0,33.0,135.0,32.0,2.0,30.0,115.0,,,4.5,4.0,75.0,1.0,2.0,119.0,1.0,118.0,123.0,3.0,120.0,100.0,2.0,98.0,22.0,54.0,26.0,114.0,43.0,111.0,477.0,23.0,103.0,480.0,25.0,121.0,510.0,13.0,98.0,478.0,124.0,2.0,59.0,3.0,70.0,5.0,65.0,122.0,74.0,5.0,69.0,126.0,45.0,12.0,33.0,114.0,46.0,11.0,35.0,116.0,0.0,2.0,25.0,48.0,9.0,8.0,4.0,3.0,4.0,17.0,131.0,16.0,125.0,28.0,124.0,113.0,255.0,238.0,134.0,122.0,28.0,108.0,481.0,5.0,3.0,30.0,9.0,21.0,102.0,33.0,4.0,29.0,104.0,4.0,5.0,5.0,5.0,50.0,145.0,3.0,142.0,120.0,3.0,117.0,119.0,4.0,115.0,22.0,50.0,35.0,128.0,53.0,112.0,506.0,28.0,103.0,494.0,27.0,116.0,517.0,17.0,103.0,492.0,88.0,4.0,,121.0,1.0,,79.0,2.0,77.0,119.0,76.0,4.0,72.0,112.0,42.0,5.0,37.0,107.0,47.0,9.0,38.0,109.0,3.0,,3.0,,31.0,51.0,7.0,2.0,2.0,2.0,10.0,14.0,94.0,14.0,93.0,33.0,120.0,116.0,214.0,209.0,107.0,104.0,3.0,93.0,4.0,4.0,34.0,106.0,492.0,9.0,9.0,35.0,4.0,31.0,114.0,33.0,7.0,26.0,97.0,3.5,5.0,5.0,5.0,,127.0,2.0,125.0,134.0,5.0,129.0,174.0,3.0,171.0,24.0,51.0,36.0,124.0,56.0,110.0,514.0,25.0,92.0,486.0,24.0,106.0,508.0,19.0,104.0,499.0,75.0,1.0,,97.0,2.0,,82.0,4.0,78.0,115.0,84.0,3.0,81.0,119.0,51.0,7.0,44.0,112.0,56.0,11.0,45.0,113.0,0.0,,2.0,,34.0,50.0,10.0,3.0,3.0,7.0,18.0,28.0,126.0,28.0,128.0,39.0,126.0,124.0,252.0,252.0,132.0,131.0,2.0,70.0,4.0,4.0,36.0,102.0,496.0,6.0,5.0,37.0,6.0,31.0,109.0,37.0,5.0,32.0,104.0,4.0,4.0,,,,
307,1.0,2.0,50.0,1.0,49.0,46.0,6.0,40.0,58.0,6.0,52.0,21.0,57.0,24.0,125.0,38.0,124.0,460.0,19.0,114.0,469.0,15.0,125.0,487.0,12.0,103.0,475.0,1.0,174.0,1.0,112.0,35.0,2.0,33.0,107.0,28.0,1.0,27.0,100.0,14.0,2.0,12.0,101.0,19.0,5.0,14.0,104.0,0.0,1.0,27.0,58.0,5.0,2.0,2.0,1.0,0.0,7.0,107.0,6.0,97.0,22.0,129.0,119.0,236.0,216.0,121.0,108.0,26.0,118.0,477.0,3.0,2.0,23.0,2.0,21.0,121.0,21.0,0.0,21.0,103.0,,,3.5,4.0,75.0,1.0,2.0,122.0,3.0,119.0,102.0,2.0,100.0,103.0,4.0,99.0,21.0,52.0,24.0,107.0,42.0,111.0,473.0,22.0,103.0,477.0,17.0,111.0,491.0,18.0,115.0,496.0,112.0,1.0,87.0,2.0,59.0,0.0,59.0,116.0,60.0,1.0,59.0,116.0,36.0,8.0,28.0,109.0,37.0,12.0,25.0,106.0,0.0,3.0,24.0,47.0,5.0,10.0,4.0,4.0,1.0,10.0,109.0,10.0,105.0,25.0,116.0,104.0,225.0,209.0,114.0,104.0,33.0,116.0,490.0,2.0,3.0,34.0,2.0,32.0,118.0,26.0,6.0,20.0,92.0,2.0,3.5,4.0,,,94.0,3.0,91.0,95.0,6.0,89.0,103.0,6.0,97.0,19.0,43.0,29.0,109.0,50.0,109.0,497.0,26.0,99.0,488.0,19.0,104.0,495.0,17.0,104.0,492.0,111.0,1.0,,215.0,1.0,,52.0,1.0,51.0,89.0,59.0,1.0,58.0,96.0,37.0,12.0,25.0,93.0,36.0,11.0,25.0,93.0,3.0,,4.0,,27.0,47.0,4.0,1.0,1.0,1.0,13.0,15.0,97.0,15.0,96.0,30.0,116.0,108.0,213.0,204.0,106.0,101.0,0.0,66.0,4.0,4.0,35.0,109.0,494.0,2.0,2.0,27.0,2.0,25.0,105.0,27.0,1.0,26.0,97.0,,,4.0,3.5,,,,,,,,,,,,,,,,,,,,,,,,,,,,,,,,,,,,,,,,,,,,,,,,,,,,,,,,,,,,,,,,,,,,,,,,,,,,,,,,,,,,,,,,,,,,,
308,1.0,1.0,31.0,12.0,19.0,53.0,8.0,45.0,55.0,14.0,41.0,18.0,46.0,18.0,97.0,31.0,107.0,434.0,13.0,93.0,446.0,10.0,111.0,474.0,8.0,89.0,460.0,0.0,165.0,2.0,62.0,34.0,4.0,30.0,99.0,32.0,5.0,27.0,96.0,18.0,4.0,14.0,100.0,20.0,8.0,12.0,97.0,0.0,3.0,15.0,36.0,2.0,0.0,0.0,0.0,0.0,2.0,82.0,2.0,77.0,11.0,93.0,83.0,175.0,160.0,86.0,79.0,14.0,102.0,457.0,0.0,2.0,13.0,2.0,11.0,107.0,15.0,5.0,10.0,85.0,,,3.5,3.5,70.0,1.0,1.0,79.0,2.0,77.0,67.0,2.0,65.0,72.0,2.0,70.0,15.0,38.0,22.0,97.0,44.0,109.0,480.0,19.0,93.0,469.0,14.0,103.0,484.0,10.0,88.0,468.0,99.0,2.0,56.0,2.0,51.0,0.0,51.0,101.0,45.0,1.0,44.0,91.0,39.0,18.0,21.0,97.0,37.0,11.0,26.0,103.0,0.0,1.0,20.0,39.0,0.0,9.0,4.0,4.0,0.0,4.0,86.0,4.0,83.0,22.0,105.0,95.0,191.0,178.0,94.0,87.0,23.0,98.0,472.0,0.0,0.0,29.0,2.0,27.0,110.0,20.0,2.0,18.0,89.0,2.0,0.0,2.0,2.5,,73.0,3.0,70.0,61.0,3.0,58.0,82.0,1.0,81.0,19.0,43.0,28.0,106.0,48.0,102.0,491.0,19.0,85.0,469.0,20.0,103.0,498.0,14.0,93.0,482.0,196.0,2.0,,162.0,1.0,,58.0,0.0,58.0,96.0,53.0,0.0,53.0,91.0,31.0,7.0,24.0,92.0,31.0,10.0,21.0,88.0,0.0,,2.0,,26.0,43.0,2.0,1.0,1.0,0.0,10.0,11.0,87.0,11.0,86.0,25.0,101.0,95.0,188.0,181.0,92.0,89.0,3.0,47.0,4.0,3.0,30.0,98.0,485.0,1.0,2.0,22.0,13.0,9.0,77.0,24.0,18.0,6.0,64.0,2.0,2.0,1.5,3.0,,,,,,,,,,,,,,,,,,,,,,,,,,,,,,,,,,,,,,,,,,,,,,,,,,,,,,,,,,,,,,,,,,,,,,,,,,,,,,,,,,,,,,,,,,,,,1.0
309,1.0,1.0,26.0,6.0,20.0,19.0,6.0,13.0,17.0,6.0,11.0,19.0,45.0,11.0,58.0,28.0,80.0,423.0,13.0,78.0,446.0,8.0,91.0,468.0,13.0,94.0,478.0,1.0,428.0,2.0,213.0,16.0,3.0,13.0,57.0,22.0,7.0,15.0,59.0,10.0,4.0,6.0,70.0,11.0,4.0,7.0,71.0,0.0,1.0,26.0,47.0,1.0,7.0,2.0,4.0,0.0,3.0,82.0,5.0,93.0,10.0,73.0,80.0,155.0,173.0,76.0,85.0,14.0,87.0,457.0,3.0,2.0,10.0,4.0,6.0,96.0,12.0,4.0,8.0,82.0,,,3.0,3.5,9.0,1.0,1.0,42.0,2.0,40.0,39.0,4.0,35.0,48.0,5.0,43.0,19.0,42.0,21.0,84.0,36.0,83.0,453.0,18.0,81.0,465.0,10.0,89.0,474.0,13.0,88.0,478.0,195.0,0.0,168.0,2.0,36.0,1.0,35.0,64.0,36.0,2.0,34.0,63.0,17.0,6.0,11.0,70.0,16.0,6.0,10.0,69.0,0.0,2.0,24.0,38.0,0.0,7.0,2.0,2.0,1.0,3.0,77.0,3.0,78.0,15.0,74.0,78.0,151.0,156.0,73.0,77.0,19.0,85.0,466.0,2.0,2.0,14.0,6.0,8.0,80.0,17.0,2.0,15.0,85.0,2.0,3.0,3.5,3.0,,49.0,4.0,45.0,22.0,9.0,13.0,37.0,4.0,33.0,21.0,43.0,21.0,75.0,35.0,76.0,449.0,25.0,86.0,480.0,11.0,88.0,477.0,14.0,85.0,482.0,228.0,2.0,,292.0,0.0,,34.0,2.0,32.0,59.0,40.0,3.0,37.0,63.0,15.0,4.0,11.0,67.0,17.0,2.0,15.0,73.0,3.0,,2.0,,30.0,41.0,4.0,1.0,1.0,0.0,7.0,8.0,72.0,8.0,79.0,22.0,82.0,88.0,154.0,167.0,75.0,82.0,2.0,38.0,2.0,3.0,29.0,89.0,483.0,2.0,2.0,15.0,3.0,12.0,83.0,13.0,4.0,9.0,70.0,2.5,2.5,3.0,4.5,,,,,,,,,,,,,,,,,,,,,,,,,,,,,,,,,,,,,,,,,,,,,,,,,,,,,,,,,,,,,,,,,,,,,,,,,,,,,,,,,,,,,,,,,,,,,0.0
310,5.0,1.0,18.0,7.0,11.0,24.0,9.0,15.0,22.0,11.0,11.0,19.0,46.0,18.0,80.0,29.0,89.0,427.0,12.0,80.0,442.0,3.0,72.0,423.0,18.0,114.0,496.0,1.0,124.0,1.0,69.0,30.0,16.0,14.0,63.0,36.0,14.0,22.0,71.0,16.0,14.0,2.0,65.0,12.0,9.0,3.0,67.0,1.0,2.0,22.0,42.0,2.0,4.0,2.0,2.0,0.0,4.0,88.0,4.0,87.0,9.0,74.0,77.0,162.0,164.0,80.0,80.0,12.0,90.0,454.0,3.0,2.0,18.0,7.0,11.0,107.0,20.0,7.0,13.0,90.0,,,3.0,2.0,32.0,5.0,1.0,,,,,,,,,,,,,,,,,,,,,,,,,,,,,,,,,,,,,,,,,,,,,,,,,,,,,,,,,,,,,,,,,,,,,,,,,,,,,,,,2.0,2.0,3.0,,67.0,5.0,62.0,73.0,5.0,68.0,98.0,3.0,95.0,23.0,49.0,21.0,78.0,41.0,87.0,470.0,27.0,95.0,491.0,10.0,88.0,474.0,20.0,106.0,502.0,102.0,2.0,,97.0,0.0,,65.0,4.0,61.0,91.0,66.0,5.0,61.0,91.0,40.0,18.0,22.0,85.0,38.0,20.0,18.0,80.0,2.0,,3.0,,29.0,42.0,8.0,2.0,2.0,0.0,4.0,6.0,69.0,6.0,75.0,18.0,76.0,79.0,145.0,154.0,70.0,75.0,2.0,45.0,3.0,3.0,32.0,95.0,488.0,2.0,4.0,26.0,1.0,25.0,105.0,25.0,3.0,22.0,92.0,2.0,2.0,2.5,3.0,,,,,,,,,,,,,,,,,,,,,,,,,,,,,,,,,,,,,,,,,,,,,,,,,,,,,,,,,,,,,,,,,,,,,,,,,,,,,,,,,,,,,,,,,,,,,0.0
311,2.0,1.0,80.0,0.0,80.0,90.0,1.0,89.0,89.0,13.0,76.0,20.0,49.0,23.0,100.0,41.0,110.0,470.0,18.0,95.0,465.0,17.0,111.0,491.0,11.0,93.0,471.0,1.0,96.0,2.0,58.0,57.0,3.0,54.0,109.0,50.0,1.0,49.0,104.0,30.0,7.0,23.0,103.0,28.0,7.0,21.0,101.0,0.0,2.0,24.0,47.0,2.0,3.0,1.0,1.0,2.0,5.0,93.0,5.0,93.0,21.0,107.0,115.0,200.0,208.0,99.0,104.0,27.0,108.0,479.0,0.0,1.0,30.0,3.0,27.0,129.0,27.0,4.0,23.0,106.0,,,3.0,4.0,75.0,2.0,1.0,102.0,1.0,101.0,99.0,0.0,99.0,81.0,2.0,79.0,13.0,33.0,27.0,106.0,49.0,108.0,494.0,24.0,96.0,483.0,18.0,103.0,493.0,18.0,108.0,496.0,110.0,3.0,74.0,4.0,57.0,0.0,57.0,101.0,57.0,1.0,56.0,100.0,35.0,5.0,30.0,103.0,30.0,4.0,26.0,98.0,0.0,2.0,26.0,45.0,2.0,9.0,3.0,4.0,2.0,7.0,94.0,8.0,98.0,29.0,114.0,116.0,208.0,214.0,104.0,107.0,31.0,102.0,486.0,1.0,0.0,32.0,2.0,30.0,115.0,35.0,0.0,35.0,112.0,2.0,3.0,4.0,4.0,,101.0,1.0,100.0,84.0,1.0,83.0,92.0,2.0,90.0,24.0,51.0,31.0,108.0,60.0,118.0,525.0,32.0,108.0,506.0,23.0,105.0,505.0,18.0,101.0,496.0,105.0,3.0,,107.0,3.0,,63.0,1.0,62.0,92.0,63.0,0.0,63.0,94.0,43.0,8.0,35.0,101.0,38.0,5.0,33.0,99.0,3.0,,4.0,,30.0,44.0,8.0,2.0,2.0,3.0,13.0,18.0,101.0,18.0,103.0,32.0,110.0,113.0,211.0,216.0,105.0,108.0,2.0,40.0,2.0,3.0,34.0,99.0,492.0,4.0,3.0,34.0,1.0,33.0,117.0,35.0,2.0,33.0,105.0,4.0,3.5,4.0,4.0,,109.0,3.0,106.0,117.0,1.0,116.0,146.0,2.0,144.0,24.0,48.0,32.0,106.0,61.0,115.0,527.0,28.0,93.0,494.0,26.0,108.0,513.0,19.0,98.0,499.0,79.0,2.0,,85.0,1.0,,63.0,1.0,62.0,89.0,68.0,3.0,65.0,93.0,45.0,8.0,37.0,99.0,41.0,6.0,35.0,97.0,2.0,,1.0,,29.0,39.0,4.0,1.0,1.0,3.0,13.0,17.0,94.0,17.0,96.0,32.0,102.0,104.0,196.0,200.0,97.0,99.0,2.0,26.0,1.0,1.0,39.0,101.0,502.0,3.0,4.0,34.0,3.0,31.0,109.0,36.0,3.0,33.0,104.0,,,,,,
312,2.0,1.0,57.0,5.0,52.0,55.0,2.0,53.0,55.0,4.0,51.0,21.0,52.0,23.0,100.0,35.0,99.0,449.0,20.0,98.0,472.0,17.0,110.0,491.0,21.0,125.0,506.0,3.0,123.0,2.0,94.0,40.0,2.0,38.0,94.0,,,,,23.0,4.0,19.0,98.0,,,,,0.0,3.0,,,5.0,7.0,4.0,4.0,0.0,9.0,107.0,9.0,109.0,22.0,105.0,119.0,212.0,228.0,106.0,117.0,22.0,101.0,471.0,6.0,3.0,21.0,5.0,16.0,114.0,27.0,1.0,26.0,110.0,,,3.0,1.0,59.0,2.0,1.0,138.0,1.0,137.0,94.0,1.0,93.0,106.0,0.0,106.0,24.0,55.0,25.0,100.0,48.0,106.0,491.0,27.0,101.0,491.0,21.0,107.0,500.0,22.0,120.0,509.0,88.0,3.0,60.0,4.0,54.0,0.0,54.0,92.0,55.0,1.0,54.0,92.0,30.0,3.0,27.0,95.0,27.0,7.0,20.0,86.0,2.0,4.0,44.0,73.0,2.0,3.0,1.0,1.0,2.0,5.0,87.0,5.0,87.0,24.0,101.0,101.0,188.0,188.0,92.0,93.0,39.0,116.0,502.0,3.0,5.0,35.0,0.0,35.0,123.0,31.0,1.0,30.0,105.0,3.5,3.5,3.0,3.0,,141.0,2.0,139.0,117.0,2.0,115.0,126.0,0.0,126.0,24.0,51.0,27.0,95.0,53.0,105.0,506.0,30.0,101.0,500.0,24.0,106.0,508.0,26.0,126.0,523.0,71.0,4.0,,90.0,4.0,,57.0,0.0,57.0,86.0,63.0,1.0,62.0,92.0,36.0,5.0,31.0,96.0,43.0,5.0,38.0,105.0,3.0,,3.0,,35.0,51.0,5.0,1.0,1.0,8.0,15.0,24.0,116.0,24.0,122.0,29.0,104.0,105.0,220.0,227.0,111.0,115.0,4.0,50.0,3.0,3.0,41.0,111.0,505.0,4.0,5.0,40.0,1.0,39.0,127.0,40.0,0.0,40.0,116.0,3.5,3.5,4.0,3.5,,,,,,,,,,,,,,,,,,,,,,,,,,,,,,,,,,,,,,,,,,,,,,,,,,,,,,,,,,,,,,,,,,,,,,,,,,,,,,,,,,,,,,,,,,,,,
313,5.0,2.0,41.0,2.0,39.0,44.0,1.0,43.0,42.0,2.0,40.0,19.0,48.0,23.0,110.0,34.0,109.0,446.0,17.0,100.0,462.0,11.0,111.0,477.0,12.0,99.0,475.0,1.0,66.0,1.0,58.0,26.0,2.0,24.0,88.0,32.0,1.0,31.0,94.0,11.0,3.0,8.0,86.0,9.0,1.0,8.0,86.0,1.0,1.0,25.0,50.0,6.0,5.0,2.0,2.0,1.0,9.0,110.0,9.0,109.0,18.0,106.0,106.0,216.0,215.0,108.0,108.0,22.0,109.0,471.0,3.0,3.0,20.0,0.0,20.0,120.0,20.0,0.0,20.0,101.0,,,4.0,4.5,65.0,5.0,2.0,109.0,0.0,109.0,102.0,0.0,102.0,90.0,0.0,90.0,23.0,55.0,26.0,107.0,45.0,108.0,483.0,30.0,114.0,500.0,18.0,106.0,493.0,18.0,111.0,496.0,111.0,4.0,71.0,2.0,56.0,2.0,54.0,98.0,54.0,1.0,53.0,97.0,23.0,2.0,21.0,92.0,22.0,5.0,17.0,87.0,2.0,3.0,33.0,57.0,6.0,2.0,1.0,1.0,1.0,8.0,99.0,8.0,98.0,25.0,108.0,104.0,207.0,202.0,103.0,100.0,33.0,110.0,490.0,4.0,4.0,30.0,1.0,29.0,113.0,24.0,2.0,22.0,94.0,,,5.0,4.0,,,,,,,,,,,,,,,,,,,,,,,,,,,,,,,,,,,,,,,,,,,,,,,,,,,,,,,,,,,,,,,,,,,,,,,,,,,,,,,,,,,,,,,,3.0,0.0,,,,,,,,,,,,,,,,,,,,,,,,,,,,,,,,,,,,,,,,,,,,,,,,,,,,,,,,,,,,,,,,,,,,,,,,,,,,,,,,,,,,,,,,,,,,,,,
314,1.0,1.0,16.0,9.0,7.0,16.0,10.0,6.0,13.0,6.0,7.0,14.0,34.0,19.0,77.0,24.0,70.0,408.0,10.0,68.0,434.0,6.0,84.0,459.0,14.0,95.0,482.0,0.0,88.0,1.0,51.0,10.0,4.0,6.0,55.0,13.0,2.0,11.0,56.0,9.0,6.0,3.0,64.0,7.0,4.0,3.0,64.0,0.0,2.0,15.0,29.0,2.0,4.0,1.0,2.0,1.0,4.0,87.0,5.0,93.0,13.0,75.0,89.0,162.0,182.0,80.0,90.0,7.0,76.0,444.0,2.0,2.0,14.0,4.0,10.0,105.0,13.0,8.0,5.0,76.0,,,3.5,3.0,25.0,1.0,1.0,,,,,,,,,,,,,,,,,,,,,,,,,,,,,,,,,,,,,,,,,,,,,,,,,,,,,,,,,,,,,,,,,,,,,,,,,,,,,,,,,,,,,,,,,,,,,,,,,,,,,,,,,,,,,,,,,,,,,,,,,,,,,,,,,,,,,,,,,,,,,,,,,,,,,,,,,,,,,,,,,,,,,,,,,,,,,,,,,,,,,,,,,,,,,,,,,,,,,,,,,,,,,,,,,,,,,,,,,,,,,,,,,,,,,,,,,,,,,,,,,,,,,,,,,,,,,,,,,,,,,,,,,,
315,4.0,2.0,127.0,15.0,112.0,98.0,4.0,94.0,104.0,1.0,103.0,18.0,46.0,25.0,112.0,44.0,119.0,480.0,20.0,102.0,472.0,9.0,104.0,471.0,13.0,100.0,478.0,2.0,107.0,3.0,78.0,52.0,1.0,51.0,111.0,56.0,1.0,55.0,114.0,25.0,2.0,23.0,107.0,22.0,8.0,14.0,96.0,0.0,1.0,28.0,55.0,5.0,7.0,4.0,4.0,0.0,9.0,110.0,9.0,109.0,25.0,123.0,128.0,233.0,237.0,119.0,121.0,32.0,117.0,488.0,2.0,3.0,26.0,0.0,26.0,128.0,29.0,0.0,29.0,114.0,,,3.5,4.0,95.0,4.0,2.0,143.0,6.0,137.0,119.0,1.0,118.0,106.0,2.0,104.0,15.0,37.0,27.0,110.0,50.0,112.0,497.0,27.0,105.0,491.0,20.0,108.0,498.0,13.0,94.0,478.0,112.0,3.0,90.0,4.0,60.0,0.0,60.0,104.0,54.0,0.0,54.0,98.0,25.0,7.0,18.0,88.0,31.0,9.0,22.0,93.0,0.0,4.0,28.0,50.0,6.0,7.0,2.0,2.0,2.0,10.0,106.0,10.0,105.0,27.0,113.0,110.0,219.0,215.0,110.0,108.0,30.0,103.0,485.0,4.0,3.0,35.0,5.0,30.0,115.0,31.0,0.0,31.0,107.0,4.5,4.5,5.5,4.5,,139.0,0.0,139.0,105.0,9.0,96.0,143.0,1.0,142.0,22.0,49.0,32.0,115.0,49.0,101.0,494.0,27.0,97.0,491.0,22.0,104.0,502.0,18.0,102.0,496.0,85.0,1.0,,107.0,4.0,,65.0,0.0,65.0,96.0,70.0,1.0,69.0,101.0,33.0,12.0,21.0,84.0,40.0,13.0,27.0,91.0,3.0,,3.0,,44.0,67.0,8.0,2.0,2.0,3.0,17.0,22.0,115.0,22.0,116.0,37.0,126.0,127.0,241.0,243.0,124.0,125.0,3.0,43.0,3.0,3.0,33.0,99.0,490.0,4.0,2.0,32.0,3.0,29.0,111.0,23.0,7.0,16.0,84.0,3.5,3.5,4.0,4.0,,,,,,,,,,,,,,,,,,,,,,,,,,,,,,,,,,,,,,,,,,,,,,,,,,,,,,,,,,,,,,,,,,,,,,,,,,,,,,,,,,,,,,,,,,,,,
316,2.0,2.0,43.0,4.0,39.0,41.0,3.0,38.0,42.0,2.0,40.0,19.0,46.0,21.0,90.0,33.0,92.0,442.0,17.0,89.0,462.0,14.0,103.0,484.0,15.0,102.0,485.0,4.0,200.0,1.0,128.0,36.0,5.0,31.0,79.0,37.0,5.0,32.0,80.0,17.0,3.0,14.0,85.0,17.0,7.0,10.0,81.0,0.0,2.0,25.0,47.0,3.0,4.0,2.0,2.0,0.0,5.0,92.0,5.0,93.0,18.0,96.0,106.0,188.0,199.0,92.0,99.0,21.0,97.0,469.0,2.0,3.0,16.0,3.0,13.0,110.0,19.0,1.0,18.0,98.0,,,4.0,4.0,,2.0,2.0,102.0,1.0,101.0,96.0,0.0,96.0,79.0,2.0,77.0,23.0,53.0,24.0,97.0,40.0,92.0,467.0,22.0,91.0,477.0,13.0,95.0,482.0,13.0,91.0,478.0,172.0,3.0,99.0,3.0,56.0,1.0,55.0,93.0,51.0,1.0,50.0,85.0,22.0,3.0,19.0,85.0,24.0,7.0,17.0,82.0,1.0,1.0,27.0,45.0,2.0,6.0,2.0,2.0,3.0,7.0,92.0,7.0,95.0,23.0,96.0,98.0,188.0,193.0,92.0,95.0,30.0,99.0,485.0,5.0,1.0,26.0,3.0,23.0,104.0,22.0,2.0,20.0,92.0,3.0,3.5,4.0,3.5,,107.0,1.0,106.0,83.0,4.0,79.0,108.0,2.0,106.0,23.0,49.0,29.0,102.0,45.0,92.0,483.0,30.0,100.0,500.0,21.0,100.0,500.0,16.0,93.0,489.0,130.0,3.0,,131.0,0.0,,64.0,0.0,64.0,95.0,69.0,1.0,68.0,100.0,31.0,6.0,25.0,89.0,31.0,7.0,24.0,87.0,1.0,,2.0,,30.0,43.0,4.0,1.0,1.0,4.0,5.0,10.0,79.0,10.0,83.0,28.0,98.0,102.0,177.0,185.0,87.0,91.0,2.0,60.0,4.0,4.0,29.0,91.0,483.0,5.0,3.0,26.0,1.0,25.0,105.0,26.0,2.0,24.0,95.0,3.5,4.0,3.5,3.5,,,,,,,,,,,,,,,,,,,,,,,,,,,,,,,,,,,,,,,,,,,,,,,,,,,,,,,,,,,,,,,,,,,,,,,,,,,,,,,,,,,,,,,,,,,,,1.0
317,2.0,1.0,85.0,3.0,82.0,83.0,0.0,83.0,74.0,4.0,70.0,20.0,54.0,26.0,132.0,40.0,125.0,467.0,23.0,121.0,480.0,19.0,128.0,495.0,14.0,109.0,482.0,1.0,88.0,2.0,76.0,53.0,0.0,53.0,129.0,54.0,5.0,49.0,124.0,34.0,8.0,26.0,120.0,27.0,7.0,20.0,113.0,1.0,3.0,28.0,58.0,4.0,4.0,3.0,2.0,0.0,7.0,104.0,6.0,97.0,19.0,114.0,109.0,218.0,206.0,109.0,102.0,24.0,116.0,474.0,2.0,1.0,33.0,0.0,33.0,135.0,25.0,4.0,21.0,103.0,,,3.5,3.5,75.0,2.0,1.0,111.0,4.0,107.0,122.0,3.0,119.0,101.0,4.0,97.0,21.0,52.0,26.0,114.0,47.0,117.0,489.0,26.0,110.0,488.0,19.0,112.0,495.0,22.0,128.0,509.0,39.0,1.0,20.0,1.0,68.0,4.0,64.0,121.0,64.0,1.0,63.0,120.0,39.0,6.0,33.0,114.0,41.0,10.0,31.0,112.0,2.0,2.0,29.0,54.0,2.0,11.0,4.0,4.0,1.0,7.0,99.0,7.0,95.0,21.0,107.0,92.0,206.0,187.0,102.0,92.0,26.0,105.0,477.0,4.0,3.0,25.0,2.0,23.0,104.0,18.0,2.0,16.0,86.0,4.0,3.5,3.5,3.5,46.0,114.0,8.0,106.0,84.0,3.0,81.0,97.0,4.0,93.0,25.0,57.0,30.0,112.0,51.0,109.0,500.0,29.0,106.0,497.0,23.0,109.0,505.0,25.0,129.0,520.0,130.0,3.0,,145.0,3.0,,69.0,2.0,67.0,106.0,55.0,1.0,54.0,92.0,34.0,4.0,30.0,99.0,42.0,6.0,36.0,106.0,3.0,,4.0,,30.0,52.0,7.0,2.0,2.0,2.0,9.0,13.0,92.0,13.0,91.0,29.0,114.0,105.0,206.0,196.0,102.0,97.0,3.0,42.0,3.0,3.0,30.0,99.0,485.0,2.0,2.0,23.0,1.0,22.0,100.0,19.0,2.0,17.0,85.0,3.5,3.0,3.0,3.5,,89.0,4.0,85.0,107.0,3.0,104.0,114.0,6.0,108.0,25.0,53.0,30.0,107.0,55.0,109.0,511.0,30.0,102.0,500.0,23.0,105.0,505.0,25.0,123.0,520.0,83.0,3.0,,48.0,0.0,,68.0,1.0,67.0,98.0,66.0,0.0,66.0,97.0,40.0,4.0,36.0,102.0,38.0,2.0,36.0,102.0,1.0,,2.0,,36.0,53.0,8.0,2.0,2.0,2.0,10.0,14.0,90.0,14.0,89.0,29.0,104.0,100.0,194.0,189.0,96.0,93.0,2.0,45.0,3.0,3.0,39.0,109.0,502.0,5.0,7.0,29.0,2.0,27.0,102.0,24.0,3.0,21.0,87.0,3.0,3.0,,,,
318,2.0,2.0,36.0,0.0,36.0,25.0,2.0,23.0,42.0,3.0,39.0,18.0,46.0,19.0,100.0,36.0,114.0,453.0,17.0,102.0,462.0,11.0,113.0,477.0,15.0,110.0,485.0,2.0,252.0,1.0,153.0,35.0,4.0,31.0,100.0,33.0,4.0,29.0,98.0,17.0,8.0,9.0,92.0,14.0,4.0,10.0,94.0,0.0,2.0,21.0,46.0,7.0,4.0,3.0,2.0,1.0,11.0,119.0,10.0,114.0,14.0,101.0,93.0,220.0,207.0,111.0,103.0,20.0,108.0,467.0,1.0,1.0,19.0,0.0,19.0,118.0,17.0,2.0,15.0,93.0,,,3.5,4.0,55.0,2.0,2.0,66.0,2.0,64.0,55.0,6.0,49.0,53.0,2.0,51.0,17.0,42.0,23.0,100.0,37.0,100.0,457.0,19.0,94.0,469.0,11.0,100.0,477.0,16.0,106.0,489.0,188.0,3.0,111.0,1.0,35.0,2.0,33.0,81.0,41.0,7.0,34.0,82.0,20.0,2.0,18.0,93.0,20.0,9.0,11.0,82.0,0.0,3.0,19.0,38.0,7.0,2.0,1.0,1.0,2.0,10.0,108.0,10.0,105.0,20.0,101.0,89.0,209.0,194.0,104.0,96.0,22.0,99.0,471.0,3.0,0.0,19.0,3.0,16.0,94.0,20.0,2.0,18.0,89.0,2.0,4.0,3.0,3.0,,85.0,2.0,83.0,52.0,9.0,43.0,89.0,6.0,83.0,23.0,53.0,25.0,96.0,41.0,93.0,470.0,23.0,93.0,480.0,18.0,101.0,493.0,19.0,109.0,499.0,173.0,2.0,,136.0,3.0,,50.0,1.0,49.0,84.0,51.0,6.0,45.0,80.0,22.0,7.0,15.0,80.0,23.0,10.0,13.0,77.0,3.0,,3.0,,24.0,40.0,18.0,3.0,2.0,1.0,11.0,15.0,97.0,14.0,93.0,22.0,93.0,88.0,190.0,181.0,94.0,89.0,2.0,36.0,3.0,2.0,27.0,95.0,479.0,2.0,3.0,21.0,1.0,20.0,97.0,22.0,3.0,19.0,88.0,2.5,3.0,3.0,4.0,,,,,,,,,,,,,,,,,,,,,,,,,,,,,,,,,,,,,,,,,,,,,,,,,,,,,,,,,,,,,,,,,,,,,,,,,,,,,,,,,,,,,,,,,,,,,
