ID,G1_Race,G1_Sex,G1_DIBELS_Spring_TTLattempted_Wo,G1_DIBELS_Spring_INCR_words,G1_DIBELS_Spring_RS,G1_DIBELS_IceCream_TTLattempted_,G1_DIBELS_IceCream_INCR_words,G1_DIBELS_IceCream_RS,G1_DIBELS_CheckUp_TTLattempted_W,G1_DIBELS_CheckUp_INCR_words,G1_DIBELS_CheckUp_RS,G1_StanBin_RS,G1_StanBin_SAS,G1_WRAT3Spell_RS,G1_WRAT3Spell_SS,G1_WJAIII_WidRS,G1_WJAIII_WidSS,G1_WJAIII_WidWS,G1_WJAIII_PCompRS,G1_WJAIII_PCompSS,G1_WJAIII_PCompWS,G1_WJAIII_WattRS,G1_WJAIII_WattSS,G1_WJAIII_WattWS,G1_WJAIII_OCompRS,G1_WJAIII_OCompSS,G1_WJAIII_OCompWS,G1_ExpPassRdg_1Windows_correct,G1_ExpPassRdg_1Windows_time,G1_ExpPassRdg_2Earth_correct,G1_ExpPassRdg_2Earth_time,G1_TOWRE2_TTLAttempted_WD_C,G1_TOWRE2_TTL_INCR_WD_C,G1_TOWREWdC_RS,G1_TOWRE2_WdC_SS,G1_TOWRE2_TTLAttempted_WD_D,G1_TOWRE2_TTL_INCR_WD_D,G1_TOWREWdD_RS,G1_TOWRE2_WdD_SS,G1_TOWRE2_TTLAttempted_NWd_C,G1_TOWRE2_TTLG1__INCR_NWd_C,G1_TOWRENonWdC_RS,G1_TOWRE2_NWdC_SS,G1_TOWRE2_TTLAttempted_NWd_D,G1_TOWRE2_TTL_INCR_NWd_D,G1_TOWRENonWdD_RS,G1_TOWRE2_NWdD_SS,G1_ExpPassListening_1Pierre_corr,G1_ExpPassListening_2Tree_correc,G1_WASI_Vocab_RS,G1_WASI_Vocab_TScore,G1_WIAT2_Alpha_RS,G1_WIAT2_WF_RS,G1_WIAT2_WF_AgeBased_Q,G1_WIAT2_WF_GradeBased_Q,G1_WIAT2_Sentences_RS,G1_WIAT2_WE_TTL_AgeBasedRS,G1_WIAT2_WE_TTL_AgeBasedSS,G1_WIAT2_WE_TTL_GradeBasedRS,G1_WIAT2_WE_TTL_GradeBasedSS,G1_WIAT2_SP_RS,G1_WIAT2_SP_AgeBasedSS,G1_WIAT2_SP_GradeBasedSS,G1_WIAT2_WL_AgeBasedSumSS,G1_WIAT2_WL_GradeBasedSumSS,G1_WIAT2_WL_AgeBasedCompSS,G1_WIAT2_WL_GradeBasedCompSS,G1_WRMT_PCompRS,G1_WRMT_PCompSS,G1_WRMT_PCompWS,G1_MemSpan_A_RS,G1_MemSpan_B_RS,G1_TOSREC_NumCorrect_FormA,G1_TOSREC_NumINCORRECT_FormA,G1_ToSRE_G1_A_RS,G1_ToSRE_G1_A_IS,G1_TOSREC_NumCorrect_FormD,G1_TOSREC_NumINCORRECT_FormD,G1_ToSRE_G1_D_RS,G1_ToSRE_G1_D_IS,G1_WUR_0708_1N,G1_WUR_0708_2E,G1_WUR_0708_3N,G1_WUR_0708_4E,G1_SAT10_0708_Rd_Pctl,G2_Race,G2_Sex,G2_DIBELS_RollrCoast_TTLattempte,G2_DIBELS_RollrCoast_INCorrect_w,G2_DIBELS_RollrCoast_RS,G2_DIBELS_MovingDay_TTLattempted,G2_DIBELS_MovingDay_INCorrect_wo,G2_DIBELS_MovingDay_RS,G2_DIBELS_Stars_TTLattempted_Wor,G2_DIBELS_Stars_INCorrect_words,G2_DIBELS_Stars_RS,G2_StanBin_RS,G2_StanBin_SAS,G2_WRAT3Spell_RS,G2_WRAT3Spell_SS,G2_WJAIII_WidRS,G2_WJAIII_WidSS,G2_WJAIII_WidWS,G2_WJAIII_PCompRS,G2_WJAIII_PCompSS,G2_WJAIII_PCompWS,G2_WJAIII_WattRS,G2_WJAIII_WattSS,G2_WJAIII_WattWS,G2_WJAIII_OCompRS,G2_WJAIII_OCompSS,G2_WJAIII_OCompWS,G2_ExpPassRdg_1Windows_time,G2_ExpPassRdg_1Windows_correct,G2_ExpPassRdg_2Earth_time,G2_ExpPassRdg_2Earth_correct,G2_TOWRE2_TTLAttempted_WD_A,G2_TOWRE2_TTL_INCR_WD_A,G2_TOWRE2_WdA_RS,G2_TOWRE2_WdA_SS,G2_TOWRE2_TTLAttempted_WD_B,G2_TOWRE2_TTL_INCR_WD_B,G2_TOWRE2_WdB_RS,G2_TOWRE2_WdB_SS,G2_TOWRE2_TTLAttempted_nonwd_A,G2_TOWRE2_TTL_INCR_NWd_A,G2_TOWRE2_NWdA_RS,G2_TOWRE2_NWdA_SS,G2_TOWRE2_TTLAttempted_NWd_B,G2_TOWRE2_TTL_INCR_NWd_B,G2_TOWRE2_NWdB_RS,G2_TOWRE2_NWdB_SS,G2_ExpPassListening_1Pierre_corr,G2_ExpPassListening_2Tree_correc,G2_WASI_Vocab_RS,G2_WASI_Vocab_TScore,G2_WIAT2_Alpha_RS,G2_WIAT2_WF_RS,G2_WIAT2_WF_AgeBased_Q,G2_WIAT2_WF_GradeBased_Q,G2_WIAT2_Sentences_RS,G2_WIAT2_WE_TTL_AgeBasedRS,G2_WIAT2_WE_TTL_AgeBasedSS,G2_WIAT2_WE_TTL_GradeBasedRS,G2_WIAT2_WE_TTL_GradeBasedSS,G2_WIAT2_SP_RS,G2_WIAT2_SP_AgeBasedSS,G2_WIAT2_SP_GradeBasedSS,G2_WIAT2_WL_AgeBasedsumSS,G2_WIAT2_WL_GradeBasedSumSS,G2_WIAT2_WL_AgeBasedCompSS,G2_WIAT2_WL_GradeBasedCompSS,G2_WRMT_PCompRS,G2_WRMT_PCompSS,G2_WRMT_PCompWS,G2_MemSpan_G2_A_RS,G2_MemSpan_G2_B_RS,G2_TOSREC_NumCorrect_FormA,G2_TOSREC_NumINCORRECT_FormA,G2_ToSRE_G2_A_RS,G2_ToSRE_G2_A_IS,G2_TOSREC_NumCorrect_FormD,G2_TOSREC_NumINCORRECT_FormD,G2_ToSRE_G2_D_RS,G2_ToSRE_G2_D_IS,G2_WUR_0809_1N,G2_WUR_0809_2E,G2_WUR_0809_3N,G2_WUR_0809_4E,G2_SAT10_Rd_Pctl,G3_DIBELS_FldTrp_TTLattempted_Wo,G3_DIBELS_FldTrpNumber_INCR1,G3_DIBELS_ORF_FldTrp_RS,G3_DIBELS_Keiko_TTLattempted_Wor,G3_DIBELS_KeikoNumber_INCR2,G3_DIBELS_ORF_Keiko_RS,G3_DIBELS_Email_TTLattempted_Wor,G3_DIBELS_EmailNumber_INCR3,G3_DIBELS_ORF_Email_RS,G3_StanBin_RS,G3_StanBin_SAS,G3_WRAT3Spell_RS,G3_WRAT3Spell_SS,G3_WJAIII_WidRS,G3_WJAIII_WidSS,G3_WJAIII_WidWS,G3_WJAIII_PCompRS,G3_WJAIII_PCompSS,G3_WJAIII_PCompWS,G3_WJAIII_WAttackRS,G3_WJAIII_WAttackSS,G3_WJAIII_WWttackWS,G3_WJAIII_OCompRS,G3_WJAIII_OCompSS,G3_WJAIII_OCompWS,G3_ExpPassRdg_1NewHome_time,G3_ExpPassRdg_1NewHome_correct1_,G3_ExpPassRdg_1NewHome_correct10,G3_ExpPassRdg_2Oceans_time,G3_ExpPassRdg_2Oceans_correct1_4,G3_ExpPassRdg_2Oceans_correct1_5,G3_TOWRE2_TTLAttempted_WD_C,G3_TOWRE2_SightWd_FormC_NUM_INCR,G3_TOWRE2_SightWd_formC_RS,G3_TOWRE2_SightWd_formC_SS,G3_TOWRE2_TTLAttempted_WD_D,G3_TOWRE2_SightWd_FormD_NUM_INCR,G3_TOWRE2_SightWd_FormD_RS,G3_TOWRE2_SightWd_FormD_SS,G3_TOWRE2_TTLAttempted_nonwd_C,G3_TOWRE2_NONwd_FormC_NUM_INCR,G3_TOWRE2_NonWd_FormC_RS,G3_TOWRE2_NonWd_FormC_SS,G3_TOWRE2_TTLAttempted_NONwd_D,G3_TOWRE2_NONwd_FormD_Num_INCR,G3_TOWRE2_NonWd_FormD_RS,G3_TOWRE2_NonWd_FormD_SS,G3_ExpPassListening_TheOwl_corre,G3_ExpPassListening_TheOwl_corr0,G3_ExpPassListening_Bats_correct,G3_ExpPassListening_Bats_correc0,G3_WASI_Vocab_RS,G3_WASI_Vocab_TScore,G3_WIAT2_WF_RS,G3_WIAT2_WF_AgeBased_Q,G3_WIAT2_WF_GradeBased_Q,G3_WIAT2_Sentences_RS,G3_WIAT2_Paragraph_RubricRS,G3_WIAT2_WE_AgeBasedRS,G3_WIAT2_WE_AgeBasedSS,G3_WIAT2_WE_GradeBasedRS,G3_WIAT2_WE_GradeBasedSS,G3_WIAT2_SP_RS,G3_WIAT2_SP_AgeBasedSS,G3_WIAT2_SP_GradeBasedSS,G3_WIAT2_WL_SumOfSS_AgeBased,G3_WIAT2_WL_GradeBasedsumSS,G3_WIAT2_WL_CompScore_AgeBased,G3_WIAT2_WL_GradeBasedCompositeS,G3_WIAT2_Paragraph_HolisticScore,G3_WIAT2_WordCount,G3_WIAT2_ParagraphWdCountQuartil,G3_WIAT2_ParagraphWdCountQuarti0,G3_WRMT_PSGCompRS,G3_WRMT_PSGCompSS,G3_WRMT_PSGCompW,G3_MemSpan_G3_A_RS,G3_MemSpan_G3_B_RS,G3_TOSREC3A_NUM_Correct,G3_TOSREC3A_NUM_INCORRECT,G3_TOSREC3A_RS,G3_TOSREC3A_IS,G3_TOSREC3D_NUM_Correct,G3_TOSREC3D_NUM_INCORRECT,G3_TOSREC3D_RS,G3_TOSRECG3D_IS,G3_WUR_0910_1E,G3_WUR_0910_2N,G3_WUR_0910_3E,G3_WUR_0910_4N,G3_SAT10_0910_Rd_pctl,G4_DIBELS_LionMouse_TTLAttempted,G4_DIBELS_LionMouse_INCR,G4_DIBELS_ORF_LionMouse_RS,G4_DIBELS_AirplHist_TTLAttempted,G4_DIBELS_AirplHist_Number_INCR,G4_DIBELS_ORF_AirplHist_RS,G4_DIBELS_10thBday_TTLAttempted,G4_DIBELS_10thBday_Number_INCR,G4_DIBELS_ORF_10thBday_RS,G4_StanBin_RS,G4_StanBin_SAS,G4_WRAT3Spell_RS,G4_WRAT3Spell_SS,G4_WJAIII_WidRS,G4_WJAIII_WidSS,G4_WJAIII_WidWS,G4_WJAIII_PCompRS,G4_WJAIII_PCompSS,G4_WJAIII_PCompWS,G4_WJAIII_WAttackRS,G4_WJAIII_WAttackSS,G4_WJAIII_WWttackWS,G4_WJAIII_OCompRS,G4_WJAIII_OCompSS,G4_WJAIII_OCompWS,G4_ExpPassRdg_AndrewsFath_timeSE,G4_ExpPassRdg_AndrewsFath_correc,G4_ExpPassRdg_AndrewsFath_corre0,G4_ExpPsgRdg_MYTHS_timeSEC,G4_ExpPsgRdg_MYTHS_correct1_4,G4_ExpPsgRdg_MYTHS_correct1_5,G4_TOWRE2_SightWd_FormA_TTLAttem,G4_TOWRE2_SightWd_FormA_NUM_INCR,G4_TOWRE2_SightWd_formA_RS,G4_TOWRE2_SightWd_formA_SS,G4_TOWRE2_SightWd_FormB_TTLAttem,G4_TOWRE2_SightWd_FormB_INCR,G4_TOWRE2_SightWd_FormB_RS,G4_TOWRE2_SightWd_FormB_SS,G4_TOWRE2_NONwd_FormA_TTLAttempt,G4_TOWRE2_NONwd_FormA_INCR,G4_TOWRE2_NonWd_FormA_RS,G4_TOWRE2_NonWd_FormA_SS,G4_TOWRE2_NONwd_FormB_TTLAttempt,G4_TOWRE2_NONwd_FormB_INCR,G4_TOWRE2_NonWd_FormB_RS,G4_TOWRE2_NonWd_FormB_SS,G4_ExpPassListening_SummerVac1_4,G4_ExpPassListening_SummerVac1_5,G4_ExpPassListening_RAINBOWS1_4,G4_ExpPassListening_RAINBOWS1_5,G4_WASI_Vocab_RS,G4_WASI_Vocab_TScore,G4_WIAT2_WF_RoundObj_RS,G4_WIAT2_WF_RoundObj_AgeBasedQ,G4_WIAT2_WF_RoundObj_GradeBasedQ,G4_WIAT2_Sentences_RS,G4_WIAT2_Para_Rubric_RS,G4_WIAT2_WE_AgeBasedRS,G4_WIAT2_WE_AgeBasedSS,G4_WIAT2_WE_GradeBasedRS,G4_WIAT2_WE_GradeBasedSS,G4_WIAT2_SP_RS,G4_WIAT2_SP_AgeBasedSS,G4_WIAT2_SP_GradeBasedSS,G4_WIAT2_WL_AgeBased_SumOfSS,G4_WIAT2_WL_GradeBased_SumOfSS,G4_WIAT2_WL_AgeBased_CompSS,G4_WIAT2_WL_GradeBased_CompSS,G4_WIAT2_Para_HolisticScore,G4_WIAT2_WordCount,G4_WIAT2_ParaWdCountQ_AgeBased,G4_WIAT2_ParaWdCountQ_GradeBased,G4_WRMT_PSGCompRS,WRMT_PSGCompSS,G4_WRMT_PSGCompW,G4_MemSpan_G4_A_RS,G4_MemSpan_G4_B_RS,G4_TOSREC4A_NUM_Correct,G4_TOSREC4A_NUM_INCORRECT,G4_TOSREC4A_RS,G4_TOSREC4A_IS,G4_TOSREC4D_NUM_Correct,G4_TOSREC4D_NUM_INCORRECT,G4_TOSREC4D_RS,G4_TOSRECG4D_IS,G4_WUR_1E_LCS,G4_WUR_2N_LCS,G4_WUR_3E_LCS,G4_WUR_4N_LCS,G4_SAT_10_LCS
1,1,2,88,0,88,105,1,104,93,0,93,15,44,26,137,46,139,486,24,130,483,21,138,500,13,109,478,3,160,2,71,70,2,68,143,71,4,67,142,37,5,32,126,31,3,28,122,0,1,27,58,1,3,2,2,2,5,98,5,98,15,109,108,207,206,103,102,27,122,479,1,2,34,1,33,135,36,2,34,137,NA,NA,NA,NA,NA,1,2,186,3,183,185,1,184,170,2,168,21,52,28,122,56,129,514,31,123,503,25,122,510,22,129,509,72,3,37,3,81,0,81,138,83,3,80,137,56,3,53,133,56,8,48,129,0,2,31,58,6,7,4,4,4,14,122,14,127,26,119,120,241,247,124,128,37,122,498,2,1,44,3,41,134,47,3,44,135,NA,NA,NA,NA,NA,186,4,182,168,6,162,183,4,179,22,50,30,116,60,124,525,29,107,497,28,120,520,21,118,506,52,1,NA,68,3,NA,88,0,88,138,85,2,83,133,59,4,55,131,56,3,53,129,2,NA,3,NA,38,64,4,1,1,10,12,23,120,23,121,31,119,115,239,236,123,121,4,106,4,4,36,112,496,4,6,41,2,39,127,43,2,41,126,NA,NA,NA,NA,NA,178,4,174,175,3,172,218,1,217,25,55,30,111,61,120,527,31,106,503,27,113,517,26,127,523,52,1,NA,54,1,NA,81,0,81,119,90,2,88,131,66,8,58,131,66,4,62,145,2,NA,3,NA,45,65,4,1,1,9,16,26,121,26,125,35,117,117,238,242,122,125,3,93,4,4,41,112,505,9,5,45,1,44,128,39,0,39,118,NA,NA,NA,NA,NA
2,4,1,81,0,81,85,1,84,94,2,92,18,51,22,127,43,141,477,21,130,475,17,138,491,13,111,478,1,165,3,104,42,1,41,118,45,2,43,119,24,7,17,115,22,6,16,113,1,2,24,54,5,2,2,2,3,10,120,10,121,19,127,118,247,239,129,123,19,119,466,2,2,24,2,22,122,19,1,18,114,NA,NA,NA,NA,NA,4,1,140,6,134,122,3,119,102,3,99,21,54,28,125,48,125,491,27,119,491,23,124,505,16,111,489,85,3,66,3,59,1,58,117,54,0,54,114,34,6,28,113,34,4,30,115,2,2,32,61,6,3,1,1,4,11,113,11,116,28,131,126,244,242,127,125,32,119,488,2,3,32,3,29,113,38,0,38,125,NA,NA,NA,NA,NA,158,0,158,140,2,138,153,0,153,23,53,36,131,59,120,522,34,120,512,29,121,525,23,122,513,57,3,NA,77,4,NA,72,0,72,112,77,0,77,119,41,1,40,111,43,6,37,107,2,NA,4,NA,38,61,10,4,3,7,18,29,140,28,137,42,142,140,282,277,153,148,4,56,4,4,45,125,512,4,4,39,2,37,124,34,2,32,103,NA,4,3.5,4,NA,131,0,131,143,2,141,149,1,148,25,55,39,137,63,124,533,34,116,512,30,122,530,24,121,516,55,4,NA,66,2,NA,76,1,75,109,75,2,73,106,49,7,42,110,47,3,44,112,1,NA,4,NA,43,66,10,3,3,7,17,27,128,27,129,42,138,134,266,263,142,139,3,52,4,3,46,121,514,7,6,38,0,38,120,36,1,35,112,3,4,NA,4,NA
3,2,1,23,6,17,20,2,18,22,8,14,19,48,19,95,28,97,423,11,85,438,8,103,468,14,105,482,1,270,3,270,17,4,13,78,21,5,16,80,14,6,8,86,12,4,8,86,0,1,21,44,3,4,2,3,3,8,107,9,117,16,101,110,208,227,104,115,15,99,459,1,0,28,22,6,96,28,22,6,94,NA,NA,4.5,5,70,2,1,NA,NA,NA,NA,NA,NA,NA,NA,NA,NA,NA,NA,NA,NA,NA,NA,NA,NA,NA,NA,NA,NA,NA,NA,NA,NA,NA,NA,NA,NA,NA,NA,NA,NA,NA,NA,NA,NA,NA,NA,NA,NA,NA,NA,NA,NA,NA,NA,NA,NA,NA,NA,NA,NA,NA,NA,NA,NA,NA,NA,NA,NA,NA,NA,NA,NA,NA,NA,NA,NA,NA,NA,NA,NA,NA,NA,NA,NA,3,4.5,4.5,5,NA,NA,NA,NA,NA,NA,NA,NA,NA,NA,NA,NA,NA,NA,NA,NA,NA,NA,NA,NA,NA,NA,NA,NA,NA,NA,NA,NA,NA,NA,NA,NA,NA,NA,NA,NA,NA,NA,NA,NA,NA,NA,NA,NA,NA,NA,NA,NA,NA,NA,NA,NA,NA,NA,NA,NA,NA,NA,NA,NA,NA,NA,NA,NA,NA,NA,NA,NA,NA,NA,NA,NA,NA,NA,NA,NA,NA,NA,NA,NA,NA,NA,NA,NA,NA,NA,NA,3,5,5,4.5,NA,118,4,114,127,4,123,150,3,147,24,48,27,93,56,105,514,31,99,503,24,103,508,26,120,523,95,2,NA,99,1,NA,71,0,71,100,71,0,71,100,40,7,33,95,40,3,37,99,4,NA,1,NA,41,53,6,1,1,8,13,22,107,22,110,26,89,92,196,202,97,100,3,71,4,4,38,99,500,3,3,32,2,30,108,35,0,35,112,3,4,NA,NA,NA
4,1,2,18,9,9,15,8,7,13,9,4,15,42,17,93,23,98,404,10,89,434,5,103,452,10,96,468,0,93,2,120,25,17,8,78,17,9,8,78,14,5,9,92,12,6,6,86,0,0,24,50,2,0,0,0,0,2,82,2,81,6,80,80,162,161,80,79,7,96,444,3,0,9,7,2,85,8,8,0,80,NA,NA,NA,NA,NA,1,2,98,0,98,80,1,79,87,1,86,21,52,21,94,37,98,457,21,97,475,7,92,464,17,109,492,137,2,83,2,58,2,56,106,57,3,54,104,43,16,27,104,38,17,21,97,1,2,24,45,4,3,1,1,1,6,94,6,96,19,98,97,192,193,95,95,28,105,481,5,4,20,2,18,97,21,1,20,101,NA,NA,NA,NA,NA,99,0,99,88,7,81,103,1,102,21,48,26,99,52,108,503,28,100,494,22,106,502,15,96,485,147,1,NA,153,2,NA,66,1,65,104,59,2,57,95,37,11,26,94,39,8,31,100,3,NA,2,NA,31,51,4,1,1,4,9,14,94,14,94,25,101,99,195,193,96,95,2,50,4,4,34,104,492,6,6,25,1,24,103,25,2,23,102,NA,NA,NA,NA,NA,101,6,95,100,4,96,139,0,139,22,47,31,110,54,105,508,32,106,506,21,100,500,20,105,502,101,2,NA,132,1,NA,68,0,68,100,72,5,67,98,43,7,36,102,47,13,34,100,3,NA,3,NA,32,45,5,1,1,6,14,21,107,21,108,31,105,108,212,216,106,108,2,41,2,3,41,110,505,7,8,24,2,22,93,24,5,19,87,NA,NA,NA,NA,NA
5,2,1,16,9,7,15,7,8,13,10,3,18,49,15,93,22,100,400,9,90,430,6,110,459,11,100,471,0,31,2,45,33,28,5,77,14,9,5,77,16,10,6,89,7,6,1,76,0,2,17,41,0,6,4,4,0,4,94,4,92,12,101,99,195,191,96,94,4,93,435,0,0,16,16,0,80,20,18,2,86,NA,NA,NA,NA,NA,2,1,68,6,62,59,5,54,65,2,63,16,40,20,93,37,101,457,17,91,462,15,106,487,16,107,489,68,2,41,2,50,6,44,100,55,14,41,97,26,8,18,97,19,8,11,87,0,1,17,35,2,1,1,1,1,4,86,4,87,16,91,88,177,175,87,86,17,95,462,1,2,14,7,7,78,13,3,10,87,NA,NA,NA,NA,NA,70,4,66,67,6,61,89,3,86,21,48,22,87,42,96,473,15,79,454,12,95,480,16,100,489,61,1,NA,93,2,NA,62,4,58,96,65,6,59,97,34,7,27,95,46,28,18,84,2,NA,2,NA,28,47,5,1,1,2,10,13,92,13,92,18,84,82,176,174,86,85,3,27,2,2,24,93,474,1,2,23,8,15,88,22,8,14,90,NA,NA,NA,NA,NA,80,8,72,97,7,90,107,3,104,23,49,25,93,47,96,489,25,92,486,16,95,489,19,103,499,51,0,NA,62,0,NA,69,1,68,100,76,5,71,103,49,22,27,91,52,27,25,89,2,NA,1,NA,29,42,5,1,1,3,7,11,81,11,82,23,87,87,168,169,83,83,2,43,3,3,30,93,485,3,3,31,5,26,101,29,6,23,93,NA,NA,NA,NA,NA
6,2,2,40,9,31,27,10,17,40,10,30,19,51,14,90,29,114,427,14,106,450,9,120,471,13,108,478,0,261,1,104,29,14,15,87,29,12,17,89,13,6,7,92,15,8,7,92,1,2,23,51,3,0,0,0,1,4,94,4,92,14,106,105,200,197,99,98,15,110,459,2,0,13,3,10,105,11,5,6,94,NA,NA,NA,NA,NA,2,2,107,1,106,99,2,97,77,4,73,16,40,22,100,37,103,457,18,94,465,11,102,477,16,108,489,110,2,65,4,55,2,53,108,47,2,45,100,19,4,15,93,20,6,14,91,2,3,29,54,4,1,1,1,2,7,99,7,99,19,102,97,201,196,99,97,27,107,479,2,1,19,8,11,86,22,2,20,101,NA,NA,NA,NA,NA,120,1,119,92,9,83,130,2,128,24,55,27,103,46,103,486,28,104,494,19,104,495,19,110,499,52,1,NA,47,1,NA,67,2,65,111,59,2,57,101,32,10,22,93,35,14,21,92,1,NA,0,NA,32,55,4,1,1,4,12,17,103,17,102,22,96,92,199,194,98,96,3,43,4,3,31,101,486,5,5,33,2,31,114,31,3,28,108,NA,NA,NA,NA,NA,NA,NA,NA,NA,NA,NA,NA,NA,NA,NA,NA,NA,NA,NA,NA,NA,NA,NA,NA,NA,NA,NA,NA,NA,NA,NA,NA,NA,NA,NA,NA,NA,NA,NA,NA,NA,NA,NA,NA,NA,NA,NA,NA,NA,NA,NA,NA,NA,NA,NA,NA,NA,NA,NA,NA,NA,NA,NA,NA,NA,NA,NA,NA,NA,NA,NA,NA,NA,NA,NA,NA,NA,NA,NA,NA,NA,NA,NA,NA,NA,NA,NA,NA,NA,NA,NA,NA,NA,NA,NA,NA
7,3,1,13,1,12,10,4,6,9,5,4,15,42,16,91,26,101,416,9,86,430,9,111,471,11,98,471,0,222,1,116,13,5,8,78,8,2,6,76,0,0,0,72,1,1,0,72,0,2,19,42,0,4,3,3,0,3,87,3,87,11,93,96,180,183,88,90,10,99,450,0,1,15,16,0,80,16,23,0,80,NA,NA,NA,NA,NA,3,1,90,0,90,67,1,66,66,1,65,18,43,21,91,41,103,470,20,94,472,20,110,498,16,105,489,183,3,138,4,53,3,50,94,53,2,51,95,29,2,27,100,28,5,23,95,1,4,26,47,4,4,1,2,0,5,89,6,96,17,89,91,178,187,87,92,28,104,481,4,6,20,1,19,99,22,0,22,103,NA,NA,NA,NA,NA,101,0,101,78,0,78,98,0,98,28,62,26,99,53,109,506,25,95,486,26,113,513,18,104,496,112,2,NA,126,2,NA,65,2,63,102,69,0,69,109,39,1,38,109,41,2,39,110,2,NA,2,NA,31,51,5,1,1,0,5,6,75,6,76,21,91,89,166,165,82,81,2,71,4,4,32,99,488,4,6,25,4,21,98,29,2,27,107,NA,NA,NA,NA,NA,96,1,95,86,4,82,107,0,107,28,59,31,110,64,123,536,32,106,506,26,109,513,20,105,502,107,2,NA,110,0,NA,65,0,65,96,64,0,64,95,42,1,41,108,35,0,35,101,3,NA,2,NA,39,55,3,1,1,2,10,13,86,13,88,30,103,105,189,193,93,95,2,48,3,3,36,99,496,5,7,25,1,24,97,26,1,25,96,NA,NA,NA,NA,NA
8,2,1,26,11,15,24,7,17,21,13,8,20,54,19,111,22,105,400,14,108,450,6,116,459,17,123,492,1,46,2,22,23,8,15,87,24,11,13,85,18,15,3,83,14,12,2,80,1,4,29,61,1,3,2,2,0,3,89,3,87,7,88,83,177,170,87,83,11,108,452,0,0,13,9,4,90,12,11,1,83,NA,NA,NA,NA,NA,2,1,97,5,92,109,6,103,104,15,89,22,54,21,97,42,113,473,17,94,462,11,104,477,18,116,496,61,3,26,1,64,6,58,115,62,5,57,111,40,28,12,88,37,27,10,85,1,4,33,60,1,4,2,2,2,5,91,5,92,17,98,91,189,183,93,90,26,108,477,4,3,19,3,16,94,24,3,21,102,NA,NA,NA,NA,NA,96,3,93,93,4,89,115,1,114,26,63,25,100,48,107,491,27,103,491,15,100,487,23,125,513,99,2,NA,146,4,NA,55,2,53,97,61,3,58,102,31,9,22,93,32,13,19,89,4,NA,3,NA,39,66,1,1,0,4,11,16,100,15,97,22,96,92,196,189,97,93,2,22,2,2,33,107,490,2,4,29,1,28,110,32,0,32,112,NA,NA,NA,NA,NA,110,4,106,122,19,103,142,7,135,28,62,21,84,52,104,503,28,98,494,19,99,495,23,117,513,73,1,NA,66,2,NA,67,2,65,96,67,3,64,95,46,16,30,95,47,21,26,90,2,NA,2,NA,41,60,9,3,3,3,9,15,93,15,92,23,89,87,182,179,89,88,2,75,4,4,40,110,503,5,4,30,2,28,104,25,3,22,91,NA,NA,NA,NA,NA
9,2,1,19,5,14,21,9,12,18,9,9,16,44,20,104,21,95,396,12,94,442,7,109,464,9,93,464,0,187,2,65,16,4,12,82,29,13,16,86,14,4,10,94,13,3,10,94,0,3,20,44,4,0,0,0,0,4,92,4,92,13,98,102,190,194,94,96,10,100,450,0,1,7,2,5,94,12,16,0,80,NA,NA,NA,NA,NA,2,1,114,1,113,99,3,96,77,0,77,20,49,28,117,45,110,483,23,100,480,22,114,502,13,96,478,102,0,100,1,63,1,62,112,58,1,57,107,31,1,30,107,34,4,30,107,0,0,25,47,1,2,1,1,2,4,86,4,87,24,110,113,196,200,97,99,30,108,485,3,3,22,4,18,97,18,1,17,97,NA,NA,NA,NA,NA,NA,NA,NA,NA,NA,NA,NA,NA,NA,NA,NA,NA,NA,NA,NA,NA,NA,NA,NA,NA,NA,NA,NA,NA,NA,NA,NA,NA,NA,NA,NA,NA,NA,NA,NA,NA,NA,NA,NA,NA,NA,NA,NA,NA,NA,NA,NA,NA,NA,NA,NA,NA,NA,NA,NA,NA,NA,NA,NA,NA,NA,NA,NA,NA,NA,NA,NA,NA,NA,NA,NA,NA,NA,NA,NA,NA,NA,NA,NA,NA,NA,NA,NA,NA,NA,NA,NA,NA,NA,NA,NA,133,3,130,134,2,132,160,3,157,21,44,33,116,58,112,519,29,98,497,28,114,520,18,99,496,89,2,NA,81,2,NA,70,1,69,101,73,0,73,106,45,5,40,107,51,4,47,116,0,NA,2,NA,32,45,7,2,2,1,11,14,89,14,90,34,112,114,201,204,99,101,2,63,4,4,38,104,500,9,9,30,3,27,102,29,2,27,99,NA,NA,NA,NA,NA
10,2,2,28,8,20,22,7,15,25,6,19,20,54,19,100,27,106,420,13,98,446,10,117,474,12,102,475,0,192,2,87,27,8,19,89,27,7,20,90,17,9,8,90,11,2,9,92,2,2,20,44,2,0,0,0,1,3,87,3,87,14,101,105,188,192,91,95,12,104,454,0,3,11,10,1,83,13,9,4,90,NA,NA,NA,NA,NA,2,2,97,2,95,83,3,80,74,3,71,23,58,20,90,36,98,453,26,108,488,7,93,464,21,123,506,99,3,67,2,52,3,49,99,53,7,46,97,30,17,13,84,29,15,14,85,1,3,28,52,7,2,1,1,4,12,114,12,120,17,93,91,207,211,103,105,28,106,481,0,2,22,4,18,97,20,1,19,99,NA,NA,NA,NA,NA,104,2,102,99,8,91,137,1,136,23,53,24,93,48,104,491,26,98,488,15,98,487,19,109,499,89,3,NA,118,3,NA,64,2,62,101,61,3,58,96,23,12,11,74,26,13,13,77,2,NA,4,NA,31,51,10,4,3,5,8,17,102,16,100,22,93,92,195,192,96,95,2,78,4,4,33,104,490,4,4,28,2,26,106,22,3,19,97,NA,NA,NA,NA,NA,130,2,128,131,4,127,173,3,170,26,56,27,99,54,106,508,31,103,503,14,93,484,24,118,516,64,2,NA,69,2,NA,71,2,69,101,72,5,67,98,36,23,13,73,44,22,22,85,3,NA,1,NA,43,61,10,3,3,7,17,27,122,27,129,29,101,102,223,231,113,118,3,94,4,4,37,103,498,3,6,33,3,30,108,35,1,34,110,NA,NA,NA,NA,NA
11,2,2,103,2,101,96,2,94,93,4,89,19,54,23,131,43,141,477,24,136,483,19,141,495,17,125,492,2,277,4,68,51,0,51,129,56,3,53,131,31,7,24,122,26,10,16,113,1,2,22,52,3,2,2,2,2,7,110,7,108,19,127,118,237,226,122,115,33,132,490,3,2,30,0,30,132,33,0,33,136,NA,NA,NA,NA,NA,2,2,170,3,167,163,4,159,126,4,122,21,54,28,125,52,130,503,28,121,494,27,130,517,19,122,499,53,3,38,2,72,0,72,131,65,0,65,123,46,4,42,128,44,2,42,128,2,2,36,67,5,6,3,3,5,13,120,13,123,32,141,139,261,262,139,138,35,123,494,3,2,31,1,30,115,39,1,38,125,NA,NA,NA,NA,NA,182,4,178,183,3,180,177,1,176,25,60,31,120,58,124,519,32,119,506,24,114,508,21,120,506,40,4,NA,54,2,NA,73,1,72,120,78,1,77,126,52,4,48,123,50,2,48,123,3,NA,3,NA,37,64,11,4,4,6,11,21,118,21,114,34,130,122,248,236,129,121,2,52,4,4,43,126,509,4,5,36,3,33,117,38,1,37,120,NA,NA,NA,NA,NA,161,2,159,167,1,166,189,3,186,27,59,36,129,59,118,522,36,123,518,27,114,517,23,119,513,35,3,NA,32,2,NA,73,1,72,105,72,1,71,103,54,4,50,120,54,7,47,116,3,NA,2,NA,49,74,3,1,1,8,15,24,120,24,118,43,140,137,260,255,138,133,2,89,4,4,50,130,521,6,10,43,2,41,124,40,2,38,117,NA,NA,NA,NA,NA
12,1,1,27,5,22,30,11,19,26,12,14,19,54,20,115,26,113,416,15,113,454,9,124,471,13,110,478,0,30,3,16,22,4,18,94,27,10,17,93,16,6,10,101,9,2,7,95,3,1,17,41,1,2,2,2,0,3,89,3,87,15,109,108,198,195,98,96,10,108,450,2,1,25,15,10,105,25,25,0,80,NA,NA,NA,NA,NA,1,1,76,4,72,84,0,84,65,1,64,19,48,25,114,46,120,486,21,103,475,20,117,498,9,89,464,117,0,63,2,62,2,60,117,52,3,49,104,29,1,28,109,31,5,26,107,0,2,17,36,1,3,1,1,0,2,77,2,77,21,107,103,184,180,90,89,24,107,474,1,0,16,0,16,94,13,1,12,90,NA,NA,NA,NA,NA,91,1,90,81,5,76,108,0,108,21,50,28,110,54,116,508,25,99,486,23,111,505,17,105,492,50,2,NA,68,1,NA,56,0,56,100,61,1,60,104,29,4,25,97,32,5,27,100,0,NA,1,NA,30,52,3,1,1,3,13,17,103,17,102,22,96,92,199,194,98,96,2,14,1,1,32,105,488,2,1,23,1,22,100,23,2,21,100,NA,NA,NA,NA,NA,95,2,93,113,5,108,129,1,128,24,53,33,120,58,115,519,31,106,503,22,104,502,19,105,499,60,0,NA,68,1,NA,59,0,59,88,59,0,59,88,41,5,36,102,37,1,36,102,2,NA,2,NA,27,40,8,2,2,2,14,18,101,18,100,32,110,110,211,210,105,105,2,25,1,1,41,112,505,2,3,23,3,20,89,22,0,22,91,NA,NA,NA,NA,NA
13,2,1,12,5,7,12,5,7,11,6,5,15,44,16,105,21,108,396,10,103,434,4,113,443,6,89,453,0,739,2,621,15,8,7,82,17,9,8,83,15,7,8,97,14,10,4,87,0,0,20,48,2,1,1,1,0,3,91,3,87,11,104,96,195,183,96,90,6,105,441,0,0,3,5,0,80,4,2,2,86,NA,NA,NA,NA,NA,2,1,73,10,63,79,10,69,102,48,54,13,37,18,94,37,111,457,18,100,465,11,108,477,15,108,485,29,0,34,1,56,9,47,108,57,12,45,106,36,19,17,100,48,29,19,103,0,0,22,46,1,6,3,3,0,4,87,4,87,13,93,80,180,167,88,82,21,106,469,0,1,14,6,8,80,14,6,8,84,NA,NA,NA,NA,NA,96,35,61,108,43,65,95,8,87,22,52,23,93,41,99,470,20,92,472,12,97,480,14,97,482,106,0,NA,86,2,NA,71,8,63,109,54,4,50,94,47,25,22,93,42,28,14,82,2,NA,2,NA,28,50,5,1,1,0,10,11,89,11,87,17,89,80,178,167,87,82,2,35,3,3,21,94,469,2,1,18,3,15,88,19,3,16,93,NA,NA,NA,NA,NA,80,12,68,91,11,80,115,6,109,22,49,24,93,47,99,489,22,89,477,18,99,493,12,86,475,34,0,NA,29,1,NA,72,2,70,102,77,9,68,100,54,28,26,90,56,39,17,79,0,NA,0,NA,30,47,8,2,2,2,9,13,92,13,88,18,81,76,173,164,85,80,2,33,2,2,31,98,486,4,3,30,6,24,97,25,4,21,90,NA,NA,NA,NA,NA
14,4,2,143,2,141,145,4,141,159,6,153,22,57,25,117,44,125,480,29,128,497,21,125,500,16,114,489,4,33,3,23,54,2,52,112,56,2,54,114,32,8,24,108,39,12,27,112,2,4,37,69,4,0,0,0,1,5,95,5,98,27,128,137,223,235,113,120,35,123,494,3,4,41,0,41,143,45,1,44,146,NA,NA,NA,NA,NA,4,2,161,3,158,161,0,161,119,2,117,23,55,29,117,46,109,486,32,120,506,21,111,500,20,118,502,30,4,23,3,69,2,67,113,68,0,68,114,47,6,41,116,47,6,41,116,3,4,41,70,6,2,1,1,7,14,118,14,127,29,118,130,236,257,121,135,42,125,507,4,5,41,0,41,134,49,0,49,143,NA,NA,NA,NA,NA,167,1,166,146,3,143,179,1,178,27,59,34,121,55,112,511,37,127,521,26,112,513,25,126,520,33,4,NA,55,4,NA,83,4,79,116,85,3,82,121,56,12,44,112,54,10,44,112,4,NA,3,NA,47,71,9,3,3,6,22,31,138,31,149,36,123,127,261,276,139,148,4,67,4,4,43,118,509,2,9,55,3,52,145,56,3,53,145,NA,NA,NA,NA,NA,173,2,171,162,3,159,200,1,199,29,59,35,118,60,115,525,34,112,512,25,107,510,26,123,523,26,4,NA,24,3,NA,82,2,80,113,86,2,84,120,59,6,53,121,55,9,46,111,2,NA,4,NA,49,66,9,2,3,8,17,27,121,28,133,40,123,129,244,262,127,138,3,67,4,4,52,129,524,12,11,60,0,60,146,59,1,58,146,NA,NA,NA,NA,NA
15,1,2,14,4,10,22,5,17,18,6,12,15,42,20,104,28,104,423,14,97,450,8,109,468,10,95,468,0,364,2,189,26,10,16,86,31,11,20,90,17,7,10,94,13,1,12,97,0,3,22,48,5,2,2,2,1,8,108,8,112,14,101,105,209,217,104,109,15,104,459,3,1,11,0,11,107,12,2,10,101,NA,NA,NA,NA,NA,1,2,NA,NA,NA,NA,NA,NA,NA,NA,NA,NA,NA,NA,NA,NA,NA,NA,NA,NA,NA,NA,NA,NA,NA,NA,NA,NA,NA,NA,NA,NA,NA,NA,NA,NA,NA,NA,NA,NA,NA,NA,NA,NA,NA,NA,NA,NA,NA,NA,NA,NA,NA,NA,NA,NA,NA,NA,NA,NA,NA,NA,NA,NA,NA,NA,NA,NA,NA,NA,NA,NA,NA,NA,NA,NA,NA,NA,NA,NA,NA,NA,NA,NA,NA,NA,NA,NA,NA,NA,NA,NA,NA,NA,NA,NA,NA,NA,NA,NA,NA,NA,NA,NA,NA,NA,NA,NA,NA,NA,NA,NA,NA,NA,NA,NA,NA,NA,NA,NA,NA,NA,NA,NA,NA,NA,NA,NA,NA,NA,NA,NA,NA,NA,NA,NA,NA,NA,NA,NA,NA,NA,NA,NA,NA,NA,NA,NA,NA,NA,NA,NA,NA,NA,NA,NA,NA,NA,NA,NA,NA,NA,NA,NA,NA,NA,NA,NA,NA,NA,NA,NA,NA,NA,NA,NA,NA,NA,NA,NA,NA,NA,NA,NA,NA,NA,NA,NA,NA,NA,NA,NA,NA,NA,NA,NA,NA,NA,NA,NA,NA,NA,NA,NA,NA,NA,NA,NA,NA,NA,NA,NA,NA,NA,NA,NA,NA,NA,NA,NA,NA,NA,NA,NA,NA,NA,NA,NA,NA,NA,NA,NA,NA,NA,NA,NA,NA,NA,NA,NA,NA,NA,NA,NA,NA,NA,NA,NA,NA,NA,NA,NA,NA,NA,NA,NA,NA,NA,NA,NA,NA,NA,NA,NA,NA,NA,NA
16,1,2,23,6,17,19,8,11,20,8,12,18,49,21,108,28,106,423,13,96,446,5,103,452,9,93,464,0,97,2,85,25,7,18,88,35,14,21,91,13,9,4,82,17,12,5,84,0,1,17,39,3,0,0,0,1,4,92,4,92,15,104,108,196,200,97,99,10,100,450,0,2,5,1,4,90,11,2,9,99,NA,NA,NA,NA,NA,1,2,97,2,95,75,1,74,88,8,80,17,42,22,97,42,106,473,20,95,472,6,89,459,12,94,475,95,0,75,2,44,2,42,89,54,2,52,102,29,19,10,81,27,19,8,77,0,0,19,38,4,2,1,1,3,8,101,8,103,20,101,100,202,203,100,101,24,99,474,2,2,20,1,19,99,19,1,18,98,NA,NA,NA,NA,NA,91,13,78,86,11,75,102,6,96,16,37,25,96,42,95,473,23,93,480,13,95,482,13,91,478,70,0,NA,68,2,NA,45,0,45,80,47,0,47,82,31,11,20,86,33,13,20,86,0,NA,3,NA,26,43,5,1,1,3,16,20,110,20,111,22,95,92,205,203,102,101,2,48,4,4,24,92,474,1,1,28,4,24,103,20,4,16,93,NA,NA,NA,NA,NA,97,19,78,119,12,107,149,18,131,20,42,27,99,43,90,477,23,87,480,10,87,474,15,90,485,39,1,NA,55,1,NA,67,1,66,97,68,3,65,96,49,26,23,86,54,34,20,82,0,NA,1,NA,27,39,1,1,0,2,16,19,102,18,100,25,92,92,194,192,96,95,2,84,4,4,32,95,488,2,3,30,7,23,95,29,6,23,93,NA,NA,NA,NA,NA
17,3,1,30,7,23,22,9,13,21,10,11,18,49,19,106,25,108,412,11,98,438,4,105,443,7,89,457,0,130,2,94,33,18,15,87,25,11,14,86,21,13,8,94,21,16,5,87,0,1,15,38,3,0,0,0,0,3,89,3,87,13,103,102,192,189,95,93,8,103,446,0,0,3,3,0,80,4,2,2,86,NA,NA,NA,NA,NA,3,1,112,17,95,102,5,97,92,4,88,19,46,21,97,39,107,464,20,99,472,15,109,487,14,102,482,87,3,54,2,76,16,60,117,77,12,65,122,52,24,28,109,46,22,24,104,0,2,18,37,4,2,1,1,1,6,95,6,96,16,96,88,191,184,94,91,16,96,461,2,2,23,6,17,95,24,4,20,101,NA,NA,NA,NA,NA,118,7,111,109,10,99,118,4,114,19,43,23,93,45,102,483,18,86,465,20,106,498,10,84,468,81,1,NA,78,2,NA,67,3,64,110,63,0,63,109,38,11,27,100,45,11,34,108,1,NA,1,NA,21,38,4,1,1,2,8,11,87,11,87,22,96,92,183,179,90,88,2,30,3,3,29,99,483,3,2,26,1,25,105,27,1,26,106,NA,NA,NA,NA,NA,132,20,112,117,2,115,144,8,136,21,46,24,93,53,106,506,28,98,494,22,104,502,18,101,496,64,0,NA,78,0,NA,68,0,68,100,71,4,67,98,44,11,33,99,48,9,39,106,3,NA,1,NA,23,35,2,1,1,2,10,13,87,13,88,24,92,90,179,178,88,87,2,74,4,4,36,103,496,4,2,25,3,22,93,28,5,23,93,NA,NA,NA,NA,NA
18,2,2,39,8,31,35,10,25,32,7,25,21,59,19,111,31,119,434,16,113,458,9,122,471,14,112,482,0,56,1,123,27,7,20,93,29,6,23,96,17,4,13,102,18,6,12,101,1,2,27,58,0,7,4,4,0,4,94,4,92,19,120,118,214,210,107,105,22,118,471,3,0,15,5,10,105,18,2,16,111,NA,NA,NA,NA,NA,2,2,123,4,119,113,4,109,102,4,98,23,58,23,104,42,113,473,25,110,486,17,112,491,21,126,506,111,4,91,4,61,1,60,117,62,1,61,118,25,4,21,101,27,3,24,104,0,2,34,62,2,4,2,2,1,5,91,5,92,21,107,103,198,195,98,96,35,119,494,4,5,35,1,34,121,32,1,31,116,NA,NA,NA,NA,NA,106,3,103,85,4,81,131,10,121,29,70,29,113,49,109,494,29,108,497,18,104,493,23,125,513,97,3,NA,142,3,NA,70,0,70,117,70,1,69,115,34,6,28,101,35,8,27,100,1,NA,4,NA,40,67,2,1,1,3,13,17,103,17,102,26,106,102,209,204,104,101,3,51,4,4,36,112,496,3,4,31,2,29,111,28,2,26,106,NA,NA,NA,NA,NA,113,6,107,131,7,124,156,6,150,26,58,29,108,54,108,508,31,106,503,22,104,502,23,117,513,72,3,NA,63,2,NA,72,2,70,102,70,1,69,101,42,3,39,106,37,5,32,97,4,NA,3,NA,43,63,7,2,2,6,13,21,109,21,108,26,96,94,205,202,102,100,3,64,4,4,44,117,511,6,7,32,2,30,108,34,1,33,108,NA,NA,NA,NA,NA
19,3,2,38,10,28,29,7,22,34,12,22,19,51,15,93,27,109,420,13,101,446,11,122,477,10,97,468,0,102,3,43,31,14,17,89,28,9,19,92,20,11,9,95,17,12,5,87,0,3,17,41,0,3,2,2,0,2,84,2,81,15,109,108,193,189,95,93,12,106,454,0,0,13,4,9,104,15,5,10,101,NA,NA,NA,NA,NA,3,2,70,1,69,73,1,72,93,4,89,21,52,19,89,41,109,470,22,101,477,20,114,498,14,101,482,117,3,84,3,60,3,57,111,54,1,53,108,30,7,23,103,24,6,18,97,0,2,24,47,6,5,2,2,4,12,115,12,120,23,111,109,226,229,115,117,25,104,476,0,3,23,4,19,99,26,1,25,107,NA,NA,NA,NA,NA,73,1,72,62,3,59,97,0,97,22,50,28,106,48,106,491,28,104,494,24,111,508,13,92,478,82,1,NA,67,1,NA,59,0,59,103,65,2,63,109,30,2,28,101,34,3,31,104,1,NA,2,NA,25,44,6,2,1,5,8,15,97,14,94,23,99,94,196,188,97,93,2,30,3,3,23,92,472,2,4,28,5,23,102,25,4,21,100,NA,NA,NA,NA,NA,91,2,89,101,1,100,137,0,137,22,47,31,110,57,112,516,30,102,500,26,111,513,15,92,485,47,1,NA,94,1,NA,70,0,70,102,71,0,71,103,43,3,40,107,39,3,36,102,1,NA,1,NA,24,36,3,1,1,4,11,16,96,16,95,32,110,110,206,205,102,102,2,53,4,4,35,101,494,3,2,29,2,27,102,30,4,26,97,NA,NA,NA,NA,NA
20,1,1,23,9,14,25,8,17,17,11,6,14,40,18,97,22,96,400,10,89,434,4,98,443,12,101,475,0,13,2,38,17,6,11,81,27,15,12,82,13,2,11,95,22,13,9,92,0,0,18,41,1,2,2,2,0,3,87,3,87,11,93,96,180,183,88,90,4,90,435,0,0,23,25,0,80,25,25,0,80,NA,NA,NA,NA,NA,1,1,58,2,56,66,6,60,72,11,61,13,35,19,87,40,103,467,15,85,454,11,99,477,11,91,471,29,1,21,2,53,6,47,98,53,4,49,99,26,12,14,85,20,10,10,81,0,0,24,45,0,1,1,1,0,1,72,1,72,15,88,85,160,157,79,77,16,93,461,2,3,24,7,17,95,16,5,11,88,NA,NA,NA,NA,NA,69,6,63,81,15,66,89,3,86,19,43,22,87,43,96,477,21,89,475,14,96,484,16,99,489,115,0,NA,38,2,NA,58,5,53,91,61,2,59,97,33,14,19,85,42,23,19,85,0,NA,3,NA,24,40,3,1,1,0,8,9,81,9,82,19,86,84,167,166,82,81,2,22,2,2,18,86,464,0,0,25,2,23,102,22,4,18,96,NA,NA,NA,NA,NA,NA,NA,NA,NA,NA,NA,NA,NA,NA,NA,NA,NA,NA,NA,NA,NA,NA,NA,NA,NA,NA,NA,NA,NA,NA,NA,NA,NA,NA,NA,NA,NA,NA,NA,NA,NA,NA,NA,NA,NA,NA,NA,NA,NA,NA,NA,NA,NA,NA,NA,NA,NA,NA,NA,NA,NA,NA,NA,NA,NA,NA,NA,NA,NA,NA,NA,NA,NA,NA,NA,NA,NA,NA,NA,NA,NA,NA,NA,NA,NA,NA,NA,NA,NA,NA,NA,NA,NA,NA,NA,NA
21,3,1,11,5,6,14,8,6,13,11,2,16,44,15,89,19,93,388,5,75,404,6,108,459,10,96,468,0,85,2,25,23,19,4,74,22,15,7,77,10,2,8,90,9,5,4,82,0,1,17,39,0,3,2,2,0,2,82,2,81,6,80,80,162,161,80,79,2,87,427,1,3,23,27,0,80,NA,NA,NA,NA,NA,NA,NA,NA,NA,3,1,49,2,47,51,3,48,46,2,44,19,46,21,94,41,106,470,17,90,462,14,104,484,11,91,471,147,2,86,2,41,2,39,86,43,2,41,88,19,2,17,91,20,2,18,93,0,0,22,42,3,3,1,1,1,5,90,5,92,18,96,94,186,186,91,92,18,95,464,5,4,17,4,13,89,17,3,14,92,NA,NA,NA,NA,NA,NA,NA,NA,NA,NA,NA,NA,NA,NA,NA,NA,NA,NA,NA,NA,NA,NA,NA,NA,NA,NA,NA,NA,NA,NA,NA,NA,NA,NA,NA,NA,NA,NA,NA,NA,NA,NA,NA,NA,NA,NA,NA,NA,NA,NA,NA,NA,NA,NA,NA,NA,NA,NA,NA,NA,NA,NA,NA,NA,NA,NA,NA,NA,NA,NA,NA,NA,NA,NA,NA,NA,NA,NA,NA,NA,NA,NA,NA,NA,NA,NA,NA,NA,NA,NA,NA,NA,NA,NA,NA,NA,NA,NA,NA,NA,NA,NA,NA,NA,NA,NA,NA,NA,NA,NA,NA,NA,NA,NA,NA,NA,NA,NA,NA,NA,NA,NA,NA,NA,NA,NA,NA,NA,NA,NA,NA,NA,NA,NA,NA,NA,NA,NA,NA,NA,NA,NA,NA,NA,NA,NA,NA,NA,NA,NA,NA,NA,NA,NA,NA,NA,NA,NA,NA,NA,NA,NA,NA,NA,NA,NA,NA,NA,NA,NA,NA,NA,NA,NA,NA,NA,NA,NA,NA,NA,NA,NA,NA,NA,NA,NA,NA
22,2,1,23,3,20,21,6,15,27,10,17,21,57,19,100,26,101,416,13,95,446,8,109,468,16,114,489,0,243,2,115,30,15,15,85,27,17,10,80,12,11,1,75,17,11,6,86,1,4,32,64,8,2,2,2,1,11,119,11,125,13,98,102,217,227,109,115,14,103,457,0,4,12,6,6,96,11,9,2,86,NA,NA,NA,NA,NA,2,1,62,4,58,53,4,49,55,3,52,22,52,23,100,42,104,473,23,99,480,12,99,480,21,122,506,229,3,126,4,45,3,42,89,43,5,38,85,28,17,11,82,28,16,12,83,0,4,27,50,7,6,3,3,2,12,114,12,120,22,105,106,219,226,110,115,28,104,481,3,4,19,8,11,86,23,4,19,99,NA,NA,NA,NA,NA,70,3,67,68,3,65,85,1,84,23,51,27,103,47,100,489,26,97,488,16,97,489,20,111,502,147,2,NA,202,4,NA,55,0,55,93,54,1,53,91,30,13,17,82,35,14,21,88,2,NA,4,NA,34,55,2,1,1,4,12,17,102,17,102,26,103,102,205,204,102,101,3,51,4,4,31,98,486,5,3,28,2,26,106,27,1,26,106,NA,NA,NA,NA,NA,78,5,73,90,4,86,109,3,106,24,51,28,102,50,98,497,31,102,503,16,94,489,23,114,513,118,3,NA,137,2,NA,59,2,57,86,61,0,61,91,36,16,20,82,35,10,25,89,1,NA,3,NA,40,56,10,3,3,6,15,24,115,24,118,27,96,97,211,215,105,108,2,76,4,4,39,105,502,7,8,28,0,28,104,28,1,27,99,NA,NA,NA,NA,NA
23,5,2,71,2,69,85,14,71,55,1,54,18,49,22,112,41,124,470,22,117,477,19,126,495,14,108,482,3,169,3,118,48,1,47,113,49,0,49,114,23,0,23,111,22,2,20,108,1,1,22,48,1,4,3,3,2,6,100,6,103,18,112,115,212,218,106,109,31,121,486,2,3,29,0,29,131,25,1,24,123,NA,NA,NA,NA,NA,5,2,138,15,123,107,2,105,95,3,92,21,52,33,134,59,128,522,30,116,500,24,117,508,16,106,489,101,2,59,4,54,0,54,104,57,0,57,107,31,3,28,105,28,1,27,104,1,1,31,56,9,7,4,4,3,16,126,16,135,30,125,133,251,268,132,142,32,111,488,4,2,31,4,27,110,34,1,33,118,NA,NA,NA,NA,NA,130,1,129,134,0,134,130,1,129,21,48,34,125,59,119,522,31,109,503,31,129,538,22,118,509,67,1,NA,86,2,NA,47,0,47,82,49,1,48,83,37,1,36,106,36,3,33,103,3,NA,4,NA,33,54,4,1,1,3,16,20,110,20,111,40,137,138,247,249,129,129,3,48,4,4,42,118,507,4,4,32,2,30,113,36,1,35,116,NA,NA,NA,NA,NA,113,1,112,131,1,130,143,1,142,22,47,40,136,62,120,530,34,113,512,27,112,517,19,102,499,55,3,NA,74,1,NA,58,0,58,87,62,0,62,92,47,1,46,115,49,1,48,117,2,NA,1,NA,38,54,6,1,1,8,16,25,117,25,121,42,130,134,247,255,129,133,3,72,4,4,38,104,500,4,4,33,2,31,109,38,1,37,115,NA,NA,NA,NA,NA
24,6,2,66,4,62,62,2,60,71,3,68,16,47,18,112,36,131,453,21,130,475,12,133,480,15,118,485,1,147,3,104,48,2,46,125,58,13,45,124,36,11,25,123,29,11,18,116,0,2,26,58,3,4,3,3,2,8,114,8,112,16,119,110,233,222,119,112,23,122,472,3,3,27,2,25,127,22,2,20,117,NA,NA,NA,NA,NA,6,2,152,0,152,143,0,143,129,2,127,20,51,26,124,47,124,489,24,113,483,20,120,498,22,132,509,100,3,47,4,71,2,69,127,70,3,67,125,35,3,32,117,37,4,33,118,2,3,29,56,3,3,1,1,4,8,103,8,103,23,118,109,221,212,111,106,30,117,485,3,4,24,3,21,102,24,3,21,102,NA,NA,NA,NA,NA,141,4,137,143,5,138,146,13,133,23,55,30,116,53,117,506,31,116,503,24,114,508,24,130,516,76,4,NA,75,2,NA,73,0,73,121,83,4,79,130,52,16,36,110,53,9,44,119,1,NA,2,NA,37,64,2,1,1,5,8,14,97,14,94,29,118,110,215,204,108,101,2,42,3,3,35,113,494,4,5,30,3,27,108,37,1,36,118,NA,NA,NA,NA,NA,139,4,135,154,7,147,194,11,183,22,49,28,105,54,110,508,33,114,509,22,105,502,23,119,513,69,3,NA,77,1,NA,82,2,80,117,84,1,83,123,57,14,43,111,61,13,48,117,3,NA,1,NA,43,66,3,1,1,9,13,23,118,23,114,30,109,105,227,219,115,110,2,62,4,4,37,108,498,5,5,37,5,32,111,40,1,39,118,NA,NA,NA,NA,NA
25,2,2,27,9,18,30,9,21,33,12,21,22,57,18,92,23,92,404,13,92,446,7,104,464,NA,NA,NA,1,290,1,110,38,26,12,77,39,26,13,78,12,10,2,74,2,0,2,74,2,2,32,61,0,1,1,1,0,1,74,1,75,12,90,99,164,174,81,85,13,100,456,0,0,18,21,0,80,12,11,1,83,NA,NA,NA,NA,NA,2,2,81,3,78,55,4,51,62,0,62,22,52,22,94,40,99,467,22,96,477,14,100,484,22,124,509,179,3,110,3,44,2,42,84,24,1,23,69,20,11,9,75,27,19,8,73,0,3,29,51,7,0,0,0,4,11,109,11,116,22,100,106,209,222,104,112,28,102,481,1,3,22,0,22,103,17,3,14,92,NA,NA,NA,NA,NA,NA,NA,NA,NA,NA,NA,NA,NA,NA,NA,NA,NA,NA,NA,NA,NA,NA,NA,NA,NA,NA,NA,NA,NA,NA,NA,NA,NA,NA,NA,NA,NA,NA,NA,NA,NA,NA,NA,NA,NA,NA,NA,NA,NA,NA,NA,NA,NA,NA,NA,NA,NA,NA,NA,NA,NA,NA,NA,NA,NA,NA,NA,NA,NA,NA,NA,NA,NA,NA,NA,NA,NA,NA,NA,NA,NA,NA,NA,NA,NA,NA,NA,NA,NA,NA,NA,NA,NA,NA,NA,NA,NA,NA,NA,NA,NA,NA,NA,NA,NA,NA,NA,NA,NA,NA,NA,NA,NA,NA,NA,NA,NA,NA,NA,NA,NA,NA,NA,NA,NA,NA,NA,NA,NA,NA,NA,NA,NA,NA,NA,NA,NA,NA,NA,NA,NA,NA,NA,NA,NA,NA,NA,NA,NA,NA,NA,NA,NA,NA,NA,NA,NA,NA,NA,NA,NA,NA,NA,NA,NA,NA,NA,NA,NA,NA,NA,NA,NA,NA,NA,NA,NA,NA,NA,NA,NA,NA,NA,NA,NA,NA,NA
26,5,2,88,3,85,95,2,93,100,5,95,19,54,20,115,37,131,457,23,132,480,15,134,487,17,124,492,0,98,2,97,53,4,49,127,52,5,47,126,35,19,16,113,40,18,22,120,2,2,22,52,5,3,2,2,2,9,116,9,117,18,125,115,241,232,124,118,22,120,471,3,3,27,0,27,129,27,2,25,124,NA,NA,NA,NA,NA,5,2,181,0,181,192,0,192,145,14,131,23,60,21,101,45,120,483,30,124,500,21,120,500,17,114,492,54,3,40,4,81,4,77,134,83,5,78,135,51,8,43,129,52,5,47,132,3,4,31,60,3,8,4,4,1,8,103,8,103,23,118,109,221,212,111,106,38,125,500,4,5,38,2,36,125,39,0,39,127,NA,NA,NA,NA,NA,165,1,164,169,2,167,170,2,168,23,55,29,113,57,122,516,31,115,503,25,115,510,22,123,509,54,3,NA,69,3,NA,56,0,56,100,62,0,62,108,46,4,42,117,50,3,47,122,4,NA,3,NA,39,67,7,2,2,3,11,16,103,16,100,26,110,102,213,202,106,100,4,135,4,4,38,118,500,8,7,37,3,34,119,43,2,41,126,NA,NA,NA,NA,NA,138,0,138,143,2,141,168,1,167,23,51,32,117,54,110,508,30,104,500,26,112,513,26,128,523,46,3,NA,54,1,NA,87,1,86,129,82,1,81,119,53,9,44,112,55,6,49,119,3,NA,3,NA,39,60,7,2,2,9,17,28,130,28,133,34,119,114,249,247,130,128,4,84,4,4,41,114,505,11,10,48,2,46,131,47,4,43,125,NA,NA,NA,NA,NA
27,2,2,62,4,58,46,4,42,44,4,40,18,51,21,118,36,126,453,18,118,465,7,118,464,16,119,489,2,148,3,120,36,2,34,110,36,2,34,110,12,2,10,101,14,5,9,99,0,1,23,51,5,3,2,2,4,11,121,11,125,16,112,110,233,235,119,120,26,121,477,2,2,24,0,24,125,22,1,21,119,NA,NA,NA,NA,NA,2,2,130,2,128,128,2,126,124,6,118,22,57,25,114,44,117,480,28,118,494,17,113,491,19,120,499,94,3,67,3,62,0,62,120,61,3,58,117,24,1,23,107,21,2,19,103,1,3,27,51,6,3,1,1,3,10,109,10,111,22,109,106,218,217,109,109,34,119,492,2,5,31,3,28,112,32,1,31,116,NA,NA,NA,NA,NA,121,0,121,103,3,100,134,7,127,23,55,27,107,49,110,494,27,104,491,23,111,505,17,106,492,71,2,NA,103,2,NA,65,1,64,110,67,0,67,113,31,5,26,98,29,6,23,95,3,NA,1,NA,32,56,5,1,1,6,13,20,115,20,111,29,118,110,233,221,119,111,2,58,4,4,36,112,496,5,5,28,5,23,102,29,2,27,107,NA,NA,NA,NA,NA,131,1,130,106,6,100,154,4,150,22,49,31,114,57,113,516,35,119,515,22,104,502,26,127,523,73,3,NA,81,1,NA,72,0,72,105,69,2,67,98,33,3,30,95,30,4,26,90,2,NA,1,NA,43,66,6,1,1,6,15,22,115,22,111,33,117,112,232,223,119,113,3,69,4,4,39,110,502,3,6,34,2,32,111,33,1,32,107,NA,NA,NA,NA,NA
28,2,1,72,3,69,64,3,61,51,3,48,22,60,22,118,36,124,453,18,116,465,13,126,482,13,108,478,1,125,4,96,46,9,37,111,51,12,39,113,21,3,18,110,19,4,15,105,1,3,29,61,6,2,2,2,1,9,114,9,117,20,123,120,237,237,122,121,27,121,479,3,4,16,1,15,112,22,1,21,119,NA,NA,NA,NA,NA,2,1,159,2,157,138,4,134,113,4,109,26,66,25,114,50,123,497,29,119,497,21,117,500,21,126,506,67,4,44,4,73,2,71,128,74,5,69,126,40,6,34,115,32,4,28,109,4,2,34,62,11,7,4,4,4,19,137,19,147,26,119,120,256,267,135,141,42,128,507,4,6,38,0,38,128,36,1,35,121,NA,NA,NA,NA,NA,172,4,168,128,4,124,151,5,146,28,68,32,123,58,122,519,35,125,515,23,111,505,14,96,482,NA,3,NA,63,4,NA,79,0,79,130,77,2,75,123,45,4,41,116,38,2,36,110,2,NA,3,NA,38,64,11,4,4,4,13,21,114,21,114,29,114,110,228,224,117,113,4,95,4,4,41,120,505,8,9,39,1,38,125,42,3,39,124,NA,NA,NA,NA,NA,135,2,133,133,4,129,164,1,163,29,64,32,117,60,118,525,36,122,518,24,107,508,26,127,523,48,3,NA,73,3,NA,81,0,81,119,81,2,79,116,44,5,39,106,47,2,45,113,2,NA,4,NA,41,60,7,2,2,6,15,23,114,23,114,33,113,112,227,226,115,115,3,62,4,4,49,125,519,10,10,46,1,45,130,44,3,41,121,NA,NA,NA,NA,NA
29,3,1,26,8,18,17,8,9,22,10,12,19,51,14,90,28,109,423,13,99,446,8,115,468,18,124,496,0,55,2,52,23,7,16,88,25,11,14,86,16,5,11,99,18,7,11,99,2,2,18,43,2,2,2,2,0,4,94,4,92,9,93,90,187,182,92,90,14,107,457,0,3,12,14,0,80,27,23,4,89,NA,NA,NA,NA,NA,3,1,62,4,58,63,5,58,53,3,50,20,49,20,93,36,101,453,18,94,465,7,95,464,19,118,499,145,2,75,2,46,10,36,92,43,5,38,94,21,9,12,88,21,10,11,87,1,3,28,52,5,3,1,1,2,8,101,8,103,16,91,88,192,191,95,94,20,98,467,3,3,19,9,10,84,16,5,11,88,NA,NA,NA,NA,NA,61,6,55,52,7,45,94,5,89,20,45,21,83,40,94,467,21,91,475,12,95,480,20,114,502,122,4,NA,132,3,NA,58,3,55,99,55,7,48,93,30,18,12,79,25,14,11,78,2,NA,2,NA,39,66,3,1,1,2,11,14,94,14,94,18,82,87,176,181,86,89,2,30,3,3,29,99,483,2,3,21,7,14,86,25,3,22,101,NA,NA,NA,NA,NA,111,10,101,121,16,105,179,13,166,23,49,22,84,47,96,489,30,101,500,13,92,482,24,119,516,73,2,NA,80,2,NA,64,3,61,91,68,2,66,97,23,5,18,80,23,7,16,77,4,NA,3,NA,41,60,4,1,1,3,13,17,98,17,98,21,85,82,183,180,90,89,3,63,4,4,40,109,503,4,3,36,2,34,114,33,4,29,102,NA,NA,NA,NA,NA
30,2,1,44,4,40,65,3,62,43,4,39,21,57,19,100,33,111,442,19,109,469,12,116,480,14,108,482,1,185,2,123,35,2,33,101,37,5,32,101,16,2,14,100,13,1,12,97,0,3,30,61,4,2,2,2,0,6,100,6,103,15,104,108,204,211,101,105,17,106,462,2,2,23,4,19,118,23,4,19,116,NA,NA,NA,NA,NA,2,1,123,15,108,115,3,112,106,14,92,24,58,24,103,42,104,473,28,110,494,17,106,491,20,118,502,88,4,77,4,57,0,57,107,65,2,63,113,25,5,20,95,25,7,18,93,1,4,28,52,3,4,2,2,1,6,94,6,96,22,105,106,199,202,98,100,32,110,488,4,1,28,2,26,109,29,4,25,107,NA,NA,NA,NA,NA,111,5,106,128,8,120,123,8,115,22,50,27,103,51,107,500,26,97,488,18,100,493,16,99,489,62,0,NA,75,3,NA,57,0,57,95,58,1,57,95,29,7,22,89,25,8,17,82,3,NA,1,NA,32,52,2,1,1,6,12,19,108,19,107,25,101,99,209,206,104,102,3,68,4,4,37,110,498,3,4,38,1,37,124,32,3,29,109,NA,NA,NA,NA,NA,118,2,116,129,5,124,139,3,136,28,59,31,110,52,102,503,31,103,503,23,104,505,23,115,513,72,2,NA,66,1,NA,69,0,69,101,66,0,66,97,38,5,33,99,43,6,37,103,3,NA,1,NA,41,58,6,1,1,7,15,23,112,23,114,33,110,112,222,226,112,115,2,32,2,2,44,116,511,5,5,39,2,37,119,31,3,28,101,NA,NA,NA,NA,NA
31,2,1,157,0,157,117,0,117,129,0,129,21,57,27,135,54,143,508,28,132,494,23,135,505,16,117,489,2,70,3,41,60,0,60,136,58,4,54,130,37,1,36,130,26,0,26,120,0,3,13,34,5,8,4,4,1,10,118,10,121,22,129,125,247,246,129,127,26,118,477,1,1,31,1,30,132,35,5,30,131,NA,NA,NA,NA,NA,2,1,117,2,115,107,2,105,82,3,79,22,54,33,139,63,136,533,29,117,497,29,129,525,19,118,499,32,3,26,4,59,0,59,116,56,0,56,110,41,0,41,123,41,1,40,122,0,4,28,52,5,9,4,4,4,13,117,13,123,30,125,133,242,256,125,134,34,116,492,3,2,38,2,36,125,38,1,37,124,NA,NA,NA,NA,NA,196,5,191,178,0,178,190,3,187,22,50,40,144,63,127,533,27,101,491,29,122,525,18,107,496,43,3,NA,43,3,NA,79,0,79,121,77,0,77,119,44,5,39,110,45,7,38,109,2,NA,3,NA,30,52,7,2,2,8,15,25,126,25,129,39,139,135,265,264,141,139,2,72,4,4,41,119,505,4,6,39,0,39,127,39,1,38,123,NA,NA,NA,NA,NA,173,2,171,180,1,179,195,1,194,23,49,40,136,62,121,530,31,104,503,30,122,530,24,119,516,37,2,NA,39,2,NA,82,2,80,117,85,4,81,119,52,5,47,116,52,1,51,121,4,NA,2,NA,44,64,9,3,3,10,17,30,131,30,139,45,140,142,271,281,145,151,2,88,4,4,46,120,514,5,6,38,0,38,120,42,1,41,121,NA,NA,NA,NA,NA
32,2,2,21,6,15,25,5,20,19,7,12,21,59,18,112,26,116,416,13,112,446,8,126,468,10,101,468,0,110,2,35,35,18,17,93,26,7,19,95,12,4,8,97,12,3,9,99,2,2,25,56,2,6,4,4,2,8,114,8,112,19,127,118,241,230,124,118,15,115,459,1,0,9,1,8,100,13,1,12,105,NA,NA,NA,NA,NA,2,2,123,30,93,83,6,77,88,7,81,21,54,19,98,41,116,470,23,111,480,13,111,482,20,125,502,110,3,79,3,56,3,53,113,56,5,51,111,33,16,17,100,34,19,15,97,1,3,26,52,6,2,1,1,1,8,103,8,103,17,104,91,207,194,103,96,32,119,488,2,4,23,1,22,103,28,3,25,107,NA,NA,NA,NA,NA,92,5,87,86,3,83,110,8,102,23,55,27,107,46,107,486,27,105,491,20,108,498,15,100,485,121,1,NA,124,1,NA,57,1,56,100,63,0,63,109,35,10,25,97,32,8,24,96,2,NA,3,NA,28,50,5,1,1,3,13,17,106,17,102,20,96,86,202,188,100,93,2,8,1,1,31,104,486,5,2,26,4,22,100,27,3,24,104,NA,NA,NA,NA,NA,87,2,85,107,15,92,147,3,144,24,53,26,99,50,103,497,30,104,500,21,103,500,17,100,492,83,1,NA,106,1,NA,73,3,70,102,67,3,64,95,46,15,31,96,45,10,35,101,2,NA,1,NA,33,51,4,1,1,4,15,20,110,20,105,26,99,94,209,199,104,99,2,45,3,3,36,106,496,4,4,25,1,24,97,19,5,14,79,NA,NA,NA,NA,NA
33,1,1,81,14,67,72,32,40,128,65,63,17,46,16,95,33,115,442,17,108,462,4,100,443,14,109,482,0,32,3,24,48,11,37,111,53,27,26,99,32,21,11,99,32,23,9,95,0,2,24,50,4,5,3,3,1,8,108,8,112,13,98,102,206,214,102,107,17,109,462,3,0,18,1,17,115,17,2,15,109,NA,NA,NA,NA,NA,1,1,158,0,158,117,2,115,130,0,130,22,54,22,97,43,110,477,26,109,488,11,101,477,20,120,502,103,2,58,2,72,4,68,118,77,7,70,120,36,15,21,97,50,30,20,95,2,2,29,53,3,7,4,4,1,8,101,8,103,20,101,100,202,203,100,101,31,111,486,4,3,25,1,24,106,17,1,16,95,NA,NA,NA,NA,NA,122,1,121,106,7,99,133,15,118,19,43,28,106,53,111,506,25,96,486,17,100,491,21,116,506,102,1,NA,107,3,NA,68,2,66,105,75,1,74,115,43,9,34,104,44,10,34,104,1,NA,2,NA,33,54,5,1,1,2,13,16,100,16,100,22,93,92,193,192,95,95,2,15,1,1,33,104,490,4,6,31,1,30,113,20,2,18,96,NA,NA,NA,NA,NA,127,3,124,120,1,119,174,6,168,25,53,27,99,60,117,525,29,99,497,13,92,482,23,116,513,32,1,NA,30,1,NA,83,2,81,119,87,9,78,115,51,22,29,94,53,30,23,86,2,NA,1,NA,36,51,2,1,1,2,9,12,84,12,85,29,101,102,185,187,91,92,2,36,2,2,38,105,500,5,10,34,2,32,111,38,2,36,113,NA,NA,NA,NA,NA
34,2,1,7,2,5,7,3,4,16,8,8,19,54,19,116,24,113,408,12,109,442,7,124,464,19,132,499,0,140,2,96,14,5,9,84,15,6,9,84,11,3,8,97,8,2,6,92,0,2,29,63,2,3,2,2,0,4,96,4,92,11,104,96,200,188,99,93,7,107,444,0,1,6,0,6,96,5,6,0,80,NA,NA,NA,NA,NA,2,1,47,2,45,28,4,24,43,1,42,22,57,21,106,35,109,449,19,103,469,15,115,487,20,126,502,277,3,215,3,37,6,31,94,33,0,33,96,15,4,11,91,16,7,9,88,0,2,26,52,3,4,2,2,2,7,100,7,99,16,101,88,201,187,99,92,22,108,471,3,3,15,0,15,92,14,0,14,92,NA,NA,NA,NA,NA,63,5,58,57,11,46,81,3,78,27,65,21,87,42,102,473,23,97,480,12,98,480,23,127,513,140,2,NA,163,2,NA,56,0,56,100,61,3,58,102,30,11,19,89,22,8,14,82,3,NA,4,NA,31,55,3,1,1,4,NA,NA,NA,NA,NA,19,93,84,NA,NA,NA,NA,NA,NA,NA,NA,33,108,490,4,5,21,2,19,95,23,2,21,100,NA,NA,NA,NA,NA,93,6,87,91,13,78,112,5,107,25,55,21,84,52,107,503,30,105,500,18,99,493,25,126,520,111,3,NA,112,0,NA,54,0,54,82,51,2,49,77,28,7,21,84,36,13,23,86,2,NA,2,NA,43,66,9,3,3,5,11,19,108,19,102,19,83,78,191,180,94,89,2,29,2,2,33,100,490,6,2,25,3,22,93,27,2,25,96,NA,NA,NA,NA,NA
35,2,2,38,4,34,30,5,25,20,6,14,19,51,20,110,32,115,438,15,105,454,8,115,468,14,110,482,1,170,1,118,28,9,19,92,48,22,26,99,27,18,9,95,20,8,12,101,1,3,28,58,3,2,2,2,0,5,96,5,98,16,107,110,203,208,100,104,20,112,467,3,4,14,6,8,100,16,5,11,103,NA,NA,NA,NA,NA,2,2,138,2,136,138,1,137,119,0,119,21,52,29,125,48,117,491,27,111,491,23,117,505,22,127,509,62,3,35,3,69,2,67,124,67,4,63,120,38,4,34,115,43,6,37,119,0,3,32,58,7,3,1,1,1,9,104,9,106,21,102,103,206,209,102,104,29,108,483,2,3,24,3,21,102,34,0,34,120,NA,NA,NA,NA,NA,159,10,149,155,8,147,171,5,166,23,53,30,112,57,118,516,33,117,509,24,111,508,20,113,502,53,2,NA,68,3,NA,81,2,79,121,77,4,73,114,49,5,44,116,51,6,45,117,2,NA,3,NA,36,58,15,4,4,1,14,19,108,19,107,30,113,112,221,219,111,110,3,43,4,3,36,110,496,0,5,41,0,41,130,35,3,32,112,NA,NA,NA,NA,NA,149,2,147,154,4,150,189,3,186,24,51,34,119,63,123,533,32,108,506,24,106,508,25,122,520,51,3,NA,60,1,NA,80,1,79,116,83,1,82,133,53,3,50,120,51,5,46,115,3,NA,3,NA,38,56,16,4,4,6,12,22,111,22,111,34,115,114,226,225,115,114,2,109,4,4,40,109,503,5,7,47,3,44,128,42,5,37,115,NA,NA,NA,NA,NA
36,2,1,18,9,9,29,17,12,15,8,7,16,44,15,93,23,100,404,10,91,434,5,105,452,14,109,482,1,71,2,34,18,11,7,79,15,5,10,82,12,4,8,94,9,6,3,83,0,2,16,37,2,4,3,3,3,8,108,8,112,10,90,93,198,205,98,102,11,103,452,0,1,11,9,2,85,24,24,0,80,NA,NA,NA,NA,NA,2,1,68,12,56,62,7,55,53,9,44,21,52,20,90,34,95,446,18,92,465,16,107,489,17,110,492,121,0,66,1,49,16,33,81,42,15,27,76,28,17,11,82,24,14,10,81,1,3,30,55,2,6,3,3,2,7,97,7,99,13,84,80,181,179,89,88,20,97,467,1,3,17,3,14,91,20,0,20,101,NA,NA,NA,NA,NA,57,5,52,49,21,28,71,5,66,27,62,25,96,39,91,464,23,93,480,15,98,487,21,116,506,125,1,NA,167,2,NA,61,11,50,85,65,8,57,95,41,29,21,88,51,37,14,78,3,NA,4,NA,36,58,5,1,1,2,12,15,97,15,97,21,91,89,188,186,92,92,2,29,2,2,26,95,477,6,5,18,4,14,86,18,4,14,90,NA,NA,NA,NA,NA,76,13,63,72,7,65,93,9,84,25,53,27,99,48,97,491,28,97,494,15,94,487,20,106,502,72,2,NA,70,1,NA,63,1,62,92,65,5,60,90,48,27,21,84,46,31,15,76,2,NA,3,NA,36,51,9,3,3,1,9,13,86,13,88,21,83,82,169,170,83,83,2,36,2,2,30,93,485,3,1,21,4,17,83,21,3,18,85,NA,NA,NA,NA,NA
37,4,2,38,19,19,40,22,18,45,15,30,16,47,18,112,24,113,408,8,98,425,5,118,452,10,101,468,0,253,1,182,37,18,19,95,36,21,15,91,32,31,1,77,28,28,0,74,0,0,5,23,5,3,2,2,0,7,110,7,108,11,104,96,214,204,107,101,4,102,435,0,0,12,8,4,90,22,28,0,80,NA,NA,NA,NA,NA,4,2,154,9,145,172,3,169,133,5,128,17,44,22,109,43,120,477,21,108,475,16,116,489,12,99,475,60,2,36,3,73,9,64,122,72,11,61,120,41,15,26,111,45,16,29,114,2,2,19,41,8,6,3,3,0,11,113,11,116,20,111,100,224,216,113,108,25,111,476,0,3,27,11,16,94,33,7,26,109,NA,NA,NA,NA,NA,175,6,169,161,14,147,161,5,156,15,37,26,103,51,115,500,24,99,483,20,108,498,11,89,471,49,1,NA,69,1,NA,81,7,74,122,80,4,76,124,50,14,36,110,56,17,39,114,2,NA,4,NA,24,44,11,4,4,4,14,22,121,22,118,32,125,117,246,235,128,120,2,54,4,4,34,111,492,1,3,35,4,31,114,33,5,28,108,NA,NA,NA,NA,NA,166,5,161,152,7,145,190,8,182,23,51,31,114,50,104,497,29,102,497,23,107,505,17,100,492,56,1,NA,43,0,NA,79,0,79,116,83,1,82,121,56,17,39,106,62,21,41,108,4,NA,3,NA,28,44,3,1,1,4,14,19,108,19,102,33,117,112,225,214,114,107,2,63,4,4,36,106,496,4,4,37,7,30,108,44,3,41,121,NA,NA,NA,NA,NA
38,2,1,5,5,0,9,6,3,8,5,3,16,42,11,75,17,84,379,6,75,413,3,83,423,10,94,468,0,119,2,62,19,16,3,72,11,7,4,74,3,0,3,80,7,4,3,80,0,0,18,41,1,0,0,0,0,1,77,1,75,5,78,77,155,152,76,74,1,78,419,0,0,10,10,0,80,16,18,0,80,NA,NA,NA,NA,NA,2,1,16,5,11,15,5,10,15,4,11,17,41,17,76,26,80,416,13,80,446,9,95,471,12,93,475,122,0,67,3,23,2,21,67,23,7,16,60,7,1,6,70,10,6,4,66,2,3,21,39,0,3,1,1,1,2,76,2,77,14,81,82,157,159,77,78,10,86,450,0,2,10,4,6,77,8,9,0,71,NA,NA,NA,NA,NA,35,4,31,16,6,10,32,5,27,21,46,21,83,37,86,457,17,81,462,11,92,477,12,87,475,193,1,NA,217,0,NA,35,2,33,70,36,3,33,70,15,3,12,75,12,1,11,74,0,NA,4,NA,29,48,2,1,1,0,9,10,84,10,84,17,81,80,165,164,81,80,2,21,2,2,21,88,469,3,2,12,3,9,77,12,0,12,85,NA,NA,NA,NA,NA,57,10,47,82,18,64,95,5,90,20,42,23,87,41,87,470,24,89,483,14,92,484,17,96,492,121,1,NA,146,0,NA,53,3,50,78,59,5,54,82,28,13,15,76,41,29,12,72,0,NA,2,NA,28,40,4,1,1,3,10,14,89,14,90,23,87,87,176,177,86,87,2,40,2,2,23,83,472,4,3,16,6,10,66,18,3,15,80,NA,NA,NA,NA,NA
39,2,2,36,4,32,27,4,23,26,5,21,21,57,22,118,29,111,427,17,110,462,13,122,482,20,131,502,1,207,2,92,29,4,25,98,31,6,25,98,14,3,11,99,11,5,6,89,3,3,36,72,6,3,2,2,5,13,128,13,133,17,115,113,243,246,126,127,17,109,462,3,3,8,1,7,98,14,3,11,103,NA,NA,NA,NA,NA,2,2,68,5,63,70,4,66,77,3,74,21,52,23,104,38,103,460,23,102,480,12,102,480,21,124,506,138,3,80,3,57,2,55,110,46,3,43,99,20,12,8,82,24,11,13,90,2,2,31,56,8,6,3,3,1,12,114,12,120,24,110,113,224,233,113,119,31,111,486,3,4,19,3,16,94,22,0,22,103,NA,NA,NA,NA,NA,NA,NA,NA,NA,NA,NA,NA,NA,NA,NA,NA,NA,NA,NA,NA,NA,NA,NA,NA,NA,NA,NA,NA,NA,NA,NA,NA,NA,NA,NA,NA,NA,NA,NA,NA,NA,NA,NA,NA,NA,NA,NA,NA,NA,NA,NA,NA,NA,NA,NA,NA,NA,NA,NA,NA,NA,NA,NA,NA,NA,NA,NA,NA,NA,NA,NA,NA,NA,NA,NA,NA,NA,NA,NA,NA,NA,NA,NA,NA,NA,NA,NA,NA,NA,NA,NA,NA,NA,NA,NA,NA,NA,NA,NA,NA,NA,NA,NA,NA,NA,NA,NA,NA,NA,NA,NA,NA,NA,NA,NA,NA,NA,NA,NA,NA,NA,NA,NA,NA,NA,NA,NA,NA,NA,NA,NA,NA,NA,NA,NA,NA,NA,NA,NA,NA,NA,NA,NA,NA,NA,NA,NA,NA,NA,NA,NA,NA,NA,NA,NA,NA,NA,NA,NA,NA,NA,NA,NA,NA,NA,NA,NA,NA,NA,NA,NA,NA,NA,NA,NA,NA,NA,NA,NA,NA,NA,NA,NA,NA,NA,NA,NA
40,2,2,99,1,98,95,1,94,92,0,92,17,44,23,110,44,123,480,25,118,486,20,123,498,15,109,485,3,95,1,66,52,1,51,111,43,0,43,104,22,1,21,105,23,5,18,101,1,0,24,49,2,1,1,1,4,7,103,7,108,20,111,120,214,228,107,117,29,117,483,3,3,25,0,25,127,17,0,17,113,NA,NA,NA,NA,NA,NA,NA,NA,NA,NA,NA,NA,NA,NA,NA,NA,NA,NA,NA,NA,NA,NA,NA,NA,NA,NA,NA,NA,NA,NA,NA,NA,NA,NA,NA,NA,NA,NA,NA,NA,NA,NA,NA,NA,NA,NA,NA,NA,NA,NA,NA,NA,NA,NA,NA,NA,NA,NA,NA,NA,NA,NA,NA,NA,NA,NA,NA,NA,NA,NA,NA,NA,NA,NA,NA,NA,NA,NA,NA,NA,NA,NA,NA,NA,NA,NA,NA,NA,NA,NA,172,0,172,165,3,162,176,13,163,24,51,33,114,59,115,522,31,104,503,27,113,517,18,100,496,51,1,NA,64,3,NA,76,2,74,107,72,0,72,105,49,5,44,112,44,6,38,105,3,NA,3,NA,47,68,8,2,3,6,19,27,124,28,137,35,117,121,241,258,124,135,3,42,3,3,47,122,516,5,8,36,4,32,116,40,2,38,114,NA,NA,NA,NA,NA,138,5,133,140,5,135,202,5,197,26,53,34,115,60,115,525,34,112,512,27,111,517,21,107,506,43,3,NA,49,1,NA,72,0,72,102,67,0,67,95,47,10,37,99,50,8,42,106,2,NA,4,NA,42,56,10,3,3,6,18,27,121,27,129,37,116,122,237,251,122,131,3,96,4,4,40,106,503,9,9,32,5,27,102,40,2,38,117,NA,NA,NA,NA,NA
41,3,2,79,6,73,68,7,61,69,9,60,17,46,22,112,37,117,457,18,106,465,10,113,474,14,108,482,1,171,4,90,54,9,45,111,53,10,43,109,31,18,13,98,23,11,12,97,0,1,27,56,5,3,2,2,0,7,104,7,108,15,104,108,208,216,104,108,21,110,469,3,1,24,2,22,122,21,4,17,113,NA,NA,NA,NA,NA,3,2,112,2,110,90,2,88,79,3,76,22,52,22,97,41,103,470,20,94,472,18,107,493,17,108,492,98,2,67,4,61,0,61,111,58,4,54,104,28,7,21,97,35,8,27,104,0,2,23,44,5,3,1,1,1,7,97,7,99,20,101,100,198,199,98,99,32,110,488,3,3,23,4,19,99,20,3,17,97,NA,NA,NA,NA,NA,78,7,71,92,6,86,98,2,96,22,50,27,103,45,98,483,24,94,483,19,101,495,16,99,489,99,3,NA,127,3,NA,53,0,53,91,52,1,51,89,32,4,28,97,29,7,22,89,3,NA,3,NA,32,52,4,1,1,2,14,17,102,17,102,22,93,92,195,194,96,96,3,40,3,3,32,100,488,7,5,24,0,24,103,23,1,22,101,NA,NA,NA,NA,NA,89,3,86,96,10,86,133,7,126,23,49,25,93,54,105,508,31,103,503,19,98,495,23,115,513,89,0,NA,78,0,NA,67,1,66,97,68,4,64,95,34,7,27,91,32,6,26,90,2,NA,4,NA,39,55,5,1,1,4,11,16,95,16,95,27,96,97,191,192,94,95,3,82,4,4,37,102,498,6,1,28,0,28,104,29,0,29,102,NA,NA,NA,NA,NA
42,5,2,69,13,56,57,9,48,70,7,63,14,40,21,108,34,116,446,16,105,458,11,118,477,17,119,492,1,47,1,42,50,6,44,110,55,11,44,110,13,4,9,92,36,28,8,90,1,1,20,44,5,5,3,3,1,9,112,9,117,15,104,108,216,225,108,114,17,109,462,0,1,22,3,19,118,31,14,17,113,NA,NA,NA,NA,NA,5,2,127,8,119,94,4,90,117,5,112,20,49,20,90,48,115,491,24,103,483,19,110,495,21,123,506,37,1,50,1,70,3,67,117,70,5,65,115,42,12,30,107,28,6,22,98,1,3,27,50,6,9,4,4,3,13,117,13,123,23,107,109,224,232,113,118,29,108,483,3,5,39,2,37,127,32,2,30,114,NA,NA,NA,NA,NA,164,14,150,127,6,121,160,9,151,24,53,29,105,54,110,508,26,96,488,23,107,505,19,107,499,36,3,NA,32,3,NA,73,1,72,105,81,1,80,117,39,7,32,97,51,12,39,106,3,NA,4,NA,26,41,6,1,1,2,14,17,102,17,102,28,104,105,206,207,102,103,3,85,4,4,38,110,500,2,5,45,5,40,129,42,3,39,116,3.5,5,4,4,NA,NA,NA,NA,NA,NA,NA,NA,NA,NA,NA,NA,NA,NA,NA,NA,NA,NA,NA,NA,NA,NA,NA,NA,NA,NA,NA,NA,NA,NA,NA,NA,NA,NA,NA,NA,NA,NA,NA,NA,NA,NA,NA,NA,NA,NA,NA,NA,NA,NA,NA,NA,NA,NA,NA,NA,NA,NA,NA,NA,NA,NA,NA,NA,NA,NA,NA,NA,NA,NA,NA,NA,NA,NA,NA,NA,NA,NA,NA,NA,NA,NA,NA,NA,NA,NA,NA,NA,NA,NA,NA,NA
43,2,1,31,11,20,23,7,16,28,8,20,16,44,20,110,31,112,434,10,91,434,8,113,468,17,119,492,0,188,2,90,25,5,20,93,24,7,17,89,17,4,13,102,13,2,11,99,0,2,22,48,0,3,2,2,2,4,92,4,92,16,107,110,199,202,98,100,13,105,456,2,3,10,6,4,90,10,6,4,89,NA,NA,NA,NA,NA,2,1,102,2,100,83,3,80,90,0,90,20,49,21,94,46,113,486,24,103,483,24,118,508,20,120,502,87,3,43,2,63,3,60,110,67,4,63,113,31,5,26,103,32,6,26,103,2,2,29,53,4,4,2,2,1,7,97,7,99,20,101,100,198,199,98,99,27,105,479,3,1,30,2,28,112,30,0,30,114,NA,NA,NA,NA,NA,88,0,88,81,3,78,106,2,104,24,55,26,99,50,108,497,26,98,488,25,113,510,19,110,499,55,1,NA,62,2,NA,64,1,63,102,74,2,72,112,39,3,36,106,30,5,25,93,1,NA,4,NA,28,47,5,1,1,2,10,13,92,13,92,24,98,97,190,189,94,93,3,62,4,4,34,106,492,3,0,31,4,27,108,41,1,40,125,NA,NA,NA,NA,NA,113,0,113,117,2,115,131,4,127,25,53,32,113,58,113,519,29,99,497,27,112,517,21,109,506,84,2,NA,100,0,NA,78,0,78,115,77,2,75,109,49,5,44,112,52,5,47,116,2,NA,1,NA,30,44,6,1,1,4,12,17,98,17,98,30,106,105,204,203,101,101,3,60,4,4,39,107,502,3,4,36,2,34,114,27,3,24,94,NA,NA,NA,NA,NA
44,1,2,37,6,31,29,10,19,27,10,17,18,51,19,111,28,114,423,15,111,454,8,120,468,9,96,464,2,163,2,92,34,13,21,94,27,10,17,89,22,10,12,101,24,17,7,92,1,2,17,41,0,2,2,2,0,2,84,2,81,11,98,96,182,177,89,87,16,113,461,3,2,6,0,6,96,9,2,7,95,NA,NA,NA,NA,NA,1,2,85,1,84,76,1,75,76,1,75,21,54,21,101,39,110,464,20,101,472,14,110,484,16,110,489,178,2,108,2,50,0,50,105,50,0,50,105,19,8,11,87,20,9,11,87,2,1,30,56,4,5,2,2,0,6,95,6,96,17,98,91,193,187,95,92,30,114,485,3,2,21,5,16,94,24,0,24,106,NA,NA,NA,NA,NA,NA,NA,NA,NA,NA,NA,NA,NA,NA,NA,NA,NA,NA,NA,NA,NA,NA,NA,NA,NA,NA,NA,NA,NA,NA,NA,NA,NA,NA,NA,NA,NA,NA,NA,NA,NA,NA,NA,NA,NA,NA,NA,NA,NA,NA,NA,NA,NA,NA,NA,NA,NA,NA,NA,NA,NA,NA,NA,NA,NA,NA,NA,NA,NA,NA,NA,NA,NA,NA,NA,NA,NA,NA,NA,NA,NA,NA,NA,NA,NA,NA,NA,NA,NA,NA,NA,NA,NA,NA,NA,NA,NA,NA,NA,NA,NA,NA,NA,NA,NA,NA,NA,NA,NA,NA,NA,NA,NA,NA,NA,NA,NA,NA,NA,NA,NA,NA,NA,NA,NA,NA,NA,NA,NA,NA,NA,NA,NA,NA,NA,NA,NA,NA,NA,NA,NA,NA,NA,NA,NA,NA,NA,NA,NA,NA,NA,NA,NA,NA,NA,NA,NA,NA,NA,NA,NA,NA,NA,NA,NA,NA,NA,NA,NA,NA,NA,NA,NA,NA,NA,NA,NA,NA,NA,NA,NA,NA,NA,NA,NA,NA,NA
45,2,2,83,14,69,89,15,74,87,14,73,20,56,22,122,38,132,460,19,124,469,18,138,493,18,128,496,2,214,3,111,46,1,45,124,46,1,45,124,24,4,20,118,24,6,18,116,0,2,21,50,5,5,3,3,4,12,127,12,129,19,127,118,254,247,134,128,24,122,474,2,5,28,1,27,129,28,2,26,126,NA,NA,NA,NA,NA,2,2,126,0,126,104,0,104,88,1,87,20,51,25,114,49,125,494,30,124,500,24,124,508,17,114,492,93,3,60,2,60,0,60,119,55,0,55,114,36,2,34,120,33,1,32,117,2,4,25,50,6,6,3,3,3,12,117,12,120,22,116,106,233,226,119,115,36,123,496,0,5,32,2,30,115,27,1,26,109,NA,NA,NA,NA,NA,117,2,115,111,1,110,137,0,137,19,45,31,120,56,120,514,30,112,500,27,119,517,17,106,492,82,1,NA,105,3,NA,68,1,67,113,67,1,66,112,37,4,33,107,44,2,42,117,3,NA,1,NA,29,51,8,3,3,6,15,24,127,24,125,31,123,115,250,240,131,123,2,76,4,4,39,117,502,2,6,35,2,33,117,38,1,37,120,NA,NA,NA,NA,NA,147,1,146,144,3,141,181,0,181,23,51,34,123,61,121,527,32,111,506,31,128,538,24,122,516,64,3,NA,72,3,NA,78,0,78,115,78,1,77,113,52,4,48,117,52,1,51,121,4,NA,4,NA,38,59,9,3,3,6,16,25,123,25,121,43,140,137,263,258,140,135,3,75,4,4,45,121,512,7,7,39,3,36,117,37,2,35,112,NA,NA,NA,NA,NA
46,1,2,116,2,114,96,2,94,122,13,109,21,57,22,118,40,126,467,20,117,472,16,126,489,16,117,489,4,86,3,72,59,4,55,131,64,5,59,135,42,12,30,124,39,14,25,119,2,4,30,63,5,2,2,2,1,8,111,8,112,17,115,113,226,225,115,114,25,117,476,2,4,30,0,30,132,30,3,27,127,NA,NA,NA,NA,NA,1,2,156,3,153,123,4,119,131,5,126,21,52,24,107,48,118,491,27,112,491,23,118,505,22,128,509,45,3,35,3,63,1,62,119,66,5,61,118,32,4,28,109,35,4,31,112,1,3,28,53,7,9,4,4,2,13,119,13,123,19,102,97,221,220,111,111,33,115,490,5,4,38,0,38,128,32,2,30,114,NA,NA,NA,NA,NA,149,4,145,162,3,159,161,6,155,28,65,31,115,53,113,506,31,112,503,19,104,495,25,130,520,50,3,NA,67,3,NA,74,3,71,111,77,1,76,118,44,10,34,104,46,11,35,105,4,NA,4,NA,37,63,9,3,3,9,12,24,123,24,125,30,116,112,239,237,123,121,2,45,4,4,39,116,502,5,4,39,0,39,127,37,2,35,116,NA,NA,NA,NA,NA,NA,NA,NA,NA,NA,NA,NA,NA,NA,NA,NA,NA,NA,NA,NA,NA,NA,NA,NA,NA,NA,NA,NA,NA,NA,NA,NA,NA,NA,NA,NA,NA,NA,NA,NA,NA,NA,NA,NA,NA,NA,NA,NA,NA,NA,NA,NA,NA,NA,NA,NA,NA,NA,NA,NA,NA,NA,NA,NA,NA,NA,NA,NA,NA,NA,NA,NA,NA,NA,NA,NA,NA,NA,NA,NA,NA,NA,NA,NA,NA,NA,NA,NA,NA,NA,NA,NA,NA,NA,NA,NA
47,2,1,40,21,19,21,7,14,20,3,17,21,57,20,110,31,115,434,15,107,454,16,128,489,13,107,478,0,116,2,56,36,7,29,102,36,13,23,96,23,9,14,104,21,10,11,99,0,1,24,52,3,1,1,1,2,6,103,6,103,13,103,102,206,205,102,102,18,112,464,0,3,16,5,11,107,19,5,14,108,NA,NA,NA,NA,NA,2,1,114,1,113,86,2,84,120,27,93,19,46,26,114,48,119,491,22,103,477,20,115,498,14,102,482,106,1,74,2,62,1,61,118,66,0,66,123,37,4,33,114,38,5,33,114,0,2,26,50,4,5,2,2,0,6,95,6,96,23,111,109,206,205,102,102,28,110,481,2,1,28,2,26,109,25,2,23,105,NA,NA,NA,NA,NA,127,0,127,122,0,122,126,0,126,23,53,29,109,51,111,500,28,105,494,25,114,510,18,108,496,130,1,NA,127,4,NA,72,1,71,119,66,0,66,112,46,7,39,114,44,7,37,111,1,NA,3,NA,28,49,6,2,1,3,14,19,108,18,104,23,99,94,207,198,103,98,2,32,3,3,36,112,496,2,5,29,1,28,110,32,3,29,109,NA,NA,NA,NA,NA,151,2,149,143,4,139,173,2,171,26,56,35,122,57,112,516,35,118,515,28,115,520,18,101,496,81,1,NA,100,0,NA,78,1,77,113,77,0,77,113,48,5,43,111,50,5,45,113,0,NA,1,NA,33,49,8,2,2,6,17,25,119,25,121,36,119,119,238,240,122,123,3,127,4,4,39,109,502,6,5,36,3,33,113,34,2,32,107,NA,NA,NA,NA,NA
48,1,1,19,9,10,23,10,13,20,8,12,18,49,20,110,25,103,412,8,86,425,4,100,443,11,99,471,0,129,2,72,29,15,14,86,15,3,12,84,9,0,9,95,20,17,3,83,0,0,20,44,0,3,2,2,0,2,82,2,81,10,90,93,172,174,85,85,10,102,450,0,1,11,7,4,90,15,13,2,86,NA,NA,NA,NA,NA,1,1,85,1,84,72,3,69,74,2,72,18,44,18,86,37,101,457,19,95,469,14,105,484,14,100,482,54,0,109,2,55,4,51,106,54,4,50,105,27,10,17,98,24,7,17,96,0,0,17,35,5,1,1,1,1,7,97,7,99,14,86,82,183,181,90,89,22,99,471,3,1,21,5,16,94,21,3,18,98,NA,NA,NA,NA,NA,107,3,104,98,6,92,111,4,107,20,45,23,90,45,99,483,27,100,491,17,100,491,17,103,492,117,4,NA,131,0,NA,61,0,61,99,63,1,62,101,43,10,33,103,42,11,31,100,2,NA,4,NA,28,47,3,1,1,3,12,16,100,16,100,23,96,94,196,194,97,96,2,27,2,2,28,97,481,4,4,25,3,22,100,26,3,23,102,NA,NA,NA,NA,NA,99,7,92,109,2,107,137,2,135,20,42,23,87,47,96,489,25,92,486,17,96,491,14,88,482,78,1,NA,92,1,NA,55,0,55,83,51,0,51,79,40,7,33,99,41,7,34,100,2,NA,2,NA,34,50,9,3,3,2,15,20,106,20,105,24,92,90,198,195,98,96,3,72,4,4,35,99,494,4,3,29,3,26,101,30,1,29,102,NA,NA,NA,NA,NA
49,5,1,29,6,23,27,9,18,32,7,25,20,54,19,100,28,106,423,16,103,458,11,116,477,16,115,489,0,131,1,75,22,3,19,89,21,5,16,86,17,6,11,95,16,12,4,82,1,2,30,61,5,2,2,2,3,10,116,10,121,12,96,99,212,220,106,111,14,104,457,0,1,4,0,4,90,13,1,12,105,NA,NA,NA,NA,NA,5,1,84,1,83,66,1,65,84,0,84,24,61,22,97,41,104,470,24,102,483,15,104,487,21,122,506,130,3,84,4,49,5,44,91,55,3,52,102,20,1,19,94,19,3,16,90,1,4,33,58,2,4,2,2,2,6,94,6,96,21,103,103,197,199,97,99,31,109,486,3,5,23,2,21,102,23,0,23,105,NA,NA,NA,NA,NA,98,1,97,79,5,74,101,1,100,22,50,27,103,48,103,491,29,104,497,17,99,491,22,118,509,100,1,NA,129,2,NA,58,0,58,96,52,1,51,89,23,6,17,82,24,4,20,86,3,NA,4,NA,36,58,4,1,1,3,6,10,84,10,84,24,98,97,182,181,89,89,2,35,3,3,35,107,494,8,5,26,1,25,105,25,1,24,104,NA,NA,NA,NA,NA,NA,NA,NA,NA,NA,NA,NA,NA,NA,NA,NA,NA,NA,NA,NA,NA,NA,NA,NA,NA,NA,NA,NA,NA,NA,NA,NA,NA,NA,NA,NA,NA,NA,NA,NA,NA,NA,NA,NA,NA,NA,NA,NA,NA,NA,NA,NA,NA,NA,NA,NA,NA,NA,NA,NA,NA,NA,NA,NA,NA,NA,NA,NA,NA,NA,NA,NA,NA,NA,NA,NA,NA,NA,NA,NA,NA,NA,NA,NA,NA,NA,NA,NA,NA,NA,NA,NA,NA,NA,NA,NA
50,1,2,23,6,17,19,8,11,19,7,12,17,46,16,91,27,102,420,11,90,438,7,107,464,8,89,460,1,93,1,101,16,1,15,85,24,7,17,87,11,1,10,94,11,3,8,90,0,1,20,44,3,0,0,0,0,3,87,3,87,15,104,108,191,195,94,96,9,98,448,0,2,16,11,5,94,12,9,3,87,NA,NA,NA,NA,NA,1,2,48,4,44,27,6,21,39,3,36,17,41,21,91,35,93,449,16,86,458,8,93,468,11,90,471,142,0,172,3,44,5,39,83,39,4,35,79,15,1,14,82,12,2,10,76,1,0,27,48,2,4,1,2,3,6,92,7,99,17,89,91,181,190,89,94,24,98,474,2,2,13,6,7,78,15,2,13,91,NA,NA,NA,NA,NA,65,7,58,32,7,25,76,7,69,20,44,25,96,39,89,464,19,85,469,9,89,471,17,101,492,176,2,NA,227,2,NA,56,0,56,94,55,2,53,91,20,7,13,77,18,6,12,75,2,NA,2,NA,23,39,7,2,2,3,9,14,94,14,94,22,93,92,187,186,92,92,2,55,4,4,35,105,494,3,3,19,1,18,93,18,0,18,96,NA,NA,NA,NA,NA,NA,NA,NA,NA,NA,NA,NA,NA,NA,NA,NA,NA,NA,NA,NA,NA,NA,NA,NA,NA,NA,NA,NA,NA,NA,NA,NA,NA,NA,NA,NA,NA,NA,NA,NA,NA,NA,NA,NA,NA,NA,NA,NA,NA,NA,NA,NA,NA,NA,NA,NA,NA,NA,NA,NA,NA,NA,NA,NA,NA,NA,NA,NA,NA,NA,NA,NA,NA,NA,NA,NA,NA,NA,NA,NA,NA,NA,NA,NA,NA,NA,NA,NA,NA,NA,NA,NA,NA,NA,NA,NA
51,2,2,83,2,81,69,3,66,75,1,74,21,54,20,104,37,116,457,20,109,472,17,120,491,14,107,482,2,170,2,133,50,5,45,111,43,4,39,106,22,6,16,103,21,4,17,104,1,3,31,62,2,2,2,2,3,7,104,7,108,18,112,115,216,223,108,113,27,115,479,3,2,32,1,31,133,28,1,27,127,NA,NA,NA,NA,NA,2,2,136,0,136,128,1,127,133,0,133,22,52,26,107,44,106,480,27,107,491,21,111,500,22,124,509,87,4,57,4,64,1,63,109,70,3,67,113,30,4,26,98,40,5,35,109,1,3,36,62,5,6,2,3,3,10,106,11,116,26,110,120,216,236,108,121,33,110,490,4,2,32,2,30,115,32,1,31,116,NA,NA,NA,NA,NA,149,4,145,147,2,145,157,0,157,27,59,30,108,54,111,508,32,112,506,23,107,505,22,117,509,67,4,NA,76,3,NA,71,3,68,100,74,0,74,107,38,4,34,100,35,6,29,94,3,NA,2,NA,42,64,4,1,1,6,10,17,102,17,102,31,112,115,214,217,107,109,1,63,4,4,43,118,509,5,4,39,1,38,125,37,1,36,118,NA,NA,NA,NA,NA,147,1,146,153,1,152,175,1,174,28,57,35,122,55,106,511,33,109,509,26,109,513,23,114,513,60,2,NA,48,3,NA,74,0,74,107,78,1,77,113,48,5,43,111,47,9,38,105,2,NA,3,NA,39,55,4,1,1,9,16,26,120,26,125,34,112,114,232,239,119,123,2,68,4,4,42,111,507,5,4,38,2,36,117,39,0,39,118,NA,NA,NA,NA,NA
52,1,1,14,7,7,17,4,13,13,7,6,21,59,20,115,29,117,427,13,107,446,9,124,471,12,106,475,1,222,2,50,16,2,14,90,24,8,16,92,18,10,8,97,19,11,8,97,0,4,23,51,4,5,3,3,0,7,107,7,108,16,112,110,219,218,110,109,14,112,457,1,1,8,7,1,83,18,21,0,80,NA,NA,NA,NA,NA,1,1,77,1,76,61,2,59,67,3,64,20,51,25,114,44,117,480,16,93,458,16,112,489,15,107,485,78,2,110,2,52,1,51,111,49,2,47,108,29,8,21,105,30,17,13,94,1,4,16,34,5,1,1,1,3,9,106,9,106,22,109,106,215,212,108,106,28,112,481,2,3,17,2,15,92,16,1,15,94,NA,NA,NA,NA,NA,101,0,101,88,1,87,117,0,117,22,52,28,110,52,113,503,27,103,491,21,108,500,17,105,492,112,3,NA,114,1,NA,69,0,69,115,68,0,68,114,34,4,30,103,42,5,37,111,3,NA,3,NA,32,55,2,1,1,4,15,20,111,20,111,26,106,102,217,213,109,106,2,38,3,3,33,107,490,3,3,25,1,24,103,26,2,24,104,NA,NA,NA,NA,NA,115,3,112,112,2,110,149,2,147,24,53,31,114,55,110,511,29,100,497,25,109,510,20,108,502,98,1,NA,101,1,NA,73,0,73,106,73,2,71,103,49,11,38,105,48,6,42,110,1,NA,2,NA,42,61,5,1,1,5,14,20,106,20,105,26,96,94,202,199,100,99,2,74,4,4,39,110,502,6,3,23,2,21,91,21,2,19,87,NA,NA,NA,NA,NA
53,3,2,89,2,87,92,3,89,89,4,85,22,60,20,104,39,122,464,22,117,477,10,115,474,12,101,475,0,104,3,65,56,4,52,117,45,3,42,109,20,5,15,101,25,8,17,104,0,2,26,54,4,4,3,3,2,9,112,9,117,18,112,115,224,232,113,118,26,116,477,2,4,32,3,29,131,35,1,34,137,NA,NA,NA,NA,NA,3,2,174,8,166,155,4,151,139,10,129,21,52,26,110,48,115,491,30,117,500,16,107,489,19,116,499,53,3,38,2,65,2,63,113,66,4,62,112,37,11,26,103,37,10,27,104,1,3,30,55,9,6,3,3,1,13,117,13,123,24,110,113,227,236,115,121,35,116,494,2,2,41,4,37,127,39,3,36,123,NA,NA,NA,NA,NA,154,6,148,146,9,137,154,7,147,24,55,28,106,54,112,508,29,104,497,19,102,495,19,109,499,70,4,NA,97,3,NA,71,1,70,110,75,2,73,114,44,10,34,104,47,15,32,101,3,NA,3,NA,35,57,7,2,2,6,13,21,113,21,114,30,113,112,226,226,115,115,2,43,4,3,38,112,500,2,5,38,3,35,121,37,3,34,115,NA,NA,NA,NA,NA,162,12,150,170,8,162,187,3,184,25,53,32,113,55,107,511,30,100,500,24,106,508,22,112,509,56,3,NA,58,1,NA,75,3,72,105,78,6,72,105,51,12,39,106,45,10,35,101,3,NA,1,NA,39,55,12,4,4,5,14,23,112,23,114,34,112,114,224,228,113,117,3,63,4,4,42,113,507,6,5,40,2,38,120,45,3,42,123,NA,NA,NA,NA,NA
54,2,1,39,7,32,34,4,30,44,4,40,21,54,19,95,35,113,449,16,100,458,14,117,484,13,103,478,0,164,3,57,38,7,31,94,38,9,29,92,23,9,14,96,18,4,14,96,0,2,25,50,7,5,2,3,4,13,125,14,137,14,95,105,220,242,111,125,22,110,471,2,3,16,2,14,111,15,0,15,109,NA,NA,NA,NA,NA,2,1,127,3,124,111,4,107,108,11,97,22,52,22,94,43,106,477,25,103,486,12,99,480,18,112,496,98,2,61,3,66,5,61,105,59,0,59,103,34,12,22,93,44,22,22,93,1,4,29,51,4,4,1,2,3,8,99,9,106,22,100,106,199,212,98,106,25,100,476,4,2,32,5,27,110,32,1,31,116,NA,NA,NA,NA,NA,141,3,138,146,5,141,154,19,135,15,35,26,99,52,108,503,29,103,497,18,100,493,24,124,516,69,2,NA,103,4,NA,78,3,75,117,57,3,54,92,53,18,35,105,39,8,31,100,3,NA,2,NA,35,57,5,1,1,5,13,19,108,19,107,24,98,97,206,204,102,101,2,31,3,3,34,104,492,4,4,39,2,37,124,28,0,28,108,NA,NA,NA,NA,NA,142,0,142,163,8,155,190,8,182,26,56,29,105,51,99,500,28,96,494,24,105,508,23,114,513,54,2,NA,50,2,NA,81,5,76,111,85,5,80,117,52,9,43,111,54,10,44,112,3,NA,3,NA,40,56,10,3,3,5,13,21,107,21,108,28,98,100,205,208,102,104,3,45,3,3,36,99,496,11,3,42,3,39,122,40,2,38,117,NA,NA,NA,NA,NA
55,5,1,11,7,4,17,8,9,12,7,5,15,42,14,90,27,109,420,8,89,425,6,112,459,8,92,460,0,132,3,71,11,1,10,82,17,5,12,84,9,4,5,87,8,3,5,87,0,1,14,36,2,2,2,2,0,4,94,4,92,11,98,96,192,188,95,93,5,97,439,0,1,9,12,0,80,6,5,1,83,NA,NA,NA,NA,NA,5,1,33,5,28,23,6,17,32,4,28,15,38,19,89,31,93,434,16,90,458,16,109,489,12,95,475,251,0,216,2,34,1,33,90,35,1,34,91,16,1,15,93,13,0,13,90,0,0,24,47,3,3,1,1,0,4,86,4,87,18,96,94,182,181,89,89,18,97,464,2,2,9,0,9,82,8,2,6,81,NA,NA,NA,NA,NA,50,8,42,46,9,37,56,8,48,16,37,23,90,36,88,453,16,81,458,21,106,500,9,80,464,188,1,NA,164,0,NA,44,0,44,79,47,1,46,81,24,1,23,90,28,8,20,86,1,NA,3,NA,23,41,6,2,1,0,9,11,87,10,84,23,99,94,186,178,91,87,2,25,2,2,27,96,479,2,2,12,3,9,77,15,1,14,90,NA,NA,NA,NA,NA,105,10,95,96,9,87,111,8,103,22,47,24,90,43,91,477,26,94,488,19,99,495,15,92,485,147,1,NA,154,1,NA,64,3,61,91,64,1,63,94,30,6,24,87,30,0,30,95,0,NA,1,NA,24,36,6,1,1,3,12,16,96,16,95,22,87,85,183,180,90,89,2,24,1,1,21,85,469,5,4,20,3,17,83,18,1,17,83,NA,NA,NA,NA,NA
56,5,2,19,4,15,19,7,12,18,6,12,21,57,19,106,26,108,416,12,99,442,9,119,471,12,104,475,0,213,0,110,19,4,15,87,24,9,15,87,11,1,10,97,13,1,12,101,1,2,21,61,4,1,1,1,1,6,103,6,103,18,118,115,221,218,111,109,14,108,457,3,2,5,4,1,83,8,4,4,89,NA,NA,NA,NA,NA,5,2,87,1,86,70,3,67,65,1,64,21,52,21,97,40,110,467,19,98,469,19,115,495,16,109,489,146,1,75,2,46,3,43,99,53,2,51,106,23,2,21,101,26,9,17,96,3,2,30,56,4,0,0,0,1,5,91,5,92,19,102,97,193,189,95,93,29,112,483,7,6,17,3,14,91,17,1,16,95,NA,NA,NA,NA,NA,72,3,69,84,1,83,101,0,101,22,50,24,93,46,104,486,28,105,494,25,114,510,18,108,496,109,2,NA,130,4,NA,58,1,57,101,59,1,58,102,30,2,28,101,37,6,31,104,1,NA,1,NA,27,47,6,2,1,5,8,15,97,14,94,26,106,102,203,196,100,97,2,66,4,4,32,104,488,5,5,22,1,21,98,21,1,20,98,NA,NA,NA,NA,NA,93,1,92,97,1,96,128,0,128,24,51,27,99,51,102,500,27,96,491,24,107,508,21,110,506,148,1,NA,145,1,NA,68,1,67,98,71,1,70,102,38,0,38,105,38,3,35,101,2,NA,2,NA,39,57,10,3,3,6,12,21,109,21,108,27,99,97,208,205,104,102,3,74,4,4,37,105,498,6,6,20,4,16,81,25,1,24,94,NA,NA,NA,NA,NA
57,1,2,35,8,27,34,8,26,23,9,14,NA,NA,16,86,29,102,427,14,94,450,6,101,459,12,99,475,0,329,2,87,32,10,22,86,35,13,22,86,14,10,4,78,22,19,3,76,0,0,18,39,2,1,1,1,1,4,90,4,92,10,85,93,175,185,86,91,15,102,459,2,4,12,2,10,105,16,4,12,105,NA,NA,NA,NA,NA,1,2,58,3,55,79,2,77,84,3,81,19,45,19,84,40,100,467,18,90,465,14,101,484,15,101,485,105,1,65,2,64,4,60,104,66,7,59,103,33,12,21,92,31,10,21,92,0,1,21,39,1,4,1,2,4,6,92,7,99,17,89,91,181,190,89,94,25,99,476,0,2,24,7,17,95,24,4,20,101,NA,NA,NA,NA,NA,104,8,96,70,5,65,114,1,113,20,44,27,99,46,99,486,27,98,491,20,102,498,16,98,489,86,3,NA,90,2,NA,72,1,71,103,76,2,74,107,40,7,33,99,45,14,31,96,2,NA,3,NA,24,38,3,1,1,4,12,17,102,17,102,23,92,94,194,196,96,97,2,32,2,3,28,95,481,5,3,33,6,27,108,38,2,36,118,NA,NA,NA,NA,NA,95,2,93,103,3,100,185,3,182,21,43,27,96,51,97,500,26,90,488,20,98,498,22,108,509,58,0,NA,30,0,NA,82,2,80,113,85,4,81,115,41,10,31,92,46,13,33,95,1,NA,3,NA,27,36,3,1,1,4,11,16,92,16,93,25,87,88,179,181,88,89,2,45,2,3,29,88,483,3,7,37,5,32,111,35,6,29,98,3,2,NA,NA,NA
58,2,1,13,6,7,15,6,9,10,6,4,18,51,16,100,25,110,412,10,98,434,4,107,443,13,109,478,0,74,3,206,23,11,12,84,24,12,12,84,13,12,1,76,6,4,2,80,0,1,27,58,0,3,2,2,0,2,84,2,81,12,101,99,185,180,91,89,8,104,446,1,1,9,0,9,104,4,2,2,86,NA,NA,NA,NA,NA,2,1,NA,NA,NA,NA,NA,NA,NA,NA,NA,NA,NA,NA,NA,NA,NA,NA,NA,NA,NA,NA,NA,NA,NA,NA,NA,NA,NA,NA,NA,NA,NA,NA,NA,NA,NA,NA,NA,NA,NA,NA,NA,NA,NA,NA,NA,NA,NA,NA,NA,NA,NA,NA,NA,NA,NA,NA,NA,NA,NA,NA,NA,NA,NA,NA,NA,NA,NA,NA,NA,NA,NA,NA,NA,NA,NA,NA,NA,NA,NA,NA,NA,NA,NA,NA,NA,NA,NA,NA,NA,NA,NA,NA,NA,NA,NA,NA,NA,NA,NA,NA,NA,NA,NA,NA,NA,NA,NA,NA,NA,NA,NA,NA,NA,NA,NA,NA,NA,NA,NA,NA,NA,NA,NA,NA,NA,NA,NA,NA,NA,NA,NA,NA,NA,NA,NA,NA,NA,NA,NA,NA,NA,NA,NA,NA,NA,NA,NA,NA,NA,NA,NA,NA,NA,NA,NA,NA,NA,NA,NA,NA,NA,NA,NA,NA,NA,NA,NA,NA,NA,NA,NA,NA,NA,NA,NA,NA,NA,NA,NA,NA,NA,NA,NA,NA,NA,NA,NA,NA,NA,NA,NA,NA,NA,NA,NA,NA,NA,NA,NA,NA,NA,NA,NA,NA,NA,NA,NA,NA,NA,NA,NA,NA,NA,NA,NA,NA,NA,NA,NA,NA,NA,NA,NA,NA,NA,NA,NA,NA,NA,NA,NA,NA,NA,NA,NA,NA,NA,NA,NA,NA,NA,NA,NA,NA,NA,NA,NA,NA,NA,NA,NA,NA,NA,NA,NA,NA,NA,NA,NA,NA,NA,NA,NA,NA,NA
59,1,1,42,12,30,37,12,25,42,11,31,15,42,20,104,31,110,434,14,98,450,8,111,468,12,101,475,0,185,3,119,35,13,22,92,39,8,31,100,16,10,6,86,15,5,10,94,1,1,19,42,6,2,2,2,1,9,112,9,117,14,101,105,213,222,106,112,16,106,461,1,0,16,4,12,108,16,4,12,105,NA,NA,NA,NA,NA,1,1,126,2,124,132,1,131,110,11,99,22,54,22,97,43,109,477,24,103,483,18,109,493,11,91,471,68,3,29,3,70,3,67,117,68,4,64,114,41,13,28,105,39,17,22,98,0,1,30,55,3,4,2,2,2,7,97,7,99,14,86,82,183,181,90,89,28,106,481,0,1,34,5,29,113,33,2,31,116,NA,NA,NA,NA,NA,NA,NA,NA,NA,NA,NA,NA,NA,NA,NA,NA,NA,NA,NA,NA,NA,NA,NA,NA,NA,NA,NA,NA,NA,NA,NA,NA,NA,NA,NA,NA,NA,NA,NA,NA,NA,NA,NA,NA,NA,NA,NA,NA,NA,NA,NA,NA,NA,NA,NA,NA,NA,NA,NA,NA,NA,NA,NA,NA,NA,NA,NA,NA,NA,NA,NA,NA,NA,NA,NA,NA,NA,NA,NA,NA,NA,NA,NA,NA,NA,NA,NA,NA,NA,NA,NA,NA,NA,NA,NA,NA,138,6,132,123,3,120,165,10,155,23,49,30,107,57,111,516,28,97,494,18,97,493,25,122,520,49,4,NA,50,2,NA,79,1,78,115,77,2,75,109,44,9,35,101,48,14,34,100,2,NA,2,NA,33,47,6,1,1,3,14,18,100,18,100,33,110,112,210,212,105,106,3,41,2,3,44,116,511,3,3,32,2,30,108,27,3,24,94,NA,NA,NA,NA,NA
60,5,1,16,9,7,17,7,10,12,4,8,21,57,16,91,24,100,408,10,89,434,5,103,452,14,108,482,0,252,2,267,21,7,14,84,22,10,12,82,13,8,5,84,14,8,6,86,0,2,25,52,1,2,2,2,0,3,87,3,87,10,90,93,177,180,87,89,13,103,456,2,2,2,0,2,85,1,1,0,80,NA,NA,NA,NA,NA,5,1,77,2,75,81,17,64,72,1,71,20,49,15,73,44,109,480,21,97,475,18,108,493,15,102,485,125,3,83,2,55,1,54,104,54,2,52,102,25,3,22,98,37,13,24,100,0,1,24,45,3,3,1,1,3,7,97,7,99,17,93,91,190,190,94,94,29,107,483,1,2,21,3,18,97,22,2,20,101,NA,NA,NA,NA,NA,123,18,105,111,18,93,117,18,99,19,43,26,99,50,106,497,26,97,488,20,103,498,17,102,492,108,1,NA,101,2,NA,71,1,70,110,72,4,68,108,40,6,34,104,47,11,36,106,3,NA,4,NA,27,45,4,1,1,4,11,16,100,16,100,22,93,92,193,192,95,95,2,73,4,4,36,109,496,4,5,30,5,25,105,33,4,29,109,NA,NA,NA,NA,NA,111,5,106,119,8,111,130,1,129,20,42,31,110,53,104,506,26,93,488,26,110,513,16,94,489,90,1,NA,96,1,NA,72,2,70,102,70,2,68,100,50,4,46,115,52,9,43,111,1,NA,1,NA,34,48,8,2,2,5,14,21,107,21,108,28,98,100,205,208,102,104,2,30,2,2,34,98,492,4,2,22,6,16,81,30,3,27,99,NA,NA,NA,NA,NA
61,3,2,26,8,18,19,7,12,22,9,13,16,44,19,100,24,100,408,13,96,446,5,103,452,11,98,471,0,120,2,52,27,11,16,86,25,7,18,88,14,7,7,88,15,7,8,90,0,2,24,50,1,1,1,1,0,2,82,2,81,11,93,96,175,177,86,87,12,102,454,1,0,16,3,13,110,15,5,10,101,NA,NA,NA,NA,NA,3,2,96,1,95,75,1,74,78,1,77,22,54,21,94,35,97,449,20,96,472,7,93,464,14,100,482,148,3,105,1,51,3,48,99,53,3,50,100,25,8,17,91,18,4,14,85,2,2,27,50,3,4,2,2,0,5,90,5,92,15,88,85,178,177,87,87,22,99,471,2,0,17,5,12,87,19,5,14,92,NA,NA,NA,NA,NA,99,6,93,97,6,91,120,8,112,21,48,23,90,43,96,477,27,99,491,12,94,480,15,96,485,109,0,NA,132,1,NA,61,2,59,97,64,1,63,102,32,13,19,85,37,17,20,86,2,NA,3,NA,30,49,3,1,1,4,12,17,102,17,102,21,91,89,193,191,95,94,2,31,3,3,29,98,483,0,5,27,2,25,105,26,2,24,104,NA,NA,NA,NA,NA,112,3,109,117,8,109,147,3,144,22,47,26,96,49,98,494,32,107,506,14,93,484,23,115,513,105,1,NA,111,0,NA,67,1,66,97,65,3,62,92,31,4,27,91,33,8,25,89,2,NA,3,NA,35,49,6,1,1,3,10,14,89,14,90,27,96,97,185,187,91,92,2,57,4,4,35,99,494,1,2,21,4,17,83,24,4,20,88,NA,NA,NA,NA,NA
62,4,2,64,12,52,62,5,57,71,11,60,15,40,21,118,32,123,438,15,115,454,7,122,464,15,117,485,0,104,3,51,57,18,39,115,48,7,41,118,24,21,3,84,34,29,5,89,0,1,22,52,3,0,0,0,0,3,91,3,87,14,113,105,204,192,101,95,16,115,461,1,3,20,5,15,112,19,7,12,105,NA,NA,NA,NA,NA,4,2,179,1,178,176,3,173,147,4,143,18,46,21,101,44,120,480,23,111,480,15,114,487,17,115,492,59,1,36,3,69,5,64,122,68,6,62,120,38,15,23,107,42,21,21,105,1,0,28,55,8,4,2,2,3,13,120,13,123,20,111,100,231,223,118,113,26,111,477,5,3,32,5,27,110,37,3,34,120,NA,NA,NA,NA,NA,156,5,151,168,11,157,174,4,170,24,58,26,103,51,114,500,28,107,494,18,105,493,16,103,489,56,4,NA,62,1,NA,80,8,72,120,72,2,70,117,31,7,24,96,32,13,19,89,3,NA,3,NA,32,56,7,2,2,3,14,19,112,19,107,27,113,105,225,212,114,106,2,51,4,4,35,111,494,4,4,44,6,38,125,44,7,37,120,NA,NA,NA,NA,NA,154,7,147,172,10,162,202,9,193,25,55,29,108,54,110,508,31,107,503,19,100,495,21,113,506,51,2,NA,59,1,NA,65,0,65,96,67,2,65,96,22,9,13,73,25,9,16,77,2,NA,2,NA,32,50,9,3,3,3,16,22,115,22,111,32,114,110,229,221,117,111,2,56,4,4,36,106,496,6,5,37,6,31,109,42,0,42,123,NA,NA,NA,NA,NA
63,3,2,79,4,75,89,6,83,72,7,65,20,54,22,118,36,123,453,20,118,472,11,122,477,14,111,482,2,123,2,95,49,3,46,121,54,8,46,121,38,19,19,111,40,21,19,111,2,1,31,64,2,4,3,3,2,7,107,7,108,17,115,113,222,221,112,111,25,118,476,2,3,27,1,26,128,26,0,26,126,NA,NA,NA,NA,NA,3,2,138,5,133,117,3,114,100,4,96,23,58,26,114,45,117,483,28,117,494,21,117,500,15,106,485,100,2,69,4,64,0,64,121,71,1,70,127,46,10,36,118,47,15,32,113,0,2,30,56,2,8,4,4,3,9,106,9,106,24,114,113,220,219,111,110,32,115,488,4,3,35,1,34,121,34,2,32,117,NA,NA,NA,NA,NA,127,2,125,104,5,99,121,4,117,22,50,27,107,51,111,500,28,105,494,20,106,498,19,111,499,71,4,NA,83,4,NA,67,0,67,113,70,2,68,114,51,11,40,115,50,12,38,112,2,NA,3,NA,33,56,12,4,4,4,9,17,103,17,102,26,106,102,209,204,104,101,2,63,4,4,37,113,498,6,4,31,1,30,113,30,0,30,110,NA,NA,NA,NA,NA,131,1,130,129,7,122,172,6,166,27,59,30,111,57,113,516,34,115,512,22,104,502,25,124,520,63,2,NA,73,1,NA,68,0,68,100,71,1,70,102,47,3,44,112,53,13,40,107,2,NA,1,NA,36,53,12,4,4,5,12,21,109,21,108,28,101,100,210,208,105,104,3,67,4,4,40,110,503,5,4,31,4,27,102,31,2,29,102,NA,NA,NA,NA,NA
64,1,1,17,6,11,15,9,6,12,6,6,20,56,18,112,26,113,416,10,103,434,10,130,474,12,108,475,0,83,3,44,28,19,9,84,54,45,9,84,14,1,13,108,13,0,13,108,0,1,20,48,0,3,2,2,0,2,86,2,81,10,101,93,187,174,92,85,9,109,448,3,0,10,9,1,83,16,8,8,98,NA,NA,NA,NA,NA,1,1,62,3,59,55,1,54,59,2,57,16,42,22,109,37,112,457,19,103,469,12,111,480,15,109,485,34,1,37,1,44,3,41,103,45,2,43,104,25,9,16,99,28,10,18,101,2,3,30,58,2,0,0,0,3,5,91,5,92,17,104,91,195,183,96,90,23,109,472,3,2,18,10,8,80,23,5,18,98,NA,NA,NA,NA,NA,103,1,102,89,4,85,117,1,116,19,45,26,103,43,105,477,29,112,497,22,112,502,21,121,506,140,3,NA,55,2,NA,58,0,58,102,60,0,60,104,24,1,23,95,27,4,23,95,0,NA,2,NA,34,59,6,2,1,3,11,16,103,15,97,27,113,105,216,202,108,100,2,60,4,4,33,110,490,4,3,26,2,24,103,25,2,23,102,NA,NA,NA,NA,NA,90,2,88,105,0,105,130,0,130,25,55,34,123,58,117,519,30,105,500,24,109,508,22,116,509,83,1,NA,104,2,NA,65,0,65,96,70,2,68,100,33,2,31,96,39,6,33,99,1,NA,1,NA,38,59,7,2,2,6,10,18,105,18,100,33,117,112,222,212,112,106,3,134,4,4,42,116,507,4,3,28,2,26,101,29,0,29,102,NA,NA,NA,NA,NA
65,1,1,153,3,150,118,3,115,128,4,124,24,67,27,131,52,137,503,28,129,494,21,129,500,21,132,506,4,81,4,46,60,1,59,123,63,1,62,126,29,1,28,117,34,6,28,117,2,4,36,70,8,4,3,3,3,14,129,14,137,27,135,137,264,274,140,146,32,122,488,1,3,38,0,38,140,38,2,36,140,NA,NA,NA,NA,NA,1,1,210,4,206,172,5,167,176,4,172,26,66,29,120,54,123,508,33,125,509,26,121,513,23,130,513,56,4,33,4,72,0,72,122,73,0,73,123,39,4,35,113,44,2,42,120,2,3,39,69,10,8,4,4,9,23,146,23,160,37,142,153,288,313,157,160,34,115,492,5,7,42,0,42,136,41,3,38,125,NA,NA,NA,NA,NA,NA,NA,NA,NA,NA,NA,NA,NA,NA,NA,NA,NA,NA,NA,NA,NA,NA,NA,NA,NA,NA,NA,NA,NA,NA,NA,NA,NA,NA,NA,NA,NA,NA,NA,NA,NA,NA,NA,NA,NA,NA,NA,NA,NA,NA,NA,NA,NA,NA,NA,NA,NA,NA,NA,NA,NA,NA,NA,NA,NA,NA,NA,NA,NA,NA,NA,NA,NA,NA,NA,NA,NA,NA,NA,NA,NA,NA,NA,NA,NA,NA,NA,NA,NA,NA,NA,NA,NA,NA,NA,NA,NA,NA,NA,NA,NA,NA,NA,NA,NA,NA,NA,NA,NA,NA,NA,NA,NA,NA,NA,NA,NA,NA,NA,NA,NA,NA,NA,NA,NA,NA,NA,NA,NA,NA,NA,NA,NA,NA,NA,NA,NA,NA,NA,NA,NA,NA,NA,NA,NA,NA,NA,NA,NA,NA,NA,NA,NA,NA,NA,NA,NA,NA,NA,NA,NA,NA,NA,NA,NA,NA,NA,NA,NA,NA,NA,NA,NA,NA,NA,NA,NA,NA,NA,NA,NA,NA,NA,NA,NA,NA,NA
66,2,2,76,1,75,62,0,62,66,2,64,21,54,23,110,37,116,457,20,109,472,16,119,489,16,114,489,1,205,3,155,37,2,35,97,38,1,37,99,21,4,17,100,17,1,16,99,1,2,31,60,7,5,3,3,2,12,121,12,129,19,108,118,229,247,117,128,24,112,474,2,1,27,0,27,129,22,2,20,117,NA,NA,NA,NA,NA,2,2,108,0,108,97,2,95,94,1,93,21,50,25,107,50,116,497,31,118,503,23,114,505,21,122,506,123,4,72,3,51,0,51,101,50,2,48,99,28,1,27,104,25,1,24,100,2,3,39,69,7,9,4,4,2,13,117,13,123,24,110,113,227,236,115,121,35,115,494,4,6,25,0,25,107,26,0,26,109,NA,NA,NA,NA,NA,103,2,101,98,0,98,123,0,123,23,53,29,109,54,112,508,32,112,506,23,108,505,21,114,506,111,2,NA,113,2,NA,61,0,61,99,71,0,71,111,34,5,29,98,35,3,32,101,4,NA,4,NA,36,58,5,1,1,3,13,17,102,17,102,23,96,94,198,196,98,97,3,72,4,4,41,116,505,6,5,35,2,33,117,31,4,27,107,NA,NA,NA,NA,NA,115,2,113,133,0,133,168,3,165,26,56,33,116,58,112,519,31,102,503,25,107,510,25,120,520,90,1,NA,77,2,NA,71,0,71,103,63,1,62,92,43,2,41,108,43,3,40,107,1,NA,3,NA,46,65,7,2,2,9,15,26,120,26,125,35,114,117,234,242,120,125,3,106,4,4,46,118,514,6,7,30,3,27,102,35,2,33,108,NA,NA,NA,NA,NA
67,2,2,33,3,30,25,4,21,37,6,31,21,54,22,106,26,95,416,12,88,442,10,108,474,16,112,489,0,156,0,234,24,4,20,84,22,7,15,79,14,0,14,96,12,0,12,93,2,4,28,55,5,6,3,4,2,10,114,11,125,15,98,108,212,233,106,119,17,102,462,3,1,11,1,10,105,12,3,9,99,NA,NA,NA,NA,NA,2,2,90,1,89,62,8,54,68,0,68,25,60,22,94,43,103,477,23,97,480,13,99,482,20,117,502,173,4,113,4,52,1,51,95,45,1,44,87,22,7,15,84,18,8,10,76,2,4,36,62,2,6,2,3,3,7,96,8,103,19,93,97,189,200,93,99,33,110,490,3,2,13,3,10,84,19,1,18,98,NA,NA,NA,NA,NA,95,2,93,87,0,87,119,0,119,26,56,27,95,51,101,500,29,99,497,24,106,508,26,125,523,118,4,NA,124,3,NA,62,1,61,91,67,4,63,94,36,13,23,86,40,16,24,87,3,NA,3,NA,38,56,9,3,3,2,14,19,104,19,107,25,94,99,198,206,98,103,2,19,1,1,39,107,502,3,1,29,0,29,111,30,0,30,101,NA,NA,NA,NA,NA,110,2,108,112,4,108,120,3,117,28,57,27,96,53,100,506,32,103,506,17,94,491,25,118,520,127,3,NA,125,1,NA,59,0,59,85,53,0,53,80,32,6,26,86,31,9,22,81,1,NA,3,NA,44,59,7,1,1,6,17,24,113,24,116,26,91,92,204,208,101,104,2,83,4,4,43,109,509,7,6,22,1,21,91,26,0,26,94,3,NA,NA,NA,NA
68,2,2,123,1,122,101,0,101,106,1,105,19,51,26,132,50,142,497,23,126,480,22,137,502,16,118,489,2,98,1,63,63,2,61,137,59,2,57,133,30,3,27,121,31,1,30,124,1,2,23,51,6,1,1,1,2,9,114,9,113,23,131,125,245,238,127,122,30,124,485,3,1,33,0,33,135,34,0,34,128,NA,NA,NA,NA,NA,2,2,NA,NA,NA,NA,NA,NA,NA,NA,NA,NA,NA,NA,NA,NA,NA,NA,NA,NA,NA,NA,NA,NA,NA,NA,NA,NA,NA,NA,NA,NA,NA,NA,NA,NA,NA,NA,NA,NA,NA,NA,NA,NA,NA,NA,NA,NA,NA,NA,NA,NA,NA,NA,NA,NA,NA,NA,NA,NA,NA,NA,NA,NA,NA,NA,NA,NA,NA,NA,NA,NA,NA,NA,NA,NA,NA,NA,NA,NA,NA,NA,NA,4.5,NA,NA,NA,NA,NA,NA,NA,NA,NA,NA,NA,NA,NA,NA,NA,NA,NA,NA,NA,NA,NA,NA,NA,NA,NA,NA,NA,NA,NA,NA,NA,NA,NA,NA,NA,NA,NA,NA,NA,NA,NA,NA,NA,NA,NA,NA,NA,NA,NA,NA,NA,NA,NA,NA,NA,NA,NA,NA,NA,NA,NA,NA,NA,NA,NA,NA,NA,NA,NA,NA,NA,NA,NA,NA,NA,NA,NA,NA,NA,NA,NA,NA,NA,NA,NA,NA,NA,2.5,2.5,3,4,NA,167,2,165,145,5,140,192,6,186,25,53,39,138,65,127,539,33,112,509,30,122,530,27,129,527,49,3,NA,41,3,NA,79,1,78,115,78,0,78,115,42,3,39,106,50,2,48,117,0,NA,4,NA,42,61,5,1,1,5,17,23,114,23,114,32,110,110,224,224,113,113,3,60,4,4,46,120,514,3,5,42,0,42,126,40,1,39,118,4,4,NA,NA,NA
69,2,1,99,1,98,100,1,99,104,0,104,20,56,23,126,46,141,486,18,120,465,22,141,502,16,120,489,1,100,2,82,60,0,60,138,59,0,59,137,32,4,28,126,28,3,25,123,1,4,29,61,4,0,0,0,1,5,100,5,96,21,133,119,233,215,119,108,30,127,485,0,1,25,1,24,125,22,0,22,111,NA,NA,3.5,2.5,88,2,1,146,1,145,131,2,129,123,1,122,22,54,25,114,55,129,511,27,115,491,26,125,513,23,133,513,76,4,56,3,64,0,64,121,68,0,68,125,42,2,40,122,42,3,39,121,1,3,30,56,8,4,2,1,2,12,115,11,112,27,121,117,236,229,121,117,38,123,500,5,4,39,1,38,128,39,1,38,118,3,5,4,3,NA,161,3,158,144,0,144,142,1,141,23,55,31,120,60,125,525,32,117,506,27,119,517,21,119,506,66,2,NA,83,4,NA,63,0,63,109,70,0,70,117,37,3,34,108,37,3,34,108,3,NA,3,NA,36,62,9,3,3,5,19,27,137,27,135,31,123,113,260,248,138,129,3,68,4,4,42,122,507,4,3,38,2,36,122,39,0,39,116,4.5,5,4,3.5,NA,139,0,139,154,2,152,162,2,160,25,55,30,111,60,119,525,36,123,518,26,112,513,23,119,513,45,2,NA,70,1,NA,76,1,75,109,78,2,76,111,47,1,46,115,50,2,48,117,1,NA,2,NA,42,64,11,4,4,7,14,25,123,25,121,34,119,114,242,235,125,120,3,71,4,4,44,120,511,9,6,45,1,44,128,37,1,36,113,5,5,NA,5,NA
70,2,2,22,6,16,23,5,18,17,5,12,19,46,21,98,28,92,423,16,92,458,11,104,477,17,113,492,0,330,1,145,23,3,20,77,24,5,19,76,15,6,9,84,12,4,8,82,0,2,28,53,4,4,2,2,1,7,101,7,104,16,96,105,197,209,97,104,18,99,464,0,3,10,2,8,100,7,3,4,80,NA,NA,3.5,3.5,59,2,2,NA,NA,NA,NA,NA,NA,NA,NA,NA,NA,NA,NA,NA,NA,NA,NA,NA,NA,NA,NA,NA,NA,NA,NA,NA,NA,NA,NA,NA,NA,NA,NA,NA,NA,NA,NA,NA,NA,NA,NA,NA,NA,NA,NA,NA,NA,NA,NA,NA,NA,NA,NA,NA,NA,NA,NA,NA,NA,NA,NA,NA,NA,NA,NA,NA,NA,NA,NA,NA,NA,NA,NA,NA,NA,NA,NA,NA,NA,NA,NA,NA,NA,NA,NA,NA,NA,NA,NA,NA,NA,NA,NA,NA,NA,NA,NA,NA,NA,NA,NA,NA,NA,NA,NA,NA,NA,NA,NA,NA,NA,NA,NA,NA,NA,NA,NA,NA,NA,NA,NA,NA,NA,NA,NA,NA,NA,NA,NA,NA,NA,NA,NA,NA,NA,NA,NA,NA,NA,NA,NA,NA,NA,NA,NA,NA,NA,NA,NA,NA,NA,NA,NA,NA,NA,NA,NA,NA,NA,NA,NA,NA,NA,NA,NA,NA,NA,NA,NA,NA,NA,NA,NA,NA,NA,NA,NA,NA,NA,NA,NA,NA,NA,NA,NA,NA,NA,NA,NA,NA,NA,NA,NA,NA,NA,NA,NA,NA,NA,NA,NA,NA,NA,NA,NA,NA,NA,NA,NA,NA,NA,NA,NA,NA,NA,NA,NA,NA,NA,NA,NA,NA,NA,NA,NA,NA,NA,NA,NA,NA,NA,NA,NA,NA,NA,NA,NA,NA,NA,NA,NA,NA,NA,NA,NA,NA,NA,NA,NA,NA,NA,NA,NA,NA,NA,NA,NA,NA,NA,NA,NA,NA,NA,NA,NA,NA
71,2,1,60,5,55,55,2,53,58,3,55,17,41,19,87,35,99,449,19,96,469,12,103,480,14,101,482,2,147,2,100,51,5,46,101,42,3,39,95,27,10,17,96,20,8,12,88,0,2,25,47,4,3,1,2,0,5,92,6,100,16,91,105,183,205,90,102,22,101,471,3,2,27,3,24,125,26,2,24,114,NA,NA,4,3,81,2,1,132,0,132,135,2,133,122,3,119,19,43,26,103,43,95,477,25,95,486,25,111,510,18,105,496,95,3,59,3,70,2,68,108,71,4,67,106,44,10,34,104,51,10,41,112,2,3,22,37,1,7,2,3,0,3,79,4,85,21,91,98,170,183,83,90,30,98,485,3,3,36,1,35,123,37,1,36,116,3,3.5,4,4,NA,129,2,127,141,8,133,137,4,133,20,42,30,105,52,102,503,30,100,500,25,108,510,20,106,502,71,1,NA,87,1,NA,71,1,70,102,71,0,71,103,50,8,42,110,50,11,39,106,3,NA,3,NA,33,47,5,1,1,3,14,18,100,18,104,27,96,103,196,207,97,103,2,41,2,3,38,105,500,6,3,38,1,37,124,28,4,24,96,3.5,3.5,3.5,4.5,NA,110,4,106,141,1,140,164,1,163,24,48,30,101,56,104,514,29,95,497,28,113,520,17,92,492,51,2,NA,51,0,NA,72,0,72,102,82,1,81,115,50,2,48,114,49,4,45,110,0,NA,2,NA,33,43,5,1,1,1,17,19,99,19,102,29,96,102,195,204,96,101,2,31,1,2,39,100,502,3,6,35,5,30,108,34,2,32,107,4,3,NA,5,NA
72,2,1,67,0,67,81,14,67,64,1,63,20,56,22,122,37,129,457,20,124,472,19,137,495,14,113,482,1,181,3,69,49,2,47,126,47,6,41,118,26,2,24,122,29,5,24,122,0,3,24,52,7,4,3,2,1,11,123,10,118,17,122,108,245,226,127,115,22,119,471,2,2,25,2,23,123,23,0,23,113,NA,NA,4,3.5,88,2,1,165,14,151,117,1,116,99,3,96,21,54,26,118,48,122,491,24,110,483,24,123,508,16,110,489,114,2,41,3,64,1,63,121,65,2,63,121,34,1,33,118,36,3,33,118,0,2,23,45,2,6,3,2,1,6,95,5,90,22,109,101,204,191,101,94,30,114,485,3,2,32,2,30,115,31,1,30,107,2.5,4.5,4,3,NA,NA,NA,NA,NA,NA,NA,NA,NA,NA,NA,NA,NA,NA,NA,NA,NA,NA,NA,NA,NA,NA,NA,NA,NA,NA,NA,NA,NA,NA,NA,NA,NA,NA,NA,NA,NA,NA,NA,NA,NA,NA,NA,NA,NA,NA,NA,NA,NA,NA,NA,NA,NA,NA,NA,NA,NA,NA,NA,NA,NA,NA,NA,NA,NA,NA,NA,NA,NA,NA,NA,NA,NA,NA,NA,NA,NA,NA,NA,NA,NA,NA,NA,NA,NA,NA,NA,NA,NA,NA,NA,NA,166,3,163,141,3,138,194,3,191,24,53,30,111,57,114,516,32,111,506,26,112,513,18,103,496,57,3,NA,69,1,NA,79,1,78,115,70,1,69,101,43,5,38,105,44,4,40,107,1,NA,2,NA,38,59,12,4,4,3,17,24,120,24,118,36,123,119,243,237,126,121,3,67,4,4,42,116,507,4,5,33,4,29,106,36,3,33,108,0,4,NA,NA,NA
73,2,2,57,2,55,62,1,61,52,3,49,16,44,22,118,35,119,449,16,107,458,10,118,474,17,120,492,0,98,3,55,42,4,38,112,40,2,38,112,16,2,14,104,16,3,13,102,0,3,18,41,2,3,2,2,0,4,92,4,90,17,109,108,201,198,99,98,20,112,467,1,0,17,1,16,114,21,2,19,107,NA,NA,4,5,81,2,2,116,2,114,114,1,113,95,4,91,24,61,21,97,43,110,477,26,109,488,16,108,489,18,114,496,80,3,34,2,63,3,60,117,63,4,59,116,38,13,25,106,41,15,26,107,1,3,31,56,6,7,4,3,3,13,117,12,116,22,105,101,222,217,112,109,33,114,490,2,2,20,4,16,94,19,2,17,90,3.5,3,3.5,3,NA,117,7,110,111,9,102,123,5,118,24,55,25,96,48,104,491,30,108,500,16,99,489,21,116,506,81,2,NA,98,3,NA,65,1,64,103,66,0,66,105,39,10,29,98,40,15,25,93,3,NA,4,NA,32,52,7,2,2,4,10,16,100,16,100,29,111,108,211,208,105,104,2,40,3,3,34,106,492,4,2,24,3,21,98,25,0,25,97,3.5,4.5,3,3,NA,136,4,132,106,9,97,175,13,162,25,53,31,110,56,110,514,30,101,500,21,101,500,25,122,520,59,3,NA,71,2,NA,69,1,68,100,73,0,73,106,44,10,34,100,50,18,32,97,2,NA,3,NA,44,62,7,2,1,4,11,17,97,16,94,30,103,102,200,196,99,97,1,95,4,4,39,107,502,6,4,29,0,29,106,29,1,28,98,NA,4,NA,NA,NA
74,1,2,31,6,25,23,6,17,25,7,18,19,48,19,92,31,101,434,16,96,458,7,101,464,16,111,489,0,90,2,150,27,8,19,83,22,7,15,79,18,9,9,88,19,11,8,86,2,4,24,49,5,6,3,3,0,8,107,8,108,15,98,102,205,210,102,105,19,104,466,1,0,7,2,5,94,12,1,11,94,NA,NA,5,4,51,1,2,70,3,67,80,5,75,73,6,67,24,58,22,94,35,91,449,23,97,480,9,93,471,19,113,499,87,2,54,2,61,9,52,96,62,7,55,99,43,30,13,81,42,33,9,75,1,3,29,51,5,3,1,1,1,7,96,7,97,22,100,101,196,198,97,98,24,96,474,1,5,26,7,19,99,22,1,21,95,3.5,3.5,3,3.5,NA,78,5,73,61,6,55,106,2,104,26,58,25,92,44,94,480,25,93,486,15,95,487,23,118,513,120,3,NA,104,3,NA,67,4,63,94,71,10,61,91,35,17,18,80,45,29,16,77,3,NA,4,NA,44,67,8,2,2,1,12,15,97,15,97,22,90,90,187,187,92,92,2,35,2,3,33,99,490,3,2,23,2,21,98,22,2,20,90,3.5,4,3.5,4,NA,111,6,105,130,15,115,137,2,135,26,53,26,93,49,96,494,35,114,515,13,90,482,27,124,527,110,3,NA,113,2,NA,68,2,66,94,73,6,67,95,31,12,19,78,30,15,15,73,3,NA,1,NA,45,60,12,4,4,3,10,17,95,17,97,25,89,90,184,187,90,92,3,63,4,4,39,103,502,5,4,22,2,20,89,29,3,26,94,3.5,NA,NA,4,NA
75,2,1,42,4,38,33,4,29,54,16,38,17,46,21,108,36,117,453,18,108,465,14,120,484,14,108,482,0,273,0,170,30,5,25,95,32,3,29,98,18,1,17,104,21,8,13,98,0,2,20,44,5,2,2,1,2,9,112,8,108,16,107,105,219,213,110,106,26,116,477,4,5,17,0,17,115,16,1,15,100,NA,NA,3.5,3.5,75,2,1,96,2,94,76,16,60,93,3,90,18,44,22,97,45,111,483,23,101,480,22,115,502,14,100,482,134,1,70,1,59,0,59,109,63,3,60,110,37,6,31,108,35,6,29,106,1,2,22,42,3,3,1,1,2,6,94,6,94,18,96,89,190,183,94,90,31,110,486,6,4,18,1,17,95,19,2,17,90,3,3,4,3,NA,93,2,91,84,2,82,110,11,99,22,50,28,106,50,108,497,27,100,491,24,111,508,15,97,485,85,1,NA,94,0,NA,66,3,63,102,63,0,63,102,33,7,26,94,39,8,31,100,1,NA,4,NA,27,45,1,1,0,4,15,20,110,19,107,22,93,90,203,197,100,98,2,22,2,2,33,104,490,5,6,26,2,24,103,25,2,23,94,1,3,2.5,3.5,NA,95,5,90,97,3,94,125,5,120,24,51,29,105,55,109,511,28,97,494,23,105,505,17,97,492,80,1,NA,86,0,NA,64,1,63,94,68,0,68,100,33,4,29,94,36,2,34,100,0,NA,2,NA,34,50,7,2,2,5,15,22,111,22,111,27,99,97,210,208,105,104,3,60,4,4,36,102,496,6,6,33,0,33,113,26,6,20,88,3,4,NA,5,NA
76,2,2,78,2,76,91,1,90,82,20,62,20,54,26,127,37,119,457,17,106,462,17,124,491,14,108,482,2,39,1,25,52,3,49,114,53,4,49,114,20,7,13,98,21,5,16,103,0,3,26,54,8,7,4,4,2,14,129,14,134,18,112,111,241,245,124,127,23,113,472,3,5,31,2,29,131,31,6,25,115,NA,NA,4.5,4,81,2,2,154,13,141,131,0,131,108,0,108,19,46,27,113,47,114,489,29,115,497,23,116,505,19,116,499,70,3,28,1,68,1,67,117,70,3,67,117,41,5,36,114,45,3,42,120,2,2,24,45,6,4,2,1,3,11,112,10,108,22,105,101,217,209,109,104,33,113,490,6,6,37,3,34,121,40,1,39,120,4,4.5,4.5,5,NA,NA,NA,NA,NA,NA,NA,NA,NA,NA,NA,NA,NA,NA,NA,NA,NA,NA,NA,NA,NA,NA,NA,NA,NA,NA,NA,NA,NA,NA,NA,NA,NA,NA,NA,NA,NA,NA,NA,NA,NA,NA,NA,NA,NA,NA,NA,NA,NA,NA,NA,NA,NA,NA,NA,NA,NA,NA,NA,NA,NA,NA,NA,NA,NA,NA,NA,NA,NA,NA,NA,NA,NA,NA,NA,NA,NA,NA,NA,NA,NA,NA,NA,NA,NA,NA,NA,4,4,3.5,4,NA,113,2,111,117,2,115,143,0,143,23,49,33,116,57,112,516,32,108,506,27,113,517,23,116,513,60,1,NA,65,3,NA,78,1,77,113,83,1,82,121,50,6,44,112,52,9,43,111,3,NA,2,NA,31,46,9,3,3,8,12,23,114,23,114,35,117,117,231,231,118,118,3,103,4,4,43,115,509,7,5,38,3,35,116,34,5,29,102,4.5,4.5,NA,NA,NA
77,2,2,134,1,133,112,1,111,117,2,115,17,44,23,121,44,131,480,25,126,486,21,132,500,16,117,489,2,121,2,56,59,1,58,134,60,1,59,135,31,2,29,123,29,4,25,119,0,3,31,62,1,3,2,2,2,5,96,5,96,18,112,111,208,207,104,103,29,121,483,1,2,35,2,33,135,36,2,34,128,NA,NA,3.5,3.5,88,2,2,156,4,152,174,3,171,128,3,125,20,49,29,125,53,124,506,31,122,503,25,121,510,19,118,499,47,3,35,2,74,1,73,130,73,2,71,128,48,7,41,123,49,6,43,125,2,3,27,50,6,4,2,1,0,8,102,7,97,26,115,114,217,211,109,105,31,112,486,1,3,43,3,40,132,43,2,41,123,3,4,4,4.5,NA,159,6,153,134,4,130,140,2,138,24,55,30,112,57,119,516,32,115,506,26,115,513,18,107,496,56,3,NA,84,2,NA,59,0,59,103,64,0,64,110,42,2,40,115,48,0,48,123,2,NA,4,NA,31,53,3,1,1,5,15,21,114,21,113,30,116,110,230,223,118,113,2,56,4,4,36,111,496,2,3,43,3,40,129,40,2,38,115,2,3.5,4,3.5,NA,144,3,141,147,4,143,154,9,145,25,53,34,123,56,111,514,30,102,500,24,107,508,24,120,516,63,3,NA,66,1,NA,72,0,72,105,67,0,67,98,47,9,38,105,46,7,39,106,3,NA,2,NA,40,58,7,2,2,4,15,21,109,21,108,32,110,110,219,218,110,109,2,28,2,1,45,118,512,5,8,43,1,42,126,39,4,35,112,3,4,NA,3,NA
78,2,2,101,2,99,118,1,117,119,1,118,16,44,30,143,57,141,516,24,119,483,24,131,508,18,121,496,2,93,3,65,59,0,59,123,58,0,58,122,33,1,32,121,32,1,31,120,0,3,19,42,1,3,2,2,NA,NA,NA,NA,NA,31,145,31,NA,NA,NA,NA,29,118,483,1,0,40,0,40,142,37,0,37,132,NA,NA,2,3,88,2,2,NA,NA,NA,NA,NA,NA,NA,NA,NA,NA,NA,NA,NA,NA,NA,NA,NA,NA,NA,NA,NA,NA,NA,NA,NA,NA,NA,NA,NA,NA,NA,NA,NA,NA,NA,NA,NA,NA,NA,NA,NA,NA,NA,NA,NA,NA,NA,NA,NA,NA,NA,NA,NA,NA,NA,NA,NA,NA,NA,NA,NA,NA,NA,NA,NA,NA,NA,NA,NA,NA,NA,NA,NA,NA,NA,NA,NA,NA,3,1.5,4,4,NA,NA,NA,NA,NA,NA,NA,NA,NA,NA,NA,NA,NA,NA,NA,NA,NA,NA,NA,NA,NA,NA,NA,NA,NA,NA,NA,NA,NA,NA,NA,NA,NA,NA,NA,NA,NA,NA,NA,NA,NA,NA,NA,NA,NA,NA,NA,NA,NA,NA,NA,NA,NA,NA,NA,NA,NA,NA,NA,NA,NA,NA,NA,NA,NA,NA,NA,NA,NA,NA,NA,NA,NA,NA,NA,NA,NA,NA,NA,NA,NA,NA,NA,NA,NA,NA,NA,3.5,3.5,4,4,NA,NA,NA,NA,NA,NA,NA,NA,NA,NA,NA,NA,NA,NA,NA,NA,NA,NA,NA,NA,NA,NA,NA,NA,NA,NA,NA,NA,NA,NA,NA,NA,NA,NA,NA,NA,NA,NA,NA,NA,NA,NA,NA,NA,NA,NA,NA,NA,NA,NA,NA,NA,NA,NA,NA,NA,NA,NA,NA,NA,NA,NA,NA,NA,NA,NA,NA,NA,NA,NA,NA,NA,NA,NA,NA,NA,NA,NA,NA,NA,NA,NA,NA,NA,NA,NA,NA,NA,NA,NA,NA,NA
79,2,2,86,2,84,95,15,80,82,3,79,15,38,24,100,37,100,457,18,92,465,16,107,489,14,100,482,1,51,0,37,44,4,40,87,46,4,42,89,24,8,16,90,21,14,7,76,0,1,18,36,5,2,1,1,0,6,96,6,100,20,101,116,197,216,97,108,22,99,471,2,0,28,0,28,130,20,0,20,108,NA,NA,4,4,88,2,2,NA,NA,NA,NA,NA,NA,NA,NA,NA,NA,NA,NA,NA,NA,NA,NA,NA,NA,NA,NA,NA,NA,NA,NA,NA,NA,NA,NA,NA,NA,NA,NA,NA,NA,NA,NA,NA,NA,NA,NA,NA,NA,NA,NA,NA,NA,NA,NA,NA,NA,NA,NA,NA,NA,NA,NA,NA,NA,NA,NA,NA,NA,NA,NA,NA,NA,NA,NA,NA,NA,NA,NA,NA,NA,NA,NA,NA,NA,NA,NA,NA,NA,NA,NA,NA,NA,NA,NA,NA,NA,NA,NA,NA,NA,NA,NA,NA,NA,NA,NA,NA,NA,NA,NA,NA,NA,NA,NA,NA,NA,NA,NA,NA,NA,NA,NA,NA,NA,NA,NA,NA,NA,NA,NA,NA,NA,NA,NA,NA,NA,NA,NA,NA,NA,NA,NA,NA,NA,NA,NA,NA,NA,NA,NA,NA,NA,NA,NA,NA,NA,NA,NA,NA,NA,NA,NA,NA,NA,NA,NA,NA,NA,NA,NA,NA,NA,NA,NA,NA,NA,NA,NA,NA,NA,NA,NA,NA,NA,NA,NA,NA,NA,NA,NA,NA,NA,NA,NA,NA,NA,NA,NA,NA,NA,NA,NA,NA,NA,NA,NA,NA,NA,NA,NA,NA,NA,NA,NA,NA,NA,NA,NA,NA,NA,NA,NA,NA,NA,NA,NA,NA,NA,NA,NA,NA,NA,NA,NA,NA,NA,NA,NA,NA,NA,NA,NA,NA,NA,NA,NA,NA,NA,NA,NA,NA,NA,NA,NA,NA,NA,NA,NA,NA,NA,NA,NA,NA,NA,NA,NA,NA,NA,NA,NA,NA
80,2,2,96,0,96,96,1,95,93,0,93,22,57,28,123,50,126,497,27,117,491,21,120,500,20,124,502,3,129,4,94,49,0,49,109,54,0,54,114,28,5,23,107,24,3,21,105,3,3,30,58,4,5,2,3,0,6,99,7,104,26,126,132,225,236,114,121,35,121,494,5,4,37,0,37,139,32,2,30,122,NA,NA,3.5,4.5,97,2,2,144,4,140,135,1,134,121,4,117,23,55,31,123,61,127,527,33,121,509,26,117,513,24,129,516,86,4,53,4,66,0,66,112,68,0,68,114,38,5,33,107,47,4,43,118,4,3,33,57,4,7,2,3,5,11,109,12,116,34,130,138,239,254,123,133,43,124,509,3,5,37,1,36,125,37,1,36,116,5,5,6,6,NA,NA,NA,NA,NA,NA,NA,NA,NA,NA,NA,NA,NA,NA,NA,NA,NA,NA,NA,NA,NA,NA,NA,NA,NA,NA,NA,NA,NA,NA,NA,NA,NA,NA,NA,NA,NA,NA,NA,NA,NA,NA,NA,NA,NA,NA,NA,NA,NA,NA,NA,NA,NA,NA,NA,NA,NA,NA,NA,NA,NA,NA,NA,NA,NA,NA,NA,NA,NA,NA,NA,NA,NA,NA,NA,NA,NA,NA,NA,NA,NA,NA,NA,NA,NA,NA,NA,5,5.5,5,5,NA,NA,NA,NA,NA,NA,NA,NA,NA,NA,NA,NA,NA,NA,NA,NA,NA,NA,NA,NA,NA,NA,NA,NA,NA,NA,NA,NA,NA,NA,NA,NA,NA,NA,NA,NA,NA,NA,NA,NA,NA,NA,NA,NA,NA,NA,NA,NA,NA,NA,NA,NA,NA,NA,NA,NA,NA,NA,NA,NA,NA,NA,NA,NA,NA,NA,NA,NA,NA,NA,NA,NA,NA,NA,NA,NA,NA,NA,NA,NA,NA,NA,NA,NA,NA,NA,NA,NA,NA,NA,NA,NA
81,2,1,12,5,7,16,5,11,17,3,14,20,54,21,108,29,107,427,15,101,454,16,123,489,13,105,478,0,600,1,300,18,0,18,88,15,1,14,84,11,1,10,94,11,1,10,94,0,1,24,50,1,1,1,1,0,2,82,2,79,17,109,108,191,187,94,92,18,108,464,1,0,4,0,4,90,4,1,3,78,NA,NA,2.5,1.5,38,2,1,63,1,62,62,2,60,65,2,63,20,49,22,97,43,107,477,23,100,480,24,117,508,19,116,499,288,1,166,2,44,0,44,91,42,2,40,87,23,3,20,95,21,1,20,95,1,3,29,53,5,1,1,0,2,8,101,7,97,24,110,107,211,204,105,101,29,107,483,3,3,14,1,13,89,16,1,15,87,NA,NA,4,3,NA,56,4,52,64,3,61,75,1,74,22,50,26,99,51,108,500,28,101,494,23,108,505,21,115,506,200,0,NA,236,2,NA,52,1,51,89,60,0,60,98,28,4,24,92,31,3,28,97,3,NA,1,NA,34,55,4,1,1,2,11,14,94,14,94,24,98,95,192,189,95,93,2,33,3,2,30,99,485,3,3,20,0,20,97,17,0,17,86,4.5,3.5,4,4,NA,72,1,71,95,2,93,128,1,127,22,47,28,102,58,113,519,30,101,500,29,118,525,23,116,513,112,2,NA,134,1,NA,64,0,64,95,58,1,57,86,37,2,35,101,32,0,32,97,2,NA,1,NA,37,54,4,1,1,2,14,17,98,17,98,29,104,102,202,200,100,99,2,42,3,3,40,108,503,5,5,23,1,22,93,21,2,19,87,4.5,4,4,4,NA
82,2,2,65,7,58,44,6,38,47,6,41,18,49,21,114,37,126,457,18,116,465,11,124,477,16,118,489,0,59,2,51,39,8,31,105,46,8,38,112,29,15,14,104,8,2,6,89,0,2,19,44,5,2,2,1,1,8,111,7,104,16,112,105,223,209,113,104,22,116,471,2,3,23,3,20,120,25,3,22,111,NA,NA,4,3.5,97,2,2,157,2,155,131,1,130,117,0,117,23,58,25,111,46,117,486,27,114,491,21,116,500,16,108,489,93,3,73,3,69,1,68,125,69,0,69,126,27,5,22,102,35,5,30,111,2,2,26,50,7,2,1,1,2,10,109,10,108,25,116,110,225,218,114,109,29,111,483,5,4,32,4,28,112,37,3,34,113,3,3.5,4,4,NA,145,1,144,145,4,141,163,1,162,26,60,33,122,54,112,508,30,107,500,21,105,500,17,102,492,74,3,NA,94,2,NA,78,2,76,118,78,2,76,118,35,1,34,104,46,4,42,113,2,NA,3,NA,30,49,4,1,1,7,19,27,133,27,133,32,117,113,250,246,132,127,3,53,4,4,32,101,488,4,4,37,3,34,119,35,3,32,103,4,4.5,4,4,NA,142,3,139,153,2,151,155,1,154,25,55,32,117,56,111,514,28,98,494,23,105,505,18,101,496,70,1,NA,69,1,NA,79,1,78,115,78,2,76,111,42,8,34,100,47,9,38,105,2,NA,0,NA,40,58,8,2,2,2,16,20,106,20,104,34,115,112,221,216,111,108,2,46,3,3,32,97,488,8,8,38,2,36,117,39,3,36,113,4,4,NA,5,NA
83,2,1,71,0,71,93,2,91,74,3,71,22,60,20,104,43,128,477,23,121,480,19,128,495,13,106,478,1,129,2,81,57,4,53,118,57,4,53,118,44,8,36,125,39,9,30,119,1,3,36,70,6,4,3,2,1,10,116,9,113,15,104,102,220,215,111,108,29,121,483,2,1,23,0,23,123,23,1,22,111,NA,NA,3.5,3.5,88,2,1,127,1,126,127,3,124,106,3,103,24,61,22,97,51,120,500,28,113,494,21,114,500,16,107,489,83,3,57,3,71,0,71,121,65,2,63,113,45,4,41,119,44,4,40,118,0,3,35,63,4,3,1,1,2,7,97,7,97,21,103,98,200,195,99,96,31,111,486,2,3,31,2,29,113,29,0,29,106,3,3.5,3.5,4,NA,133,1,132,120,3,117,144,0,144,26,60,29,109,56,116,514,30,108,500,27,116,517,21,116,506,70,2,NA,92,4,NA,69,0,69,109,72,0,72,112,46,2,44,116,45,0,45,117,4,NA,2,NA,37,60,8,3,2,6,14,23,119,22,117,29,111,108,230,225,118,114,3,32,3,2,37,111,498,5,5,26,1,25,105,28,0,28,100,2.5,3.5,3.5,4,NA,135,2,133,133,3,130,147,0,147,28,59,29,105,60,117,525,34,114,512,26,110,513,27,129,527,72,2,NA,59,3,NA,75,0,75,109,81,1,80,117,48,3,45,113,53,3,50,120,4,NA,1,NA,37,54,10,3,3,7,12,22,111,22,111,28,101,100,212,211,106,105,2,55,4,4,41,111,505,5,4,27,0,27,102,28,4,24,94,4,3,NA,5,NA
84,2,1,75,5,70,69,1,68,68,2,66,19,46,22,97,39,107,464,20,99,472,15,109,487,14,102,482,1,147,3,111,47,2,45,100,54,4,50,105,17,2,15,93,22,6,16,94,2,3,30,56,2,4,2,2,0,4,89,4,90,19,102,114,191,204,94,101,32,115,488,4,3,28,0,28,130,28,1,27,118,NA,NA,4,4.5,95,2,1,107,2,105,110,3,107,106,1,105,NA,NA,21,88,46,104,486,24,96,483,23,110,505,15,98,485,121,3,80,2,63,2,61,105,66,3,63,109,31,4,27,100,33,4,29,102,2,2,31,53,3,3,1,1,1,5,87,5,90,21,94,98,181,188,89,93,33,106,490,4,3,25,5,20,100,35,0,35,114,4,4,5,4,NA,116,4,112,101,7,94,126,3,123,21,44,28,102,48,98,491,27,96,491,21,102,500,18,101,496,106,2,NA,103,2,NA,71,2,69,101,74,3,71,103,33,4,29,94,38,5,33,99,2,NA,3,NA,35,51,6,1,1,3,11,15,93,15,97,23,89,92,182,189,89,93,4,48,3,4,33,98,490,3,4,25,1,24,103,29,2,27,99,4,3,4,3.5,NA,NA,NA,NA,NA,NA,NA,NA,NA,NA,NA,NA,NA,NA,NA,NA,NA,NA,NA,NA,NA,NA,NA,NA,NA,NA,NA,NA,NA,NA,NA,NA,NA,NA,NA,NA,NA,NA,NA,NA,NA,NA,NA,NA,NA,NA,NA,NA,NA,NA,NA,NA,NA,NA,NA,NA,NA,NA,NA,NA,NA,NA,NA,NA,NA,NA,NA,NA,NA,NA,NA,NA,NA,NA,NA,NA,NA,NA,NA,NA,NA,NA,NA,NA,NA,NA,NA,NA,NA,NA,NA,NA
85,2,1,50,1,49,49,0,49,52,1,51,21,54,23,110,38,117,460,19,107,469,14,117,484,16,114,489,3,202,4,157,40,4,36,98,38,2,36,98,16,6,10,90,14,9,5,80,1,4,34,64,4,2,1,1,0,5,95,5,96,21,113,119,208,215,104,108,24,112,474,3,3,18,2,16,114,18,1,17,104,NA,NA,3.5,3,95,2,1,108,5,103,106,3,103,108,6,102,22,52,27,110,46,106,486,28,106,494,21,108,500,14,97,482,99,3,66,2,63,1,62,108,69,3,66,112,35,9,26,98,41,14,27,100,2,3,34,58,4,6,2,2,2,8,98,8,98,31,119,121,217,219,109,110,36,112,496,5,5,29,1,28,112,22,1,21,93,4,3.5,3,4,NA,114,1,113,104,4,100,110,5,105,26,58,32,115,54,109,508,29,101,497,25,110,510,24,122,516,102,3,NA,131,2,NA,68,0,68,100,73,1,72,105,37,9,28,92,40,9,31,96,4,NA,2,NA,39,60,6,1,1,6,14,21,113,21,112,31,112,110,225,222,114,112,3,40,2,3,38,109,500,6,9,30,3,27,108,30,1,29,100,3,3,4.5,4,NA,106,7,99,126,5,121,145,5,140,25,53,32,113,56,108,514,32,106,506,22,102,502,24,117,516,64,3,NA,79,2,NA,65,0,65,96,76,1,75,109,44,10,34,100,41,2,39,106,4,NA,4,NA,43,61,14,4,4,7,13,24,115,24,116,34,112,112,227,228,115,117,3,98,4,4,42,111,507,10,11,32,0,32,111,29,0,29,99,4,4,NA,4,NA
86,2,2,36,8,28,32,4,28,32,3,29,19,46,21,98,36,104,453,16,92,458,10,103,474,13,99,478,1,289,2,203,25,5,20,77,34,4,30,87,14,2,12,88,15,5,10,85,1,2,27,51,5,3,1,2,0,6,97,7,104,16,96,105,193,209,95,104,19,100,466,2,2,18,2,16,114,19,2,17,104,NA,NA,2.5,3.5,70,2,2,72,4,68,66,3,63,68,0,68,NA,NA,22,94,45,102,483,24,96,483,17,102,491,14,95,482,179,2,121,3,48,0,48,93,44,2,42,84,20,3,17,87,20,4,16,85,1,2,24,42,1,3,1,1,3,5,87,5,90,21,94,98,181,188,89,93,29,99,483,3,0,17,4,13,89,20,1,19,92,3,4.5,4,4,NA,55,2,53,55,2,53,81,1,80,23,51,26,96,47,98,489,26,95,488,23,106,505,17,99,492,168,1,NA,208,2,NA,45,2,43,72,46,1,45,74,19,4,15,76,18,4,14,75,1,NA,3,NA,29,43,5,1,1,5,14,20,106,20,110,22,87,90,193,200,95,99,3,40,2,3,34,100,492,1,3,23,1,22,100,22,1,21,92,3,3,4,3.5,NA,73,4,69,67,3,64,103,1,102,25,52,25,90,50,97,497,31,100,503,16,93,489,16,91,489,138,2,NA,153,0,NA,44,0,44,70,47,1,46,73,22,7,15,73,22,7,15,73,3,NA,2,NA,28,39,8,2,2,4,16,22,108,22,111,29,99,102,207,213,103,106,2,56,3,4,33,94,490,2,5,20,2,18,85,20,2,18,85,3,3,NA,4,NA
87,2,2,28,10,18,19,5,14,18,6,12,16,40,20,90,27,89,420,14,87,450,6,93,459,11,93,471,0,142,0,116,29,12,17,74,32,13,19,76,19,17,2,69,22,19,3,72,3,1,15,33,1,5,2,3,0,3,85,4,90,11,83,90,168,180,83,89,5,83,439,0,0,16,17,0,80,17,8,9,90,NA,NA,3,3.5,42,2,2,62,7,55,70,5,65,65,5,60,20,45,19,82,36,88,453,17,84,462,7,87,464,11,86,471,115,3,67,3,56,7,49,93,60,18,42,84,45,30,15,84,47,38,9,75,3,3,28,49,2,3,1,1,1,4,84,4,85,11,71,73,155,158,76,78,24,94,474,1,0,31,10,21,102,26,25,1,65,2.5,3.5,3,2,NA,58,18,40,83,6,77,102,1,101,19,40,25,92,38,85,460,25,92,486,10,88,474,14,89,482,105,0,NA,110,1,NA,63,5,58,87,70,6,64,95,51,38,13,73,56,45,11,70,1,NA,3,NA,26,39,6,1,1,1,10,12,85,12,89,19,80,83,165,172,81,84,2,59,4,4,30,95,485,3,0,22,9,13,85,29,5,24,96,3,3.5,3.5,3.5,NA,65,5,60,95,4,91,127,1,126,21,43,25,90,45,90,483,26,90,488,15,92,487,16,90,489,84,1,NA,70,0,NA,65,1,64,91,65,1,64,91,41,11,30,91,47,14,33,95,2,NA,2,NA,34,46,5,1,1,2,8,11,80,11,82,24,87,90,167,172,82,84,2,104,4,4,33,93,490,4,2,22,5,17,83,28,4,24,94,3,4,NA,3,NA
88,2,2,98,0,98,96,1,95,97,3,94,21,54,26,127,41,123,470,21,113,475,19,125,495,20,128,502,4,130,4,79,58,0,58,122,58,0,58,122,33,5,28,117,33,7,26,115,0,4,31,62,5,7,4,4,0,9,112,9,113,21,120,119,232,232,119,118,33,122,490,5,5,34,2,32,134,33,1,32,125,NA,NA,4,4.5,95,2,2,152,1,151,148,1,147,95,0,95,22,54,29,120,52,119,503,33,124,509,29,127,525,20,119,502,82,2,53,3,63,0,63,113,62,2,60,110,41,1,40,118,42,2,40,118,3,2,31,56,3,5,2,2,3,8,101,8,101,26,115,114,216,215,108,108,35,116,494,4,5,37,3,34,121,37,2,35,114,3.5,5,4.5,5,NA,159,4,155,155,1,154,160,0,160,23,53,29,109,58,118,519,33,116,509,29,121,525,20,112,502,59,3,NA,92,3,NA,62,1,61,99,75,1,74,115,49,1,48,120,46,2,44,116,3,NA,4,NA,45,72,8,3,2,6,12,21,113,20,110,38,133,131,246,241,128,124,2,103,4,4,41,117,505,9,11,37,3,34,119,40,0,40,117,5,4,4.5,5.5,NA,138,1,137,162,2,160,181,0,181,26,56,37,127,60,117,525,34,114,512,29,118,525,22,112,509,57,3,NA,86,2,NA,73,1,72,105,78,1,77,113,47,3,44,112,51,3,48,117,3,NA,3,NA,42,59,8,2,2,6,16,24,115,24,118,40,125,129,240,247,124,128,4,88,4,4,45,117,512,9,10,36,6,30,108,41,4,37,115,4.5,5,NA,6,NA
89,2,1,23,3,20,25,3,22,25,7,18,22,57,20,95,29,97,427,17,96,462,11,107,477,16,111,489,1,180,1,173,27,6,21,85,24,5,19,83,13,3,10,90,12,2,10,90,1,2,27,51,3,4,2,2,1,6,97,6,100,13,88,96,185,196,91,97,21,105,469,2,2,11,4,7,98,15,3,12,96,NA,NA,4,3.5,75,2,1,83,1,82,61,0,61,74,0,74,24,58,21,91,45,103,483,25,99,486,16,101,489,23,125,513,137,4,91,4,41,1,40,83,40,0,40,83,20,4,16,85,18,6,12,79,3,3,38,64,4,6,2,2,2,8,98,8,101,21,98,98,196,199,97,99,35,111,494,3,4,28,0,28,112,22,1,21,95,2.5,3.5,3.5,3,NA,65,3,62,65,1,64,91,1,90,25,55,26,96,50,102,497,28,99,494,19,100,495,22,115,509,95,1,NA,205,4,NA,59,4,55,83,54,0,54,82,28,6,22,85,29,8,21,84,2,NA,4,NA,37,57,6,1,1,2,7,10,84,10,84,23,92,92,176,176,86,86,2,33,2,2,34,101,492,4,4,26,0,26,106,25,0,25,97,3.5,3,4,4,NA,86,2,84,95,7,88,104,2,102,26,53,27,96,50,97,497,31,101,503,21,99,500,27,125,527,110,2,NA,112,2,NA,60,1,59,85,64,3,61,88,31,9,22,81,27,3,24,84,3,NA,4,NA,33,45,10,3,3,3,11,17,95,17,98,23,84,87,179,185,88,91,2,54,3,4,37,99,498,4,2,23,0,23,95,24,2,22,91,3,3,NA,4,NA
90,2,1,49,4,45,48,5,43,40,5,35,21,59,22,122,35,124,449,19,120,469,13,128,482,17,123,492,1,225,2,125,40,3,37,113,37,5,32,108,16,2,14,109,19,9,10,101,1,1,30,63,4,0,0,0,0,4,94,4,90,14,106,99,200,189,99,93,23,119,472,0,2,18,4,14,111,18,2,16,102,NA,NA,3,3,70,2,1,152,3,149,154,16,138,108,4,104,24,64,22,104,45,118,483,24,110,483,17,113,491,17,113,492,75,3,47,2,65,3,62,119,67,3,64,121,34,9,25,106,34,10,24,104,2,3,32,59,2,4,2,1,0,4,87,3,80,20,105,95,192,175,95,86,32,116,488,3,3,31,1,30,115,33,2,31,109,2.5,3,4,4,NA,133,0,133,113,7,106,135,2,133,24,58,25,100,51,114,500,30,112,500,24,114,508,20,116,502,68,3,NA,88,4,NA,69,0,69,115,67,1,66,112,37,2,35,109,37,4,33,107,2,NA,4,NA,31,55,4,1,1,5,15,21,118,21,113,25,108,97,226,210,115,105,2,25,2,2,41,120,505,4,5,30,1,29,111,29,4,25,97,3,3.5,3,3,NA,113,7,106,131,9,122,172,2,170,23,51,27,102,52,106,503,30,104,500,22,105,502,19,106,499,58,3,NA,71,1,NA,75,4,71,103,70,1,69,101,32,10,22,85,42,8,34,100,2,NA,2,NA,27,42,8,2,2,2,11,15,97,15,92,24,95,90,192,182,95,90,2,35,2,2,38,110,500,5,6,29,3,26,101,34,1,33,108,3,3,NA,2,NA
91,2,1,38,1,37,29,6,23,27,7,20,19,45,22,90,36,91,453,16,84,458,8,91,468,15,99,485,0,115,1,186,33,6,27,72,36,7,29,74,14,2,12,79,15,7,8,73,0,0,22,41,4,4,1,2,0,5,91,6,100,18,91,111,182,211,89,105,23,95,472,2,1,15,0,15,112,19,3,16,102,NA,NA,3.5,4,51,2,1,79,2,77,70,0,70,62,2,60,22,49,23,90,42,91,473,20,84,472,10,89,474,14,90,482,112,3,76,3,56,1,55,83,52,2,50,78,30,13,17,79,26,9,17,79,0,2,29,43,0,9,3,4,3,6,86,7,97,21,85,98,171,195,84,96,30,95,485,3,4,26,6,20,100,24,4,20,94,3,3,4,2.5,NA,NA,NA,NA,NA,NA,NA,NA,NA,NA,NA,NA,NA,NA,NA,NA,NA,NA,NA,NA,NA,NA,NA,NA,NA,NA,NA,NA,NA,NA,NA,NA,NA,NA,NA,NA,NA,NA,NA,NA,NA,NA,NA,NA,NA,NA,NA,NA,NA,NA,NA,NA,NA,NA,NA,NA,NA,NA,NA,NA,NA,NA,NA,NA,NA,NA,NA,NA,NA,NA,NA,NA,NA,NA,NA,NA,NA,NA,NA,NA,NA,NA,NA,NA,NA,NA,NA,3,4,3.5,3.5,NA,65,4,61,97,3,94,100,1,99,27,52,26,88,47,89,489,29,93,497,21,97,500,20,98,502,123,2,NA,128,1,NA,64,0,64,86,57,1,56,78,33,4,29,87,32,6,26,83,0,NA,1,NA,30,37,5,1,1,5,17,23,106,23,114,29,93,102,199,216,98,108,2,46,2,3,34,90,492,4,5,24,1,23,95,23,1,22,91,3.5,4,NA,5,NA
92,2,1,18,5,13,16,4,12,18,9,9,17,42,21,93,26,87,416,13,85,446,9,100,471,10,90,468,0,674,1,425,20,6,14,71,20,3,17,74,10,1,9,84,11,1,10,85,0,1,21,42,6,5,2,3,0,8,105,9,113,14,90,99,195,212,96,106,10,90,450,3,3,4,0,4,90,3,1,2,77,NA,NA,3.5,3.5,75,2,1,NA,NA,NA,NA,NA,NA,NA,NA,NA,NA,NA,NA,NA,NA,NA,NA,NA,NA,NA,NA,NA,NA,NA,NA,NA,NA,NA,NA,NA,NA,NA,NA,NA,NA,NA,NA,NA,NA,NA,NA,NA,NA,NA,NA,NA,NA,NA,NA,NA,NA,NA,NA,NA,NA,NA,NA,NA,NA,NA,NA,NA,NA,NA,NA,NA,NA,NA,NA,NA,NA,NA,NA,NA,NA,NA,NA,NA,NA,NA,NA,3.5,2,46,107,7,100,98,4,94,108,3,105,23,49,24,86,53,103,506,27,94,491,29,117,525,19,102,499,113,0,NA,141,2,NA,64,0,64,95,65,1,64,95,31,0,31,96,35,3,32,97,1,NA,3,NA,40,56,8,2,2,2,11,15,92,15,96,24,90,93,182,189,89,93,3,42,3,3,33,95,490,5,6,31,2,29,111,29,2,27,98,2,4,4.5,0,NA,105,3,102,102,3,99,137,2,135,26,53,27,96,56,105,514,29,96,497,27,110,517,19,99,499,75,2,NA,70,2,NA,68,1,67,95,67,0,67,95,41,4,37,99,41,1,40,103,0,NA,2,NA,39,50,8,2,2,5,13,20,104,20,102,23,86,82,190,184,94,90,2,74,4,4,38,99,500,8,9,26,3,23,95,29,1,28,98,2,3,NA,4,NA
93,2,2,21,4,17,18,3,15,19,7,12,18,49,19,100,29,109,427,14,100,450,8,113,468,11,99,471,0,54,3,45,23,11,12,82,27,11,16,86,12,10,2,77,10,9,1,75,0,1,19,42,5,2,2,1,0,7,104,6,100,13,98,96,202,196,100,97,11,103,452,2,2,14,3,11,107,16,7,9,90,NA,NA,3.5,3.5,65,2,2,79,1,78,62,3,59,65,1,64,19,46,23,100,39,104,464,18,93,465,14,105,484,15,104,485,80,2,46,1,51,2,49,99,53,1,52,102,22,13,9,79,23,17,6,74,0,1,21,41,1,0,0,0,0,1,72,1,70,21,103,98,175,168,86,82,15,93,459,2,0,13,1,12,87,24,21,3,69,2,3.5,2,3.5,NA,94,4,90,61,10,51,86,2,84,22,50,28,106,45,99,483,23,93,480,12,94,480,20,112,502,113,4,NA,123,1,NA,67,2,65,104,66,1,65,104,40,24,16,81,37,22,15,80,3,NA,4,NA,34,55,6,2,1,2,10,14,94,13,92,25,101,97,195,189,96,93,2,31,3,2,32,101,488,3,4,28,2,26,106,32,1,31,103,2,3,3,3.5,NA,80,12,68,85,5,80,108,3,105,22,47,28,102,52,102,503,27,95,491,18,97,493,21,109,506,92,3,NA,65,1,NA,69,1,68,100,70,4,66,97,36,14,22,85,37,19,18,80,0,NA,1,NA,31,44,7,2,1,1,9,12,84,11,81,29,101,100,185,181,91,89,2,43,3,3,29,92,483,3,3,22,5,17,83,27,24,3,56,3,2,NA,NA,NA
94,1,1,55,2,53,55,1,54,51,3,48,15,42,20,104,36,119,453,21,117,475,16,124,489,16,116,489,2,238,2,130,44,5,39,106,41,2,39,106,20,5,15,101,19,7,12,97,0,2,17,39,2,3,2,2,0,4,92,4,90,22,122,122,214,212,107,106,25,117,476,3,3,25,1,24,125,23,2,21,110,NA,NA,4,3.5,95,1,1,99,1,98,99,1,98,78,2,76,24,61,27,113,46,113,486,27,110,491,21,113,500,17,110,492,158,2,99,4,50,0,50,100,57,1,56,106,30,5,25,102,25,2,23,99,2,2,29,53,4,5,2,2,3,9,104,9,104,25,112,110,216,214,108,107,31,110,486,1,3,30,1,29,113,28,0,28,104,3,3.5,3,3.5,NA,123,4,119,111,4,107,104,1,103,21,48,29,109,53,111,506,28,101,494,23,108,505,20,102,502,135,4,NA,183,3,NA,49,0,49,84,48,1,47,82,29,4,25,93,29,6,23,90,1,NA,4,NA,29,48,6,2,1,3,14,19,108,18,104,25,101,97,209,201,104,100,2,23,2,2,38,112,500,3,4,34,0,34,119,27,2,25,97,3,NA,4,4,NA,86,4,82,102,5,97,116,5,111,21,44,30,107,54,106,508,20,100,500,24,106,508,20,106,502,93,3,NA,120,1,NA,50,0,50,78,61,0,61,91,34,2,32,97,38,2,36,102,4,NA,3,NA,30,43,5,1,1,6,12,19,102,19,101,35,114,114,216,215,108,108,2,35,2,2,41,111,505,4,6,34,4,30,108,34,3,31,102,2,NA,NA,3,NA
95,1,2,27,8,19,26,7,19,32,10,22,13,37,19,95,28,99,423,14,93,450,8,105,468,10,93,468,0,186,1,80,28,9,19,83,31,11,20,84,22,15,7,84,14,5,9,88,0,2,21,44,3,2,1,1,3,7,103,7,104,15,98,102,201,206,99,102,11,97,452,3,1,24,14,10,105,22,17,5,83,NA,NA,3.5,4,59,1,2,79,5,74,81,7,74,81,3,78,18,43,23,97,39,98,464,19,91,469,18,106,493,14,98,482,124,3,100,1,48,1,47,92,50,2,48,93,17,3,14,82,19,5,14,82,2,2,20,37,4,1,1,0,3,8,99,7,97,21,98,98,197,195,97,96,22,96,471,3,4,23,7,16,94,25,3,22,96,3.5,4,3.5,3.5,NA,NA,NA,NA,NA,NA,NA,NA,NA,NA,NA,NA,NA,NA,NA,NA,NA,NA,NA,NA,NA,NA,NA,NA,NA,NA,NA,NA,NA,NA,NA,NA,NA,NA,NA,NA,NA,NA,NA,NA,NA,NA,NA,NA,NA,NA,NA,NA,NA,NA,NA,NA,NA,NA,NA,NA,NA,NA,NA,NA,NA,NA,NA,NA,NA,NA,NA,NA,NA,NA,NA,NA,NA,NA,NA,NA,NA,NA,NA,NA,NA,NA,NA,NA,NA,NA,NA,3,3.5,NA,NA,NA,NA,NA,NA,NA,NA,NA,NA,NA,NA,NA,NA,NA,NA,NA,NA,NA,NA,NA,NA,NA,NA,NA,NA,NA,NA,NA,NA,NA,NA,NA,NA,NA,NA,NA,NA,NA,NA,NA,NA,NA,NA,NA,NA,NA,NA,NA,NA,NA,NA,NA,NA,NA,NA,NA,NA,NA,NA,NA,NA,NA,NA,NA,NA,NA,NA,NA,NA,NA,NA,NA,NA,NA,NA,NA,NA,NA,NA,NA,NA,NA,NA,NA,NA,NA,NA,NA,NA,NA,NA,NA,NA
96,1,1,67,2,65,73,4,69,79,5,74,18,49,21,108,38,120,460,20,113,472,10,115,474,13,105,478,2,133,3,73,46,2,44,110,54,4,50,115,27,3,24,113,42,11,31,120,0,3,21,46,1,3,2,2,0,3,87,3,85,15,104,102,191,187,94,92,20,110,467,3,2,25,1,24,125,20,3,17,104,NA,NA,3.5,3.5,95,1,1,119,15,104,119,5,114,117,3,114,19,46,20,93,40,106,467,20,97,472,18,110,493,17,110,492,58,2,32,1,69,1,68,125,67,6,61,118,32,7,25,106,39,11,28,109,0,3,23,44,2,5,2,2,1,5,90,5,90,14,86,79,176,169,86,83,31,111,486,2,4,23,1,22,103,18,4,14,85,3,3,3.5,3.5,NA,125,0,125,148,2,146,136,2,134,19,43,30,112,50,106,497,26,97,488,21,105,500,22,118,509,74,2,NA,60,3,NA,76,0,76,118,77,3,74,115,51,7,44,116,49,6,43,115,1,NA,4,NA,26,43,14,4,4,3,15,22,116,22,117,27,106,103,222,220,112,111,2,51,4,4,34,105,492,5,4,30,4,26,106,39,1,38,115,3,2,3.5,4,NA,163,5,158,161,2,159,191,5,186,27,55,29,101,59,113,522,32,105,506,26,109,513,22,110,509,37,2,NA,42,3,NA,89,2,87,126,91,3,88,127,61,9,52,119,59,11,48,114,2,NA,2,NA,41,55,8,2,2,8,8,18,98,18,98,33,107,107,205,205,102,102,2,45,2,3,33,95,490,7,7,46,3,43,127,47,2,45,124,3,NA,NA,4,NA
97,1,2,21,9,12,25,16,9,22,13,9,16,42,19,92,24,89,408,16,94,458,4,88,443,10,92,468,0,159,2,84,31,21,10,75,34,19,15,79,17,13,4,78,18,16,2,74,0,1,17,38,2,1,1,1,0,3,85,3,85,9,83,84,168,169,83,83,5,87,439,2,1,22,16,6,96,20,16,4,80,NA,NA,2,2,51,1,2,49,3,46,81,9,72,79,7,72,19,45,19,84,34,89,446,15,82,454,5,83,452,15,100,485,105,2,65,2,54,7,47,92,61,12,49,94,22,15,7,71,29,24,5,68,0,3,22,41,3,6,2,2,0,5,89,5,90,17,89,87,178,177,87,87,27,99,479,2,4,24,4,20,100,24,3,21,95,0,2,3.5,3.5,NA,117,9,108,129,18,111,117,8,109,20,44,25,92,43,93,477,21,87,475,9,87,471,19,105,499,104,3,NA,125,2,NA,74,13,61,91,76,12,64,95,45,33,12,72,47,38,9,68,1,NA,3,NA,28,44,6,1,1,1,6,8,79,8,80,23,92,92,171,172,84,84,1,25,1,2,33,99,490,3,3,27,11,16,90,31,4,27,99,3,2,3,4,NA,80,7,73,101,9,92,101,3,98,20,41,23,85,46,92,486,25,89,486,13,90,482,17,94,492,75,2,NA,83,1,NA,81,5,76,107,74,9,65,93,44,22,22,81,34,17,17,75,0,NA,0,NA,29,40,10,3,3,2,10,15,90,15,92,23,84,86,174,178,85,87,2,71,4,4,29,89,483,3,3,26,8,18,85,31,5,26,94,3,3,NA,NA,NA
98,1,1,43,11,32,26,4,22,36,8,28,19,51,20,104,29,105,427,17,104,462,10,113,474,12,101,475,1,204,1,119,35,3,32,101,40,16,24,94,16,7,9,92,22,10,12,97,0,2,9,27,3,2,2,1,2,7,104,6,100,16,107,105,211,205,105,102,11,100,452,2,1,13,1,12,108,14,4,10,92,NA,NA,3.5,3.5,88,1,1,96,1,95,86,2,84,69,1,68,20,49,25,107,48,115,491,21,97,475,23,116,505,16,106,489,113,3,92,2,69,1,68,118,63,2,61,111,40,4,36,114,40,2,38,116,1,4,28,52,4,8,4,4,3,11,111,11,112,22,105,101,216,213,108,106,23,99,472,2,3,13,4,9,82,16,3,13,84,2,2,4,4,NA,98,1,97,88,3,85,124,15,109,21,48,30,112,50,105,497,23,92,480,25,111,510,16,99,489,165,1,NA,237,1,NA,73,1,72,112,75,2,73,114,49,3,46,118,42,6,36,106,2,NA,3,NA,32,52,8,3,2,3,14,20,110,19,107,33,120,118,230,225,118,114,2,33,3,2,29,97,483,2,2,28,1,27,108,21,1,20,90,3,4,3.5,4.5,NA,113,4,109,107,7,100,119,5,114,24,51,33,116,59,114,522,27,94,491,26,110,513,19,102,499,91,2,NA,104,2,NA,66,1,65,96,66,0,66,97,41,2,39,106,41,2,39,106,3,NA,2,NA,33,47,9,3,2,6,16,25,117,24,116,35,114,114,231,230,118,118,3,58,4,4,36,100,496,5,3,23,2,21,91,28,1,27,96,3,4,NA,NA,NA
99,5,2,42,4,38,45,6,39,43,12,31,18,44,21,90,31,89,434,18,91,465,9,96,471,12,94,475,1,305,3,112,37,9,28,76,40,13,27,76,20,13,7,76,23,18,5,72,1,2,29,53,1,4,2,2,1,4,88,4,90,15,88,102,176,192,86,95,20,96,467,2,2,19,3,16,114,19,6,13,97,NA,NA,3.5,3.5,75,5,2,NA,NA,NA,NA,NA,NA,NA,NA,NA,NA,NA,NA,NA,NA,NA,NA,NA,NA,NA,NA,NA,NA,NA,NA,NA,NA,NA,NA,NA,NA,NA,NA,NA,NA,NA,NA,NA,NA,NA,NA,NA,NA,NA,NA,NA,NA,NA,NA,NA,NA,NA,NA,NA,NA,NA,NA,NA,NA,NA,NA,NA,NA,NA,NA,NA,NA,NA,NA,NA,NA,NA,NA,NA,NA,NA,NA,NA,NA,NA,NA,NA,NA,NA,NA,NA,NA,NA,NA,NA,NA,NA,NA,NA,NA,NA,NA,NA,NA,NA,NA,NA,NA,NA,NA,NA,NA,NA,NA,NA,NA,NA,NA,NA,NA,NA,NA,NA,NA,NA,NA,NA,NA,NA,NA,NA,NA,NA,NA,NA,NA,NA,NA,NA,NA,NA,NA,NA,NA,NA,NA,NA,NA,NA,NA,NA,NA,NA,NA,NA,NA,NA,NA,NA,NA,NA,NA,NA,NA,NA,NA,NA,NA,NA,NA,NA,NA,NA,NA,NA,NA,NA,NA,NA,NA,NA,NA,NA,NA,NA,NA,NA,NA,NA,NA,NA,NA,NA,NA,NA,NA,NA,NA,NA,NA,NA,NA,NA,NA,NA,NA,NA,NA,NA,NA,NA,NA,NA,NA,NA,NA,NA,NA,NA,NA,NA,NA,NA,NA,NA,NA,NA,NA,NA,NA,NA,NA,NA,NA,NA,NA,NA,NA,NA,NA,NA,NA,NA,NA,NA,NA,NA,NA,NA,NA,NA,NA,NA,NA,NA,NA,NA,NA,NA,NA,NA,NA,NA,NA,NA,NA,NA,NA,NA,NA,NA
100,1,1,52,5,47,39,3,36,42,2,40,22,60,19,106,39,127,464,19,116,469,10,120,474,15,114,485,1,118,1,92,27,4,23,96,26,2,24,97,17,4,13,102,17,5,12,101,0,1,31,64,1,1,1,1,1,3,89,3,85,12,101,93,190,178,94,87,15,109,459,2,2,13,3,10,105,17,1,16,102,NA,NA,3.5,4,95,1,1,NA,NA,NA,NA,NA,NA,NA,NA,NA,NA,NA,NA,NA,NA,NA,NA,NA,NA,NA,NA,NA,NA,NA,NA,NA,NA,NA,NA,NA,NA,NA,NA,NA,NA,NA,NA,NA,NA,NA,NA,NA,NA,NA,NA,NA,NA,NA,NA,NA,NA,NA,NA,NA,NA,NA,NA,NA,NA,NA,NA,NA,NA,NA,NA,NA,NA,NA,NA,NA,NA,NA,NA,NA,NA,NA,NA,NA,NA,NA,NA,NA,NA,NA,NA,NA,NA,NA,NA,NA,NA,NA,NA,NA,NA,NA,NA,NA,NA,NA,NA,NA,NA,NA,NA,NA,NA,NA,NA,NA,NA,NA,NA,NA,NA,NA,NA,NA,NA,NA,NA,NA,NA,NA,NA,NA,NA,NA,NA,NA,NA,NA,NA,NA,NA,NA,NA,NA,NA,NA,NA,NA,NA,NA,NA,NA,NA,NA,NA,NA,NA,NA,NA,NA,NA,NA,NA,NA,NA,NA,NA,NA,NA,NA,NA,NA,NA,NA,NA,NA,NA,NA,NA,NA,NA,NA,NA,NA,NA,NA,NA,NA,NA,NA,NA,NA,NA,NA,NA,NA,NA,NA,NA,NA,NA,NA,NA,NA,NA,NA,NA,NA,NA,NA,NA,NA,NA,NA,NA,NA,NA,NA,NA,NA,NA,NA,NA,NA,NA,NA,NA,NA,NA,NA,NA,NA,NA,NA,NA,NA,NA,NA,NA,NA,NA,NA,NA,NA,NA,NA,NA,NA,NA,NA,NA,NA,NA,NA,NA,NA,NA,NA,NA,NA,NA,NA,NA,NA,NA,NA,NA,NA,NA,NA,NA,NA
101,2,1,71,4,67,72,2,70,63,0,63,22,57,22,106,38,115,460,21,110,475,13,114,482,11,97,471,0,21,0,20,44,0,44,105,43,5,38,100,20,8,12,93,22,6,16,99,1,2,25,50,1,3,1,2,1,3,85,4,90,18,106,111,191,201,94,100,24,111,474,0,0,24,1,23,123,21,0,21,110,NA,NA,3.5,4,97,2,1,123,4,119,121,2,119,109,6,103,21,50,25,104,48,109,491,29,109,497,19,106,495,23,125,513,85,3,65,2,56,2,54,98,57,2,55,99,31,5,26,98,23,6,17,87,2,4,28,50,1,6,2,2,2,5,89,5,87,26,110,107,199,194,98,96,37,114,498,3,4,36,2,34,121,38,2,36,114,2.5,2.5,3.5,3.5,88,99,2,97,80,2,78,99,4,95,25,55,30,108,52,106,503,28,99,494,26,112,513,22,115,509,105,3,NA,127,4,NA,52,1,51,79,60,2,58,87,28,6,22,85,28,6,22,85,3,NA,4,NA,38,59,5,1,1,4,14,19,108,19,106,30,109,108,217,214,109,107,2,41,2,3,36,104,496,5,3,30,5,25,105,32,4,28,99,3,4,4,3,NA,97,8,89,127,12,115,138,5,133,27,55,30,104,55,106,511,32,105,506,23,103,505,26,123,523,85,2,NA,90,1,NA,68,2,66,94,66,0,66,94,31,9,22,81,38,13,25,85,2,NA,2,NA,39,52,8,2,2,4,15,21,106,21,107,30,101,102,207,209,103,104,2,60,4,4,40,106,503,4,4,34,1,33,113,32,2,30,101,2,NA,NA,NA,NA
102,7,2,66,4,62,44,6,38,43,5,38,20,51,21,103,33,108,442,18,103,465,8,106,468,18,120,496,3,203,2,91,42,7,35,97,43,8,35,97,20,8,12,93,23,18,5,80,0,3,23,47,3,2,1,1,0,4,90,4,90,14,95,99,185,189,91,93,19,106,466,3,3,22,1,21,121,18,2,16,102,NA,NA,4,3.5,95,7,2,NA,NA,NA,NA,NA,NA,NA,NA,NA,NA,NA,NA,NA,NA,NA,NA,NA,NA,NA,NA,NA,NA,NA,NA,NA,NA,NA,NA,NA,NA,NA,NA,NA,NA,NA,NA,NA,NA,NA,NA,NA,NA,NA,NA,NA,NA,NA,NA,NA,NA,NA,NA,NA,NA,NA,NA,NA,NA,NA,NA,NA,NA,NA,NA,NA,NA,NA,NA,NA,NA,NA,NA,NA,NA,NA,NA,NA,NA,3,NA,NA,NA,NA,NA,NA,NA,NA,NA,NA,NA,NA,NA,NA,NA,NA,NA,NA,NA,NA,NA,NA,NA,NA,NA,NA,NA,NA,NA,NA,NA,NA,NA,NA,NA,NA,NA,NA,NA,NA,NA,NA,NA,NA,NA,NA,NA,NA,NA,NA,NA,NA,NA,NA,NA,NA,NA,NA,NA,NA,NA,NA,NA,NA,NA,NA,NA,NA,NA,NA,NA,NA,NA,NA,NA,NA,NA,NA,NA,NA,NA,NA,NA,NA,NA,NA,NA,NA,NA,NA,NA,NA,NA,NA,NA,NA,NA,NA,NA,NA,NA,NA,NA,NA,NA,NA,NA,NA,NA,NA,NA,NA,NA,NA,NA,NA,NA,NA,NA,NA,NA,NA,NA,NA,NA,NA,NA,NA,NA,NA,NA,NA,NA,NA,NA,NA,NA,NA,NA,NA,NA,NA,NA,NA,NA,NA,NA,NA,NA,NA,NA,NA,NA,NA,NA,NA,NA,NA,NA,NA,NA,NA,NA,NA,NA,NA,NA,NA,NA,NA,NA,NA,NA,NA,NA,NA,NA,NA,NA,NA,NA,NA,NA,NA,NA,NA
103,2,1,77,1,76,89,0,89,79,1,78,18,49,23,121,40,130,467,21,122,475,18,132,493,13,108,478,1,115,1,45,53,2,51,127,53,4,49,124,27,3,24,118,24,7,17,108,0,2,17,41,2,2,2,1,0,4,94,3,85,19,120,114,214,199,107,99,30,124,485,4,4,26,0,26,128,26,0,26,117,NA,NA,4,3.5,97,2,1,NA,NA,NA,NA,NA,NA,NA,NA,NA,NA,NA,NA,NA,NA,NA,NA,NA,NA,NA,NA,NA,NA,NA,NA,NA,NA,NA,NA,NA,NA,NA,NA,NA,NA,NA,NA,NA,NA,NA,NA,NA,NA,NA,NA,NA,NA,NA,NA,NA,NA,NA,NA,NA,NA,NA,NA,NA,NA,NA,NA,NA,NA,NA,NA,NA,NA,NA,NA,NA,NA,NA,NA,NA,NA,NA,NA,NA,NA,3,3.5,5,4,NA,112,3,109,99,2,97,119,1,118,23,53,31,115,57,117,516,31,110,503,28,118,520,20,112,502,51,1,NA,66,4,NA,70,0,70,110,70,1,69,109,44,7,37,107,41,3,38,109,2,NA,3,NA,33,54,6,2,1,3,12,17,102,16,99,28,108,102,210,201,105,100,3,66,4,4,38,112,500,4,7,32,1,31,114,31,2,29,100,NA,NA,NA,NA,NA,110,2,108,108,5,103,137,1,136,24,51,33,120,60,118,525,32,108,506,25,109,510,19,104,499,78,3,NA,86,0,NA,73,0,73,106,76,0,76,111,48,3,45,113,47,2,45,113,2,NA,4,NA,35,51,8,2,2,7,11,20,106,20,104,36,119,116,225,220,114,111,2,72,4,4,35,101,494,4,10,22,3,19,87,26,4,22,88,NA,NA,NA,5,NA
104,1,2,38,4,34,26,3,23,22,7,15,18,46,22,102,30,96,431,15,91,454,9,102,471,8,86,460,0,192,1,101,23,1,22,86,24,6,18,82,18,5,13,94,18,5,13,94,0,1,18,37,0,6,3,3,0,3,85,3,85,17,98,108,183,193,90,95,18,100,464,1,1,17,1,16,114,19,2,17,104,NA,NA,3,3.5,55,1,2,62,3,59,38,3,35,71,1,70,19,45,24,100,38,94,460,18,88,465,14,99,484,12,91,475,116,2,59,1,40,2,38,82,38,1,37,81,15,5,10,76,13,4,9,75,0,1,19,35,3,6,2,2,1,6,91,6,94,21,94,98,185,192,91,95,23,95,472,3,1,24,6,18,97,16,4,12,83,3,3,3,3,NA,63,3,60,49,7,42,69,3,66,20,42,29,102,43,91,477,28,97,494,13,92,482,16,94,489,46,1,NA,82,3,NA,56,2,54,82,52,5,47,76,28,12,16,77,28,13,15,76,2,NA,1,NA,28,42,7,2,2,1,10,13,87,13,91,27,99,100,186,191,91,94,2,35,2,2,32,95,488,4,2,26,2,24,103,20,6,14,81,2,3,2,3,NA,60,9,51,81,5,76,82,7,75,23,46,28,96,53,99,506,27,91,491,16,93,489,19,98,499,176,4,NA,164,1,NA,61,2,59,85,60,3,57,83,28,13,15,73,25,15,10,66,0,NA,1,NA,29,39,6,1,1,3,7,11,79,11,80,29,96,97,175,177,86,87,2,42,2,2,32,90,488,2,1,19,2,17,83,18,1,17,79,3,3,NA,3,NA
105,1,1,16,8,8,16,6,10,24,9,15,16,44,16,95,29,111,427,11,95,438,5,106,452,11,100,471,0,469,1,240,18,3,15,87,19,3,16,88,12,3,9,95,11,2,9,95,0,0,14,34,1,3,2,2,0,3,87,3,85,8,86,81,173,166,85,81,9,102,448,0,2,3,8,0,80,4,2,2,77,NA,NA,2,3.5,45,1,1,NA,NA,NA,NA,NA,NA,NA,NA,NA,NA,NA,NA,NA,NA,NA,NA,NA,NA,NA,NA,NA,NA,NA,NA,NA,NA,NA,NA,NA,NA,NA,NA,NA,NA,NA,NA,NA,NA,NA,NA,NA,NA,NA,NA,NA,NA,NA,NA,NA,NA,NA,NA,NA,NA,NA,NA,NA,NA,NA,NA,NA,NA,NA,NA,NA,NA,NA,NA,NA,NA,NA,NA,NA,NA,NA,NA,NA,NA,NA,NA,NA,NA,NA,58,3,55,33,8,25,63,2,61,23,53,24,93,41,93,470,24,94,483,16,98,489,22,118,509,270,0,NA,269,2,NA,48,4,44,79,52,9,43,78,25,7,18,84,24,10,14,78,2,NA,4,NA,28,47,0,0,0,3,8,11,87,11,86,17,81,77,168,163,83,80,2,62,4,4,30,98,485,5,3,19,1,18,93,20,1,19,88,NA,NA,NA,NA,NA,55,5,50,56,5,51,55,5,50,23,49,25,93,45,93,483,24,90,483,19,98,495,19,103,499,167,2,NA,227,1,NA,49,4,45,74,51,3,48,77,28,5,23,86,30,12,18,80,0,NA,2,NA,32,47,7,2,1,2,13,17,98,16,94,23,89,86,187,180,92,89,2,32,2,2,27,89,479,3,2,14,4,10,66,16,4,12,72,1,NA,NA,NA,NA
106,1,1,13,7,6,14,6,8,12,8,4,14,40,14,86,22,94,400,10,88,434,3,85,423,9,92,464,0,308,2,168,25,19,6,76,32,22,10,80,8,6,2,77,12,6,6,86,0,2,11,30,3,1,1,1,0,4,92,4,90,9,88,84,180,174,88,85,1,80,419,0,0,22,18,4,90,11,14,0,71,NA,NA,3,3.5,25,1,1,87,16,71,83,10,73,73,8,65,17,41,21,91,36,92,453,18,88,465,8,91,468,8,80,460,123,0,89,1,52,4,48,93,43,3,40,83,19,8,11,78,18,9,9,75,0,1,21,39,1,1,1,0,1,3,81,2,73,16,87,80,168,153,83,74,20,93,467,1,1,22,4,18,97,18,5,13,82,NA,NA,4,3.5,81,66,1,65,61,11,50,94,6,88,19,42,24,89,42,92,473,22,89,477,12,92,480,12,86,475,144,0,NA,170,1,NA,53,1,52,80,65,12,53,81,29,12,17,79,31,17,14,75,1,NA,3,NA,28,44,7,2,2,1,14,17,102,17,101,24,95,93,197,194,97,96,2,61,4,4,31,98,486,4,3,28,8,20,97,22,5,17,85,3,2,2.5,3.5,55,65,9,56,78,10,68,104,2,102,15,33,25,93,41,87,470,19,80,469,11,89,477,17,96,492,159,1,NA,157,1,NA,60,3,57,86,61,5,56,85,39,23,16,77,40,29,11,70,1,NA,0,NA,29,42,7,2,1,1,10,13,86,12,84,26,94,92,180,176,88,86,2,59,4,4,29,91,483,4,2,19,5,14,76,23,4,19,84,3.5,4,4,4,NA
107,1,2,23,7,16,24,7,17,19,9,10,18,51,19,111,24,108,408,11,100,438,5,112,452,15,116,485,0,203,1,93,20,2,18,91,22,5,17,89,17,15,2,80,15,12,3,83,1,2,17,41,0,0,0,0,1,1,79,1,74,13,103,96,182,170,89,83,8,104,446,2,2,14,10,4,90,12,12,0,71,NA,NA,2,3,65,1,2,NA,NA,NA,NA,NA,NA,NA,NA,NA,NA,NA,NA,NA,NA,NA,NA,NA,NA,NA,NA,NA,NA,NA,NA,NA,NA,NA,NA,NA,NA,NA,NA,NA,NA,NA,NA,NA,NA,NA,NA,NA,NA,NA,NA,NA,NA,NA,NA,NA,NA,NA,NA,NA,NA,NA,NA,NA,NA,NA,NA,NA,NA,NA,NA,NA,NA,NA,NA,NA,NA,NA,NA,NA,NA,NA,NA,NA,NA,NA,NA,NA,NA,NA,96,3,93,88,5,83,97,3,94,21,48,30,112,49,105,494,28,102,494,21,105,500,16,100,489,123,1,NA,136,1,NA,66,1,65,104,68,0,68,108,33,4,29,98,33,5,28,97,2,NA,4,NA,30,49,5,1,1,3,9,13,92,13,91,25,101,95,193,186,95,92,1,32,3,2,36,110,496,4,4,23,2,21,98,25,2,23,93,NA,NA,NA,NA,NA,95,4,91,96,2,94,114,1,113,23,51,26,99,50,102,497,27,97,491,26,111,513,17,99,492,90,2,NA,136,0,NA,69,0,69,101,61,1,60,90,34,1,33,99,33,4,29,94,2,NA,1,NA,35,51,5,1,1,3,14,18,101,18,99,30,106,102,207,201,103,100,2,33,2,2,36,104,496,4,6,27,2,25,99,27,2,25,93,NA,NA,NA,NA,NA
108,2,2,67,2,65,69,2,67,57,3,54,24,64,21,98,37,109,457,18,98,465,13,110,482,18,117,496,2,130,2,61,46,4,42,103,45,8,37,99,23,15,8,86,20,7,13,94,2,1,33,60,7,3,1,2,0,8,105,9,113,20,105,116,210,229,105,117,25,109,476,4,4,22,2,20,120,21,4,17,104,NA,NA,4,3.5,75,2,2,143,2,141,131,4,127,129,1,128,24,58,24,100,51,113,500,29,109,497,21,108,500,19,112,499,67,3,36,2,63,1,62,108,69,2,67,113,29,4,25,97,31,3,28,101,3,3,NA,NA,9,10,4,4,1,14,116,14,123,24,101,107,217,230,109,118,33,107,490,4,4,41,0,41,134,40,1,39,120,4,3.5,4,4,NA,161,5,156,163,0,163,163,6,157,29,61,30,105,57,111,516,34,114,512,26,110,513,26,125,523,61,4,NA,72,3,NA,72,0,72,105,75,1,74,107,38,10,28,92,41,4,37,103,4,NA,4,NA,41,60,10,3,3,6,15,24,116,24,122,32,110,113,226,235,115,120,4,119,4,4,42,112,507,8,5,46,3,43,133,47,1,46,125,3.5,4.5,4,4.5,NA,170,4,166,148,1,147,201,7,194,28,57,29,101,59,112,522,33,108,509,24,104,508,25,119,520,49,3,NA,52,2,NA,79,0,79,112,80,1,79,112,40,7,33,95,40,9,31,92,2,NA,1,NA,49,66,13,4,4,9,19,32,133,32,145,35,111,117,244,262,127,138,4,90,4,4,40,104,503,8,7,40,2,38,120,39,2,37,115,4.5,4,NA,5,NA
109,2,2,67,5,62,66,8,58,60,7,53,19,48,20,95,34,104,446,17,96,462,10,105,474,15,107,485,0,157,2,100,34,2,32,95,36,4,32,95,16,6,10,90,17,5,12,93,0,3,25,48,4,5,2,3,2,8,105,9,113,16,96,105,201,218,99,109,23,107,472,4,5,22,4,18,117,22,1,21,110,NA,NA,3.5,3.5,97,2,2,153,7,146,131,3,128,114,6,108,23,53,24,97,45,100,483,33,117,509,17,100,491,21,116,506,72,3,65,3,63,3,60,98,62,6,56,94,29,4,25,93,30,5,25,93,2,3,31,51,4,6,2,2,5,11,106,11,108,22,93,95,199,203,98,101,35,108,494,6,8,39,2,37,127,37,3,34,111,3.5,3.5,4,5,NA,123,5,118,120,3,117,135,2,133,23,49,27,95,47,96,489,32,107,506,20,99,498,23,116,513,61,4,NA,68,2,NA,64,0,64,95,66,0,66,97,37,6,31,96,32,3,29,94,3,NA,2,NA,32,47,9,3,3,6,15,24,116,24,122,26,96,98,212,220,106,111,3,103,4,4,37,103,498,6,9,45,1,44,135,41,0,41,117,4,4,4,4,NA,127,4,123,147,7,140,173,5,168,24,50,27,96,52,100,503,35,115,515,18,96,493,24,116,516,50,3,NA,57,1,NA,65,0,65,93,70,2,68,96,41,9,32,93,37,6,31,92,2,NA,2,NA,39,52,9,2,3,5,12,19,101,20,105,32,105,110,206,215,102,108,4,97,4,4,43,110,509,7,7,43,1,42,126,42,3,39,118,5,5,NA,5,NA
110,2,2,84,2,82,91,16,75,72,7,65,25,69,26,132,38,125,460,21,121,475,17,129,491,19,128,499,1,140,4,95,43,0,43,118,45,1,44,119,28,8,20,113,27,8,19,111,1,2,34,69,4,0,0,0,3,7,107,7,104,24,134,127,241,231,124,118,34,127,492,2,2,27,1,26,128,26,0,26,117,NA,NA,3.5,4.5,88,2,2,161,3,158,135,0,135,133,1,132,25,63,33,139,60,133,525,30,119,500,28,127,520,17,111,492,68,3,53,2,72,0,72,129,78,0,78,135,44,7,37,119,42,8,34,115,2,4,36,64,3,6,3,2,3,9,104,8,101,33,132,135,236,236,121,121,29,110,483,1,5,36,4,32,118,35,1,34,113,5,4,5,5,NA,151,1,150,140,0,140,154,1,153,27,62,36,131,62,126,530,35,124,515,28,119,520,23,123,513,76,2,NA,88,2,NA,76,1,75,117,74,0,74,115,39,0,39,110,42,3,39,110,2,NA,3,NA,36,61,5,1,1,2,14,17,103,17,102,39,139,134,242,236,125,121,3,68,4,4,41,119,505,3,4,35,3,32,116,36,2,34,107,3.5,5,NA,NA,NA,157,1,156,152,1,151,189,0,189,28,59,40,136,64,124,536,31,104,503,30,121,530,27,128,527,53,3,NA,49,2,NA,81,0,81,119,84,0,84,124,50,6,44,112,48,3,45,113,3,NA,2,NA,46,67,6,1,1,4,15,20,106,20,104,42,133,132,239,236,123,121,3,121,4,4,41,110,505,3,6,47,1,46,131,38,2,36,110,5,NA,NA,NA,NA
111,2,1,111,1,110,99,3,96,104,3,101,20,49,24,109,47,119,489,25,110,486,24,122,508,17,113,492,1,95,4,64,61,1,60,117,70,3,67,124,46,9,37,119,44,9,35,116,0,2,24,47,5,2,1,1,1,7,101,7,104,24,114,127,215,231,108,118,36,121,496,2,3,36,0,36,138,26,1,25,115,NA,NA,3.5,4.5,88,2,1,161,1,160,146,0,146,129,0,129,21,48,30,115,52,112,503,29,107,497,28,120,520,21,118,506,47,3,25,3,67,0,67,113,69,2,67,113,54,1,53,129,56,3,53,129,3,4,33,56,6,3,1,1,5,12,110,12,116,28,111,120,221,236,111,121,38,115,500,4,4,36,2,34,121,38,1,37,117,5,4.5,5.5,4.5,NA,153,2,151,153,0,153,164,7,157,25,55,32,115,63,123,533,36,122,518,31,127,538,23,117,513,45,4,NA,50,3,NA,85,2,83,123,85,1,84,124,57,2,55,127,54,1,53,124,3,NA,3,NA,40,58,6,1,1,7,12,20,106,20,110,29,104,108,210,218,105,109,2,39,1,3,45,118,512,7,4,43,5,38,125,47,2,45,124,4,5,5.5,5.5,NA,177,2,175,177,14,163,202,4,198,23,48,35,118,61,116,527,34,111,512,30,120,530,28,128,530,32,1,NA,26,1,NA,88,1,87,126,86,3,83,118,58,4,54,123,54,4,50,116,4,NA,4,NA,43,58,5,1,1,9,17,27,121,27,129,39,120,126,241,255,124,133,4,88,4,4,47,117,516,5,5,56,1,55,143,57,3,54,144,5.5,6,NA,NA,NA
112,2,1,30,5,25,27,8,19,20,6,14,20,54,19,106,32,115,438,11,95,438,7,113,464,10,97,468,0,94,1,65,35,7,28,101,35,12,23,96,23,8,15,105,18,8,10,97,0,1,26,54,1,0,0,0,0,1,77,1,74,11,93,90,170,164,83,80,14,107,457,3,0,15,5,10,105,10,6,4,80,NA,NA,3.5,3.5,42,2,1,NA,NA,NA,NA,NA,NA,NA,NA,NA,NA,NA,NA,NA,NA,NA,NA,NA,NA,NA,NA,NA,NA,NA,NA,NA,NA,NA,NA,NA,NA,NA,NA,NA,NA,NA,NA,NA,NA,NA,NA,NA,NA,NA,NA,NA,NA,NA,NA,NA,NA,NA,NA,NA,NA,NA,NA,NA,NA,NA,NA,NA,NA,NA,NA,NA,NA,NA,NA,NA,NA,NA,NA,NA,NA,NA,NA,NA,NA,2.5,3.5,3.5,3.5,NA,130,0,130,122,5,117,138,3,135,20,45,25,96,51,107,500,23,92,480,27,115,517,18,105,496,79,2,NA,89,2,NA,73,1,72,112,76,2,74,115,47,3,44,116,44,6,38,109,0,NA,3,NA,26,43,4,1,1,5,13,19,108,19,106,28,108,102,216,208,108,104,2,23,2,1,29,97,483,9,8,31,6,25,105,32,2,30,101,3,3.5,4,3.5,NA,NA,NA,NA,NA,NA,NA,NA,NA,NA,NA,NA,NA,NA,NA,NA,NA,NA,NA,NA,NA,NA,NA,NA,NA,NA,NA,NA,NA,NA,NA,NA,NA,NA,NA,NA,NA,NA,NA,NA,NA,NA,NA,NA,NA,NA,NA,NA,NA,NA,NA,NA,NA,NA,NA,NA,NA,NA,NA,NA,NA,NA,NA,NA,NA,NA,NA,NA,NA,NA,NA,NA,NA,NA,NA,NA,NA,NA,NA,NA,NA,NA,NA,NA,NA,NA,NA,NA,NA,NA,NA,NA
113,2,2,133,1,132,129,2,127,122,1,121,22,57,25,117,47,127,489,25,118,486,21,124,500,17,116,492,1,60,3,55,61,2,59,118,60,3,57,116,32,8,24,108,29,4,25,110,1,2,31,60,7,6,3,3,3,13,125,13,130,25,123,130,248,260,129,137,36,125,496,1,2,40,1,39,141,42,1,41,137,NA,NA,4.5,4.5,97,2,2,170,3,167,154,1,153,133,3,130,25,60,25,104,54,119,508,30,113,500,18,106,493,24,130,516,63,3,40,4,68,0,68,114,70,1,69,115,40,4,36,110,35,2,33,107,3,4,40,69,7,5,1,2,3,11,109,12,116,28,115,120,224,236,113,121,32,108,488,4,7,37,2,35,123,42,2,40,121,4,4,5.5,5.5,NA,182,1,181,159,2,157,181,0,181,30,68,29,105,57,116,516,35,121,515,23,107,505,22,117,509,67,4,NA,74,4,NA,77,1,76,111,78,1,77,113,35,6,29,94,37,4,33,99,3,NA,3,NA,43,66,10,3,3,5,19,27,128,27,135,33,117,118,245,253,127,132,2,51,3,4,43,119,509,10,8,41,3,38,125,40,2,38,115,5,5,4.5,6,NA,171,0,171,161,1,160,192,0,192,26,56,34,119,60,116,525,32,106,506,25,107,510,28,130,530,49,3,NA,62,1,NA,79,0,79,116,81,1,80,117,42,2,40,107,44,2,42,110,3,NA,2,NA,44,62,7,2,2,6,17,25,117,25,121,36,116,119,233,240,119,123,3,72,4,4,43,113,509,8,8,45,1,44,128,47,1,46,130,4,5,NA,6,NA
114,2,1,153,2,151,129,1,128,133,0,133,19,51,28,135,47,133,489,25,124,486,28,141,520,15,113,485,3,213,2,60,55,1,54,119,54,0,54,119,39,4,35,124,36,5,31,120,1,2,24,50,3,3,2,2,1,6,100,6,100,31,145,146,245,246,127,127,38,131,500,5,7,41,2,39,141,39,2,37,132,NA,NA,4.5,4,81,2,1,161,1,160,148,0,148,116,0,116,NA,NA,31,127,53,123,506,31,121,503,30,132,530,18,114,496,150,3,56,4,44,1,43,90,51,1,50,100,40,1,39,117,39,0,39,117,1,3,32,58,4,6,3,2,4,11,111,10,108,35,137,140,248,248,129,129,40,124,503,7,5,36,3,33,120,36,2,34,113,4,3.5,5,4,NA,172,1,171,159,0,159,154,0,154,24,55,36,131,63,127,533,31,111,503,28,119,520,22,120,509,89,4,NA,108,4,NA,56,0,56,94,60,1,59,97,46,1,45,117,46,2,44,116,3,NA,3,NA,36,58,6,2,1,6,16,24,122,23,120,39,135,134,257,254,136,133,2,65,4,4,41,118,505,11,7,38,2,36,122,39,2,37,112,4,5,4.5,5.5,NA,143,0,143,151,0,151,172,1,171,23,49,36,124,64,124,536,34,114,512,30,122,530,23,116,513,52,4,NA,80,0,NA,53,0,53,81,60,0,60,90,47,0,47,116,49,0,49,119,2,NA,2,NA,35,51,5,1,1,7,17,25,119,25,121,42,133,134,252,255,132,133,3,64,4,4,44,117,511,9,11,40,3,37,119,39,5,34,110,3,5,NA,5,NA
115,2,1,23,4,19,23,5,18,22,3,19,19,51,17,93,33,113,442,16,103,458,16,123,489,14,108,482,0,223,2,176,27,3,24,94,23,4,19,89,18,4,14,100,15,1,14,100,1,1,30,61,4,3,2,2,0,6,100,6,100,17,109,108,209,208,104,104,17,107,462,3,1,11,3,8,100,14,4,10,92,NA,NA,3,3,51,2,1,85,7,78,67,2,65,57,3,54,21,52,26,110,41,106,470,21,97,475,24,118,508,14,100,482,108,2,101,2,57,2,55,105,53,3,50,100,33,5,28,105,34,6,28,105,1,4,31,56,5,3,1,1,0,6,94,6,94,22,105,101,199,195,98,96,30,109,485,2,2,22,4,18,97,22,3,19,92,3,3,3.5,3,NA,75,2,73,73,2,71,89,2,87,21,48,28,106,50,107,497,27,100,491,26,114,513,17,103,492,130,1,NA,70,2,NA,58,0,58,96,61,0,61,99,30,0,30,99,33,2,31,100,2,NA,3,NA,28,47,8,3,2,2,10,15,97,14,94,25,101,97,198,191,98,94,3,102,4,4,33,103,490,3,3,20,2,18,93,20,1,19,89,3,3,4,3.5,NA,75,5,70,95,4,91,93,3,90,22,47,29,105,53,104,506,29,99,497,26,110,513,17,97,492,65,1,NA,70,1,NA,61,0,61,91,62,2,60,90,34,3,31,96,37,2,35,101,3,NA,1,NA,32,47,9,3,3,1,11,15,93,15,92,28,101,100,194,192,96,95,3,65,4,4,35,99,494,3,0,23,2,21,91,23,3,20,88,4,4,NA,4,NA
116,2,2,133,0,133,115,1,114,123,2,121,21,54,26,120,38,114,460,28,122,494,20,121,498,17,116,492,1,104,3,70,66,3,63,121,58,1,57,116,38,9,29,114,37,8,29,114,1,2,30,58,1,5,2,3,0,3,85,4,90,23,118,125,203,215,100,108,33,120,490,3,6,35,1,34,136,39,0,39,134,NA,NA,5,3.5,97,2,2,198,2,196,207,1,206,173,15,158,23,55,29,117,56,122,514,28,109,494,28,123,520,17,108,492,66,3,39,4,80,2,78,128,81,4,77,126,47,10,37,111,50,8,42,117,4,4,36,62,12,6,2,2,2,16,124,16,130,26,110,114,234,244,120,126,35,114,494,9,9,44,1,43,138,42,2,40,121,4.5,5,4.5,4,NA,158,2,156,169,1,168,177,2,175,25,55,29,105,59,119,522,30,106,500,26,113,513,22,117,509,60,4,NA,76,1,NA,75,0,75,109,81,2,79,116,51,3,48,117,45,8,37,103,3,NA,3,NA,37,57,6,1,1,8,11,20,110,20,110,30,109,110,219,220,110,111,3,77,4,4,42,117,507,9,11,44,1,43,133,43,1,42,120,4,4.5,5,5.5,NA,184,5,179,188,9,179,230,4,226,25,53,36,108,59,114,522,34,113,512,28,114,520,24,118,516,46,3,NA,60,2,NA,93,6,87,130,108,11,97,138,57,10,47,116,55,11,44,112,3,NA,2,NA,44,62,8,2,2,4,12,18,100,18,100,37,119,122,219,222,110,112,3,79,4,4,43,114,509,12,8,44,1,43,127,43,3,40,120,4,5,NA,6,NA
117,2,2,59,1,58,82,15,67,60,1,59,17,46,26,127,40,121,467,19,109,469,22,128,502,13,104,478,0,198,1,136,43,1,42,109,40,1,39,106,22,0,22,110,20,3,17,104,0,1,22,48,0,2,2,1,1,3,87,2,79,25,129,130,216,209,108,104,26,115,477,2,3,27,1,26,128,28,0,28,120,NA,NA,3.5,3.5,88,2,2,132,1,131,117,1,116,97,3,94,19,45,25,107,50,116,497,24,101,483,20,110,498,16,105,489,123,1,78,2,67,1,66,116,66,1,65,115,40,6,34,112,40,2,38,116,3,2,26,48,3,7,4,3,0,7,97,6,94,26,115,114,212,208,106,104,32,110,488,3,4,33,3,30,115,30,1,29,106,3,4,4.5,4,NA,166,2,164,136,0,136,138,0,138,23,53,28,106,56,115,514,31,110,503,25,112,510,20,112,502,71,2,NA,82,2,NA,80,3,77,119,77,2,75,117,46,5,41,112,46,9,37,107,2,NA,3,NA,30,49,9,3,3,3,12,18,105,18,104,33,120,118,225,222,114,112,2,48,4,4,36,109,496,6,3,32,3,29,111,37,1,36,110,3.5,5,4.5,4.5,NA,147,4,143,143,3,140,188,3,185,25,53,32,113,59,115,522,30,101,500,28,115,520,19,103,499,68,4,NA,69,0,NA,75,0,75,109,73,1,72,105,50,2,48,117,50,3,47,116,3,NA,2,NA,38,54,6,1,1,6,14,21,107,21,108,34,112,114,219,222,110,112,3,44,3,3,40,108,503,9,9,35,2,33,113,37,0,37,115,3,4,NA,4,NA
118,1,2,39,3,36,47,2,45,43,3,40,16,44,21,108,40,125,467,17,108,462,15,123,487,10,96,468,1,144,0,110,37,3,34,102,40,6,34,102,20,2,18,105,20,3,17,104,0,2,13,33,1,3,2,2,2,5,96,5,96,19,114,114,210,210,105,105,23,115,472,2,4,24,1,23,123,23,3,20,108,NA,NA,3.5,3,65,1,2,121,1,120,128,2,126,102,3,99,18,44,25,111,47,115,489,23,102,480,28,126,520,17,110,492,100,2,56,2,66,1,65,122,68,2,66,123,32,5,27,108,31,2,29,110,0,3,24,45,3,7,4,3,2,9,104,8,101,23,107,104,211,205,105,102,29,108,483,6,6,21,1,20,100,27,3,24,99,1.5,3,3,2.5,NA,117,2,115,117,3,114,128,8,120,21,48,32,119,51,109,500,30,108,500,26,114,513,17,103,492,74,3,NA,77,2,NA,67,0,67,106,64,0,64,103,36,3,33,103,40,3,37,107,1,NA,3,NA,27,45,9,3,3,4,14,21,113,21,113,31,115,113,228,226,117,115,2,49,4,4,30,99,485,5,5,25,2,23,102,38,2,36,110,2,4.5,4,5,NA,95,1,94,101,2,99,128,3,125,22,47,37,127,53,106,506,25,92,486,30,122,530,16,95,489,83,1,NA,89,0,NA,74,0,74,107,71,0,71,103,41,5,36,102,35,1,34,100,3,NA,1,NA,35,51,8,2,2,6,14,22,111,22,111,35,117,117,228,228,117,117,3,87,4,4,35,101,494,7,7,33,3,30,108,34,5,29,102,3.5,3,NA,3,NA
119,2,1,107,2,105,99,2,97,117,0,117,19,45,19,83,41,103,470,22,97,477,12,99,480,15,102,485,0,38,1,21,56,1,55,105,63,5,58,108,31,9,22,98,35,14,21,97,1,1,21,41,1,3,1,2,0,2,79,3,85,16,91,105,170,190,83,94,31,108,486,0,2,26,2,24,125,24,6,18,105,NA,NA,4,3,88,2,1,208,1,207,196,0,196,177,1,176,18,40,26,103,57,116,516,28,100,494,23,107,505,16,98,489,57,3,37,1,73,1,72,112,80,3,77,119,52,4,48,120,51,6,45,117,0,2,22,37,1,6,2,2,1,4,83,4,85,27,106,117,189,202,93,100,34,103,492,5,7,28,5,23,104,33,1,32,110,3,4.5,2,3.5,NA,NA,NA,NA,NA,NA,NA,NA,NA,NA,NA,NA,NA,NA,NA,NA,NA,NA,NA,NA,NA,NA,NA,NA,NA,NA,NA,NA,NA,NA,NA,NA,NA,NA,NA,NA,NA,NA,NA,NA,NA,NA,NA,NA,NA,NA,NA,NA,NA,NA,NA,NA,NA,NA,NA,NA,NA,NA,NA,NA,NA,NA,NA,NA,NA,NA,NA,NA,NA,NA,NA,NA,NA,NA,NA,NA,NA,NA,NA,NA,NA,NA,NA,NA,NA,NA,NA,3,3.5,4,3.5,NA,NA,NA,NA,NA,NA,NA,NA,NA,NA,NA,NA,NA,NA,NA,NA,NA,NA,NA,NA,NA,NA,NA,NA,NA,NA,NA,NA,NA,NA,NA,NA,NA,NA,NA,NA,NA,NA,NA,NA,NA,NA,NA,NA,NA,NA,NA,NA,NA,NA,NA,NA,NA,NA,NA,NA,NA,NA,NA,NA,NA,NA,NA,NA,NA,NA,NA,NA,NA,NA,NA,NA,NA,NA,NA,NA,NA,NA,NA,NA,NA,NA,NA,NA,NA,NA,NA,NA,NA,NA,NA,NA
120,2,1,114,0,114,101,4,97,122,1,121,19,48,29,130,45,124,483,18,103,465,20,123,498,14,106,482,0,94,2,51,62,1,61,120,58,0,58,117,33,1,32,117,35,5,30,115,0,1,26,52,7,2,1,1,1,9,110,9,113,22,116,122,226,235,115,120,30,118,485,2,3,27,0,27,129,22,0,22,111,NA,NA,3.5,3.5,88,2,1,174,15,159,177,0,177,148,0,148,22,52,27,110,52,117,503,27,107,491,29,125,525,16,104,489,66,3,42,4,74,1,73,121,76,4,72,120,50,6,44,119,49,1,48,123,0,2,31,55,4,5,1,2,0,5,89,6,94,30,120,126,209,220,104,111,38,119,500,2,3,31,3,28,112,31,0,31,109,3,3.5,5,4,NA,149,2,147,98,2,96,120,6,114,23,51,32,119,56,114,514,26,97,488,27,115,517,20,111,502,68,2,NA,82,2,NA,78,2,76,118,83,3,80,123,53,10,43,115,53,6,47,119,2,NA,4,NA,35,57,7,2,2,3,13,18,105,18,104,35,125,123,230,227,118,115,2,51,4,4,37,109,498,6,6,33,2,31,114,29,2,27,99,3.5,3.5,4,4,NA,157,4,153,168,1,167,211,2,209,20,42,31,110,62,120,530,32,106,506,30,121,530,19,102,499,58,3,NA,68,0,NA,90,1,89,132,90,5,85,126,59,5,54,125,53,2,51,121,4,NA,1,NA,38,54,10,3,3,4,14,21,107,21,108,40,125,129,232,237,119,121,2,51,3,3,38,104,500,8,11,37,2,35,116,34,1,33,108,4.5,3,NA,4,NA
121,2,2,83,0,83,81,1,80,69,0,69,20,51,26,127,40,121,467,24,119,483,17,122,491,15,111,485,1,125,2,97,51,4,47,113,53,0,53,118,28,9,19,107,26,9,17,104,0,2,28,58,6,3,2,2,2,10,116,10,118,24,127,127,243,245,126,127,31,120,486,4,2,31,1,30,132,24,1,23,113,NA,NA,4,4,97,2,2,102,0,102,122,0,122,91,2,89,24,61,30,124,51,118,500,29,114,497,27,122,517,16,106,489,81,3,51,4,47,0,47,98,47,0,47,98,22,3,19,94,28,2,26,103,2,4,36,64,9,4,2,1,2,13,117,12,116,26,115,114,232,230,119,118,39,123,502,4,3,34,1,33,120,36,2,34,110,3.5,5,4.5,5,NA,130,1,129,134,2,132,132,2,130,26,60,34,125,59,119,522,32,112,506,25,111,510,22,118,509,55,4,NA,63,2,NA,61,0,61,99,61,0,61,99,36,8,28,97,35,10,25,93,2,NA,4,NA,38,61,10,4,3,6,10,20,110,19,107,35,125,123,235,230,120,118,2,111,4,4,42,118,507,9,10,33,4,29,111,34,2,32,104,4,4,5.5,4.5,NA,129,2,127,138,3,135,155,0,155,25,53,33,116,53,104,506,32,107,506,26,110,513,23,116,513,65,2,NA,52,1,NA,69,0,69,101,72,3,69,101,42,9,33,99,43,5,38,105,3,NA,1,NA,41,58,11,4,4,10,18,32,135,32,145,39,123,126,258,271,136,144,4,88,4,4,44,116,511,6,6,38,4,34,114,33,3,30,104,4,5,NA,NA,NA
122,2,2,51,6,45,63,7,56,51,4,47,17,46,21,118,36,124,453,18,116,465,9,120,471,9,95,464,0,133,1,69,38,5,33,107,36,4,32,106,21,7,14,104,17,8,9,95,0,2,25,54,2,3,2,2,0,4,94,4,90,16,112,105,206,195,102,96,18,113,464,4,3,21,4,17,115,22,4,18,105,NA,NA,3,3,97,2,2,90,1,89,87,1,86,90,3,87,19,46,22,104,45,117,483,22,104,477,13,107,482,15,106,485,100,2,46,2,63,3,60,117,59,2,57,111,29,8,21,101,28,8,20,100,2,1,30,56,3,3,1,1,1,5,91,5,90,23,111,104,202,194,100,96,28,110,481,4,4,27,5,22,103,36,2,34,113,3,4,3.5,3,NA,96,3,93,112,15,97,119,3,116,24,55,26,99,48,106,491,27,101,491,22,108,502,20,114,502,65,3,NA,78,2,NA,59,0,59,97,67,1,66,105,45,14,31,100,41,13,28,97,3,NA,3,NA,31,53,5,2,2,2,14,18,105,18,103,28,111,102,216,205,108,102,2,36,3,2,32,103,488,5,4,33,3,30,113,35,1,34,106,3,2.5,4,3.5,NA,90,4,86,110,1,109,137,2,135,25,55,27,102,53,107,506,30,104,500,22,104,502,24,122,516,75,3,NA,74,2,NA,70,0,70,102,73,1,72,105,42,7,35,101,41,10,31,96,2,NA,3,NA,40,61,4,1,1,2,14,17,102,17,98,26,99,94,201,192,99,95,3,70,4,4,34,101,492,9,10,30,5,25,99,32,5,27,99,3.5,4,NA,4,NA
123,2,1,18,4,14,18,6,12,15,6,9,14,38,21,108,25,98,412,15,98,454,10,111,474,10,94,468,0,192,3,102,28,14,14,84,44,27,17,87,31,26,5,84,32,30,2,77,2,2,18,41,1,5,3,3,1,5,96,5,96,14,101,99,197,195,97,96,15,103,459,2,3,10,1,9,104,15,1,14,99,NA,NA,2.5,3.5,38,2,1,64,2,62,61,6,55,57,9,48,22,54,21,94,35,95,449,20,95,472,9,96,471,7,109,492,158,1,98,4,46,6,40,87,51,10,41,88,25,11,14,85,17,7,10,81,3,2,26,48,0,6,3,2,2,5,90,4,85,16,91,84,181,169,89,83,25,101,476,4,2,19,3,16,94,18,3,15,87,3,3,3,3,NA,NA,NA,NA,NA,NA,NA,NA,NA,NA,NA,NA,NA,NA,NA,NA,NA,NA,NA,NA,NA,NA,NA,NA,NA,NA,NA,NA,NA,NA,NA,NA,NA,NA,NA,NA,NA,NA,NA,NA,NA,NA,NA,NA,NA,NA,NA,NA,NA,NA,NA,NA,NA,NA,NA,NA,NA,NA,NA,NA,NA,NA,NA,NA,NA,NA,NA,NA,NA,NA,NA,NA,NA,NA,NA,NA,NA,NA,NA,NA,NA,NA,NA,NA,NA,NA,NA,2.5,2.5,NA,NA,NA,NA,NA,NA,NA,NA,NA,NA,NA,NA,NA,NA,NA,NA,NA,NA,NA,NA,NA,NA,NA,NA,NA,NA,NA,NA,NA,NA,NA,NA,NA,NA,NA,NA,NA,NA,NA,NA,NA,NA,NA,NA,NA,NA,NA,NA,NA,NA,NA,NA,NA,NA,NA,NA,NA,NA,NA,NA,NA,NA,NA,NA,NA,NA,NA,NA,NA,NA,NA,NA,NA,NA,NA,NA,NA,NA,NA,NA,NA,NA,NA,NA,NA,NA,NA,NA,NA,NA,NA,NA,NA,NA
124,2,1,98,0,98,91,0,91,76,1,75,17,46,25,124,40,121,467,19,109,469,14,119,484,12,101,475,0,147,3,91,56,2,54,119,51,2,49,114,27,5,22,110,26,8,18,105,0,0,14,34,4,0,0,0,1,5,96,5,96,19,114,114,210,210,105,105,22,111,471,2,2,23,2,21,121,20,0,20,108,NA,NA,3.5,4,81,2,1,134,0,134,153,2,151,126,1,125,17,42,28,117,51,118,500,22,98,477,23,115,505,13,96,478,67,2,46,2,73,1,72,122,72,3,69,119,46,8,38,116,45,5,40,118,1,1,25,47,6,2,1,1,0,7,97,7,97,28,120,120,217,217,109,109,32,111,488,3,5,22,1,21,102,26,0,26,102,5,3.5,3.5,4,NA,153,0,153,146,1,145,140,1,139,20,45,29,109,58,119,519,29,105,497,26,114,513,13,91,478,58,2,NA,92,2,NA,82,0,82,128,73,1,72,112,39,4,35,105,33,3,30,99,3,NA,1,NA,24,40,0,0,0,5,13,18,105,18,104,31,115,113,220,217,111,109,2,102,4,4,42,120,507,4,4,27,3,24,103,25,3,22,93,3.5,4,3,5,NA,106,2,104,141,2,139,167,0,167,21,44,35,122,59,115,522,29,99,497,28,115,520,20,107,502,56,2,NA,65,2,NA,70,0,70,102,66,1,65,96,34,3,31,96,36,1,35,101,0,NA,1,NA,31,46,5,1,1,6,12,19,104,19,102,35,117,117,221,219,111,110,3,121,4,4,39,108,502,8,5,27,2,25,99,29,3,26,97,4,4,NA,4,NA
125,2,1,86,2,84,89,0,89,80,0,80,21,57,26,132,49,139,494,27,132,491,22,135,502,16,118,489,1,174,2,126,46,0,46,121,37,0,37,111,27,3,24,118,26,3,23,117,0,2,29,61,4,4,3,2,4,11,121,10,118,24,134,127,255,245,134,127,37,130,498,3,3,25,0,25,127,23,0,23,113,NA,NA,3.5,3.5,95,2,1,137,2,135,126,0,126,113,0,113,24,61,32,136,53,125,506,29,118,497,23,119,505,17,112,492,111,3,70,4,67,0,67,124,68,0,68,125,43,1,42,124,46,3,43,125,2,3,41,73,5,10,4,4,2,11,112,11,112,37,146,145,258,257,136,135,36,121,496,4,4,26,2,24,106,32,1,31,109,4,4,4,5,NA,120,2,118,98,2,96,122,0,122,25,57,33,122,61,124,527,32,115,506,29,122,525,25,130,520,104,4,NA,136,3,NA,69,1,68,114,67,1,66,112,41,2,39,114,46,4,42,117,3,NA,4,NA,44,73,5,1,1,7,13,21,114,21,113,38,137,131,251,244,132,126,2,50,4,4,43,123,509,4,3,29,1,28,110,30,1,29,101,4,3.5,4.5,5.5,NA,NA,NA,NA,NA,NA,NA,NA,NA,NA,NA,NA,NA,NA,NA,NA,NA,NA,NA,NA,NA,NA,NA,NA,NA,NA,NA,NA,NA,NA,NA,NA,NA,NA,NA,NA,NA,NA,NA,NA,NA,NA,NA,NA,NA,NA,NA,NA,NA,NA,NA,NA,NA,NA,NA,NA,NA,NA,NA,NA,NA,NA,NA,NA,NA,NA,NA,NA,NA,NA,NA,NA,NA,NA,NA,NA,NA,NA,NA,NA,NA,NA,NA,NA,NA,NA,NA,NA,NA,NA,NA,NA
126,2,1,60,6,54,68,1,67,60,3,57,20,51,21,98,40,113,467,23,109,480,19,117,495,19,121,499,2,168,3,119,46,9,37,99,49,3,46,107,29,4,25,110,24,3,21,105,2,3,29,56,3,4,2,2,1,6,96,6,100,20,111,116,207,216,103,108,29,114,483,2,2,25,0,25,127,23,1,22,111,NA,NA,3.5,3.5,88,2,1,106,5,101,84,1,83,82,3,79,NA,NA,24,100,50,112,497,26,102,488,24,114,508,18,110,496,105,3,43,2,66,2,64,110,66,2,64,110,34,1,33,107,32,1,31,104,3,3,34,59,3,6,2,2,2,7,96,7,97,26,110,114,206,211,102,105,28,100,481,1,3,28,1,27,110,27,1,26,102,2.5,3.5,3,3.5,NA,102,6,96,102,2,100,106,5,101,22,49,32,115,54,110,508,28,99,494,24,108,508,19,106,499,68,1,NA,133,4,NA,68,2,66,97,53,1,52,80,39,3,36,102,35,5,30,95,2,NA,3,NA,40,61,6,1,1,7,13,21,113,21,113,31,112,113,225,226,114,115,2,28,2,2,35,104,494,2,4,25,3,22,100,23,2,21,92,3.5,3,3,4,NA,75,3,72,102,5,97,121,1,120,28,57,31,107,54,104,508,33,109,509,27,111,517,25,120,520,138,2,NA,97,2,NA,63,0,63,90,64,1,63,90,39,3,36,98,41,5,36,98,3,NA,2,NA,43,58,12,4,4,10,14,28,123,28,133,33,107,112,230,245,118,127,3,71,4,4,42,111,507,4,5,23,5,18,85,30,0,30,104,3,4,NA,4,NA
127,1,1,72,4,68,72,5,67,75,5,70,13,38,20,104,37,121,457,14,100,450,6,108,459,10,96,468,0,67,2,13,46,8,38,105,47,3,44,110,17,5,12,97,15,4,11,95,0,0,14,34,3,2,2,1,0,5,96,4,90,12,96,93,192,183,94,90,17,109,462,0,1,23,5,18,117,23,9,14,99,NA,NA,3,3,59,1,1,97,7,90,94,5,89,85,5,80,18,44,25,111,40,106,467,19,95,469,8,96,468,10,89,468,98,2,45,1,60,2,58,115,57,0,57,111,24,9,15,93,27,10,17,96,0,0,20,39,5,4,2,1,0,7,97,6,94,24,110,107,207,201,103,100,24,102,474,0,3,31,9,22,103,31,12,19,92,2,2,4,3,NA,107,4,103,92,5,87,97,4,93,20,45,29,109,46,101,486,17,83,462,12,94,480,14,94,482,56,1,NA,47,2,NA,65,1,64,103,65,2,63,102,35,13,22,89,29,11,18,84,0,NA,2,NA,27,45,5,1,1,1,12,14,94,14,94,33,120,118,214,212,107,106,2,29,2,2,31,100,486,2,0,30,6,24,103,28,3,25,97,3,3,3,3.5,NA,100,3,97,97,2,95,125,0,125,21,44,29,105,48,97,491,23,88,480,15,94,487,13,85,478,84,1,NA,73,1,NA,66,1,65,96,65,0,65,96,37,10,27,91,29,6,23,86,1,NA,1,NA,22,33,4,1,1,3,12,16,95,16,94,33,110,110,205,204,102,101,2,28,2,1,30,93,485,3,3,33,9,24,97,26,7,19,84,3.5,4,NA,NA,NA
128,2,1,15,5,10,19,8,11,18,5,13,15,42,19,106,26,106,416,14,102,450,11,120,477,14,110,482,1,426,1,219,27,10,17,89,27,10,17,89,14,4,10,97,12,4,8,94,1,0,22,50,1,3,2,2,0,3,89,3,85,15,109,102,198,187,98,92,6,97,441,2,2,3,0,3,88,4,2,2,77,NA,NA,3,3.5,65,2,1,107,2,105,129,0,129,103,6,97,21,52,21,97,45,115,483,29,118,497,21,116,500,17,112,492,63,2,43,2,63,1,62,119,63,1,62,119,36,3,33,114,48,7,41,123,1,0,25,48,2,1,1,0,2,5,91,4,85,19,102,92,193,177,95,87,28,110,481,2,2,34,4,30,115,35,2,33,111,2.5,3.5,3.5,4,NA,147,0,147,122,6,116,135,2,133,24,55,30,112,52,111,503,29,106,497,26,114,513,22,120,509,44,2,NA,42,2,NA,73,4,69,109,73,2,71,111,53,10,43,115,54,8,46,118,3,NA,2,NA,35,60,4,1,1,5,15,21,114,21,113,30,116,110,230,223,118,113,3,35,3,3,41,118,505,3,3,47,6,41,130,41,3,38,115,3,4,4,4,NA,110,4,106,120,2,118,130,0,130,27,57,30,107,56,110,514,30,101,500,25,108,510,19,104,499,36,3,NA,50,1,NA,72,0,72,105,72,1,71,103,51,1,50,120,51,2,49,119,3,NA,1,NA,37,54,2,1,1,7,14,22,111,22,110,33,113,110,224,220,113,111,4,85,4,4,39,108,502,2,3,41,5,36,117,47,1,46,127,4,4,NA,5,NA
129,2,1,19,6,13,17,9,8,10,6,4,18,49,22,112,29,105,427,16,101,458,8,109,468,12,101,475,0,247,2,150,21,9,12,82,27,14,13,83,15,4,11,95,12,3,9,92,0,0,21,46,8,5,3,3,0,11,119,11,122,14,101,99,220,221,111,111,9,98,448,0,1,4,1,3,88,4,0,4,80,NA,NA,3,3.5,32,2,1,NA,NA,NA,NA,NA,NA,NA,NA,NA,NA,NA,NA,NA,NA,NA,NA,NA,NA,NA,NA,NA,NA,NA,NA,NA,NA,NA,NA,NA,NA,NA,NA,NA,NA,NA,NA,NA,NA,NA,NA,NA,NA,NA,NA,NA,NA,NA,NA,NA,NA,NA,NA,NA,NA,NA,NA,NA,NA,NA,NA,NA,NA,NA,NA,NA,NA,NA,NA,NA,NA,NA,NA,NA,NA,NA,NA,NA,NA,NA,NA,NA,NA,NA,NA,NA,NA,NA,NA,NA,NA,NA,NA,NA,NA,NA,NA,NA,NA,NA,NA,NA,NA,NA,NA,NA,NA,NA,NA,NA,NA,NA,NA,NA,NA,NA,NA,NA,NA,NA,NA,NA,NA,NA,NA,NA,NA,NA,NA,NA,NA,NA,NA,NA,NA,NA,NA,NA,NA,NA,NA,NA,NA,NA,NA,NA,NA,NA,NA,NA,NA,NA,NA,NA,NA,NA,NA,NA,NA,NA,NA,NA,NA,NA,NA,NA,NA,NA,NA,NA,NA,NA,NA,NA,NA,NA,NA,NA,NA,NA,NA,NA,NA,NA,NA,NA,NA,NA,NA,NA,NA,NA,NA,NA,NA,NA,NA,NA,NA,NA,NA,NA,NA,NA,NA,NA,NA,NA,NA,NA,NA,NA,NA,NA,NA,NA,NA,NA,NA,NA,NA,NA,NA,NA,NA,NA,NA,NA,NA,NA,NA,NA,NA,NA,NA,NA,NA,NA,NA,NA,NA,NA,NA,NA,NA,NA,NA,NA,NA,NA,NA,NA,NA,NA,NA,NA,NA,NA,NA,NA,NA,NA,NA,NA,NA,NA
130,1,2,125,4,121,121,4,117,133,8,125,22,57,23,105,45,120,483,26,115,488,16,113,489,16,111,489,1,73,4,54,54,2,52,112,60,2,58,117,28,9,19,103,28,10,18,101,1,2,33,62,2,7,4,4,3,9,110,9,113,23,118,125,228,238,117,122,29,114,483,0,2,34,3,31,133,38,2,36,131,NA,NA,5,5,88,1,2,143,2,141,140,0,140,121,2,119,23,55,27,110,48,110,491,27,105,491,22,111,502,15,100,485,64,3,44,3,60,1,59,103,67,1,66,112,36,4,32,106,37,4,33,107,2,3,34,59,6,4,1,1,4,11,109,11,112,29,118,123,227,235,115,120,38,117,500,4,4,43,5,38,128,47,2,45,129,3,4,4,5,NA,174,2,172,146,3,143,161,0,161,24,53,33,118,55,110,511,33,113,509,23,106,505,22,115,509,50,4,NA,69,4,NA,79,1,78,115,83,5,78,115,48,7,41,108,45,4,41,108,1,NA,2,NA,36,56,9,3,3,4,13,20,110,20,110,36,123,126,233,236,119,121,2,49,3,4,39,110,502,2,3,40,6,34,119,45,4,41,118,5,5,5,5,NA,149,2,147,161,7,154,202,5,197,27,55,36,120,61,116,527,31,100,503,25,106,510,22,109,509,63,3,NA,67,2,NA,81,0,81,115,84,1,83,118,46,6,40,103,48,5,43,107,2,NA,3,NA,43,58,8,2,2,9,14,25,116,25,119,41,125,129,241,248,124,129,2,40,2,2,44,112,511,6,5,40,5,35,116,44,1,43,122,5,4,NA,5,NA
131,1,2,50,6,44,44,4,40,42,7,35,20,56,20,115,32,120,438,17,116,462,9,122,471,15,116,485,0,106,2,63,34,5,29,102,39,11,28,101,21,10,11,99,23,19,4,85,1,1,17,41,1,5,3,3,3,7,107,7,104,12,101,93,208,197,104,98,16,113,461,3,2,17,4,13,110,24,4,20,108,NA,NA,3,3.5,81,1,2,86,1,85,78,3,75,75,3,72,20,51,24,112,44,117,480,26,114,488,13,108,482,18,117,496,106,2,81,0,58,0,58,117,57,5,52,112,32,9,23,107,32,14,18,101,0,3,24,47,4,8,4,4,3,11,112,11,112,23,111,104,223,216,113,108,29,113,483,3,2,32,4,28,112,30,3,27,103,2,NA,NA,4,NA,116,1,115,109,2,107,111,4,107,21,50,28,110,50,110,497,26,100,488,17,102,491,20,115,502,79,1,NA,91,2,NA,70,2,68,114,76,3,73,121,35,10,25,97,39,19,20,91,3,NA,1,NA,31,53,11,4,4,4,8,16,100,16,100,27,109,103,209,203,104,101,2,69,4,4,35,111,494,2,3,28,2,26,106,26,3,23,94,4.5,NA,3.5,4,NA,86,4,82,114,5,109,129,3,126,21,46,30,111,51,103,500,30,102,500,18,98,493,19,105,499,66,2,NA,69,3,NA,69,1,68,100,70,2,68,100,48,14,34,100,52,12,40,107,2,NA,0,NA,31,46,10,3,3,4,15,22,111,22,110,27,99,95,210,205,105,102,2,36,2,2,31,96,486,3,3,40,2,38,120,29,4,25,93,NA,3,NA,4,NA
132,1,2,28,6,22,19,6,13,21,8,13,19,51,21,108,29,105,427,15,99,454,8,109,468,8,89,460,0,277,1,148,26,2,24,94,24,4,20,90,9,4,5,84,6,4,2,77,0,1,19,42,4,2,2,1,1,7,104,6,100,14,101,99,205,199,102,99,11,100,452,0,0,10,3,7,98,14,1,13,97,NA,NA,3,3,70,1,2,NA,NA,NA,NA,NA,NA,NA,NA,NA,NA,NA,NA,NA,NA,NA,NA,NA,NA,NA,NA,NA,NA,NA,NA,NA,NA,NA,NA,NA,NA,NA,NA,NA,NA,NA,NA,NA,NA,NA,NA,NA,NA,NA,NA,NA,NA,NA,NA,NA,NA,NA,NA,NA,NA,NA,NA,NA,NA,NA,NA,NA,NA,NA,NA,NA,NA,NA,NA,NA,NA,NA,NA,NA,NA,NA,NA,NA,NA,3,4,5,3.5,55,91,9,82,88,11,77,119,6,113,19,42,27,99,41,91,470,23,91,480,10,90,474,13,88,478,97,1,NA,121,1,NA,62,6,56,85,65,7,58,87,38,23,15,76,36,24,12,72,2,NA,2,NA,26,41,4,1,1,4,15,20,110,20,109,29,107,105,217,214,109,107,2,37,2,3,31,98,486,4,2,25,5,20,97,22,3,19,88,4,2,2,3.5,NA,93,10,83,97,12,85,128,5,123,20,42,24,90,43,89,477,26,92,488,14,92,484,16,93,489,105,2,NA,99,1,NA,62,1,61,91,63,4,59,88,33,13,20,82,33,11,22,85,0,NA,1,NA,25,37,5,1,1,4,12,17,97,17,97,27,96,95,193,192,95,95,2,84,4,4,31,93,486,3,3,18,3,15,78,20,2,18,82,1,2,NA,NA,NA
133,1,1,92,1,91,92,5,87,74,1,73,17,49,24,130,44,137,480,21,124,475,24,142,508,8,93,460,2,124,1,77,58,3,55,131,60,3,57,133,36,3,33,127,36,7,29,123,0,0,29,61,3,5,3,3,0,6,103,6,100,19,120,114,223,214,113,107,23,119,472,1,1,27,0,27,129,22,1,21,110,NA,NA,3.5,3.5,95,1,1,NA,NA,NA,NA,NA,NA,NA,NA,NA,NA,NA,NA,NA,NA,NA,NA,NA,NA,NA,NA,NA,NA,NA,NA,NA,NA,NA,NA,NA,NA,NA,NA,NA,NA,NA,NA,NA,NA,NA,NA,NA,NA,NA,NA,NA,NA,NA,NA,NA,NA,NA,NA,NA,NA,NA,NA,NA,NA,NA,NA,NA,NA,NA,NA,NA,NA,NA,NA,NA,NA,NA,NA,NA,NA,NA,NA,NA,NA,NA,NA,NA,NA,NA,NA,NA,NA,NA,NA,NA,NA,NA,NA,NA,NA,NA,NA,NA,NA,NA,NA,NA,NA,NA,NA,NA,NA,NA,NA,NA,NA,NA,NA,NA,NA,NA,NA,NA,NA,NA,NA,NA,NA,NA,NA,NA,NA,NA,NA,NA,NA,NA,NA,NA,NA,NA,NA,NA,NA,NA,NA,NA,NA,NA,NA,NA,NA,NA,NA,NA,NA,NA,NA,NA,NA,NA,NA,NA,NA,NA,NA,NA,NA,NA,NA,NA,NA,NA,NA,NA,NA,NA,NA,NA,NA,NA,NA,NA,NA,NA,NA,NA,NA,NA,NA,NA,NA,NA,NA,NA,NA,NA,NA,NA,NA,NA,NA,NA,NA,NA,NA,NA,NA,NA,NA,NA,NA,NA,NA,NA,NA,NA,NA,NA,NA,NA,NA,NA,NA,NA,NA,NA,NA,NA,NA,NA,NA,NA,NA,NA,NA,NA,NA,NA,NA,NA,NA,NA,NA,NA,NA,NA,NA,NA,NA,NA,NA,NA,NA,NA,NA,NA,NA,NA,NA,NA,NA,NA,NA,NA,NA,NA,NA,NA,NA,NA
134,1,1,103,3,100,94,0,94,96,1,95,20,54,21,108,46,130,486,23,119,480,20,127,498,14,108,482,3,136,2,91,59,2,57,121,58,2,56,120,31,8,23,111,30,7,23,111,0,4,30,61,3,4,3,2,1,7,104,6,100,22,122,122,226,222,115,112,29,119,483,2,1,29,1,28,130,25,2,23,113,NA,NA,5,5,97,1,1,143,1,142,125,0,125,125,0,125,26,66,32,130,58,128,519,26,108,488,26,121,513,19,116,499,69,4,49,4,69,0,69,119,65,0,65,115,41,3,38,116,40,1,39,117,2,4,40,70,4,10,4,4,4,12,114,12,116,28,120,120,234,236,120,121,34,115,492,4,3,39,2,37,127,35,0,35,114,3,3.5,3,3,NA,153,0,153,145,0,145,149,0,149,28,65,36,131,65,129,539,33,116,509,29,121,525,25,128,520,69,3,NA,55,4,NA,77,0,77,119,74,1,73,114,49,11,38,109,46,5,41,112,2,NA,4,NA,46,73,5,1,1,7,17,25,126,25,128,39,135,134,261,262,139,138,4,78,4,4,51,134,522,6,3,40,1,39,127,35,1,34,107,5,4.5,4.5,5,NA,160,1,159,166,2,164,189,3,186,29,61,39,133,64,124,536,36,120,518,31,127,538,20,106,502,53,3,NA,56,2,NA,80,1,79,116,77,0,77,113,46,3,43,111,45,1,44,112,1,NA,2,NA,49,69,12,4,4,7,17,28,125,28,128,43,132,135,257,263,136,139,4,79,4,4,44,117,511,5,8,43,1,42,126,46,3,43,122,2,NA,NA,5,NA
135,1,1,64,6,58,69,5,64,68,7,61,21,52,17,80,34,101,446,18,96,465,20,116,498,11,94,471,1,100,0,62,46,8,38,94,54,10,44,100,32,9,23,103,38,15,23,103,0,2,26,50,1,4,2,2,0,3,85,3,85,16,96,105,181,190,89,94,22,103,471,1,3,24,1,23,123,21,4,17,104,NA,NA,4,5,88,1,1,NA,NA,NA,NA,NA,NA,NA,NA,NA,NA,NA,NA,NA,NA,NA,NA,NA,NA,NA,NA,NA,NA,NA,NA,NA,NA,NA,NA,NA,NA,NA,NA,NA,NA,NA,NA,NA,NA,NA,NA,NA,NA,NA,NA,NA,NA,NA,NA,NA,NA,NA,NA,NA,NA,NA,NA,NA,NA,NA,NA,NA,NA,NA,NA,NA,NA,NA,NA,NA,NA,NA,NA,NA,NA,NA,NA,NA,NA,2,3.5,3,4,73,149,2,147,146,5,141,139,3,136,26,56,29,102,54,105,508,27,94,491,25,107,510,18,99,496,63,3,NA,56,4,NA,79,0,79,116,77,3,74,107,55,17,38,105,55,14,41,108,2,NA,4,NA,30,43,6,1,1,3,10,14,89,14,93,27,96,100,185,193,91,95,2,74,4,4,35,99,494,4,4,33,0,33,117,32,3,29,100,3,3.5,4,4.5,NA,154,7,147,164,8,156,186,8,178,23,46,32,106,51,97,500,24,86,483,22,100,502,17,92,492,61,2,NA,63,1,NA,83,1,82,117,78,3,75,106,58,15,43,107,63,18,45,110,2,NA,2,NA,41,53,2,1,1,7,12,20,102,20,104,31,100,105,202,209,100,104,2,76,4,4,35,95,494,5,5,35,3,32,111,29,8,21,87,3,4,NA,4,NA
136,1,2,50,3,47,46,7,39,60,5,55,17,44,17,85,34,106,446,15,94,454,3,79,423,11,95,471,0,167,2,103,38,6,32,95,39,7,32,95,16,10,6,82,15,9,6,82,1,0,18,39,3,2,1,1,1,5,95,5,96,12,90,93,185,189,91,93,18,103,464,1,2,22,4,18,117,21,4,17,104,NA,NA,3.5,4,75,1,2,55,8,47,77,5,72,67,3,64,17,41,21,91,40,98,467,20,92,472,13,99,482,19,113,499,91,2,72,1,54,1,53,97,53,3,50,94,16,6,10,76,17,10,7,71,1,3,19,36,2,2,1,1,1,4,85,4,85,16,87,84,172,169,85,83,26,98,477,2,1,28,8,20,100,31,3,28,104,2,2,4,4,NA,78,3,75,68,6,62,89,6,83,20,44,29,105,42,92,473,24,92,483,18,99,493,18,102,496,35,2,NA,39,1,NA,58,2,56,85,67,3,64,95,35,15,20,82,29,14,15,76,3,NA,3,NA,25,40,5,1,1,3,10,14,94,14,94,22,90,90,184,184,90,91,2,64,4,4,32,98,488,2,1,33,7,26,106,40,3,37,112,2,3,4,4.5,NA,65,2,63,87,4,83,99,2,97,22,46,26,93,49,96,494,24,88,483,24,104,508,19,100,499,61,3,NA,47,2,NA,64,0,64,91,64,0,64,91,26,5,21,80,25,5,20,79,0,NA,0,NA,30,41,7,1,1,4,12,17,95,17,97,28,96,98,191,195,94,96,2,52,3,3,36,98,496,2,4,24,6,18,85,31,5,26,94,1,NA,NA,4,NA
137,1,2,54,4,50,52,4,48,55,4,51,18,46,21,103,34,111,446,17,102,462,8,108,468,14,107,482,1,195,1,109,38,4,34,96,41,5,36,98,22,14,8,86,24,13,11,91,0,1,19,41,6,6,3,3,0,9,110,9,113,15,98,102,208,215,104,108,20,108,467,2,0,25,2,23,123,18,4,14,99,NA,NA,4,3.5,81,1,2,87,2,85,100,1,99,84,0,84,19,45,22,97,43,106,477,24,101,483,17,106,491,14,99,482,120,3,79,1,59,1,58,108,58,1,57,107,34,7,27,104,30,10,20,95,1,2,24,45,7,7,4,3,3,14,120,13,120,22,105,101,225,221,114,111,29,106,483,2,2,32,2,30,115,23,4,19,92,3,4,3,4,NA,110,4,106,113,7,106,129,1,128,20,44,28,102,48,99,491,26,95,488,24,108,508,17,99,492,116,0,NA,117,4,NA,70,2,68,100,64,0,64,95,30,11,19,81,31,8,23,86,1,NA,3,NA,28,44,8,2,2,3,15,20,110,20,109,28,104,102,214,211,107,105,2,38,2,3,31,96,486,3,2,34,2,32,116,26,2,24,95,3,2,3,3,NA,104,2,102,117,3,114,151,2,149,21,44,29,105,52,101,503,30,99,500,23,103,505,16,93,489,109,2,NA,114,1,NA,71,2,69,101,69,1,68,100,35,6,29,94,37,9,28,92,3,NA,1,NA,19,29,4,1,1,2,13,16,95,16,94,29,101,100,196,194,97,96,2,38,2,2,34,97,492,2,2,30,2,28,104,25,3,22,88,2,2,NA,3,NA
138,1,1,26,7,19,25,8,17,32,9,23,16,44,19,100,28,106,423,15,101,454,13,119,482,8,90,460,0,183,2,222,30,7,23,93,25,4,21,91,16,6,10,94,17,6,11,95,0,0,18,41,6,4,3,2,1,10,116,9,113,14,101,99,217,212,109,106,9,99,448,0,0,9,4,5,94,14,1,13,97,NA,NA,2.5,3.5,59,NA,NA,NA,NA,NA,NA,NA,NA,NA,NA,NA,NA,NA,NA,NA,NA,NA,NA,NA,NA,NA,NA,NA,NA,NA,NA,NA,NA,NA,NA,NA,NA,NA,NA,NA,NA,NA,NA,NA,NA,NA,NA,NA,NA,NA,NA,NA,NA,NA,NA,NA,NA,NA,NA,NA,NA,NA,NA,NA,NA,NA,NA,NA,NA,NA,NA,NA,NA,NA,NA,NA,NA,NA,NA,NA,NA,NA,NA,NA,NA,2,2,3.5,2,NA,NA,NA,NA,NA,NA,NA,NA,NA,NA,NA,NA,NA,NA,NA,NA,NA,NA,NA,NA,NA,NA,NA,NA,NA,NA,NA,NA,NA,NA,NA,NA,NA,NA,NA,NA,NA,NA,NA,NA,NA,NA,NA,NA,NA,NA,NA,NA,NA,NA,NA,NA,NA,NA,NA,NA,NA,NA,NA,NA,NA,NA,NA,NA,NA,NA,NA,NA,NA,NA,NA,NA,NA,NA,NA,NA,NA,NA,NA,NA,NA,NA,NA,NA,NA,NA,NA,NA,NA,NA,NA,NA,NA,NA,NA,NA,NA,NA,NA,NA,NA,NA,NA,NA,NA,NA,NA,NA,NA,NA,NA,NA,NA,NA,NA,NA,NA,NA,NA,NA,NA,NA,NA,NA,NA,NA,NA,NA,NA,NA,NA,NA,NA,NA,NA,NA,NA,NA,NA,NA,NA,NA,NA,NA,NA,NA,NA,NA,NA,NA,NA,NA,NA,NA,NA,NA,NA,NA,NA,NA,NA,NA,NA,NA,NA,NA,NA,NA,NA,NA,NA,NA,NA,NA,NA,NA,NA,NA,NA,NA,NA,NA,NA
139,2,1,27,5,22,25,11,14,27,7,20,19,45,18,80,27,82,420,14,82,450,9,95,471,12,93,475,0,277,2,155,32,12,20,69,31,11,20,69,27,22,5,72,29,28,1,62,0,2,20,39,1,2,1,1,0,2,79,2,79,10,76,87,155,166,76,81,12,88,454,2,3,11,3,8,100,12,1,11,94,NA,NA,3.5,2.5,59,2,1,39,3,36,38,7,31,42,9,33,19,43,19,82,37,87,457,17,81,462,12,93,480,15,96,485,161,0,118,1,NA,NA,NA,NA,NA,NA,NA,NA,NA,NA,NA,NA,NA,NA,NA,NA,NA,NA,NA,NA,NA,NA,NA,NA,NA,NA,NA,NA,NA,NA,NA,NA,NA,NA,NA,NA,NA,NA,NA,NA,NA,NA,NA,NA,NA,NA,NA,NA,NA,NA,1.5,2,1.5,NA,77,4,73,67,6,61,99,4,95,21,43,21,75,43,88,477,25,89,486,14,91,484,17,94,492,162,2,NA,158,1,NA,60,4,56,82,64,9,55,81,40,22,18,76,37,20,17,75,3,NA,2,NA,29,40,3,1,1,1,2,4,62,4,70,16,69,75,131,145,59,70,2,33,2,2,31,91,486,3,1,16,4,12,83,15,2,13,78,1,1,2,NA,NA,72,6,66,71,5,66,104,1,103,22,44,19,71,42,83,473,25,86,486,14,90,484,17,90,492,117,2,NA,127,0,NA,56,2,54,80,62,8,54,80,27,11,16,74,33,10,23,83,0,NA,2,NA,28,36,4,1,1,5,8,14,85,14,89,20,75,79,160,168,79,82,3,62,4,4,30,86,485,2,3,22,0,22,93,16,2,14,76,3,3,NA,4,NA
140,1,1,15,8,7,17,6,11,18,10,8,12,37,16,91,26,103,416,10,89,434,6,106,459,6,84,453,0,116,2,79,22,7,15,85,21,3,18,88,10,6,4,82,10,5,5,84,0,0,8,26,1,1,1,1,0,2,82,2,79,12,96,93,178,172,87,84,2,85,427,1,1,4,3,1,83,3,2,1,74,NA,NA,0,0,7,1,1,NA,NA,NA,NA,NA,NA,NA,NA,NA,NA,NA,NA,NA,NA,NA,NA,NA,NA,NA,NA,NA,NA,NA,NA,NA,NA,NA,NA,NA,NA,NA,NA,NA,NA,NA,NA,NA,NA,NA,NA,NA,NA,NA,NA,NA,NA,NA,NA,NA,NA,NA,NA,NA,NA,NA,NA,NA,NA,NA,NA,NA,NA,NA,NA,NA,NA,NA,NA,NA,NA,NA,NA,NA,NA,NA,NA,NA,NA,NA,NA,NA,NA,NA,39,8,31,23,6,17,40,7,33,18,40,24,89,38,87,460,19,84,469,9,88,471,10,80,468,104,1,NA,305,2,NA,36,4,32,62,40,5,35,64,22,9,13,73,26,11,15,76,1,NA,3,NA,23,37,0,0,0,1,12,13,92,13,91,18,81,79,173,170,85,83,2,32,2,2,22,89,471,0,0,12,1,11,81,13,3,10,72,NA,NA,NA,NA,NA,56,7,49,56,6,50,57,7,50,18,38,24,90,37,81,457,21,84,475,8,84,468,14,87,482,229,0,NA,209,1,NA,51,4,47,76,52,3,49,77,31,15,16,77,31,14,17,79,0,NA,1,NA,29,42,1,1,0,1,7,9,76,8,75,20,80,79,156,154,77,75,2,40,2,2,31,93,486,3,1,12,6,6,55,16,1,15,77,1,1,3,2,NA
141,1,2,17,8,9,16,8,8,17,11,6,9,33,17,98,22,100,400,14,102,450,5,106,452,5,82,449,0,49,2,47,24,13,11,83,21,9,12,84,15,9,6,89,16,14,2,80,0,0,5,22,2,0,0,0,0,2,84,2,79,6,85,75,169,154,83,75,2,88,427,0,0,2,0,2,85,11,5,6,85,NA,NA,1,1,4,1,2,33,8,25,20,4,16,25,6,19,13,35,21,97,31,95,434,12,82,442,10,102,474,5,76,449,101,0,36,1,32,5,27,84,30,3,27,84,12,4,8,82,15,6,9,84,0,0,15,33,3,0,0,0,1,4,87,4,85,15,93,82,180,167,88,82,8,87,446,0,0,14,11,3,70,21,14,7,75,NA,NA,0,3.5,NA,57,8,49,30,11,19,54,19,35,16,37,24,93,38,89,460,18,83,465,7,85,464,9,78,464,91,0,NA,71,1,NA,42,2,40,75,46,6,40,75,18,9,9,71,19,9,10,73,0,NA,1,NA,21,36,3,1,1,0,10,11,87,11,86,20,89,83,176,169,86,83,2,54,4,4,22,90,471,0,0,11,9,2,62,23,23,0,54,1,1,2,2.5,NA,46,11,35,56,9,47,57,6,51,14,31,24,90,36,81,453,19,81,469,11,89,477,8,71,460,54,0,NA,66,0,NA,50,3,47,76,50,3,47,76,14,3,11,70,13,4,9,68,0,NA,0,NA,17,27,3,1,1,0,7,8,75,8,75,23,89,86,164,161,81,79,2,62,4,4,16,80,461,1,1,27,11,16,81,20,13,7,64,1,0,3,0,NA
142,2,2,116,1,115,104,1,103,117,2,115,19,48,27,124,49,128,494,20,106,472,24,127,508,13,102,478,3,89,2,84,55,1,54,114,50,0,50,110,30,4,26,111,33,6,27,112,0,2,27,53,6,4,2,2,0,8,107,8,108,30,136,144,243,252,126,131,29,115,483,0,0,39,1,38,140,38,2,36,131,NA,NA,5,4,81,2,2,154,14,140,129,3,126,102,5,97,20,47,32,126,57,123,516,30,113,500,27,120,517,16,104,489,30,3,65,3,54,0,54,98,59,1,58,102,27,2,25,97,20,0,20,91,2,3,31,55,5,2,1,1,0,6,92,6,94,38,141,147,233,241,119,124,31,106,486,1,2,36,4,32,118,36,1,35,114,3,3,4.5,4.5,NA,125,0,125,134,1,133,126,2,124,25,55,38,134,59,119,522,31,109,503,28,117,520,16,98,489,99,2,NA,131,2,NA,62,0,62,92,62,0,62,92,40,1,39,106,42,6,36,102,2,NA,3,NA,35,54,7,2,2,6,14,22,115,22,117,41,135,139,250,256,131,134,2,23,1,2,36,107,496,2,4,40,4,36,122,41,1,40,117,4,4,4.5,4,NA,137,4,133,130,2,128,147,2,145,27,57,37,127,67,129,545,29,98,497,31,127,538,20,105,502,35,3,NA,45,1,NA,76,0,76,111,66,1,65,96,46,2,44,112,46,1,45,113,3,NA,2,NA,38,54,8,2,2,5,18,25,117,25,121,44,134,139,251,260,132,137,3,58,4,4,43,113,509,1,3,46,0,46,131,40,1,39,118,2.5,3,NA,5,NA
143,1,2,22,7,15,19,5,14,21,4,17,18,43,21,90,27,84,420,15,86,454,7,93,464,12,94,475,0,295,1,305,20,4,16,65,28,6,22,71,12,5,7,76,10,4,6,74,0,3,19,32,3,1,1,1,0,4,88,4,90,11,79,90,167,180,82,89,17,94,462,1,1,14,5,9,104,17,3,14,99,NA,NA,3.5,3.5,25,1,2,55,0,55,46,5,41,44,0,44,20,45,18,79,37,88,457,20,88,472,13,95,482,15,96,485,236,3,151,2,38,0,38,73,39,6,33,70,16,8,8,70,11,4,7,68,0,1,24,40,2,4,1,1,3,6,89,6,94,19,86,92,175,186,86,92,23,91,472,4,2,17,4,13,89,18,1,17,90,3,3,3.5,3.5,NA,58,4,54,41,10,31,76,1,75,20,42,24,86,41,87,470,24,90,483,13,91,482,11,79,471,180,2,NA,164,0,NA,40,4,36,65,50,7,43,72,19,10,9,68,17,8,9,68,3,NA,2,NA,28,40,7,2,2,5,11,18,100,18,104,20,80,85,180,189,88,93,2,31,2,2,30,93,485,4,2,18,4,14,86,16,4,12,77,3.5,2.5,3,4,NA,54,4,50,74,3,71,80,1,79,22,44,25,88,44,88,480,27,91,491,18,95,493,11,74,471,140,0,NA,141,1,NA,60,1,59,85,61,4,57,83,24,10,14,71,30,13,17,75,1,NA,2,NA,23,32,7,1,2,4,13,18,97,19,102,21,78,82,175,184,86,91,2,35,2,2,31,89,486,3,2,22,4,18,85,21,6,15,80,3,3,NA,3,NA
144,2,1,70,2,68,70,3,67,63,4,59,18,49,20,115,35,123,449,21,122,475,11,124,477,18,125,496,2,132,1,85,47,5,42,117,41,5,36,110,24,10,14,104,26,16,10,97,0,3,28,60,4,5,3,3,2,9,116,9,113,15,109,102,225,215,114,108,21,115,469,2,4,27,0,27,129,25,0,25,115,NA,NA,3,4,81,2,1,116,4,112,92,3,89,105,2,103,18,46,23,108,42,114,473,26,114,488,14,110,484,20,123,502,81,3,74,1,56,0,56,115,62,2,60,119,28,11,17,100,30,13,17,100,2,4,28,53,5,3,1,1,1,7,99,7,97,22,109,101,208,198,104,98,31,115,486,5,5,31,1,30,115,34,1,33,111,0,3.5,3,4,NA,118,1,117,114,6,108,117,2,115,25,60,27,107,53,116,506,30,112,500,19,106,495,24,129,516,54,1,NA,48,3,NA,67,1,66,112,63,1,62,108,40,10,30,103,38,13,25,97,3,NA,4,NA,34,58,7,2,2,5,15,22,117,22,117,25,104,97,221,214,111,107,2,19,1,1,36,112,496,5,6,34,2,32,116,29,4,25,97,2,2,3,4,NA,146,7,139,122,7,115,161,1,160,25,55,28,105,57,114,516,30,104,500,20,102,498,25,125,520,63,2,NA,68,3,NA,66,0,66,97,72,6,66,97,43,10,33,99,43,7,36,102,4,NA,2,NA,39,60,8,2,2,5,11,18,105,18,100,27,102,97,207,197,103,98,2,32,2,2,37,108,498,8,4,37,4,33,113,34,5,29,102,3,3,NA,4,NA
145,2,2,96,1,95,101,4,97,97,0,97,21,52,29,130,49,128,494,26,118,488,28,134,520,12,99,475,0,160,4,89,56,1,55,114,64,0,64,122,32,1,31,116,30,2,28,113,2,3,26,52,2,4,2,2,2,6,99,6,100,24,121,127,220,227,111,115,31,117,486,2,5,32,0,32,134,30,0,30,122,NA,NA,4.5,4.5,81,2,2,134,0,134,124,0,124,121,0,121,23,55,35,136,55,120,511,30,113,500,29,125,525,19,114,499,105,3,75,4,72,0,72,120,70,0,70,117,42,2,40,115,46,0,46,121,2,3,32,56,4,5,1,2,2,7,96,8,101,33,128,135,224,236,113,121,34,111,492,6,5,25,2,23,104,30,0,30,107,5,5.5,5,5,NA,119,0,119,111,0,111,121,0,121,25,55,33,118,59,118,522,31,107,503,27,114,517,22,116,509,110,3,NA,184,4,NA,74,1,73,106,74,0,74,107,38,1,37,103,39,0,39,106,3,NA,4,NA,37,57,7,2,2,4,13,19,108,19,107,38,128,131,236,238,121,122,3,48,3,4,35,104,494,6,5,34,1,33,117,29,1,28,100,4,4,3.5,4,NA,120,3,117,147,1,146,162,0,162,25,53,40,136,66,127,542,31,102,503,29,117,525,21,108,506,72,2,NA,80,2,NA,73,0,73,106,74,0,74,107,43,1,42,110,46,1,45,113,3,NA,2,NA,38,54,6,1,1,6,15,22,110,22,111,45,137,142,247,253,129,132,3,58,4,4,41,109,505,11,10,32,2,30,108,32,3,29,102,4.5,5,NA,6,NA
146,2,1,31,3,28,29,3,26,36,3,33,22,57,23,110,34,108,446,19,103,469,14,114,484,18,119,496,1,390,2,237,23,3,20,84,26,4,22,86,19,5,14,96,15,4,11,91,3,2,30,58,1,2,1,1,0,2,80,2,79,18,106,111,186,190,91,94,24,110,474,3,4,11,2,9,104,17,1,16,102,NA,NA,3.5,4,81,2,1,100,3,97,81,4,77,77,0,77,21,50,21,91,48,111,491,20,93,472,24,114,508,18,110,496,147,3,128,3,53,0,53,97,55,3,52,96,34,5,29,102,33,7,26,98,2,3,34,59,5,1,1,0,1,7,96,6,94,18,91,89,187,183,92,90,32,108,488,3,3,20,1,19,99,23,0,23,98,4,4.5,4,3,NA,99,2,97,91,3,88,97,1,96,27,59,29,105,48,101,491,27,98,491,24,109,508,24,123,516,132,2,NA,101,2,NA,60,1,59,88,63,4,59,88,34,2,32,97,32,8,24,87,3,NA,2,NA,42,64,4,1,1,1,9,11,87,11,87,26,99,100,186,187,91,92,4,61,4,4,34,102,492,6,5,27,0,27,108,26,0,26,98,3,4,4,4,NA,92,4,88,98,4,94,119,0,119,27,57,24,90,58,112,519,27,94,491,23,103,505,24,117,516,86,3,NA,84,2,NA,62,1,61,91,66,1,65,96,46,6,40,107,45,7,38,105,3,NA,2,NA,42,59,6,1,1,3,11,15,92,15,92,25,92,92,184,184,90,91,4,81,4,4,39,105,502,6,7,28,2,26,101,27,0,27,99,4,4.5,NA,5,NA
147,2,1,91,0,91,91,2,89,93,1,92,23,58,23,100,47,119,489,25,110,486,27,127,517,19,119,499,4,133,3,89,41,0,41,97,44,2,42,98,22,0,22,102,27,1,26,107,2,4,37,67,2,6,3,3,1,6,97,6,100,22,109,122,206,222,102,112,29,112,483,5,3,35,1,34,136,36,0,36,131,NA,NA,3.5,4.5,95,2,1,NA,NA,NA,NA,NA,NA,NA,NA,NA,NA,NA,NA,NA,NA,NA,NA,NA,NA,NA,NA,NA,NA,NA,NA,NA,NA,NA,NA,NA,NA,NA,NA,NA,NA,NA,NA,NA,NA,NA,NA,NA,NA,NA,NA,NA,NA,NA,NA,NA,NA,NA,NA,NA,NA,NA,NA,NA,NA,NA,NA,NA,NA,NA,NA,NA,NA,NA,NA,NA,NA,NA,NA,NA,NA,NA,NA,NA,NA,3.5,3,3,5,NA,125,3,122,104,4,100,126,3,123,24,53,28,102,56,112,514,30,103,500,26,111,513,18,102,496,76,2,NA,92,2,NA,71,2,69,101,73,0,73,106,37,4,33,99,34,3,31,96,3,NA,2,NA,43,63,7,2,2,10,13,25,119,25,128,27,99,103,218,231,109,118,4,71,4,4,40,111,503,4,10,36,4,32,116,35,2,33,106,4,3,4,4,NA,126,6,120,131,2,129,154,5,149,28,57,30,104,56,106,514,31,100,503,23,102,505,23,112,513,52,3,NA,58,1,NA,69,0,69,98,69,2,67,95,41,1,40,103,42,1,41,104,1,NA,1,NA,42,56,7,1,2,10,12,23,111,24,118,30,101,105,212,223,106,113,3,110,4,4,44,112,511,5,9,39,3,36,117,39,6,33,108,4.5,5,NA,6,NA
148,2,2,62,2,60,55,6,49,71,1,70,14,38,23,110,38,117,460,19,107,469,12,114,480,12,100,475,2,79,1,38,35,1,34,96,40,2,38,100,14,2,12,93,15,2,13,94,0,1,16,36,2,3,1,2,0,3,85,4,90,17,104,108,189,198,93,98,22,110,471,3,4,24,0,24,125,18,2,16,102,NA,NA,3.5,0,81,2,2,94,2,92,99,1,98,85,1,84,18,43,23,100,49,114,494,22,97,477,15,103,487,18,112,496,122,0,83,3,63,0,63,113,59,2,57,107,25,3,22,98,35,6,29,106,0,2,19,38,2,4,2,1,4,8,101,7,97,24,110,107,211,204,105,101,27,103,479,5,2,26,4,22,103,26,4,22,96,3,3,4,4,NA,114,0,114,114,6,108,137,1,136,25,55,30,108,56,112,514,23,90,480,24,108,508,16,97,489,70,1,NA,112,2,NA,71,1,70,102,71,1,70,102,44,6,38,105,47,9,38,105,2,NA,2,NA,28,44,6,1,1,1,15,17,102,17,101,27,102,100,204,201,101,100,2,19,1,1,31,97,486,7,6,26,3,23,102,23,0,23,93,2,3,4,4,NA,86,3,83,105,4,101,123,0,123,25,52,27,96,58,111,519,25,90,486,23,103,505,19,101,499,103,3,NA,132,1,NA,68,1,67,95,69,1,68,96,42,5,37,99,38,4,34,96,2,NA,3,NA,31,43,8,2,2,3,10,15,90,15,92,30,101,102,191,194,94,96,2,26,1,1,29,91,483,8,5,17,2,15,78,21,4,17,80,2,NA,NA,3,NA
149,1,2,144,2,142,142,13,129,109,2,107,21,54,27,124,49,129,494,21,110,475,26,131,513,20,127,502,3,81,4,49,71,2,69,127,69,2,67,125,43,2,41,127,48,14,34,120,1,4,30,58,5,4,2,2,2,9,110,9,113,28,131,139,241,252,124,131,30,118,485,6,1,39,0,39,141,38,2,36,131,NA,NA,4.5,5,88,1,2,165,0,165,159,1,158,149,1,148,25,60,30,120,55,121,511,30,114,500,28,123,520,21,121,506,56,4,36,4,78,0,78,128,81,3,78,128,53,2,51,127,50,1,49,124,3,2,42,72,6,5,1,2,1,8,99,9,104,30,120,126,219,230,110,118,39,121,502,4,4,44,1,43,138,44,0,44,128,5,4,5,5,NA,174,2,172,175,1,174,162,5,157,23,51,33,122,69,136,552,32,112,506,26,113,513,22,117,509,42,2,NA,57,2,NA,58,0,58,96,76,1,75,117,50,8,42,113,45,2,43,115,4,NA,4,NA,43,69,7,2,2,5,18,25,126,25,128,34,122,121,248,249,129,129,3,47,4,3,46,124,514,6,4,53,3,50,143,43,2,41,118,4.5,4,4,4.5,NA,157,0,157,149,5,144,167,0,167,30,64,42,141,63,122,533,35,116,515,28,114,520,24,118,516,43,4,NA,52,1,NA,92,2,90,133,91,4,87,130,60,13,47,116,63,17,46,115,3,NA,2,NA,51,71,13,4,4,9,18,31,132,31,142,42,130,134,262,276,139,148,4,122,4,4,50,127,521,7,8,50,3,47,132,53,4,49,135,4,4,NA,4,NA
150,2,2,97,1,96,91,1,90,104,0,104,21,57,27,131,49,134,494,29,131,497,25,134,510,17,119,492,4,120,1,103,46,0,46,112,50,0,50,115,27,1,26,115,26,3,23,111,2,2,36,70,2,4,3,2,1,6,100,5,96,24,127,127,227,223,115,113,32,122,488,2,4,30,0,30,132,27,2,25,115,NA,NA,4.5,4.5,88,2,2,132,0,132,121,1,120,102,0,102,26,66,24,103,54,123,508,31,120,503,25,119,510,19,116,499,109,4,84,3,60,0,60,110,58,0,58,108,33,1,32,110,31,0,31,108,1,2,41,72,4,2,1,1,1,6,94,6,94,31,127,129,221,223,111,113,35,116,494,9,10,35,5,30,115,35,0,35,114,4,5,5.5,6,NA,126,2,124,123,1,122,117,3,114,27,62,29,109,56,115,514,32,113,506,27,116,517,20,112,502,102,4,NA,120,3,NA,62,3,59,97,60,0,60,98,38,4,34,104,38,4,34,104,2,NA,3,NA,46,73,9,3,3,5,14,22,116,22,117,35,125,123,241,240,124,123,2,62,4,4,43,121,509,10,8,32,2,30,113,31,3,28,100,3,4.5,4.5,5,NA,114,2,112,117,4,113,141,1,140,28,59,30,107,63,123,533,32,108,506,28,115,520,25,122,520,88,3,NA,99,2,NA,63,0,63,94,56,1,55,83,42,1,41,108,43,0,43,111,4,NA,3,NA,46,67,6,1,1,9,17,27,124,27,129,33,113,112,237,241,122,124,4,65,4,4,44,117,511,10,9,25,4,21,91,32,1,31,105,3.5,5,NA,5,NA
151,2,2,92,0,92,91,0,91,83,1,82,21,50,23,93,42,102,473,27,106,491,19,107,495,13,95,478,2,117,2,115,62,2,60,104,58,2,56,100,40,4,36,110,38,12,26,98,0,3,29,50,6,2,1,1,2,9,104,9,113,19,89,114,193,227,95,115,33,110,490,3,2,26,2,24,125,24,4,20,108,NA,NA,4,3,75,2,2,114,1,113,113,1,112,93,0,93,13,31,29,108,50,103,497,24,92,483,23,106,505,12,86,475,149,2,95,2,64,1,63,94,70,4,66,97,50,4,46,115,43,5,38,105,1,3,33,51,10,6,1,2,2,13,109,14,123,26,99,114,208,237,104,121,29,96,483,3,3,31,3,28,112,25,3,22,96,2,2.5,3,3,NA,115,3,112,113,1,112,114,1,113,22,46,30,102,56,107,514,25,90,486,26,109,513,18,98,496,115,3,NA,159,3,NA,72,2,70,99,70,0,70,99,46,2,44,108,44,5,39,102,2,NA,3,NA,31,43,5,1,1,3,6,10,77,10,84,28,96,105,173,189,85,93,1,24,1,2,38,102,500,1,5,31,2,29,111,34,2,32,104,2,3,3,2.5,NA,120,1,119,126,0,126,151,1,150,24,46,32,106,59,108,522,31,98,503,29,115,525,22,105,509,76,2,NA,94,1,NA,70,0,70,99,73,1,72,102,51,4,47,112,50,1,49,115,2,NA,3,NA,33,42,4,1,1,4,12,17,93,17,98,35,107,117,200,215,99,108,2,55,3,4,36,93,496,8,4,22,2,20,89,28,1,27,99,3,3,NA,4,NA
152,5,1,46,5,41,46,3,43,42,3,39,22,57,22,106,37,111,457,19,102,469,15,114,487,17,115,492,1,193,2,127,42,4,38,100,36,6,30,93,20,7,13,94,18,5,13,94,0,3,33,62,6,3,1,2,1,8,107,9,113,18,106,111,213,224,106,113,28,114,481,3,3,20,3,17,115,20,4,16,102,NA,NA,3.5,4,81,5,1,116,15,101,97,2,95,84,5,79,22,52,23,97,39,98,464,26,103,488,20,108,498,24,130,516,135,3,84,3,62,2,60,104,62,3,59,103,28,5,23,95,28,6,22,93,2,3,28,50,10,5,1,2,2,13,115,14,123,25,108,110,223,233,113,119,32,108,488,4,3,38,0,38,128,32,2,30,107,4,4.5,4,5,NA,117,1,116,84,3,81,114,2,112,25,55,29,105,47,99,489,30,104,500,22,105,502,23,119,513,127,3,NA,151,4,NA,67,0,67,98,70,0,70,102,37,6,31,96,30,2,28,92,2,NA,4,NA,42,64,4,1,1,5,15,21,113,21,113,27,102,103,215,216,108,108,2,29,2,2,43,118,509,4,4,29,1,28,110,26,3,23,94,3.5,4.5,4.5,4.5,NA,118,3,115,127,4,123,139,3,136,24,51,32,113,53,103,506,35,116,515,25,107,510,23,114,513,57,4,NA,74,3,NA,71,0,71,103,72,1,71,103,35,5,30,95,37,0,37,103,1,NA,2,NA,37,52,19,4,4,8,15,27,122,27,129,34,112,114,234,243,120,125,2,88,4,4,44,115,511,6,4,39,1,38,120,34,7,27,99,5,5,NA,5,NA
153,2,1,38,2,36,26,8,18,33,8,25,14,38,13,77,33,110,442,16,100,458,11,113,477,15,110,485,0,164,2,187,31,3,28,91,27,10,17,81,19,6,13,94,19,11,8,86,3,2,22,46,3,3,1,2,0,4,90,5,96,14,95,99,185,195,91,96,15,103,459,2,1,15,1,14,111,17,3,14,99,NA,NA,3,1.5,75,2,1,97,0,97,92,1,91,88,16,72,22,52,25,107,45,109,483,22,97,477,18,107,493,20,118,502,106,3,73,1,61,2,59,109,57,2,55,105,45,10,35,113,43,12,31,108,3,2,32,58,0,2,1,1,1,2,77,2,75,18,96,89,173,164,85,80,27,103,479,3,5,30,2,28,112,27,2,25,100,3,3.5,3.5,4,NA,105,6,99,98,2,96,114,6,108,23,53,27,103,56,115,514,25,95,486,23,108,505,25,127,520,111,2,NA,117,4,NA,63,0,63,102,67,1,66,105,38,5,33,103,34,7,27,95,3,NA,2,NA,39,63,3,1,1,1,10,12,89,12,89,25,101,97,190,186,94,92,3,32,3,2,34,104,492,3,4,28,1,27,108,30,0,30,102,2.5,3.5,3.5,4,NA,99,2,97,107,2,105,122,1,121,28,57,31,107,58,111,519,34,112,512,23,103,505,26,122,523,107,4,NA,84,1,NA,66,0,66,94,66,0,66,94,38,7,31,92,42,6,36,98,3,NA,3,NA,40,54,3,1,1,3,9,13,84,13,85,26,91,90,175,175,86,86,2,40,2,2,40,105,503,9,5,32,2,30,108,34,1,33,104,4,3,NA,4,NA
154,7,2,62,6,56,47,5,42,51,7,44,16,40,20,95,32,103,438,18,100,465,17,116,491,15,108,485,0,102,2,102,35,2,33,96,34,2,32,95,25,12,13,94,39,27,12,93,0,2,19,41,4,4,2,2,0,6,99,6,100,16,101,105,200,205,99,102,24,109,474,3,3,18,3,15,112,19,2,17,104,NA,NA,3,4,75,7,2,90,1,89,90,6,84,93,20,73,18,43,20,87,38,96,460,20,93,472,18,106,493,15,100,485,136,2,72,4,56,2,54,98,60,1,59,103,38,4,34,108,32,5,27,100,0,1,24,44,1,5,1,2,1,3,81,4,85,18,91,89,172,174,85,85,28,102,481,5,5,22,1,21,102,18,3,15,87,3,2.5,3,3.5,NA,NA,NA,NA,NA,NA,NA,NA,NA,NA,NA,NA,NA,NA,NA,NA,NA,NA,NA,NA,NA,NA,NA,NA,NA,NA,NA,NA,NA,NA,NA,NA,NA,NA,NA,NA,NA,NA,NA,NA,NA,NA,NA,NA,NA,NA,NA,NA,NA,NA,NA,NA,NA,NA,NA,NA,NA,NA,NA,NA,NA,NA,NA,NA,NA,NA,NA,NA,NA,NA,NA,NA,NA,NA,NA,NA,NA,NA,NA,NA,NA,NA,NA,NA,NA,NA,NA,3,3,4,3,NA,NA,NA,NA,NA,NA,NA,NA,NA,NA,NA,NA,NA,NA,NA,NA,NA,NA,NA,NA,NA,NA,NA,NA,NA,NA,NA,NA,NA,NA,NA,NA,NA,NA,NA,NA,NA,NA,NA,NA,NA,NA,NA,NA,NA,NA,NA,NA,NA,NA,NA,NA,NA,NA,NA,NA,NA,NA,NA,NA,NA,NA,NA,NA,NA,NA,NA,NA,NA,NA,NA,NA,NA,NA,NA,NA,NA,NA,NA,NA,NA,NA,NA,NA,NA,NA,NA,NA,NA,NA,NA,NA
155,5,2,101,1,100,94,0,94,109,13,96,22,60,23,116,43,127,477,22,117,477,19,126,495,20,129,502,2,112,3,84,61,1,60,124,59,1,58,122,36,5,31,120,32,5,27,116,1,3,35,69,4,5,3,3,3,10,116,10,118,21,120,119,236,237,121,121,29,119,483,3,4,31,1,30,132,31,0,31,124,NA,NA,4,4,95,5,2,165,3,162,146,2,144,130,0,130,24,61,28,117,53,123,506,29,116,497,24,119,508,19,117,499,65,3,55,3,74,1,73,123,70,1,69,119,40,2,38,116,38,0,38,116,3,3,35,63,2,3,1,1,5,8,101,8,101,23,107,104,208,205,104,102,36,118,496,4,6,37,0,37,127,40,0,40,121,5,4.5,4,4.5,NA,141,0,141,135,0,135,146,0,146,26,60,30,112,61,123,527,30,108,500,26,114,513,23,122,513,61,3,NA,57,4,NA,80,0,80,123,74,0,74,115,45,4,41,112,39,5,34,104,2,NA,4,NA,43,69,7,2,2,8,17,27,133,27,135,36,128,126,261,261,139,137,4,64,4,4,45,125,512,4,4,40,3,37,124,41,0,41,118,4,5,4,5,NA,149,5,144,141,5,136,159,1,158,27,57,37,127,59,116,522,34,115,512,28,115,520,23,117,513,30,3,NA,50,3,NA,80,0,80,117,80,3,77,113,51,5,46,115,50,4,46,115,4,NA,3,NA,47,68,6,1,1,7,15,23,114,23,114,35,117,117,231,231,118,118,4,81,4,4,43,115,509,3,10,47,1,46,131,52,0,52,141,5,4.5,NA,NA,NA
156,2,1,71,3,68,63,2,61,56,2,54,23,63,20,104,37,119,457,24,121,483,16,123,489,18,122,496,4,209,4,106,44,1,43,109,44,4,40,107,21,6,15,101,23,8,15,101,2,3,34,67,1,3,2,2,1,4,92,4,90,20,117,116,209,206,105,102,27,117,479,3,3,26,0,26,128,24,2,22,111,NA,NA,5,5.5,97,2,1,118,3,115,110,3,107,97,1,96,23,58,26,110,53,122,506,24,103,483,24,118,508,20,120,502,90,4,67,4,66,1,65,115,62,0,62,112,29,2,27,104,30,2,28,105,3,4,40,70,2,6,3,2,4,9,104,8,101,28,120,120,224,221,113,111,37,119,498,6,7,23,1,22,103,22,1,21,95,3.5,4.5,4.5,5.5,NA,130,2,128,113,1,112,127,1,126,26,60,29,109,56,115,514,32,113,506,30,124,530,25,128,520,102,1,NA,109,2,NA,67,0,67,106,70,1,69,109,35,4,31,100,37,4,33,103,4,NA,4,NA,43,69,6,2,1,9,11,22,116,21,113,29,111,108,227,221,115,111,2,76,4,4,40,114,503,8,7,29,0,29,111,23,0,23,94,3.5,4,5,5,NA,120,1,119,123,3,120,121,1,120,28,59,31,110,58,113,519,31,103,503,26,110,513,23,115,513,75,3,NA,100,1,NA,64,0,64,95,61,0,61,91,37,5,32,97,36,6,30,95,1,NA,4,NA,48,68,4,1,1,7,13,21,107,21,107,34,112,112,219,219,110,110,3,54,4,3,46,120,514,8,8,32,0,32,111,29,0,29,99,4,NA,NA,4.5,NA
157,2,1,40,1,39,26,4,22,32,3,29,23,58,18,83,38,104,460,22,101,477,16,109,489,20,121,502,2,215,2,135,32,2,30,87,33,6,27,84,16,4,12,88,19,6,13,90,2,2,30,56,3,1,1,1,0,4,89,4,90,17,98,108,187,198,92,98,29,110,483,2,4,23,0,23,123,20,1,19,107,NA,NA,5,6,88,2,1,114,2,112,107,1,106,102,1,101,22,50,22,91,50,108,497,28,103,494,23,109,505,20,113,502,114,3,69,3,66,0,66,105,59,0,59,97,36,6,30,99,46,7,39,110,4,2,27,45,2,5,1,2,3,6,89,7,97,23,96,104,185,201,91,100,31,100,486,2,8,32,3,29,113,29,1,28,104,3.5,3.5,4,2.5,NA,141,3,138,141,0,141,147,1,146,27,57,28,98,63,122,533,32,107,506,26,110,513,26,125,523,90,3,NA,128,4,NA,65,0,65,96,73,1,72,105,44,9,35,101,46,8,38,105,3,NA,4,NA,44,62,4,1,1,5,13,19,102,19,107,26,94,100,196,207,97,103,2,39,2,3,42,113,507,8,12,31,1,30,113,30,0,30,102,3.5,3.5,4,4,NA,173,2,171,150,1,149,200,1,199,28,56,25,88,58,108,519,55,112,515,24,103,508,27,122,527,87,3,NA,79,4,NA,76,1,75,106,77,1,76,107,49,8,41,104,49,4,45,110,1,NA,3,NA,45,58,9,2,2,8,13,23,109,23,113,35,108,114,217,227,109,115,4,72,4,4,44,109,511,8,10,33,0,33,113,36,0,36,110,3.5,NA,NA,5,NA
158,2,1,97,0,97,79,1,78,87,14,73,19,48,21,103,42,119,473,31,129,503,20,121,498,16,112,489,2,140,1,80,46,4,42,103,53,5,48,108,33,14,19,103,37,19,18,101,0,1,22,46,4,3,1,1,0,5,95,5,93,18,106,106,201,199,99,99,21,107,469,2,2,28,0,28,130,29,1,28,113,NA,NA,3.5,4.5,81,2,1,142,0,142,137,0,137,126,0,126,22,52,31,123,52,116,503,25,101,486,25,116,510,18,110,496,90,2,45,2,68,0,68,114,70,1,69,115,51,8,43,118,53,8,45,120,0,2,33,57,8,5,1,1,6,15,121,15,122,27,113,110,234,232,120,118,36,155,496,4,7,40,1,39,130,38,2,36,114,4,4,5,4.5,NA,134,0,134,113,4,109,146,0,146,27,59,31,111,57,115,516,30,105,500,26,112,513,21,113,506,100,2,NA,111,4,NA,75,2,73,106,83,2,81,119,44,7,37,103,49,6,43,111,3,NA,4,NA,39,60,6,1,1,5,14,20,110,20,110,32,114,115,224,225,113,114,4,94,4,4,38,110,500,11,10,38,1,37,124,42,0,42,120,4,4.5,4.5,4.5,NA,158,3,155,149,1,148,188,1,187,31,63,35,118,62,119,530,34,112,512,24,105,508,26,122,523,92,1,NA,96,4,NA,80,1,79,112,80,2,78,110,51,7,44,108,52,12,40,103,1,NA,4,NA,40,54,11,3,3,6,14,23,111,23,113,36,114,116,225,229,114,117,3,65,4,4,47,118,516,11,11,40,1,39,122,40,0,40,117,4,5,NA,5,NA
159,2,2,120,2,118,132,4,128,125,1,124,21,54,25,112,43,119,477,26,117,488,17,116,491,16,111,489,3,115,1,80,67,3,64,122,65,6,59,118,25,5,20,104,29,15,14,96,0,1,32,61,8,6,3,3,0,11,118,11,122,21,113,119,231,241,118,124,35,123,494,3,3,32,2,30,132,27,3,24,114,NA,NA,5,5,95,2,2,195,6,189,181,5,176,159,6,153,24,58,28,113,44,104,480,26,102,488,15,101,487,15,100,485,54,3,33,0,71,2,69,115,77,2,75,123,39,6,33,107,41,8,33,107,1,2,28,50,7,3,1,1,0,8,99,8,101,28,115,120,214,221,107,111,32,106,488,5,5,39,2,37,127,41,2,39,120,5,4,4.5,5,NA,183,5,178,169,5,164,179,2,177,21,46,26,96,50,102,497,31,107,503,20,101,498,17,99,492,61,2,NA,71,3,NA,68,0,68,100,74,1,73,106,41,6,35,101,44,7,37,103,1,NA,3,NA,39,60,12,4,4,3,11,18,105,18,104,33,117,118,222,222,112,112,3,100,4,4,35,102,494,7,6,39,2,37,124,41,3,38,115,3.5,3.5,4,4,NA,130,3,127,159,4,155,174,5,169,26,53,31,107,57,109,516,31,101,503,20,98,498,22,109,509,69,3,NA,63,1,NA,82,2,80,113,82,3,79,112,47,7,40,103,48,12,36,98,0,NA,2,NA,38,51,5,1,1,8,12,21,106,21,107,32,105,107,211,214,105,107,2,83,4,4,43,110,509,10,9,37,3,34,114,35,6,29,99,4.5,4.5,NA,4,NA
160,2,2,79,3,76,73,3,70,81,6,75,19,51,22,112,39,122,464,17,106,462,20,127,498,12,101,475,0,130,3,94,47,7,40,107,55,5,50,115,31,8,23,111,31,9,22,110,0,1,24,50,6,3,2,2,0,8,108,8,108,15,104,102,212,210,106,105,25,115,476,1,2,26,2,24,125,30,3,27,118,NA,NA,4.5,4,70,2,2,138,0,138,137,1,136,141,2,139,20,49,22,97,48,115,491,23,101,480,26,121,513,19,116,499,78,3,49,2,71,1,70,120,69,0,69,119,41,1,40,118,36,1,35,113,3,1,27,50,5,7,4,3,3,12,114,11,112,25,112,110,226,222,115,112,31,110,486,1,1,35,5,30,115,39,0,39,120,3.5,4,4,4,NA,157,3,154,146,3,143,165,1,164,21,48,28,106,54,112,508,26,97,488,24,110,508,14,93,482,63,3,NA,77,2,NA,81,2,79,121,76,1,75,117,41,2,39,110,35,4,31,100,2,NA,2,NA,30,49,8,3,2,3,16,22,116,21,113,33,120,118,236,231,121,118,3,60,4,4,37,111,498,3,4,29,6,23,102,38,2,36,110,4,3.5,4,3.5,NA,115,4,111,145,1,144,189,1,188,23,49,32,113,58,113,519,29,98,497,28,115,520,18,99,496,64,3,NA,81,0,NA,82,1,81,119,81,2,79,116,45,5,40,107,41,0,41,108,2,NA,3,NA,37,52,11,4,3,4,14,22,110,21,107,34,112,112,222,219,112,110,3,50,3,3,42,113,507,5,4,38,3,35,116,40,4,36,110,4,4,NA,3,NA
161,2,1,21,4,17,18,3,15,22,3,19,14,38,21,103,30,103,431,11,87,438,11,111,477,11,97,471,0,243,2,473,21,1,20,84,21,3,18,82,19,3,16,99,15,5,10,90,0,1,13,31,1,3,1,2,0,2,80,3,85,11,88,90,168,175,83,86,20,107,467,2,0,20,20,0,80,26,24,2,77,NA,NA,4,4,45,2,1,41,0,41,49,2,47,61,0,61,20,47,24,100,44,106,480,16,86,458,20,109,498,13,95,478,104,2,38,1,42,0,42,84,46,2,44,87,31,1,30,103,26,4,22,93,1,3,23,42,1,4,1,1,2,4,85,4,85,21,98,98,183,183,90,90,20,94,467,2,0,15,3,12,87,18,0,18,91,2.5,3,3.5,3.5,NA,78,0,78,64,4,60,91,0,91,23,51,27,99,64,126,536,23,91,480,31,128,538,13,88,478,217,2,NA,206,2,NA,60,0,60,90,54,1,53,81,35,4,31,96,39,3,36,102,2,NA,3,NA,32,50,3,1,1,3,11,15,97,15,96,28,104,102,201,198,99,98,3,52,4,4,29,96,483,8,7,19,2,17,92,18,2,16,84,2.5,3.5,3.5,3.5,NA,72,2,70,86,1,85,97,1,96,23,48,29,101,66,127,542,23,86,480,30,121,530,16,92,489,187,2,NA,115,2,NA,55,0,55,81,54,0,54,80,35,1,34,96,39,0,39,102,0,NA,1,NA,30,41,2,1,1,3,13,17,95,17,97,33,107,110,202,207,100,103,2,48,3,3,27,87,479,7,6,19,2,17,83,18,3,15,77,3.5,3.5,NA,3,NA
162,2,1,9,1,8,13,5,8,12,4,8,19,48,19,100,24,96,408,5,71,404,8,108,468,15,110,485,0,47,2,32,22,14,8,78,15,4,11,81,7,1,6,86,8,2,6,86,0,2,27,53,1,4,3,2,0,4,92,3,82,9,88,77,180,159,88,78,5,91,439,4,2,17,33,0,80,27,23,4,73,NA,NA,3.5,4.5,25,2,1,114,32,82,75,4,71,75,3,72,23,55,21,94,36,96,453,21,96,475,10,97,474,20,118,502,107,3,101,1,56,4,52,102,57,6,51,101,29,12,17,91,39,23,16,90,0,2,29,53,6,6,3,2,2,11,111,10,105,14,86,76,197,181,97,89,26,101,477,2,0,20,3,17,95,23,3,20,92,2,3.5,3.5,3.5,NA,NA,NA,NA,NA,NA,NA,NA,NA,NA,NA,NA,NA,NA,NA,NA,NA,NA,NA,NA,NA,NA,NA,NA,NA,NA,NA,NA,NA,NA,NA,NA,NA,NA,NA,NA,NA,NA,NA,NA,NA,NA,NA,NA,NA,NA,NA,NA,NA,NA,NA,NA,NA,NA,NA,NA,NA,NA,NA,NA,NA,NA,NA,NA,NA,NA,NA,NA,NA,NA,NA,NA,NA,NA,NA,NA,NA,NA,NA,NA,NA,NA,NA,NA,NA,NA,NA,NA,NA,NA,NA,NA,NA,NA,NA,NA,NA,NA,NA,NA,NA,NA,NA,NA,NA,NA,NA,NA,NA,NA,NA,NA,NA,NA,NA,NA,NA,NA,NA,NA,NA,NA,NA,NA,NA,NA,NA,NA,NA,NA,NA,NA,NA,NA,NA,NA,NA,NA,NA,NA,NA,NA,NA,NA,NA,NA,NA,NA,NA,NA,NA,NA,NA,NA,NA,NA,NA,NA,NA,NA,NA,NA,NA,NA,NA,NA,NA,NA,NA,NA,NA,NA,NA,NA,NA,NA,NA,NA,NA,NA,NA,NA,NA
163,2,2,44,0,44,55,2,53,50,3,47,19,51,22,118,37,124,457,20,118,472,14,126,484,13,107,478,3,250,2,149,34,0,34,108,40,4,36,110,17,0,17,108,10,2,8,94,1,3,19,44,4,2,2,1,0,6,103,5,96,20,123,116,226,212,115,106,23,116,472,2,2,18,0,18,117,20,0,20,108,NA,NA,4,5,95,2,2,105,1,104,81,0,81,78,1,77,24,61,25,111,47,117,489,28,115,494,20,114,498,21,125,506,121,3,81,3,63,0,63,120,58,1,57,111,28,2,26,107,27,1,26,107,2,2,34,61,2,4,2,1,3,7,97,6,94,29,122,123,219,217,110,109,35,118,494,4,3,26,1,25,107,23,1,22,96,3.5,4,5,4.5,NA,114,1,113,97,0,97,92,1,91,28,65,28,106,52,111,503,30,108,500,24,111,508,25,129,520,112,3,NA,123,4,NA,60,0,60,98,66,1,65,104,30,2,28,97,35,2,33,103,2,NA,4,NA,45,72,5,1,1,6,15,22,116,22,116,30,113,108,229,224,117,113,2,47,4,3,37,112,498,5,4,30,0,30,113,29,1,28,99,4,4,4,3.5,NA,105,7,98,123,2,121,166,1,165,28,59,31,110,57,112,516,31,104,503,24,106,508,24,119,516,79,2,NA,78,1,NA,74,2,72,105,72,1,71,103,37,2,35,101,39,3,36,102,2,NA,2,NA,45,65,11,4,3,4,15,23,114,22,110,41,131,129,245,239,127,123,3,80,4,4,44,117,511,9,7,32,2,30,108,34,0,34,107,4,4.5,NA,5,NA
164,2,1,99,2,97,96,1,95,89,2,87,24,61,24,104,44,113,480,29,117,497,19,112,495,21,125,506,4,135,4,85,54,0,54,109,56,2,54,109,35,7,28,109,32,7,25,106,1,3,34,61,4,3,1,2,1,6,94,7,104,24,110,127,204,231,101,118,34,116,492,1,2,31,1,30,132,28,1,27,118,NA,NA,5,5,88,2,1,155,1,154,132,0,132,133,0,133,25,57,29,112,50,107,497,34,120,512,24,110,508,22,119,509,78,4,52,4,68,1,67,106,64,0,64,103,44,0,44,116,45,2,43,115,1,3,33,54,6,4,1,1,7,14,114,14,123,29,111,123,225,246,114,127,47,129,516,7,7,37,2,35,123,40,0,40,121,5,5,5,4.5,NA,180,6,174,165,0,165,177,1,176,27,57,33,114,57,111,516,34,114,512,28,115,520,27,128,527,66,4,NA,83,4,NA,73,0,73,106,76,1,75,109,50,1,49,119,48,3,45,113,3,NA,4,NA,45,63,4,1,1,6,11,18,100,18,104,34,112,121,212,225,106,114,3,98,4,4,48,122,517,8,9,37,2,35,121,40,3,37,112,4,4,4.5,4.5,NA,164,1,163,167,0,167,192,4,188,29,58,35,114,61,114,527,39,126,528,30,120,530,27,122,527,52,2,NA,53,2,NA,79,0,79,112,78,1,77,109,54,4,50,116,53,4,49,115,1,NA,4,NA,43,56,6,1,1,9,17,27,119,27,125,34,106,112,225,237,114,121,2,74,4,4,51,120,522,11,10,41,1,40,123,43,0,43,122,4,4.5,NA,4,NA
165,2,2,13,0,13,16,4,12,13,4,9,19,51,16,91,27,106,420,11,93,438,7,111,464,13,106,478,0,155,2,82,16,3,13,83,15,3,12,82,16,3,13,98,18,6,12,97,2,2,28,58,2,3,2,2,0,4,92,4,90,10,90,87,182,177,89,87,12,104,454,5,2,6,3,3,88,7,2,5,83,NA,NA,4,5,45,2,2,91,1,90,80,3,77,67,3,64,22,54,22,97,42,107,473,20,96,472,11,100,477,14,100,482,183,3,79,3,56,2,54,104,51,1,50,100,30,12,18,93,28,11,17,91,1,2,29,53,9,5,2,2,2,13,117,13,120,21,103,98,220,218,111,109,25,102,476,4,4,27,4,23,104,23,7,16,88,2,3.5,2.5,3.5,NA,75,1,74,78,2,76,96,1,95,22,50,29,109,45,99,483,24,95,483,15,98,487,22,119,509,98,2,NA,61,2,NA,59,0,59,97,60,3,57,95,34,17,17,82,36,19,17,82,2,NA,3,NA,26,43,3,1,1,4,12,17,102,17,102,25,101,97,203,199,100,99,2,59,4,4,30,99,485,6,4,28,1,27,108,22,5,17,86,2.5,2.5,3.5,3,NA,87,9,78,96,15,81,116,9,107,23,49,30,107,47,95,489,27,95,491,17,96,491,21,109,506,141,2,NA,188,1,NA,62,1,61,91,68,3,65,96,42,17,25,89,40,20,20,82,3,NA,2,NA,35,49,12,4,4,6,10,20,105,20,104,29,101,100,206,204,102,101,2,27,1,1,35,99,494,5,4,23,3,20,89,28,3,25,93,NA,3.5,NA,NA,NA
166,2,1,67,0,67,68,0,68,56,1,55,22,57,20,95,40,115,467,24,113,483,16,115,489,14,105,482,3,77,4,99,48,3,45,106,49,2,47,108,28,6,22,106,26,8,18,101,2,1,26,50,4,4,2,2,2,8,107,8,108,18,106,111,213,219,106,110,29,115,483,0,3,22,1,21,121,24,1,23,113,NA,NA,5,5,97,2,1,140,5,135,113,3,110,85,2,83,21,50,29,117,51,114,500,31,115,503,26,117,513,20,116,502,92,4,48,4,64,1,63,109,57,2,55,99,36,3,33,107,29,3,26,98,1,3,31,55,3,4,1,1,3,7,96,7,97,29,118,123,214,220,107,111,40,119,503,4,5,35,0,35,123,31,0,31,109,3,3,3,3,NA,128,3,125,122,5,117,128,2,126,23,51,30,108,58,116,519,33,113,509,25,110,510,24,122,516,80,3,NA,100,4,NA,69,1,68,100,70,0,70,102,46,6,40,107,46,10,36,102,4,NA,4,NA,34,53,9,3,3,9,14,26,125,26,132,32,114,115,239,247,123,128,2,42,3,3,43,117,509,4,6,32,0,32,116,36,1,35,108,3,4,3.5,3.5,NA,130,6,124,153,13,140,175,3,172,25,52,34,115,61,116,527,34,111,512,20,98,498,24,115,516,66,3,NA,70,1,NA,69,0,69,98,69,0,69,98,44,5,39,102,47,5,42,106,1,NA,3,NA,34,46,11,3,3,9,15,27,121,27,125,35,111,114,232,239,119,123,2,47,3,3,47,117,516,5,8,43,0,43,127,41,3,38,114,3.5,4,NA,3,NA
167,2,2,38,7,31,29,3,26,34,7,27,16,42,19,92,32,101,438,17,96,462,4,88,443,18,117,496,2,294,2,197,27,3,24,88,30,8,22,86,19,9,10,90,17,6,11,91,1,2,27,51,4,2,1,1,0,5,93,5,96,15,93,102,186,198,91,98,23,107,472,3,3,15,1,14,111,15,2,13,97,NA,NA,5,4,95,2,2,91,6,85,76,4,72,84,3,81,24,58,24,100,39,95,464,26,100,488,7,88,464,20,115,502,125,4,90,3,50,3,47,92,48,5,43,85,29,18,11,78,29,15,14,82,2,1,34,58,4,2,1,1,4,9,101,9,104,24,101,107,202,211,100,105,36,112,496,2,4,24,4,20,100,25,0,25,100,3,4,5,4.5,NA,96,4,92,84,6,78,126,3,123,24,53,26,96,45,95,483,28,98,494,14,94,484,22,115,509,95,3,NA,113,3,NA,51,1,50,78,59,0,59,88,21,9,12,72,29,18,11,70,3,NA,3,NA,32,47,4,1,1,5,14,20,106,20,110,28,101,105,207,215,103,108,2,52,4,4,41,112,505,5,3,28,3,25,105,32,2,30,102,4,4.5,4.5,5,NA,90,7,83,117,11,106,137,10,127,25,52,25,90,48,94,491,33,107,509,13,90,482,28,127,530,80,2,NA,84,1,NA,67,2,65,93,68,3,65,93,30,10,20,79,29,14,15,73,2,NA,3,NA,42,56,9,2,2,7,14,23,111,23,113,33,107,110,218,223,109,113,2,72,4,4,40,103,503,5,5,26,1,25,99,28,2,26,94,5,4.5,NA,5,NA
168,1,2,36,3,33,26,2,24,21,3,18,20,47,22,90,35,92,449,11,74,438,15,102,487,14,98,482,0,146,2,128,27,1,26,71,27,3,24,70,18,12,6,70,15,12,3,64,0,2,15,29,1,1,1,1,0,2,77,2,79,16,87,105,164,184,81,91,13,88,456,0,1,11,0,11,107,11,3,8,89,NA,NA,3.5,4.5,38,1,2,NA,NA,NA,NA,NA,NA,NA,NA,NA,NA,NA,NA,NA,NA,NA,NA,NA,NA,NA,NA,NA,NA,NA,NA,NA,NA,NA,NA,NA,NA,NA,NA,NA,NA,NA,NA,NA,NA,NA,NA,NA,NA,NA,NA,NA,NA,NA,NA,NA,NA,NA,NA,NA,NA,NA,NA,NA,NA,NA,NA,NA,NA,NA,NA,NA,NA,NA,NA,NA,NA,NA,NA,NA,NA,NA,NA,NA,NA,NA,NA,NA,NA,NA,NA,NA,NA,NA,NA,NA,NA,NA,NA,NA,NA,NA,NA,NA,NA,NA,NA,NA,NA,NA,NA,NA,NA,NA,NA,NA,NA,NA,NA,NA,NA,NA,NA,NA,NA,NA,NA,NA,NA,NA,NA,NA,NA,NA,NA,NA,NA,NA,NA,NA,NA,NA,NA,NA,NA,NA,NA,NA,NA,NA,NA,NA,NA,NA,NA,NA,NA,NA,NA,NA,NA,NA,NA,NA,NA,NA,NA,NA,NA,NA,NA,NA,NA,NA,NA,NA,NA,NA,NA,NA,NA,NA,NA,NA,NA,NA,NA,NA,NA,NA,NA,NA,NA,NA,NA,NA,NA,NA,NA,NA,NA,NA,NA,NA,NA,NA,NA,NA,NA,NA,NA,NA,NA,NA,NA,NA,NA,NA,NA,NA,NA,NA,NA,NA,NA,NA,NA,NA,NA,NA,NA,NA,NA,NA,NA,NA,NA,NA,NA,NA,NA,NA,NA,NA,NA,NA,NA,NA,NA,NA,NA,NA,NA,NA,NA,NA,NA,NA,NA,NA,NA,NA,NA,NA,NA,NA,NA,NA,NA,NA,NA,NA
169,5,2,118,0,118,122,15,107,118,0,118,18,46,26,120,49,129,494,28,124,494,29,138,525,19,123,499,2,99,3,64,58,1,57,116,64,0,64,122,33,2,31,116,35,0,35,121,1,2,30,58,7,7,4,4,0,11,118,11,122,26,126,132,244,254,127,133,35,124,494,4,3,34,1,33,135,37,1,36,131,NA,NA,5,5,81,5,2,165,2,163,172,0,172,137,5,132,24,58,29,117,59,126,522,29,112,497,31,133,538,18,111,496,82,4,48,3,70,0,70,117,68,0,68,114,48,1,47,122,45,0,45,120,1,3,36,62,4,7,2,3,4,10,106,11,112,30,120,126,226,238,115,122,35,114,494,5,4,41,1,40,132,40,1,39,120,4,4.5,4,5,NA,172,1,171,170,4,166,170,2,168,25,55,31,111,64,126,536,32,111,506,29,120,525,21,113,506,52,4,NA,71,4,NA,76,0,76,111,76,0,76,111,54,1,53,124,51,0,51,121,4,NA,3,NA,38,59,4,1,1,6,14,21,113,21,113,34,119,121,232,234,119,119,2,46,3,3,42,116,507,7,6,48,1,47,140,48,0,48,129,3.5,4,3.5,5,NA,NA,NA,NA,NA,NA,NA,NA,NA,NA,NA,NA,NA,NA,NA,NA,NA,NA,NA,NA,NA,NA,NA,NA,NA,NA,NA,NA,NA,NA,NA,NA,NA,NA,NA,NA,NA,NA,NA,NA,NA,NA,NA,NA,NA,NA,NA,NA,NA,NA,NA,NA,NA,NA,NA,NA,NA,NA,NA,NA,NA,NA,NA,NA,NA,NA,NA,NA,NA,NA,NA,NA,NA,NA,NA,NA,NA,NA,NA,NA,NA,NA,NA,NA,NA,NA,NA,NA,NA,NA,NA,NA
170,5,1,67,1,66,42,1,41,55,2,53,20,51,23,105,38,110,460,17,96,462,12,108,480,14,104,482,2,200,2,121,42,4,38,100,39,5,34,96,23,6,17,100,20,5,15,97,0,3,27,51,8,3,1,1,1,10,112,10,114,21,107,115,219,229,110,117,19,103,466,4,3,23,1,22,122,26,1,25,108,NA,NA,3.5,4.5,70,5,1,97,1,96,99,0,99,84,0,84,24,58,24,100,50,111,497,27,104,491,20,107,498,20,116,502,106,3,69,4,53,1,52,96,54,0,54,98,30,5,25,97,25,3,22,93,1,3,37,63,6,6,2,2,2,10,104,10,105,25,104,104,208,209,104,104,31,103,486,5,3,27,3,24,106,23,2,21,93,3.5,3.5,3.5,3.5,NA,110,3,107,108,1,107,123,1,122,21,46,31,111,53,107,506,27,97,491,22,104,502,20,109,502,87,2,NA,104,3,NA,60,2,58,87,58,0,58,87,27,1,26,90,27,1,26,90,2,NA,3,NA,35,54,9,3,3,5,14,22,115,22,117,34,119,121,234,238,120,122,2,99,4,4,32,98,488,4,5,34,1,33,117,31,0,31,103,4,4,4,4.5,NA,NA,NA,NA,NA,NA,NA,NA,NA,NA,NA,NA,NA,NA,NA,NA,NA,NA,NA,NA,NA,NA,NA,NA,NA,NA,NA,NA,NA,NA,NA,NA,NA,NA,NA,NA,NA,NA,NA,NA,NA,NA,NA,NA,NA,NA,NA,NA,NA,NA,NA,NA,NA,NA,NA,NA,NA,NA,NA,NA,NA,NA,NA,NA,NA,NA,NA,NA,NA,NA,NA,NA,NA,NA,NA,NA,NA,NA,NA,NA,NA,NA,NA,NA,NA,NA,NA,NA,NA,NA,NA,NA
171,4,1,88,0,88,63,3,60,76,3,73,21,57,26,127,40,123,467,23,119,480,17,124,491,13,105,478,2,97,3,72,44,3,41,108,55,3,52,117,21,6,15,101,21,2,19,107,0,2,21,46,8,3,2,1,3,13,126,12,122,21,120,115,246,237,128,121,29,119,483,1,1,27,0,27,129,27,1,26,110,NA,NA,4,4.5,81,4,1,112,1,111,117,1,116,110,3,107,24,61,30,124,54,123,508,27,110,491,27,123,517,15,103,485,57,3,24,2,62,0,62,112,71,2,69,119,38,2,36,114,37,3,34,112,1,4,24,45,6,5,2,2,7,15,123,15,127,31,127,129,250,256,131,134,32,112,488,3,3,36,2,34,121,32,3,29,106,3.5,3,4,4,NA,153,1,152,129,3,126,131,1,130,26,60,34,125,57,117,516,31,110,503,26,114,513,24,125,516,75,4,NA,81,4,NA,72,0,72,112,73,1,72,112,38,1,37,107,35,2,33,103,3,NA,4,NA,36,58,6,2,1,3,17,22,116,21,112,36,128,124,244,236,127,121,4,72,4,4,42,119,507,2,4,33,2,31,114,30,1,29,100,3.5,3.5,3.5,4,NA,122,2,120,133,3,130,143,2,141,26,56,38,130,58,113,519,32,107,506,27,112,517,26,124,523,32,2,NA,37,3,NA,55,0,55,83,68,0,68,100,41,3,38,105,45,3,42,110,1,NA,2,NA,32,45,6,1,1,9,15,25,117,25,119,41,128,129,245,248,127,129,4,116,4,4,45,118,512,10,10,43,2,41,124,39,2,37,112,NA,3,NA,NA,NA
172,2,2,73,0,73,68,0,68,81,0,81,20,51,23,105,46,121,486,20,102,472,17,115,491,16,111,489,3,133,3,100,44,0,44,105,48,0,48,108,27,6,21,105,30,5,25,110,0,2,27,51,4,6,3,3,2,9,108,9,109,19,102,109,210,218,105,109,33,119,490,4,2,27,0,27,129,26,1,25,108,NA,NA,5,5,97,2,2,191,12,179,185,0,185,152,1,151,22,52,32,126,66,134,542,29,109,497,25,115,510,17,106,492,80,3,41,2,79,1,78,128,83,3,80,131,54,6,48,123,46,4,42,117,2,3,39,67,6,9,3,4,5,14,118,15,127,37,138,145,256,272,135,144,37,114,498,9,5,42,4,38,128,46,2,44,128,3,3.5,3.5,4.5,NA,177,0,177,180,0,180,183,0,183,26,58,37,131,64,125,536,31,106,503,29,119,525,25,124,520,57,2,NA,93,3,NA,87,1,86,129,84,0,84,124,54,9,45,113,51,6,45,113,3,NA,4,NA,42,64,16,4,4,5,17,26,125,26,132,40,133,136,258,268,136,142,4,83,4,4,45,119,512,8,6,44,1,43,133,42,1,41,118,3.5,4,4.5,5,NA,181,1,180,184,0,184,204,1,203,27,55,43,140,66,126,542,31,100,503,28,113,520,21,106,506,40,3,NA,42,1,NA,92,0,92,133,90,0,90,130,60,3,57,128,60,1,59,131,4,NA,2,NA,40,54,10,3,3,4,15,22,108,22,110,42,127,132,235,242,120,125,3,92,4,4,44,112,511,10,9,47,5,42,126,48,3,45,125,4,4,NA,4,NA
173,2,1,21,7,14,17,3,14,16,6,10,19,48,21,103,30,103,431,11,87,438,14,115,484,17,116,492,0,85,1,32,33,15,18,82,19,6,13,78,10,0,10,90,8,1,7,84,3,1,24,49,2,1,1,1,1,4,90,4,87,11,88,83,178,170,87,83,16,103,461,4,2,6,2,4,90,4,3,1,67,NA,NA,3,3,45,2,1,NA,NA,NA,NA,NA,NA,NA,NA,NA,NA,NA,NA,NA,NA,NA,NA,NA,NA,NA,NA,NA,NA,NA,NA,NA,NA,NA,NA,NA,NA,NA,NA,NA,NA,NA,NA,NA,NA,NA,NA,NA,NA,NA,NA,NA,NA,NA,NA,NA,NA,NA,NA,NA,NA,NA,NA,NA,NA,NA,NA,NA,NA,NA,NA,NA,NA,NA,NA,NA,NA,NA,NA,NA,NA,NA,NA,NA,NA,3,3,3,3,NA,80,2,78,64,2,62,96,1,95,27,59,25,92,43,94,477,29,102,497,20,102,498,25,126,520,184,3,NA,187,2,NA,44,0,44,73,53,1,52,80,22,2,20,82,27,5,22,85,3,NA,4,NA,37,57,4,1,1,3,15,19,108,19,107,21,88,88,196,195,97,96,2,33,2,2,27,94,479,6,4,22,1,21,98,15,5,10,73,2.5,3,3,3,NA,NA,NA,NA,NA,NA,NA,NA,NA,NA,NA,NA,NA,NA,NA,NA,NA,NA,NA,NA,NA,NA,NA,NA,NA,NA,NA,NA,NA,NA,NA,NA,NA,NA,NA,NA,NA,NA,NA,NA,NA,NA,NA,NA,NA,NA,NA,NA,NA,NA,NA,NA,NA,NA,NA,NA,NA,NA,NA,NA,NA,NA,NA,NA,NA,NA,NA,NA,NA,NA,NA,NA,NA,NA,NA,NA,NA,NA,NA,NA,NA,NA,NA,NA,NA,NA,NA,NA,NA,NA,NA,NA
174,2,2,62,2,60,45,5,40,51,5,46,24,64,23,105,35,106,449,22,107,477,14,111,484,19,121,499,3,246,3,136,44,8,36,98,40,7,33,96,17,1,16,99,18,5,13,94,3,3,37,69,2,5,2,2,4,8,107,8,104,20,111,112,218,216,109,108,28,113,481,5,4,22,2,20,120,19,5,14,92,NA,NA,4,5.5,95,2,2,146,1,145,131,1,130,126,4,122,25,60,24,100,45,104,483,29,109,497,23,111,505,22,122,509,88,4,62,4,61,0,61,105,53,0,53,97,29,3,26,98,29,1,28,101,3,4,39,67,7,4,1,1,2,10,106,10,108,21,98,98,204,206,101,102,37,114,498,5,4,34,5,29,113,35,2,33,111,4.5,4.5,5,3.5,NA,166,2,164,163,4,159,172,2,170,30,68,27,99,61,120,527,34,116,512,23,106,505,24,122,516,50,4,NA,81,3,NA,71,0,71,103,67,0,67,98,43,3,40,107,42,6,36,102,3,NA,3,NA,55,80,9,3,3,5,14,22,115,22,117,31,112,113,227,230,115,118,2,42,3,3,49,126,519,7,6,40,1,39,127,31,4,27,99,4,4.5,4,4.5,NA,170,1,169,169,3,166,215,6,209,30,61,33,112,61,116,527,35,115,515,24,104,508,26,122,523,40,3,NA,44,4,NA,73,1,72,102,82,2,80,113,49,2,47,112,48,6,42,106,4,NA,1,NA,58,78,16,4,4,5,10,19,101,19,101,41,125,129,226,230,115,118,3,71,4,4,50,122,521,5,6,43,1,42,126,38,0,38,114,4,5,NA,NA,NA
175,1,2,42,2,40,30,5,25,37,2,35,20,49,21,90,33,95,442,18,93,465,18,110,493,9,86,464,0,150,0,114,22,0,22,71,22,4,18,67,15,5,10,81,15,4,11,82,0,2,22,42,4,4,2,2,0,6,96,6,100,18,96,111,192,211,95,105,23,100,472,0,1,20,0,20,120,15,2,13,97,NA,NA,4,4,81,1,2,NA,NA,NA,NA,NA,NA,NA,NA,NA,NA,NA,NA,NA,NA,NA,NA,NA,NA,NA,NA,NA,NA,NA,NA,NA,NA,NA,NA,NA,NA,NA,NA,NA,NA,NA,NA,NA,NA,NA,NA,NA,NA,NA,NA,NA,NA,NA,NA,NA,NA,NA,NA,NA,NA,NA,NA,NA,NA,NA,NA,NA,NA,NA,NA,NA,NA,NA,NA,NA,NA,NA,NA,NA,NA,NA,NA,NA,NA,3,NA,NA,NA,NA,NA,NA,NA,NA,NA,NA,NA,NA,NA,NA,NA,NA,NA,NA,NA,NA,NA,NA,NA,NA,NA,NA,NA,NA,NA,NA,NA,NA,NA,NA,NA,NA,NA,NA,NA,NA,NA,NA,NA,NA,NA,NA,NA,NA,NA,NA,NA,NA,NA,NA,NA,NA,NA,NA,NA,NA,NA,NA,NA,NA,NA,NA,NA,NA,NA,NA,NA,NA,NA,NA,NA,NA,NA,NA,NA,NA,NA,NA,NA,NA,NA,NA,NA,NA,NA,NA,NA,NA,NA,NA,NA,NA,NA,NA,NA,NA,NA,NA,NA,NA,NA,NA,NA,NA,NA,NA,NA,NA,NA,NA,NA,NA,NA,NA,NA,NA,NA,NA,NA,NA,NA,NA,NA,NA,NA,NA,NA,NA,NA,NA,NA,NA,NA,NA,NA,NA,NA,NA,NA,NA,NA,NA,NA,NA,NA,NA,NA,NA,NA,NA,NA,NA,NA,NA,NA,NA,NA,NA,NA,NA,NA,NA,NA,NA,NA,NA,NA,NA,NA,NA,NA,NA,NA,NA,NA,NA,NA,NA,NA,NA,NA,NA
176,4,2,116,3,113,109,5,104,107,4,103,16,44,25,128,38,127,460,18,116,465,17,131,491,12,105,475,2,60,2,43,58,5,53,129,50,0,50,125,38,15,23,117,39,21,18,110,1,0,19,44,0,2,2,1,3,5,98,4,90,19,120,114,218,204,109,101,22,116,471,2,3,31,2,29,131,27,8,19,107,NA,NA,4,3,81,4,2,117,1,116,112,4,108,97,4,93,18,44,26,114,52,125,503,22,104,477,27,127,517,11,94,471,53,1,52,4,67,0,67,124,64,2,62,119,41,7,34,115,46,4,42,124,1,0,23,45,3,2,1,1,5,9,106,9,104,29,126,123,232,227,119,115,31,114,486,2,3,45,2,43,138,39,2,37,117,3,3,4,3.5,NA,141,2,139,119,4,115,138,3,135,23,53,33,126,60,124,525,27,102,491,26,115,513,17,104,492,52,4,NA,42,2,NA,59,1,58,102,71,0,71,119,48,10,38,112,50,8,42,117,2,NA,2,NA,30,52,8,3,2,9,20,32,150,31,148,40,142,136,292,284,160,153,2,54,4,4,35,110,494,3,7,35,6,29,111,40,2,38,115,4,4,5,4.5,NA,117,1,116,129,3,126,160,7,153,22,49,36,129,66,129,542,31,106,503,28,116,520,18,101,496,40,2,NA,74,2,NA,65,0,65,96,75,2,73,106,48,5,43,111,47,7,40,107,2,NA,3,NA,41,60,6,1,1,11,16,28,126,28,128,43,135,135,261,263,139,139,3,108,4,4,37,105,498,9,7,46,6,40,123,42,7,35,109,5,4.5,NA,5,NA
177,2,2,36,11,25,48,20,28,48,18,30,20,45,20,80,29,75,427,12,70,442,5,80,452,13,91,478,0,93,1,48,49,31,18,56,98,91,7,55,32,30,2,57,31,30,1,55,0,2,20,34,2,2,1,1,1,4,86,4,90,15,76,102,162,192,80,95,8,76,446,2,3,14,17,0,80,15,35,0,71,1,NA,4,4,70,2,2,NA,NA,NA,NA,NA,NA,NA,NA,NA,NA,NA,NA,NA,NA,NA,NA,NA,NA,NA,NA,NA,NA,NA,NA,NA,NA,NA,NA,NA,NA,NA,NA,NA,NA,NA,NA,NA,NA,NA,NA,NA,NA,NA,NA,NA,NA,NA,NA,NA,NA,NA,NA,NA,NA,NA,NA,NA,NA,NA,NA,NA,NA,NA,NA,NA,NA,NA,NA,NA,NA,NA,NA,NA,NA,NA,NA,NA,NA,3.5,3.5,3,3,NA,120,4,116,112,8,104,133,3,130,23,44,26,87,49,92,494,22,80,477,22,99,502,16,87,489,110,3,NA,118,3,NA,70,3,67,95,72,3,69,98,43,14,29,90,48,18,30,91,3,NA,2,NA,39,49,7,1,2,2,11,14,85,15,96,24,83,93,168,189,83,93,4,85,4,4,32,87,488,1,2,26,3,23,102,25,4,21,91,NA,NA,NA,NA,NA,NA,NA,NA,NA,NA,NA,NA,NA,NA,NA,NA,NA,NA,NA,NA,NA,NA,NA,NA,NA,NA,NA,NA,NA,NA,NA,NA,NA,NA,NA,NA,NA,NA,NA,NA,NA,NA,NA,NA,NA,NA,NA,NA,NA,NA,NA,NA,NA,NA,NA,NA,NA,NA,NA,NA,NA,NA,NA,NA,NA,NA,NA,NA,NA,NA,NA,NA,NA,NA,NA,NA,NA,NA,NA,NA,NA,NA,NA,NA,NA,NA,NA,NA,NA,NA,NA,NA,NA,NA,NA,NA
178,5,1,82,1,81,94,1,93,77,6,71,21,57,20,110,41,128,470,20,117,472,4,101,443,17,120,492,3,90,0,39,48,6,42,117,51,3,48,123,20,10,10,97,20,8,12,101,0,2,36,70,3,3,2,2,1,6,100,6,100,18,112,111,212,211,106,105,26,118,477,5,5,25,0,25,127,27,1,26,117,NA,NA,4.5,5,97,5,1,NA,NA,NA,NA,NA,NA,NA,NA,NA,NA,NA,NA,NA,NA,NA,NA,NA,NA,NA,NA,NA,NA,NA,NA,NA,NA,NA,NA,NA,NA,NA,NA,NA,NA,NA,NA,NA,NA,NA,NA,NA,NA,NA,NA,NA,NA,NA,NA,NA,NA,NA,NA,NA,NA,NA,NA,NA,NA,NA,NA,NA,NA,NA,NA,NA,NA,NA,NA,NA,NA,NA,NA,NA,NA,NA,NA,NA,NA,3.5,4,4,5,NA,NA,NA,NA,NA,NA,NA,NA,NA,NA,NA,NA,NA,NA,NA,NA,NA,NA,NA,NA,NA,NA,NA,NA,NA,NA,NA,NA,NA,NA,NA,NA,NA,NA,NA,NA,NA,NA,NA,NA,NA,NA,NA,NA,NA,NA,NA,NA,NA,NA,NA,NA,NA,NA,NA,NA,NA,NA,NA,NA,NA,NA,NA,NA,NA,NA,NA,NA,NA,NA,NA,NA,NA,NA,NA,NA,NA,NA,NA,NA,NA,NA,NA,NA,NA,NA,NA,3.5,4.5,4,4.5,NA,NA,NA,NA,NA,NA,NA,NA,NA,NA,NA,NA,NA,NA,NA,NA,NA,NA,NA,NA,NA,NA,NA,NA,NA,NA,NA,NA,NA,NA,NA,NA,NA,NA,NA,NA,NA,NA,NA,NA,NA,NA,NA,NA,NA,NA,NA,NA,NA,NA,NA,NA,NA,NA,NA,NA,NA,NA,NA,NA,NA,NA,NA,NA,NA,NA,NA,NA,NA,NA,NA,NA,NA,NA,NA,NA,NA,NA,NA,NA,NA,NA,NA,NA,NA,NA,NA,NA,NA,NA,NA,NA
179,5,1,90,0,90,94,4,90,85,0,85,21,54,23,110,48,127,491,25,116,486,21,123,500,18,119,496,2,144,3,92,53,1,52,112,56,0,56,115,24,3,21,105,20,2,18,101,1,3,31,60,1,5,2,2,2,5,95,5,93,20,111,112,206,205,102,102,31,117,486,3,2,26,3,23,123,28,1,27,111,NA,NA,4.5,5,88,5,1,153,0,153,131,1,130,133,0,133,23,55,27,110,48,111,491,29,111,497,21,110,500,22,124,509,93,4,59,4,65,0,65,111,66,1,65,111,28,3,25,97,32,3,29,102,1,3,36,62,6,3,1,1,5,12,112,12,116,28,115,120,227,236,115,121,36,115,496,5,6,36,2,34,121,35,1,34,113,3.5,3.5,3.5,4,NA,145,1,144,146,1,145,151,2,149,25,55,31,111,57,114,516,33,113,509,25,110,510,22,115,509,81,4,NA,118,4,NA,71,0,71,103,73,2,71,103,34,3,31,96,39,5,34,100,3,NA,3,NA,40,61,3,1,1,4,15,20,110,20,109,32,114,113,224,222,113,112,3,41,2,3,41,113,505,6,7,34,3,31,114,35,2,33,105,4,5.5,4.5,5,NA,168,0,168,168,2,166,170,2,168,28,57,33,112,59,113,522,33,108,509,24,105,508,24,116,516,63,3,NA,71,1,NA,81,0,81,115,74,2,72,102,40,4,36,98,45,4,41,104,2,NA,2,NA,46,62,10,3,3,3,15,21,106,21,107,33,107,110,213,217,106,109,2,53,3,3,44,113,511,9,7,42,2,40,123,44,2,42,120,0,3.5,NA,4,NA
180,3,2,157,1,156,136,3,133,147,2,145,19,48,27,124,52,133,503,27,122,491,25,130,510,19,123,499,2,84,3,59,59,0,59,118,69,3,66,124,37,6,31,116,39,5,34,120,0,3,22,46,2,2,1,1,1,4,90,4,90,22,116,122,206,212,102,106,32,120,488,4,5,36,1,35,137,35,1,34,128,NA,NA,5,5,95,3,2,156,5,151,185,1,184,162,3,159,26,63,30,120,61,129,527,30,114,500,30,129,530,22,124,509,44,3,33,4,78,0,78,128,81,1,80,131,48,3,45,120,47,0,47,122,2,3,34,59,7,9,3,4,2,12,112,13,120,34,130,138,242,258,125,135,38,119,500,6,6,55,5,50,146,55,5,50,138,4,3.5,3.5,4,NA,172,1,171,155,4,151,150,0,150,29,64,35,124,64,126,536,35,121,515,31,128,538,26,129,523,34,4,NA,47,4,NA,69,0,69,101,82,0,82,121,51,10,41,108,56,5,51,121,4,NA,4,NA,37,57,6,1,1,4,15,20,110,20,110,37,126,129,236,239,121,123,3,53,4,4,39,112,502,7,3,56,4,52,145,57,3,54,139,4,3.5,3.5,4,NA,166,3,163,173,3,170,185,7,178,32,65,41,134,70,136,556,36,119,518,31,126,538,28,129,530,40,3,NA,43,3,NA,78,0,78,110,78,0,78,110,59,4,55,124,60,4,56,126,3,NA,3,NA,56,76,10,3,3,5,15,23,111,23,113,44,132,137,243,250,126,130,3,74,4,4,50,126,521,9,7,59,1,58,146,58,2,56,144,5,3,NA,4,NA
181,2,2,16,4,12,17,5,12,19,7,12,20,54,17,98,30,110,431,13,98,446,7,111,464,17,119,492,0,87,0,89,20,10,10,82,15,12,3,75,0,0,0,73,16,10,6,89,1,2,16,37,2,5,3,3,0,5,96,5,96,14,101,99,197,195,97,96,5,95,439,0,1,16,17,0,80,25,23,2,77,NA,NA,4.5,4,42,2,2,79,0,79,80,1,79,78,1,77,20,49,16,75,44,111,480,28,113,494,15,106,487,19,117,499,112,1,44,1,47,2,45,92,50,2,48,99,39,18,21,97,35,13,22,98,0,3,26,48,1,6,3,2,1,5,90,4,83,18,96,84,186,167,91,82,30,110,485,5,2,22,1,21,102,20,6,14,83,2.5,3,2,4,NA,106,0,106,92,1,91,90,1,89,26,60,27,103,47,102,489,29,105,497,22,107,502,22,119,509,121,4,NA,176,3,NA,51,1,50,85,49,2,47,82,26,3,23,90,33,9,24,92,3,NA,4,NA,40,64,3,1,1,2,11,14,94,14,93,20,89,83,183,176,90,86,2,25,2,2,35,108,494,1,4,26,0,26,106,13,1,12,76,3,3.5,4,3.5,NA,86,3,83,110,1,109,128,0,128,24,51,28,102,59,115,522,31,104,503,22,103,502,21,109,506,99,3,NA,113,1,NA,65,0,65,96,64,0,64,95,36,3,33,99,39,8,31,96,2,NA,3,NA,38,56,4,1,1,1,10,12,85,12,84,27,99,95,184,179,90,88,2,44,3,3,41,110,505,8,7,25,0,25,99,27,2,25,93,4,3,NA,4,NA
182,4,2,39,3,36,34,3,31,36,6,30,15,40,23,116,37,116,457,16,100,458,13,116,482,12,100,475,0,139,2,67,36,5,31,100,38,1,37,105,16,5,11,95,14,3,11,95,0,1,10,29,7,3,2,1,0,9,112,8,104,20,117,112,229,216,117,108,15,103,459,1,2,21,4,17,115,17,4,13,90,NA,NA,4,5,55,4,2,40,3,37,57,4,53,62,2,60,15,38,25,107,42,106,473,19,93,469,16,106,489,13,96,478,106,3,75,3,42,0,42,89,42,1,41,88,21,1,20,95,19,2,17,91,0,2,15,32,4,3,1,1,0,5,90,5,90,22,105,101,195,191,96,94,27,103,479,2,2,23,3,20,100,22,1,21,95,3,3.5,4,4,NA,69,5,64,73,7,66,96,0,96,21,46,26,99,50,105,497,24,93,483,23,107,505,16,98,489,83,3,NA,74,3,NA,54,0,54,92,59,1,58,96,21,3,18,84,20,3,17,82,1,NA,4,NA,31,51,6,2,1,1,8,11,87,10,83,26,103,98,190,181,94,89,3,61,4,4,33,101,490,2,4,29,3,26,106,24,2,22,92,3,3,3.5,3.5,NA,NA,NA,NA,NA,NA,NA,NA,NA,NA,NA,NA,NA,NA,NA,NA,NA,NA,NA,NA,NA,NA,NA,NA,NA,NA,NA,NA,NA,NA,NA,NA,NA,NA,NA,NA,NA,NA,NA,NA,NA,NA,NA,NA,NA,NA,NA,NA,NA,NA,NA,NA,NA,NA,NA,NA,NA,NA,NA,NA,NA,NA,NA,NA,NA,NA,NA,NA,NA,NA,NA,NA,NA,NA,NA,NA,NA,NA,NA,NA,NA,NA,NA,NA,NA,NA,NA,NA,NA,NA,NA,NA
183,4,1,49,8,41,45,8,37,55,8,47,18,49,19,100,32,110,438,13,95,446,6,104,459,9,92,464,0,154,3,86,47,17,30,99,63,40,23,93,14,13,1,75,26,25,1,75,0,0,18,41,3,3,2,2,0,5,96,5,96,14,101,99,197,195,97,96,15,104,459,0,0,27,1,26,128,20,3,17,104,NA,NA,3,4,32,4,1,121,4,117,111,8,103,99,7,92,16,40,20,90,39,101,464,22,98,477,15,104,487,16,106,489,128,1,65,1,60,0,60,110,62,7,55,105,22,5,17,91,27,13,14,85,0,2,20,39,5,3,1,1,1,7,97,7,97,15,88,82,185,179,91,88,17,93,462,3,2,25,4,21,102,24,2,22,96,1,2,1,3.5,NA,94,1,93,111,9,102,106,2,104,21,48,25,96,46,99,486,21,89,475,16,98,489,15,96,485,108,2,NA,151,1,NA,71,1,70,110,64,3,61,99,29,6,23,90,23,12,11,74,3,NA,3,NA,22,37,4,1,1,1,11,13,92,13,92,25,101,97,193,189,95,93,2,50,4,4,23,91,472,3,2,28,2,26,106,28,2,26,98,3.5,3,3,3,NA,94,5,89,112,10,102,147,3,144,19,40,28,102,47,95,489,23,87,480,15,93,487,14,87,482,85,1,NA,39,0,NA,72,3,69,101,60,3,57,86,28,7,21,84,29,7,22,85,0,NA,0,NA,23,34,1,1,0,2,13,16,95,15,92,26,94,92,189,184,93,91,0,43,3,3,31,93,486,0,2,30,2,28,104,25,4,21,87,NA,3,NA,NA,NA
184,2,2,83,2,81,81,2,79,75,0,75,20,51,26,116,50,123,497,23,106,480,22,119,502,19,119,499,1,172,4,145,54,0,54,109,49,0,49,104,32,4,28,109,29,6,23,103,0,1,31,58,9,3,1,1,2,12,119,12,122,24,114,125,233,247,119,128,34,118,492,3,3,28,1,27,129,26,1,25,108,NA,NA,6,6,97,2,2,112,2,110,102,2,100,86,1,85,21,50,27,110,51,112,500,30,111,500,26,116,513,15,99,485,134,3,80,4,62,1,61,105,64,2,62,108,36,2,34,108,38,0,38,112,1,2,30,52,7,6,2,2,4,13,113,13,120,33,124,135,237,255,122,133,34,109,492,5,3,31,1,30,115,29,1,28,104,5,5.5,4.5,6,NA,125,0,125,98,0,98,133,0,133,24,53,31,111,57,113,516,32,109,506,28,116,520,24,120,516,109,4,NA,142,4,NA,75,2,73,106,76,0,76,111,46,1,45,113,48,1,47,116,3,NA,4,NA,42,61,8,2,2,8,12,22,111,22,117,35,117,123,228,240,117,123,4,77,4,4,43,115,509,8,7,31,0,31,114,31,1,30,102,4,4.5,4.5,4.5,NA,NA,NA,NA,NA,NA,NA,NA,NA,NA,NA,NA,NA,NA,NA,NA,NA,NA,NA,NA,NA,NA,NA,NA,NA,NA,NA,NA,NA,NA,NA,NA,NA,NA,NA,NA,NA,NA,NA,NA,NA,NA,NA,NA,NA,NA,NA,NA,NA,NA,NA,NA,NA,NA,NA,NA,NA,NA,NA,NA,NA,NA,NA,NA,NA,NA,NA,NA,NA,NA,NA,NA,NA,NA,NA,NA,NA,NA,NA,NA,NA,NA,NA,NA,NA,NA,NA,NA,NA,NA,NA,NA
185,2,1,39,3,36,36,1,35,46,4,42,18,46,20,99,38,114,460,20,106,472,15,115,487,9,90,464,0,50,3,20,50,8,42,103,48,14,34,96,38,22,16,99,31,18,13,94,0,2,28,55,3,5,2,3,0,5,95,6,100,15,98,102,193,202,95,100,21,107,469,1,1,23,0,23,123,22,11,11,94,NA,NA,4,4,81,2,1,108,4,104,100,4,96,77,3,74,21,50,21,91,44,105,480,26,103,488,24,114,508,16,104,489,126,3,81,2,60,0,60,104,60,3,57,101,33,6,27,100,26,2,24,96,1,2,30,53,3,6,2,2,1,6,92,6,91,19,93,87,185,178,91,87,30,105,485,2,3,30,1,29,113,28,2,26,100,3,3,2,3.5,NA,94,3,91,88,2,86,85,16,69,20,44,30,108,50,103,497,29,101,497,24,108,508,18,103,496,67,1,NA,90,3,NA,66,1,65,96,57,1,56,85,39,4,35,101,43,9,34,100,2,NA,4,NA,30,47,9,3,3,1,10,14,94,14,94,29,107,108,201,202,99,100,2,47,3,3,37,108,498,4,4,33,1,32,116,33,1,32,104,3,3.5,3.5,3.5,NA,99,5,94,102,3,99,138,1,137,23,48,31,107,58,111,519,32,105,506,26,109,513,26,122,523,82,2,NA,103,1,NA,58,0,58,84,69,3,66,94,47,5,42,106,46,3,43,107,1,NA,2,NA,37,50,8,2,2,3,13,18,98,18,99,27,94,95,192,194,95,96,2,52,3,3,45,114,512,7,3,29,1,28,104,30,1,29,99,3.5,4,NA,4,NA
186,2,1,42,2,40,30,10,20,55,11,44,19,51,22,118,30,115,431,17,114,462,9,120,471,17,122,492,0,107,2,79,43,17,26,99,37,14,23,96,27,19,8,94,30,20,10,97,2,3,24,52,6,5,3,3,0,9,114,9,113,14,106,99,220,212,111,106,19,114,466,1,1,17,3,14,111,17,3,14,99,NA,NA,5,4,75,2,1,137,0,137,117,1,116,126,1,125,22,54,21,97,47,118,489,26,111,488,21,116,500,18,115,496,67,2,58,3,64,2,62,119,70,2,68,125,42,9,33,114,44,5,39,121,1,3,19,39,6,5,2,1,2,10,109,9,101,23,111,98,220,199,111,99,30,113,485,3,2,34,2,32,118,36,1,35,112,3.5,3.5,4,3.5,NA,156,2,154,126,3,123,131,0,131,22,50,28,106,52,112,503,28,105,494,23,110,505,23,124,513,67,3,NA,85,3,NA,81,3,78,128,80,4,76,124,51,4,47,122,52,10,42,117,3,NA,2,NA,25,44,6,2,1,2,14,18,105,17,102,25,104,97,209,199,104,99,2,23,2,2,35,110,494,6,4,38,3,35,121,36,5,31,103,4,3.5,4,3,NA,174,0,174,170,0,170,202,3,199,28,59,32,113,57,112,516,32,108,506,23,105,505,21,110,506,55,3,NA,53,3,NA,83,2,81,119,81,2,79,116,59,14,45,113,57,12,45,113,1,NA,3,NA,41,60,6,1,1,4,11,16,96,16,94,33,113,110,209,204,104,101,2,55,4,4,39,109,502,9,5,44,3,41,124,38,7,31,105,4,4,NA,4,NA
187,2,1,20,8,12,19,6,13,10,5,5,14,40,17,93,25,103,412,10,91,434,5,105,452,13,106,478,0,37,1,25,16,7,9,79,18,3,15,85,15,9,6,86,17,11,6,86,1,2,20,44,2,2,2,1,0,4,92,3,85,10,90,87,182,172,89,84,11,103,452,1,1,15,5,10,105,23,14,9,90,NA,NA,2.5,2,15,2,1,NA,NA,NA,NA,NA,NA,NA,NA,NA,NA,NA,NA,NA,NA,NA,NA,NA,NA,NA,NA,NA,NA,NA,NA,NA,NA,NA,NA,NA,NA,NA,NA,NA,NA,NA,NA,NA,NA,NA,NA,NA,NA,NA,NA,NA,NA,NA,NA,NA,NA,NA,NA,NA,NA,NA,NA,NA,NA,NA,NA,NA,NA,NA,NA,NA,NA,NA,NA,NA,NA,NA,NA,NA,NA,NA,NA,NA,NA,NA,NA,4,3,NA,65,4,61,39,7,32,80,2,78,23,53,24,93,37,87,457,19,85,469,11,92,477,15,96,485,126,0,NA,99,1,NA,53,6,47,82,47,5,42,77,21,8,13,77,21,9,12,75,3,NA,4,NA,23,39,5,1,1,0,10,11,87,11,86,19,86,81,173,167,85,82,2,35,3,2,26,94,477,1,5,20,6,14,86,23,2,21,91,3,3.5,3,3.5,NA,NA,NA,NA,NA,NA,NA,NA,NA,NA,NA,NA,NA,NA,NA,NA,NA,NA,NA,NA,NA,NA,NA,NA,NA,NA,NA,NA,NA,NA,NA,NA,NA,NA,NA,NA,NA,NA,NA,NA,NA,NA,NA,NA,NA,NA,NA,NA,NA,NA,NA,NA,NA,NA,NA,NA,NA,NA,NA,NA,NA,NA,NA,NA,NA,NA,NA,NA,NA,NA,NA,NA,NA,NA,NA,NA,NA,NA,NA,NA,NA,NA,NA,NA,NA,NA,NA,NA,NA,NA,NA,NA
188,2,1,13,5,8,14,7,7,9,6,3,15,42,16,95,22,98,400,12,96,442,4,100,443,11,99,471,0,380,2,414,12,5,7,79,16,8,8,80,6,4,2,80,9,8,1,76,0,2,20,44,0,0,0,0,0,0,72,0,69,11,93,90,165,159,81,78,7,98,444,0,1,13,7,6,96,26,23,3,78,NA,NA,2,2,6,2,1,60,7,53,37,5,32,48,9,39,18,44,19,89,34,98,446,18,94,465,4,84,443,14,101,482,228,2,45,1,33,8,25,82,44,11,33,90,19,14,5,76,26,25,1,66,1,0,19,38,1,2,1,1,1,3,82,3,80,12,81,75,163,155,80,76,15,94,459,1,0,13,10,3,70,14,5,9,78,NA,NA,3.5,3.5,NA,NA,NA,NA,NA,NA,NA,NA,NA,NA,NA,NA,NA,NA,NA,NA,NA,NA,NA,NA,NA,NA,NA,NA,NA,NA,NA,NA,NA,NA,NA,NA,NA,NA,NA,NA,NA,NA,NA,NA,NA,NA,NA,NA,NA,NA,NA,NA,NA,NA,NA,NA,NA,NA,NA,NA,NA,NA,NA,NA,NA,NA,NA,NA,NA,NA,NA,NA,NA,NA,NA,NA,NA,NA,NA,NA,NA,NA,NA,NA,NA,NA,NA,NA,NA,NA,NA,NA,NA,NA,NA,NA,NA,NA,NA,NA,NA,NA,NA,NA,NA,NA,NA,NA,NA,NA,NA,NA,NA,NA,NA,NA,NA,NA,NA,NA,NA,NA,NA,NA,NA,NA,NA,NA,NA,NA,NA,NA,NA,NA,NA,NA,NA,NA,NA,NA,NA,NA,NA,NA,NA,NA,NA,NA,NA,NA,NA,NA,NA,NA,NA,NA,NA,NA,NA,NA,NA,NA,NA,NA,NA,NA,NA,NA,NA,NA,NA,NA,NA,NA,NA,NA,NA,NA,NA,NA,NA,NA,NA,NA,NA,NA,NA
189,2,1,16,6,10,27,5,22,26,8,18,21,52,20,90,25,87,412,14,88,450,3,75,423,17,113,492,1,200,2,45,27,9,18,75,29,6,23,80,14,9,5,76,13,12,1,66,3,3,31,58,3,3,1,2,0,4,89,5,96,11,83,90,172,186,85,92,8,88,446,4,3,21,12,9,104,20,17,3,78,NA,NA,1,2,25,2,1,90,2,88,67,15,52,84,14,70,23,55,20,87,39,95,464,20,91,472,12,96,480,17,105,492,156,3,100,4,52,8,44,87,57,7,50,94,23,15,8,73,27,16,11,78,1,2,32,55,2,5,1,2,0,3,80,4,85,16,82,84,162,169,80,83,33,107,490,4,3,18,2,16,94,18,4,14,85,1,3,1.5,3,NA,NA,NA,NA,NA,NA,NA,NA,NA,NA,NA,NA,NA,NA,NA,NA,NA,NA,NA,NA,NA,NA,NA,NA,NA,NA,NA,NA,NA,NA,NA,NA,NA,NA,NA,NA,NA,NA,NA,NA,NA,NA,NA,NA,NA,NA,NA,NA,NA,NA,NA,NA,NA,NA,NA,NA,NA,NA,NA,NA,NA,NA,NA,NA,NA,NA,NA,NA,NA,NA,NA,NA,NA,NA,NA,NA,NA,NA,NA,NA,NA,NA,NA,NA,NA,NA,NA,2.5,3,2,2,NA,NA,NA,NA,NA,NA,NA,NA,NA,NA,NA,NA,NA,NA,NA,NA,NA,NA,NA,NA,NA,NA,NA,NA,NA,NA,NA,NA,NA,NA,NA,NA,NA,NA,NA,NA,NA,NA,NA,NA,NA,NA,NA,NA,NA,NA,NA,NA,NA,NA,NA,NA,NA,NA,NA,NA,NA,NA,NA,NA,NA,NA,NA,NA,NA,NA,NA,NA,NA,NA,NA,NA,NA,NA,NA,NA,NA,NA,NA,NA,NA,NA,NA,NA,NA,NA,NA,NA,NA,NA,NA,NA
190,2,1,102,2,100,105,2,103,94,3,91,21,50,24,97,41,102,470,21,95,475,22,112,502,15,101,485,2,123,2,78,60,4,56,100,59,2,57,101,31,3,28,101,26,7,19,89,0,1,22,41,5,4,1,2,0,6,95,7,104,16,87,105,182,209,89,104,28,103,481,2,1,27,0,27,129,31,2,29,121,NA,NA,4,NA,81,2,1,127,0,127,120,0,120,111,0,111,NA,NA,28,105,49,103,494,24,93,483,21,104,500,16,98,489,97,3,73,2,61,0,61,91,63,0,63,94,30,2,28,92,36,2,34,100,1,2,25,40,7,2,1,1,5,13,109,13,120,21,88,98,197,218,97,109,34,103,492,3,2,36,2,34,121,37,3,34,113,2,3.5,3.5,3.5,NA,144,0,144,126,4,122,126,2,124,22,46,33,111,57,110,516,26,92,488,23,103,505,23,114,513,88,1,NA,119,3,NA,65,2,63,90,71,0,71,100,32,2,30,91,33,3,30,91,3,NA,4,NA,33,45,4,1,1,4,10,15,90,15,97,31,103,113,193,210,95,105,2,52,3,4,33,95,490,1,0,33,3,30,113,26,4,22,93,3.5,3.5,4,4.5,NA,113,7,106,131,6,125,164,7,157,23,46,33,109,58,107,519,31,98,503,28,112,520,26,118,523,86,3,NA,79,1,NA,63,0,63,90,67,1,66,94,43,3,40,103,45,4,41,104,0,NA,2,NA,36,46,6,1,1,8,12,21,102,21,108,33,103,112,205,220,102,111,2,33,2,2,35,94,494,1,2,41,2,39,122,31,9,22,91,3.5,3,NA,4,NA
191,1,2,133,0,133,97,6,91,120,4,116,22,60,26,132,42,131,473,26,130,488,14,126,484,19,128,499,3,101,4,76,58,7,51,127,56,4,52,128,33,8,25,119,36,22,14,104,3,3,32,66,5,4,3,2,1,9,114,8,108,23,131,125,245,233,127,119,29,122,483,2,3,23,1,22,122,26,0,26,117,NA,NA,3.5,4,88,1,2,165,2,163,185,13,172,133,1,132,22,54,26,118,45,117,483,29,119,497,23,120,505,24,136,516,45,4,37,3,73,1,72,129,72,3,69,126,45,4,41,123,43,4,39,121,4,4,32,59,5,8,4,4,1,10,109,10,108,24,114,107,223,215,113,108,38,123,500,3,4,37,3,34,121,35,0,35,114,3.5,3.5,4.5,4.5,NA,146,5,141,141,3,138,172,1,171,28,68,33,126,58,122,519,32,116,506,26,116,513,22,122,509,67,4,NA,96,3,NA,81,2,79,130,82,2,80,131,42,3,39,114,45,4,41,116,3,NA,4,NA,38,64,9,3,3,8,15,26,130,26,132,34,126,121,256,253,135,132,3,82,4,4,40,119,503,5,5,38,1,37,124,36,1,35,108,3,4,5.5,5,NA,163,1,162,151,5,146,181,2,179,28,62,31,114,57,114,516,33,113,509,23,106,505,21,112,506,76,4,NA,84,2,NA,72,0,72,105,78,2,76,111,43,3,40,107,45,3,42,110,4,NA,4,NA,42,64,6,1,1,7,17,25,123,25,121,30,109,105,232,226,119,115,2,109,4,4,42,115,507,6,6,44,4,40,123,37,2,35,112,3,6,NA,6,NA
192,2,2,79,6,73,93,3,90,75,5,70,19,48,20,99,38,114,460,20,106,472,8,105,468,15,109,485,3,134,2,85,51,6,45,106,55,9,46,107,31,21,10,90,30,20,10,90,0,2,24,49,2,7,4,4,1,7,103,7,104,22,116,122,219,226,110,115,24,110,474,1,1,28,2,26,128,28,0,28,120,NA,NA,3.5,3.5,75,2,2,125,3,122,123,2,121,94,4,90,20,47,23,97,46,109,486,22,97,477,15,103,487,15,101,485,91,3,42,2,63,1,62,108,64,2,62,108,40,20,20,91,35,16,19,89,3,3,29,51,6,7,2,3,1,9,103,10,108,22,100,101,203,209,100,104,26,99,477,3,2,32,8,24,106,35,3,32,110,3.5,3.5,3.5,3,NA,139,3,136,97,4,93,114,6,108,22,49,30,108,50,104,497,28,99,494,18,99,493,17,100,492,89,2,NA,116,2,NA,67,0,67,98,72,2,70,102,32,9,23,86,34,12,22,85,2,NA,4,NA,31,48,10,3,3,4,11,18,105,18,104,25,97,97,202,201,100,100,2,51,3,4,34,102,492,4,4,39,2,37,124,41,1,40,117,3,2,3,3,NA,116,8,108,122,6,116,162,11,151,26,56,28,102,53,103,506,27,94,491,23,104,505,23,115,513,66,2,NA,67,1,NA,72,3,69,101,71,2,69,101,41,13,28,92,46,13,33,99,3,NA,2,NA,34,48,9,3,3,8,7,18,100,18,100,30,103,105,203,205,100,102,2,66,4,4,35,99,494,7,5,36,5,31,109,38,3,35,112,3,4,NA,NA,NA
193,1,1,64,5,59,70,17,53,55,7,48,19,48,21,103,37,114,457,18,103,465,12,113,480,13,103,478,2,128,1,103,38,8,30,93,41,7,34,96,27,13,14,96,23,12,11,91,2,1,23,47,5,4,2,2,2,9,110,9,109,17,104,103,214,212,107,106,18,105,464,3,3,23,3,20,120,20,4,16,95,NA,NA,4,4,97,1,1,119,1,118,108,5,103,93,5,88,20,47,22,94,40,100,467,26,104,488,14,101,484,16,104,489,110,3,61,2,64,5,59,103,66,2,64,110,39,16,23,95,37,17,20,91,2,4,32,56,4,4,1,1,3,8,99,8,98,26,110,107,209,205,104,102,34,112,492,8,11,35,3,32,118,31,3,28,102,3,3.5,3,3,NA,130,4,126,105,6,99,130,1,129,21,46,27,99,46,99,486,29,103,497,16,97,489,19,107,499,87,3,NA,99,0,NA,70,3,67,98,75,3,72,105,39,7,32,97,31,9,22,85,3,NA,2,NA,28,44,2,1,1,3,10,14,94,14,94,27,102,103,196,197,97,98,2,41,2,3,34,102,492,6,7,29,3,26,106,38,0,38,115,3,3,3.5,4,NA,124,2,122,124,4,120,132,3,129,25,52,28,102,50,98,497,29,97,497,20,99,498,23,114,513,81,2,NA,93,1,NA,67,1,66,97,65,1,64,95,41,11,30,95,46,9,37,103,2,NA,2,NA,40,56,9,3,2,9,11,23,112,22,110,27,96,95,208,205,104,102,2,60,4,4,39,105,502,5,7,27,3,24,97,35,1,34,107,3.5,3.5,NA,3,NA
194,1,1,41,2,39,55,3,52,42,6,36,21,54,22,106,31,105,434,14,94,450,6,101,459,8,88,460,2,202,2,152,40,10,30,93,39,12,27,90,16,2,14,96,17,7,10,90,0,1,21,44,5,1,1,1,0,6,99,6,97,13,93,89,192,186,95,92,18,105,464,5,4,18,5,13,110,21,6,15,93,NA,NA,3.5,4.5,81,1,1,73,4,69,54,5,49,59,4,55,22,52,23,97,38,98,460,18,91,465,5,85,452,17,108,492,64,0,48,2,49,3,46,91,42,5,37,81,16,6,10,76,12,6,6,70,1,2,26,47,7,3,1,1,1,9,103,9,104,21,98,98,201,202,99,100,26,101,477,5,5,21,4,17,95,22,1,21,95,2.5,2,4,3.5,NA,67,5,62,49,8,41,99,2,97,20,44,25,92,42,93,473,24,93,483,9,89,471,23,120,513,166,2,NA,199,3,NA,53,7,46,75,59,7,52,80,19,7,12,72,17,5,12,72,1,NA,3,NA,26,41,7,2,2,5,13,20,110,20,110,24,95,95,205,205,102,102,2,57,4,4,29,97,483,6,6,29,10,19,95,26,3,23,94,3.5,3.5,4,3.5,NA,66,12,54,96,5,91,110,4,106,22,46,23,87,43,89,477,26,92,488,15,93,487,19,101,499,105,3,NA,120,1,NA,63,2,61,91,68,5,63,94,22,10,12,72,20,10,10,69,3,NA,1,NA,32,45,2,1,1,8,15,24,115,24,116,28,98,98,213,214,106,107,2,45,3,3,30,92,485,6,6,24,0,24,97,22,3,19,84,3.5,4,NA,3,NA
195,2,1,33,2,31,31,0,31,32,1,31,21,54,22,106,38,115,460,22,112,477,16,118,489,9,91,464,0,131,1,68,33,1,32,95,34,3,31,94,15,1,14,96,16,0,16,99,0,1,26,52,3,3,1,1,0,4,90,4,87,16,101,100,191,187,94,92,24,111,474,4,2,14,1,13,110,21,0,21,103,NA,NA,4,4,88,2,1,75,7,68,82,3,79,77,4,73,22,52,23,97,45,108,483,25,102,486,21,111,500,16,104,489,181,4,124,4,52,0,52,96,47,1,46,91,26,4,22,93,22,5,17,87,0,4,28,50,3,1,1,0,4,8,99,7,97,24,105,107,204,204,101,101,29,104,483,3,4,26,2,24,106,20,3,17,90,3,3.5,4,4,NA,101,4,97,105,5,100,95,1,94,25,55,26,96,52,107,503,27,98,491,26,112,513,21,113,506,99,1,NA,136,3,NA,63,1,62,92,65,1,64,95,33,10,23,86,31,6,25,89,2,NA,3,NA,32,50,8,2,2,2,9,13,92,13,92,28,104,105,196,197,97,98,2,83,4,4,33,100,490,3,5,23,1,22,100,26,4,22,93,3,3.5,3.5,4,NA,NA,NA,NA,NA,NA,NA,NA,NA,NA,NA,NA,NA,NA,NA,NA,NA,NA,NA,NA,NA,NA,NA,NA,NA,NA,NA,NA,NA,NA,NA,NA,NA,NA,NA,NA,NA,NA,NA,NA,NA,NA,NA,NA,NA,NA,NA,NA,NA,NA,NA,NA,NA,NA,NA,NA,NA,NA,NA,NA,NA,NA,NA,NA,NA,NA,NA,NA,NA,NA,NA,NA,NA,NA,NA,NA,NA,NA,NA,NA,NA,NA,NA,NA,NA,NA,NA,NA,NA,NA,NA,NA
196,4,2,38,11,27,28,6,22,42,12,30,17,46,22,112,31,108,434,15,99,454,6,104,459,11,98,471,0,162,2,118,36,12,24,94,39,11,28,97,27,21,6,86,26,20,6,86,0,0,18,41,2,4,3,2,1,6,100,5,93,15,104,96,204,189,101,93,14,103,457,3,0,16,6,10,105,13,4,9,83,NA,NA,3.5,3.5,32,4,2,107,1,106,82,8,74,90,5,85,21,52,23,100,41,106,470,20,96,472,11,100,477,17,110,492,83,1,55,1,72,7,65,115,73,10,63,113,46,25,21,97,48,30,18,93,0,0,22,42,3,7,4,3,1,8,101,7,97,20,101,95,202,192,100,95,21,98,469,3,0,25,1,24,106,22,5,17,90,3,2.5,3,3,NA,103,6,97,82,11,71,101,7,94,23,53,28,106,44,97,480,24,94,483,14,96,484,16,99,489,39,1,NA,26,0,NA,69,2,67,106,73,9,64,103,53,26,27,95,54,27,27,95,0,NA,2,NA,20,34,4,1,1,0,9,10,84,10,84,27,106,103,190,187,94,92,2,39,3,3,23,91,472,4,0,30,8,22,100,34,14,20,90,3,3.5,3,3,NA,95,6,89,122,6,116,136,17,119,21,44,28,102,46,94,486,22,86,477,18,97,493,17,97,492,28,2,NA,24,0,NA,72,2,70,102,70,2,68,100,55,14,41,108,54,14,40,107,2,NA,2,NA,28,40,9,3,2,4,13,20,105,19,101,30,103,102,208,203,104,101,2,51,3,3,27,89,479,3,2,26,6,20,89,25,5,20,85,3.5,4,NA,3.5,NA
197,2,2,42,2,40,69,15,54,47,3,44,19,51,22,112,35,116,449,18,108,465,14,120,484,21,132,506,1,376,2,207,27,3,24,94,32,4,28,97,17,9,8,90,11,5,6,86,2,3,28,58,5,2,2,1,2,9,112,8,104,21,120,115,232,219,119,110,20,110,467,0,0,21,3,18,117,17,2,15,93,NA,NA,5,4.5,65,2,2,90,0,90,111,3,108,97,3,94,25,63,23,100,48,115,491,29,115,497,19,110,495,23,130,513,111,4,82,4,52,0,52,102,45,0,45,92,19,1,18,93,20,1,19,94,1,4,30,55,2,2,1,1,3,6,94,6,91,25,112,104,206,195,102,96,30,109,485,2,4,26,3,23,104,30,0,30,105,3,3.5,4.5,4,NA,NA,NA,NA,NA,NA,NA,NA,NA,NA,NA,NA,NA,NA,NA,NA,NA,NA,NA,NA,NA,NA,NA,NA,NA,NA,NA,NA,NA,NA,NA,NA,NA,NA,NA,NA,NA,NA,NA,NA,NA,NA,NA,NA,NA,NA,NA,NA,NA,NA,NA,NA,NA,NA,NA,NA,NA,NA,NA,NA,NA,NA,NA,NA,NA,NA,NA,NA,NA,NA,NA,NA,NA,NA,NA,NA,NA,NA,NA,NA,NA,NA,NA,NA,NA,NA,NA,4,3.5,4,3,NA,NA,NA,NA,NA,NA,NA,NA,NA,NA,NA,NA,NA,NA,NA,NA,NA,NA,NA,NA,NA,NA,NA,NA,NA,NA,NA,NA,NA,NA,NA,NA,NA,NA,NA,NA,NA,NA,NA,NA,NA,NA,NA,NA,NA,NA,NA,NA,NA,NA,NA,NA,NA,NA,NA,NA,NA,NA,NA,NA,NA,NA,NA,NA,NA,NA,NA,NA,NA,NA,NA,NA,NA,NA,NA,NA,NA,NA,NA,NA,NA,NA,NA,NA,NA,NA,NA,NA,NA,NA,NA,NA
198,2,2,26,5,21,24,3,21,20,6,14,19,46,22,93,30,88,431,15,85,454,6,89,459,15,102,485,1,351,2,126,23,3,20,69,23,6,17,66,10,3,7,76,7,3,4,70,2,1,28,52,0,1,1,1,1,2,79,2,77,12,81,86,160,163,79,80,20,96,467,2,2,19,11,8,100,14,5,9,83,NA,NA,3.5,3.5,34,2,2,NA,NA,NA,NA,NA,NA,NA,NA,NA,NA,NA,NA,NA,NA,NA,NA,NA,NA,NA,NA,NA,NA,NA,NA,NA,NA,NA,NA,NA,NA,NA,NA,NA,NA,NA,NA,NA,NA,NA,NA,NA,NA,NA,NA,NA,NA,NA,NA,NA,NA,NA,NA,NA,NA,NA,NA,NA,NA,NA,NA,NA,NA,NA,NA,NA,NA,NA,NA,NA,NA,NA,NA,NA,NA,NA,NA,NA,NA,2,3.5,3.5,4,NA,83,5,78,86,6,80,102,5,97,26,56,26,92,44,91,480,27,94,491,21,100,500,19,101,499,107,1,NA,136,2,NA,59,0,59,88,62,1,61,91,26,6,20,82,20,4,16,77,3,NA,2,NA,35,49,10,3,3,3,8,14,89,14,93,24,90,93,179,186,88,92,2,88,4,4,35,98,494,4,3,25,1,24,103,21,4,17,85,3,3,3.5,3.5,NA,80,4,76,91,5,86,122,3,119,24,48,26,90,51,96,500,30,96,500,20,97,498,20,100,502,122,2,NA,128,1,NA,63,1,62,89,65,1,64,91,26,5,21,80,27,5,22,81,0,NA,2,NA,40,51,10,3,3,5,6,14,85,14,89,23,81,86,166,175,82,86,2,55,3,4,39,99,502,4,7,22,4,18,85,24,5,19,84,3,2,NA,4,NA
199,1,2,38,2,36,26,3,23,26,4,22,15,33,23,105,35,104,449,15,91,454,17,113,491,8,86,460,0,84,0,59,30,3,27,90,32,3,29,92,15,2,13,94,17,5,12,93,0,1,17,36,3,4,2,2,1,6,97,6,97,17,98,103,195,200,96,99,18,100,464,2,3,18,1,17,115,15,3,12,89,NA,NA,4.5,5,70,1,2,NA,NA,NA,NA,NA,NA,NA,NA,NA,NA,NA,NA,NA,NA,NA,NA,NA,NA,NA,NA,NA,NA,NA,NA,NA,NA,NA,NA,NA,NA,NA,NA,NA,NA,NA,NA,NA,NA,NA,NA,NA,NA,NA,NA,NA,NA,NA,NA,NA,NA,NA,NA,NA,NA,NA,NA,NA,NA,NA,NA,NA,NA,NA,NA,NA,NA,NA,NA,NA,NA,NA,NA,NA,NA,NA,NA,NA,NA,3,3.5,4,4,NA,NA,NA,NA,NA,NA,NA,NA,NA,NA,NA,NA,NA,NA,NA,NA,NA,NA,NA,NA,NA,NA,NA,NA,NA,NA,NA,NA,NA,NA,NA,NA,NA,NA,NA,NA,NA,NA,NA,NA,NA,NA,NA,NA,NA,NA,NA,NA,NA,NA,NA,NA,NA,NA,NA,NA,NA,NA,NA,NA,NA,NA,NA,NA,NA,NA,NA,NA,NA,NA,NA,NA,NA,NA,NA,NA,NA,NA,NA,NA,NA,NA,NA,NA,NA,NA,NA,3.5,4,4,4,NA,NA,NA,NA,NA,NA,NA,NA,NA,NA,NA,NA,NA,NA,NA,NA,NA,NA,NA,NA,NA,NA,NA,NA,NA,NA,NA,NA,NA,NA,NA,NA,NA,NA,NA,NA,NA,NA,NA,NA,NA,NA,NA,NA,NA,NA,NA,NA,NA,NA,NA,NA,NA,NA,NA,NA,NA,NA,NA,NA,NA,NA,NA,NA,NA,NA,NA,NA,NA,NA,NA,NA,NA,NA,NA,NA,NA,NA,NA,NA,NA,NA,NA,NA,NA,NA,NA,NA,NA,NA,NA,NA
200,2,1,69,4,65,77,1,76,69,2,67,18,44,24,109,42,113,473,22,104,477,18,113,493,16,109,489,3,176,1,70,40,2,38,94,45,1,44,100,26,7,19,98,21,3,18,97,1,3,28,53,3,4,2,2,0,5,93,5,93,20,105,112,198,205,98,102,28,110,481,1,1,24,2,22,122,24,1,23,106,NA,NA,4,4,88,2,1,123,0,123,117,2,115,103,1,102,25,57,27,110,54,115,508,27,102,491,29,122,525,22,121,509,106,4,58,4,64,2,62,108,64,1,63,109,33,4,29,102,41,3,38,112,1,4,38,64,6,3,1,1,2,9,101,9,101,26,106,107,207,208,103,104,32,104,488,3,3,39,1,38,128,37,2,35,112,3,3.5,3.5,3.5,NA,153,5,148,126,1,125,152,1,151,27,59,31,111,61,120,527,29,100,497,31,127,538,21,111,506,73,3,NA,98,4,NA,72,0,72,105,75,0,75,109,40,3,37,103,44,2,42,110,3,NA,4,NA,43,63,6,1,1,1,15,17,98,17,102,32,110,115,208,217,104,109,3,42,3,3,37,105,498,4,3,38,2,36,122,36,5,31,103,3.5,5,3.5,3.5,NA,128,3,125,119,3,116,155,0,155,28,57,41,134,63,119,533,34,110,512,28,113,520,25,117,520,65,2,NA,71,2,NA,73,0,73,103,67,0,67,95,42,5,37,99,47,4,43,107,4,NA,4,NA,47,61,5,1,1,6,13,20,102,20,104,41,122,129,224,233,113,119,3,104,4,4,43,108,509,5,4,41,1,40,123,41,2,39,115,5,3.5,NA,4,NA
201,2,1,36,1,35,25,3,22,34,4,30,18,49,18,102,33,115,442,17,108,462,14,122,484,12,102,475,1,164,0,155,43,7,36,110,39,8,31,105,16,2,14,104,18,5,13,102,0,1,19,42,4,4,3,2,0,7,104,6,97,17,109,103,213,200,106,99,23,115,472,2,2,16,4,12,108,18,2,16,95,NA,NA,3.5,4,70,2,1,102,2,100,94,7,87,88,4,84,19,46,26,114,45,114,483,21,99,475,24,120,508,16,108,489,134,1,71,4,61,1,60,117,60,0,60,117,30,2,28,109,33,1,32,113,0,1,25,48,6,7,4,3,0,10,109,9,104,25,116,110,225,214,114,107,31,112,486,3,1,28,1,27,110,30,3,27,103,1.5,3.5,3.5,3.5,NA,96,13,83,87,7,80,89,5,84,22,50,27,103,49,106,494,26,98,488,25,113,510,19,110,499,114,1,NA,101,3,NA,63,1,62,101,69,0,69,109,37,4,33,103,47,9,38,109,2,NA,4,NA,27,45,6,2,1,3,17,22,116,21,113,32,117,115,233,228,119,117,2,28,2,2,31,100,486,6,7,24,1,23,102,26,2,24,96,3,4,4,3,NA,88,7,81,106,5,101,133,3,130,24,51,29,105,56,110,514,27,95,491,31,127,538,25,122,520,90,1,NA,101,1,NA,71,1,70,102,71,3,68,100,34,3,31,96,35,1,34,100,2,NA,2,NA,36,53,6,1,1,6,14,21,109,21,107,32,110,107,219,214,110,107,2,65,4,4,37,104,498,7,7,26,2,24,97,28,4,24,91,3,4,NA,4,NA
202,2,1,62,1,61,72,6,66,72,1,71,20,54,21,114,38,124,460,20,117,472,12,121,480,12,103,475,2,1149,2,1569,52,1,51,127,59,1,58,134,33,13,20,113,36,12,24,118,0,2,27,53,1,3,2,1,0,3,89,2,77,17,115,103,204,180,101,89,24,116,474,2,3,25,1,24,125,26,2,24,107,NA,NA,3,3,75,2,1,148,22,126,131,30,101,136,19,117,21,52,22,100,47,118,489,24,107,483,21,116,500,16,108,489,68,3,39,2,60,1,59,116,61,3,58,115,28,6,22,102,33,9,24,104,2,3,28,53,4,5,2,2,2,8,102,8,101,16,96,84,198,185,98,91,28,110,481,4,3,36,4,32,118,33,3,30,107,3,3,3.5,2,NA,145,6,139,108,8,100,135,7,128,22,50,28,106,50,109,497,25,98,486,20,106,498,23,124,513,49,2,NA,67,3,NA,75,0,75,123,75,0,75,123,46,16,30,103,50,9,41,116,3,NA,4,NA,36,61,5,1,1,5,12,18,105,18,104,25,104,97,209,201,104,100,2,21,2,1,41,120,505,3,4,41,2,39,127,34,3,31,103,3,3,3.5,3.5,NA,134,8,126,149,11,138,198,16,182,25,55,30,111,55,111,511,30,104,500,23,106,505,22,115,509,37,3,NA,40,1,NA,78,3,75,109,77,1,76,111,43,1,42,110,48,4,44,112,2,NA,3,NA,39,60,3,1,1,3,12,16,100,16,95,24,95,90,195,185,96,91,2,27,1,1,43,117,509,3,10,38,3,35,116,43,5,38,117,3,3,NA,4,NA
203,2,1,91,0,91,96,2,94,87,3,84,21,54,26,127,42,122,473,22,113,477,23,128,505,14,107,482,3,104,3,57,59,1,58,122,60,3,57,121,29,4,25,114,25,6,19,107,0,3,30,61,4,2,2,1,3,9,112,8,104,21,120,115,232,219,119,110,28,116,481,1,1,28,2,26,128,27,2,25,108,NA,NA,4,4.5,95,2,1,112,1,111,114,3,111,94,1,93,22,54,28,117,48,115,491,25,105,486,23,116,505,15,103,485,75,3,46,2,64,2,62,112,62,1,61,111,36,5,31,108,36,3,33,111,0,2,30,55,4,5,2,2,1,7,97,7,97,25,112,110,209,207,104,103,30,109,485,1,3,36,4,32,118,35,2,33,111,4,4,4,4,NA,149,2,147,129,3,126,150,1,149,26,60,32,119,56,115,514,29,104,497,26,114,513,24,125,516,53,1,NA,75,2,NA,74,1,73,114,75,1,74,115,37,4,33,103,41,7,34,104,3,NA,2,NA,36,58,11,4,4,6,11,21,113,21,113,28,108,105,221,218,111,109,2,33,3,2,35,107,494,2,6,31,2,29,111,30,3,27,99,5,4,4.5,5,NA,144,2,142,133,3,130,173,1,172,23,49,35,122,61,119,527,31,104,503,28,115,520,23,116,513,45,2,NA,50,1,NA,75,0,75,109,72,1,71,103,44,5,39,106,47,4,43,111,1,NA,2,NA,39,55,8,2,2,5,11,18,100,18,100,37,119,122,219,222,110,112,3,55,4,4,35,99,494,8,4,34,0,34,114,30,6,24,94,4.5,5,NA,5,NA
204,2,2,42,10,32,47,7,40,52,8,44,19,51,21,114,35,119,449,15,105,454,13,122,482,19,127,499,0,195,2,190,35,4,31,105,38,6,32,106,13,5,8,94,14,7,7,92,0,2,32,66,5,3,2,1,0,7,107,6,97,15,109,96,216,193,108,95,18,110,464,1,0,22,1,21,121,20,2,18,98,NA,NA,3,3.5,65,2,2,83,6,77,88,3,85,92,14,78,22,54,23,108,41,112,470,24,108,483,13,107,482,18,116,496,148,1,67,3,53,1,52,107,50,0,50,105,27,6,21,101,22,8,14,91,0,3,25,48,4,1,1,0,3,8,102,7,97,19,102,92,204,189,101,93,30,113,485,1,3,18,5,13,89,22,0,22,96,2,4,3,3.5,NA,75,1,74,62,9,53,101,2,99,22,50,29,113,44,100,480,24,96,483,12,96,480,18,108,496,130,1,NA,129,1,NA,60,2,58,102,62,4,58,102,25,6,19,89,27,8,19,89,2,NA,2,NA,40,67,6,2,1,1,9,12,89,11,87,26,106,100,195,187,96,92,2,22,2,2,30,101,485,4,5,29,3,26,106,26,2,24,96,2.5,3.5,3,4,NA,75,6,69,96,7,89,119,3,116,28,62,28,105,51,104,500,27,97,491,19,100,495,21,112,506,130,0,NA,131,0,NA,64,2,62,92,66,2,64,95,25,6,19,81,24,8,16,77,0,NA,2,NA,38,59,8,2,2,2,10,14,94,14,90,26,99,94,193,184,95,91,2,23,1,1,37,107,498,6,8,22,2,20,89,21,3,18,85,3.5,4,NA,4,NA
205,2,1,116,1,115,98,0,98,122,0,122,19,51,26,127,53,138,506,26,125,488,29,142,525,16,115,489,2,106,4,78,63,0,63,126,57,1,56,120,34,0,34,123,38,1,37,126,0,3,26,54,7,6,4,3,4,15,132,14,130,28,137,137,269,267,144,141,34,124,492,3,1,32,0,32,134,33,1,32,118,NA,NA,4,3.5,95,2,1,136,0,136,134,12,122,109,0,109,21,52,32,130,56,127,514,26,109,488,27,124,517,16,107,489,65,3,41,3,68,1,67,117,64,0,64,114,44,3,41,119,44,3,41,119,1,1,19,38,8,4,2,1,4,14,120,13,120,36,140,142,260,262,138,138,37,120,498,3,3,39,1,38,128,42,3,39,120,4,5,5,5.5,NA,NA,NA,NA,NA,NA,NA,NA,NA,NA,NA,NA,NA,NA,NA,NA,NA,NA,NA,NA,NA,NA,NA,NA,NA,NA,NA,NA,NA,NA,NA,NA,NA,NA,NA,NA,NA,NA,NA,NA,NA,NA,NA,NA,NA,NA,NA,NA,NA,NA,NA,NA,NA,NA,NA,NA,NA,NA,NA,NA,NA,NA,NA,NA,NA,NA,NA,NA,NA,NA,NA,NA,NA,NA,NA,NA,NA,NA,NA,NA,NA,NA,NA,NA,NA,NA,NA,4,4,4.5,4,NA,126,0,126,133,1,132,174,1,173,26,56,35,126,62,121,530,34,115,512,27,113,517,24,120,516,77,2,NA,88,2,NA,76,1,75,109,72,2,70,102,46,2,44,112,39,1,38,105,2,NA,2,NA,38,56,4,1,1,6,15,22,111,22,111,34,115,114,226,225,115,114,2,57,4,4,44,117,511,7,8,48,2,46,131,46,3,43,125,3.5,4,NA,4,NA
206,2,1,111,1,110,100,1,99,106,0,106,23,63,25,124,49,132,494,27,125,491,22,128,502,16,114,489,4,112,4,72,64,4,60,124,68,3,65,128,34,1,33,122,38,3,35,124,2,2,NA,NA,1,5,3,2,1,5,96,4,87,19,114,109,210,196,105,97,31,120,486,4,6,41,0,41,143,38,3,35,122,NA,NA,4,4.5,88,2,1,148,2,146,138,1,137,121,2,119,22,54,27,113,55,124,511,26,108,488,27,123,517,18,113,496,69,3,38,4,73,2,71,121,69,4,65,115,42,3,39,117,43,3,40,118,3,3,35,63,1,6,3,2,8,12,114,11,112,26,115,114,229,226,117,115,37,119,498,6,7,45,2,43,138,43,2,41,123,4.5,5,4,5,NA,135,2,133,131,1,130,110,3,107,25,57,33,122,60,122,525,32,114,506,27,116,517,22,119,509,57,4,NA,78,3,NA,68,0,68,108,70,0,70,110,38,3,35,105,46,3,43,115,3,NA,3,NA,35,57,8,3,2,5,17,25,126,24,124,30,113,110,239,234,123,119,3,59,4,4,38,113,500,7,7,41,2,39,127,41,1,40,117,4,4,4,4.5,NA,143,2,141,151,1,150,164,3,161,27,57,31,110,60,117,525,36,121,518,30,122,530,27,129,527,41,2,NA,42,3,NA,72,0,72,105,72,2,70,102,50,0,50,120,54,3,51,121,4,NA,4,NA,40,58,8,2,2,7,16,25,119,25,121,35,117,117,236,238,121,122,3,52,4,3,39,108,502,3,7,43,4,39,122,44,3,41,121,4,5,NA,4,NA
207,2,1,71,2,69,66,19,47,58,5,53,21,54,20,99,34,111,446,18,105,465,12,114,480,18,120,496,3,113,2,63,48,10,38,100,42,10,32,95,15,1,14,96,13,3,10,90,1,1,30,58,5,5,2,3,3,10,114,11,122,17,104,108,218,230,109,118,19,107,466,4,3,26,3,23,123,23,7,16,102,NA,NA,4.5,4,88,2,1,118,3,115,86,4,82,102,4,98,21,52,21,94,42,106,473,26,106,488,13,102,482,20,119,502,85,3,65,3,64,3,61,111,61,2,59,109,18,5,13,84,21,6,15,88,2,3,28,52,2,4,2,1,5,9,104,8,101,22,105,101,209,202,104,100,31,109,486,1,5,27,3,24,106,23,2,21,95,3.5,4,4,4,NA,92,18,74,77,3,74,94,0,94,25,57,28,106,43,95,477,25,95,486,18,100,493,21,114,506,98,3,NA,92,3,NA,46,1,45,80,59,2,57,95,22,7,15,80,23,10,13,77,2,NA,3,NA,32,52,2,1,1,3,15,19,108,19,107,26,103,100,211,207,105,103,3,45,4,3,35,106,494,4,5,24,0,24,103,27,1,26,98,3,3,3.5,3.5,NA,91,7,84,95,5,90,127,4,123,22,47,28,102,43,91,477,28,97,494,17,96,491,23,116,513,41,1,NA,45,1,NA,67,5,62,92,65,4,61,91,25,4,21,84,26,7,19,81,2,NA,2,NA,36,51,13,4,4,7,18,29,127,29,136,26,94,94,221,230,111,118,3,46,3,3,32,95,488,7,4,34,2,32,111,33,3,30,104,3,4,NA,NA,NA
208,2,2,50,3,47,55,3,52,52,2,50,20,54,22,118,38,127,460,19,118,469,17,131,491,16,118,489,3,213,0,155,39,3,36,110,36,5,31,105,19,2,17,108,16,2,14,104,1,3,30,63,4,7,4,4,1,9,114,9,113,17,115,108,229,221,117,111,23,117,472,4,3,20,1,19,118,21,1,20,108,NA,NA,4.5,4,88,2,2,97,1,96,88,4,84,81,4,77,22,57,24,112,42,114,473,27,116,491,16,112,489,17,113,492,126,4,71,1,51,0,51,106,51,2,49,104,21,1,20,100,22,3,19,98,2,3,27,51,6,5,2,2,3,11,112,11,112,21,107,98,219,210,110,105,29,113,483,6,3,24,1,23,104,21,0,21,95,4.5,4.5,4.5,4,NA,94,4,90,85,6,79,104,1,103,23,55,27,107,46,105,486,27,103,491,19,105,495,22,122,509,129,3,NA,140,1,NA,59,0,59,103,56,2,54,98,19,2,17,87,23,5,18,88,2,NA,4,NA,34,58,4,1,1,4,14,19,108,19,107,26,106,100,214,207,107,103,2,29,2,2,35,111,494,4,4,24,3,21,98,24,0,24,96,3.5,3,4.5,3.5,NA,92,7,85,112,2,110,147,7,140,25,55,25,96,48,100,491,31,107,503,15,96,487,22,116,509,82,2,NA,82,0,NA,63,1,62,92,67,3,64,95,30,6,24,87,31,2,29,94,3,NA,2,NA,34,53,8,2,2,7,11,20,110,20,105,25,97,92,207,197,103,98,3,85,4,4,34,102,492,4,5,35,2,33,113,37,0,37,115,4,4,NA,4,NA
209,2,2,38,3,35,30,4,26,57,6,51,18,46,22,102,36,109,453,16,96,458,11,108,477,12,98,475,0,78,2,56,34,2,32,95,32,2,30,93,20,5,15,97,12,3,9,88,0,2,25,50,2,7,4,4,0,6,99,6,97,14,95,93,194,190,96,94,21,106,469,3,2,14,2,12,108,17,0,17,97,NA,NA,4.5,4,75,2,2,118,0,118,108,0,108,94,0,94,19,45,27,110,46,107,486,26,102,488,20,108,498,17,106,492,101,3,75,1,65,1,64,110,64,3,61,105,43,5,38,112,41,10,31,104,4,4,28,50,5,8,3,3,2,10,106,10,105,24,105,101,211,206,105,102,29,102,483,3,3,27,2,25,107,28,2,26,100,3,2,3.5,3,NA,NA,NA,NA,NA,NA,NA,NA,NA,NA,NA,NA,NA,NA,NA,NA,NA,NA,NA,NA,NA,NA,NA,NA,NA,NA,NA,NA,NA,NA,NA,NA,NA,NA,NA,NA,NA,NA,NA,NA,NA,NA,NA,NA,NA,NA,NA,NA,NA,NA,NA,NA,NA,NA,NA,NA,NA,NA,NA,NA,NA,NA,NA,NA,NA,NA,NA,NA,NA,NA,NA,NA,NA,NA,NA,NA,NA,NA,NA,NA,NA,NA,NA,NA,NA,NA,NA,3,4,3.5,NA,NA,NA,NA,NA,NA,NA,NA,NA,NA,NA,NA,NA,NA,NA,NA,NA,NA,NA,NA,NA,NA,NA,NA,NA,NA,NA,NA,NA,NA,NA,NA,NA,NA,NA,NA,NA,NA,NA,NA,NA,NA,NA,NA,NA,NA,NA,NA,NA,NA,NA,NA,NA,NA,NA,NA,NA,NA,NA,NA,NA,NA,NA,NA,NA,NA,NA,NA,NA,NA,NA,NA,NA,NA,NA,NA,NA,NA,NA,NA,NA,NA,NA,NA,NA,NA,NA,NA,NA,NA,NA,NA,NA
210,2,1,67,2,65,66,2,64,63,3,60,20,51,22,106,34,106,446,17,98,462,11,108,477,19,122,499,1,79,1,80,35,2,33,96,40,3,37,99,18,6,12,93,19,10,9,88,0,3,24,49,4,3,1,1,2,7,103,7,100,19,108,109,211,209,106,104,19,104,466,1,1,24,2,22,122,24,2,22,104,NA,NA,4,4,88,2,1,103,1,102,90,4,86,101,2,99,24,58,27,110,48,111,491,24,99,483,21,110,500,20,117,502,98,3,53,3,64,0,64,110,64,1,63,109,28,6,22,93,31,3,28,101,1,4,28,50,2,3,1,1,5,8,99,8,101,24,105,107,204,208,101,104,32,108,488,4,2,32,2,30,115,30,2,28,104,4,3,3.5,3.5,NA,NA,NA,NA,NA,NA,NA,NA,NA,NA,NA,NA,NA,NA,NA,NA,NA,NA,NA,NA,NA,NA,NA,NA,NA,NA,NA,NA,NA,NA,NA,NA,NA,NA,NA,NA,NA,NA,NA,NA,NA,NA,NA,NA,NA,NA,NA,NA,NA,NA,NA,NA,NA,NA,NA,NA,NA,NA,NA,NA,NA,NA,NA,NA,NA,NA,NA,NA,NA,NA,NA,NA,NA,NA,NA,NA,NA,NA,NA,NA,NA,NA,NA,NA,NA,NA,NA,3.5,4,3.5,4,NA,NA,NA,NA,NA,NA,NA,NA,NA,NA,NA,NA,NA,NA,NA,NA,NA,NA,NA,NA,NA,NA,NA,NA,NA,NA,NA,NA,NA,NA,NA,NA,NA,NA,NA,NA,NA,NA,NA,NA,NA,NA,NA,NA,NA,NA,NA,NA,NA,NA,NA,NA,NA,NA,NA,NA,NA,NA,NA,NA,NA,NA,NA,NA,NA,NA,NA,NA,NA,NA,NA,NA,NA,NA,NA,NA,NA,NA,NA,NA,NA,NA,NA,NA,NA,NA,NA,NA,NA,NA,NA,NA
211,2,1,66,0,66,42,3,39,60,0,60,21,57,22,118,35,119,449,21,119,475,13,122,482,15,113,485,0,37,1,18,43,4,39,113,48,5,43,118,20,6,14,104,22,10,12,101,1,2,25,52,2,3,2,1,0,4,92,3,82,22,122,119,214,201,107,100,21,113,469,0,0,27,3,24,125,26,4,22,104,NA,NA,4,4,81,2,1,114,17,97,107,1,106,106,4,102,24,61,24,107,43,111,477,25,108,486,17,110,491,18,114,496,87,3,57,2,63,1,62,119,64,4,60,117,31,4,27,108,39,10,29,110,1,3,25,48,3,5,2,1,2,7,99,6,91,24,121,101,220,192,111,95,28,108,481,3,3,31,7,24,106,35,3,32,108,2,2.5,3,3,NA,127,1,126,126,25,101,108,2,106,22,50,28,106,50,109,497,24,96,483,19,104,495,19,110,499,63,4,NA,65,2,NA,69,0,69,109,73,0,73,114,32,4,28,97,37,11,26,94,1,NA,3,NA,24,42,6,2,1,3,16,21,114,20,110,29,114,108,228,218,117,109,2,34,3,3,29,99,483,4,3,35,4,31,114,31,4,27,99,3.5,3.5,3.5,3.5,NA,121,8,113,140,4,136,190,10,180,27,57,31,110,53,105,506,26,94,488,19,99,495,24,119,516,60,1,NA,60,1,NA,76,1,75,109,82,2,80,117,45,8,37,103,50,10,40,107,1,NA,4,NA,42,61,14,4,4,8,9,21,109,21,107,32,110,107,219,214,110,107,2,52,4,3,39,108,502,6,12,40,4,36,117,40,6,34,107,3.5,NA,NA,3.5,NA
212,2,2,46,4,42,52,1,51,32,2,30,23,60,26,120,35,109,449,17,99,462,10,108,474,17,116,492,0,160,1,84,30,2,28,91,32,3,29,92,16,2,14,96,16,6,10,90,1,2,31,60,2,5,2,2,2,6,99,6,97,21,113,115,212,212,106,106,23,109,472,0,1,16,1,15,112,19,2,17,97,NA,NA,4,5,88,2,2,142,0,142,133,1,132,124,5,119,23,55,27,110,46,108,486,29,111,497,16,103,489,21,120,506,114,3,51,3,60,0,60,104,63,2,61,105,35,7,28,101,34,5,29,102,2,3,38,66,7,2,1,1,3,11,109,11,108,26,110,107,219,215,110,108,30,105,485,2,1,32,1,31,117,36,0,36,114,3,3.5,5,5,NA,148,2,146,147,1,146,163,0,163,25,55,30,108,56,113,514,32,111,506,23,106,505,20,109,502,72,2,NA,89,3,NA,69,1,68,100,69,1,68,100,35,2,33,99,33,5,28,92,3,NA,3,NA,43,66,12,4,4,7,16,27,128,27,133,34,119,119,247,252,129,131,3,44,3,3,42,116,507,5,4,34,2,32,116,33,1,32,103,3.5,4,4.5,4.5,NA,138,1,137,149,3,146,185,3,182,27,55,34,115,58,111,519,33,108,509,22,101,502,23,113,513,61,1,NA,79,2,NA,70,0,70,99,73,2,71,100,41,10,31,92,42,5,37,99,2,NA,3,NA,47,63,12,4,4,9,15,28,123,28,128,39,120,124,243,252,126,131,2,80,4,4,47,118,516,5,4,39,2,37,119,37,1,36,110,5,NA,NA,5,NA
213,2,2,133,17,116,136,15,121,145,26,119,22,57,22,112,39,118,464,20,109,472,13,116,482,14,107,482,2,87,4,62,60,3,57,121,62,9,53,118,36,15,21,109,39,26,13,98,2,1,30,61,4,2,2,1,0,6,100,5,93,19,114,109,214,202,107,100,27,115,479,2,3,28,1,27,129,28,5,23,106,NA,NA,4.5,5,97,2,2,195,0,195,200,0,200,176,0,176,19,46,24,103,53,121,506,28,111,494,22,114,502,18,112,496,41,3,34,4,80,2,78,131,83,5,78,131,49,13,36,114,48,8,40,118,2,1,28,52,5,9,4,4,0,9,104,9,104,27,117,117,221,221,111,111,31,109,486,4,0,39,4,35,123,38,2,36,116,4,4,3.5,4,NA,237,2,235,219,2,217,242,0,242,26,60,29,109,53,110,506,29,103,497,24,109,508,19,108,499,44,4,NA,57,3,NA,84,1,83,130,84,7,77,119,51,6,45,117,47,4,43,115,0,NA,4,NA,29,48,9,3,3,8,12,23,119,23,120,36,128,126,247,246,129,127,2,44,4,3,35,106,494,4,3,48,1,47,140,37,6,31,103,4,5,4,6,NA,207,4,203,205,0,205,235,2,233,27,57,34,119,57,110,516,31,102,503,23,103,505,24,117,516,38,2,NA,43,3,NA,92,3,89,132,89,4,85,126,54,11,43,111,51,7,44,112,4,NA,2,NA,41,58,8,2,2,9,19,30,130,30,134,39,123,124,253,258,133,135,4,94,4,4,37,101,498,8,12,54,4,50,136,59,1,58,146,4.5,NA,NA,5,NA
214,2,1,111,1,110,108,1,107,114,2,112,23,60,29,127,51,129,500,28,121,494,24,125,508,12,98,475,2,99,3,72,61,1,60,119,61,0,61,120,26,2,24,108,31,3,28,113,1,3,32,61,7,3,1,1,3,11,118,11,118,21,113,115,231,233,118,119,32,119,488,0,3,37,0,37,139,31,2,29,114,NA,NA,4.5,6,95,2,1,152,3,149,143,0,143,133,0,133,23,55,34,133,59,125,522,31,116,503,27,120,517,16,104,489,55,3,37,2,77,2,75,123,73,0,73,121,48,5,43,118,46,1,45,120,0,3,31,55,3,3,1,1,0,4,85,4,85,33,128,135,213,220,106,111,37,117,498,2,1,29,4,25,107,39,0,39,120,3,3.5,4,4,NA,158,1,157,145,0,145,160,3,157,24,53,37,131,62,123,530,34,117,512,27,114,517,23,119,513,70,3,NA,74,2,NA,83,1,82,121,83,2,81,119,45,7,38,105,51,6,45,113,3,NA,4,NA,30,47,9,3,3,6,15,24,120,24,124,40,133,136,253,260,130,137,2,32,2,2,36,106,496,1,6,38,2,36,122,41,1,40,117,3.5,4,4,4,NA,172,0,172,183,2,181,190,4,186,28,57,40,131,63,120,533,33,108,509,27,111,517,23,113,513,53,3,NA,70,1,NA,85,0,85,121,85,3,82,117,54,2,52,119,52,2,50,116,4,NA,2,NA,39,52,6,1,1,8,18,27,121,27,125,40,123,127,244,252,127,131,4,83,4,4,40,104,503,8,7,42,1,41,124,42,2,40,117,NA,4,NA,4,NA
215,4,2,50,4,46,44,4,40,57,11,46,18,46,18,92,32,106,438,15,96,454,9,108,471,8,88,460,0,102,1,82,40,9,31,94,32,4,28,91,16,6,10,90,13,8,5,80,0,0,18,39,7,2,1,1,1,9,107,9,109,12,90,86,197,195,97,96,20,107,467,2,0,25,2,23,123,20,3,17,97,NA,NA,4,4,65,4,2,93,0,93,88,1,87,88,4,84,20,47,24,100,43,106,477,21,96,475,17,106,491,12,93,475,108,2,74,2,58,3,55,99,59,4,55,99,19,5,14,82,16,3,13,81,1,1,31,55,2,4,1,1,2,5,89,5,90,20,96,95,185,185,91,91,26,101,477,2,1,28,3,25,107,28,2,26,102,4,1,3.5,3.5,NA,NA,NA,NA,NA,NA,NA,NA,NA,NA,NA,NA,NA,NA,NA,NA,NA,NA,NA,NA,NA,NA,NA,NA,NA,NA,NA,NA,NA,NA,NA,NA,NA,NA,NA,NA,NA,NA,NA,NA,NA,NA,NA,NA,NA,NA,NA,NA,NA,NA,NA,NA,NA,NA,NA,NA,NA,NA,NA,NA,NA,NA,NA,NA,NA,NA,NA,NA,NA,NA,NA,NA,NA,NA,NA,NA,NA,NA,NA,NA,NA,NA,NA,NA,NA,NA,NA,3.5,4.5,3,5,NA,104,2,102,108,3,105,137,2,135,21,43,27,96,53,102,506,31,102,503,22,101,502,18,98,496,123,1,NA,101,0,NA,66,2,64,91,67,1,66,94,25,3,22,81,25,3,22,81,0,NA,2,NA,24,34,3,1,1,10,12,23,111,23,113,28,96,98,207,211,103,105,3,59,3,4,35,98,494,4,4,32,1,31,109,27,4,23,90,3,3.5,NA,3.5,NA
216,2,2,130,2,128,121,3,118,109,0,109,23,63,26,132,42,129,473,24,123,483,22,132,502,19,126,499,2,84,3,53,70,1,69,144,63,2,61,137,41,15,26,120,36,16,20,113,1,2,26,56,2,7,4,4,1,7,107,7,100,25,136,128,243,228,126,117,26,118,477,2,4,36,2,34,136,38,2,36,124,NA,NA,5,5.5,97,2,2,135,1,134,138,1,137,122,4,118,23,58,31,132,49,121,494,29,107,483,24,130,525,22,129,509,74,4,42,3,70,1,69,126,85,5,80,137,50,7,43,125,50,10,40,122,0,2,32,59,4,7,4,2,8,16,128,14,119,32,134,124,262,243,139,125,31,113,486,5,4,43,3,40,132,46,1,45,127,3,5,5,5,NA,157,1,156,146,4,142,150,1,149,22,50,32,119,54,114,508,33,118,509,23,110,505,22,120,509,60,3,NA,78,4,NA,80,0,80,131,80,2,78,128,48,10,38,112,47,8,39,114,4,NA,4,NA,31,53,5,1,1,4,11,16,100,16,100,35,129,123,229,223,117,113,3,57,4,4,37,112,498,7,7,45,1,44,135,47,0,47,128,4,4,4.5,4.5,NA,154,2,152,152,6,146,175,2,173,25,53,34,123,59,116,522,27,96,491,22,103,502,26,126,523,62,4,NA,64,3,NA,87,1,86,129,93,6,87,130,58,12,46,115,53,9,44,112,4,NA,4,NA,41,60,15,4,4,4,16,24,116,24,116,39,126,124,242,240,125,123,3,65,4,4,40,110,503,12,7,41,1,40,123,41,1,40,117,4,5,NA,4,NA
217,2,1,50,2,48,62,17,45,44,0,44,17,44,18,92,40,118,467,17,100,462,9,108,471,14,106,482,2,193,1,73,31,4,27,90,35,4,31,94,16,3,13,94,15,2,13,94,0,2,16,36,2,2,1,1,0,3,85,3,82,16,101,100,186,182,91,90,22,109,471,0,1,20,0,20,120,14,4,10,85,NA,NA,4,4,75,2,1,119,0,119,110,1,109,95,6,89,13,34,28,113,52,118,503,27,108,491,21,111,500,19,115,499,114,4,77,2,69,1,68,114,67,3,64,110,36,3,33,107,36,6,30,103,1,4,35,61,5,8,3,4,2,10,106,11,112,31,123,129,229,241,117,124,32,110,488,3,4,34,1,33,120,30,1,29,106,3,3,4,3.5,NA,123,0,123,112,4,108,119,1,118,23,51,32,115,56,114,514,31,109,503,22,106,502,16,98,489,108,4,NA,121,2,NA,64,0,64,95,70,0,70,102,33,5,28,92,38,7,31,96,4,NA,2,NA,31,48,5,1,1,3,12,16,100,16,100,32,114,115,214,215,107,108,2,42,3,3,36,107,496,6,5,30,3,27,108,27,3,24,96,4,4,4.5,4,NA,140,1,139,126,9,117,179,38,141,27,57,32,113,60,116,525,27,94,491,23,103,505,20,105,502,24,1,NA,70,0,NA,76,0,76,111,81,2,79,116,44,7,37,103,47,4,43,111,1,NA,1,NA,38,54,5,1,1,1,9,11,81,11,81,36,116,116,197,197,97,98,2,63,4,4,35,98,494,5,6,34,0,34,114,26,2,24,91,3.5,3.5,NA,3,NA
218,NA,NA,NA,NA,NA,NA,NA,NA,NA,NA,NA,NA,NA,NA,NA,NA,NA,NA,NA,NA,NA,NA,NA,NA,NA,NA,NA,NA,NA,NA,NA,NA,NA,NA,NA,NA,NA,NA,NA,NA,NA,NA,NA,NA,NA,NA,NA,NA,NA,NA,NA,NA,NA,NA,NA,NA,NA,NA,NA,NA,NA,NA,NA,NA,NA,NA,NA,NA,NA,NA,NA,NA,NA,NA,NA,NA,NA,NA,NA,NA,NA,NA,4.5,3.5,95,NA,NA,NA,NA,NA,NA,NA,NA,NA,NA,NA,NA,NA,NA,NA,NA,NA,NA,NA,NA,NA,NA,NA,NA,NA,NA,NA,NA,NA,NA,NA,NA,NA,NA,NA,NA,NA,NA,NA,NA,NA,NA,NA,NA,NA,NA,NA,NA,NA,NA,NA,NA,NA,NA,NA,NA,NA,NA,NA,NA,NA,NA,NA,NA,NA,NA,NA,NA,NA,NA,NA,NA,NA,NA,NA,NA,NA,NA,NA,NA,NA,NA,NA,NA,NA,NA,NA,NA,NA,NA,NA,NA,NA,NA,NA,NA,NA,NA,NA,NA,NA,NA,NA,NA,NA,NA,NA,NA,NA,NA,NA,NA,NA,NA,NA,NA,NA,NA,NA,NA,NA,NA,NA,NA,NA,NA,NA,NA,NA,NA,NA,NA,NA,NA,NA,NA,NA,NA,NA,NA,NA,NA,NA,NA,NA,NA,NA,NA,NA,NA,NA,NA,NA,NA,NA,NA,NA,NA,NA,NA,NA,NA,NA,NA,NA,NA,NA,NA,NA,NA,NA,NA,NA,NA,NA,NA,NA,NA,NA,NA,NA,NA,NA,NA,NA,NA,NA,NA,NA,NA,NA,NA,NA,NA,NA,NA,NA,NA,NA,NA,NA,NA,NA,NA,NA,NA,NA,NA,NA,NA,NA,NA,NA,NA,NA,NA,NA,NA,NA,NA,NA,NA,NA,NA,NA,NA,NA,NA,NA,NA,NA,NA,NA,NA,NA,NA,NA,NA,NA,NA,NA,NA,NA,NA,NA,NA,NA,NA,NA,NA,NA,NA,NA,NA,NA,NA,NA,NA,NA,NA,NA,NA,NA,NA,NA,NA,NA
219,1,1,44,9,35,34,8,26,40,10,30,20,51,20,99,27,97,420,15,95,454,8,105,468,11,96,471,0,136,2,96,43,19,24,88,35,12,23,87,26,23,3,76,21,19,2,74,1,1,25,50,3,3,1,1,0,4,89,4,87,13,93,89,182,176,89,86,13,99,456,0,3,18,4,14,111,18,2,16,95,NA,NA,3,3.5,38,1,1,102,2,100,74,3,71,85,5,80,22,52,21,91,41,99,470,21,94,475,12,97,480,14,97,482,102,2,76,2,46,0,46,91,43,0,43,85,20,7,13,81,24,7,17,87,0,2,27,48,2,5,1,1,1,4,85,4,83,22,100,95,185,178,91,87,27,99,479,2,2,30,3,27,110,24,3,21,93,2.5,2,4,3,NA,103,7,96,88,7,81,104,6,98,23,51,27,99,46,97,486,25,94,486,16,97,489,15,94,485,49,1,NA,61,1,NA,59,0,59,88,57,2,55,83,30,10,20,82,29,9,20,82,3,NA,3,NA,31,48,8,2,2,1,4,7,76,7,77,23,92,90,168,167,83,82,2,86,4,4,34,102,492,4,3,31,1,30,113,20,3,17,85,3,3,3.5,NA,NA,NA,NA,NA,NA,NA,NA,NA,NA,NA,NA,NA,NA,NA,NA,NA,NA,NA,NA,NA,NA,NA,NA,NA,NA,NA,NA,NA,NA,NA,NA,NA,NA,NA,NA,NA,NA,NA,NA,NA,NA,NA,NA,NA,NA,NA,NA,NA,NA,NA,NA,NA,NA,NA,NA,NA,NA,NA,NA,NA,NA,NA,NA,NA,NA,NA,NA,NA,NA,NA,NA,NA,NA,NA,NA,NA,NA,NA,NA,NA,NA,NA,NA,NA,NA,NA,NA,NA,NA,NA,NA,NA
220,2,2,40,1,39,36,0,36,40,1,39,22,57,21,103,35,111,449,17,100,462,20,123,498,14,106,482,1,259,1,135,27,0,27,90,28,0,28,91,16,0,16,99,15,2,13,94,1,4,30,58,7,5,2,2,1,10,114,10,114,19,108,109,222,223,112,113,22,109,471,2,4,19,2,17,115,18,2,16,95,NA,NA,6,5.5,95,2,2,132,0,132,113,3,110,88,2,86,24,58,26,107,46,108,486,29,111,497,21,110,500,24,130,516,96,3,76,3,44,1,43,85,48,1,47,92,28,1,27,100,28,4,24,96,1,3,42,72,3,8,3,3,5,11,109,11,108,31,123,121,232,229,119,117,35,113,494,4,4,29,0,29,113,26,2,24,97,5.5,5.5,5,5.5,NA,119,0,119,113,2,111,135,2,133,27,59,28,102,55,111,511,33,114,509,24,108,508,23,119,513,78,3,NA,89,2,NA,54,0,54,82,63,1,62,92,43,8,35,101,41,9,32,97,2,NA,4,NA,48,73,5,1,1,5,11,17,102,17,101,31,112,110,214,211,107,105,4,60,4,4,39,112,502,5,4,30,1,29,111,32,1,31,102,4.5,5,5,4.5,NA,NA,NA,NA,NA,NA,NA,NA,NA,NA,NA,NA,NA,NA,NA,NA,NA,NA,NA,NA,NA,NA,NA,NA,NA,NA,NA,NA,NA,NA,NA,NA,NA,NA,NA,NA,NA,NA,NA,NA,NA,NA,NA,NA,NA,NA,NA,NA,NA,NA,NA,NA,NA,NA,NA,NA,NA,NA,NA,NA,NA,NA,NA,NA,NA,NA,NA,NA,NA,NA,NA,NA,NA,NA,NA,NA,NA,NA,NA,NA,NA,NA,NA,NA,NA,NA,NA,NA,NA,NA,NA,NA
221,2,2,69,2,67,62,0,62,69,12,57,20,54,22,112,38,120,460,21,115,475,14,120,484,15,112,485,2,174,2,54,36,3,33,101,37,2,35,103,18,4,14,100,15,5,10,94,1,1,24,50,4,5,3,2,2,9,112,8,104,24,127,125,239,229,123,117,29,119,483,3,4,24,0,24,125,24,0,24,107,NA,NA,5,5,65,2,2,102,1,101,113,0,113,96,2,94,20,49,27,113,49,115,494,30,116,500,22,114,502,18,112,496,122,2,75,2,58,1,57,107,57,0,57,107,21,0,21,97,23,0,23,99,1,4,31,56,7,5,2,1,5,14,120,13,116,27,117,110,237,226,122,115,35,116,494,4,6,30,2,28,112,30,0,30,105,3.5,4.5,5,5,NA,148,3,145,110,3,107,120,2,118,22,50,31,115,51,108,500,33,116,509,23,108,505,21,115,506,83,3,NA,82,4,NA,72,1,71,111,76,2,74,115,39,4,35,105,44,11,33,103,2,NA,3,NA,40,64,8,3,2,7,14,24,122,23,119,30,113,108,235,227,120,115,4,113,4,4,38,112,500,5,10,39,1,38,125,41,2,39,115,4,4.5,5.5,4.5,NA,115,3,112,141,3,138,173,2,171,24,51,37,127,56,109,514,35,117,515,28,115,520,24,118,516,63,2,NA,64,3,NA,75,0,75,109,74,0,74,107,42,7,35,101,42,3,39,106,3,NA,2,NA,40,56,13,4,4,4,16,24,115,24,116,38,121,121,236,237,121,121,3,78,4,4,43,115,509,10,10,38,2,36,117,38,4,34,107,3,5,4,5,NA
222,2,2,112,0,112,113,3,110,114,2,112,21,54,24,113,44,123,480,23,114,480,23,127,505,14,106,482,3,100,4,69,62,0,62,120,66,2,64,122,31,7,24,108,41,5,36,122,1,2,32,61,4,5,2,2,1,7,103,7,100,22,116,119,219,219,110,110,33,121,490,2,3,40,2,38,140,39,1,38,126,NA,NA,NA,4.5,97,2,2,NA,NA,NA,NA,NA,NA,NA,NA,NA,NA,NA,NA,NA,NA,NA,NA,NA,NA,NA,NA,NA,NA,NA,NA,NA,NA,NA,NA,NA,NA,NA,NA,NA,NA,NA,NA,NA,NA,NA,NA,NA,NA,NA,NA,NA,NA,NA,NA,NA,NA,NA,NA,NA,NA,NA,NA,NA,NA,NA,NA,NA,NA,NA,NA,NA,NA,NA,NA,NA,NA,NA,NA,NA,NA,NA,NA,NA,NA,6,5,4,5,NA,NA,NA,NA,NA,NA,NA,NA,NA,NA,NA,NA,NA,NA,NA,NA,NA,NA,NA,NA,NA,NA,NA,NA,NA,NA,NA,NA,NA,NA,NA,NA,NA,NA,NA,NA,NA,NA,NA,NA,NA,NA,NA,NA,NA,NA,NA,NA,NA,NA,NA,NA,NA,NA,NA,NA,NA,NA,NA,NA,NA,NA,NA,NA,NA,NA,NA,NA,NA,NA,NA,NA,NA,NA,NA,NA,NA,NA,NA,NA,NA,NA,NA,NA,NA,NA,NA,4.5,2.5,3.5,5,NA,121,2,119,120,5,115,138,6,132,26,56,30,107,56,109,514,28,96,494,28,114,520,22,111,509,95,1,NA,94,0,NA,73,1,72,105,73,2,71,103,42,5,37,103,47,1,46,115,2,NA,1,NA,45,63,8,2,2,2,18,22,110,22,111,30,103,105,213,216,106,108,2,64,4,4,42,112,507,5,2,38,0,38,120,36,3,33,108,3.5,4,NA,3,NA
223,2,2,88,0,88,104,0,104,89,1,88,23,60,26,127,49,131,494,30,130,500,24,130,508,21,131,506,4,137,3,110,48,0,48,114,46,0,46,112,22,2,20,108,24,0,24,113,1,4,36,70,5,7,4,4,1,10,116,10,114,26,132,130,248,244,129,126,37,126,498,0,2,28,0,28,130,23,0,23,106,NA,NA,5.5,4.5,97,2,2,159,2,157,135,2,133,122,2,120,25,60,34,137,58,126,519,32,120,506,23,114,505,25,135,520,85,3,64,4,66,0,66,116,60,0,60,110,32,0,32,110,33,1,32,110,1,4,29,53,3,4,2,1,10,15,123,14,119,35,137,132,260,251,138,131,43,128,509,4,6,37,2,35,123,41,0,41,121,4,4,5,5.5,NA,153,1,152,162,6,156,153,10,143,27,59,36,131,62,123,530,34,118,512,26,113,513,28,136,530,79,4,NA,99,4,NA,63,0,63,102,66,0,66,105,34,1,33,103,23,1,22,89,4,NA,3,NA,43,69,3,1,1,9,17,27,133,27,133,37,130,127,263,260,140,137,4,49,4,3,46,124,514,6,6,36,2,34,119,39,1,38,114,3.5,4.5,4,5,NA,NA,NA,NA,NA,NA,NA,NA,NA,NA,NA,NA,NA,NA,NA,NA,NA,NA,NA,NA,NA,NA,NA,NA,NA,NA,NA,NA,NA,NA,NA,NA,NA,NA,NA,NA,NA,NA,NA,NA,NA,NA,NA,NA,NA,NA,NA,NA,NA,NA,NA,NA,NA,NA,NA,NA,NA,NA,NA,NA,NA,NA,NA,NA,NA,NA,NA,NA,NA,NA,NA,NA,NA,NA,NA,NA,NA,NA,NA,NA,NA,NA,NA,NA,NA,NA,NA,NA,NA,NA,NA,NA
224,2,1,92,0,92,95,0,95,93,1,92,20,49,23,100,42,109,473,26,109,488,20,113,498,18,114,496,1,135,4,105,53,0,53,108,56,2,54,109,26,0,26,107,23,3,20,100,1,3,22,42,3,6,3,3,3,9,107,9,109,21,103,115,210,224,105,113,35,117,494,4,4,32,1,31,133,28,4,24,107,NA,NA,4,5.5,75,2,1,NA,NA,NA,NA,NA,NA,NA,NA,NA,NA,NA,NA,NA,NA,NA,NA,NA,NA,NA,NA,NA,NA,NA,NA,NA,NA,NA,NA,NA,NA,NA,NA,NA,NA,NA,NA,NA,NA,NA,NA,NA,NA,NA,NA,NA,NA,NA,NA,NA,NA,NA,NA,NA,NA,NA,NA,NA,NA,NA,NA,NA,NA,NA,NA,NA,NA,NA,NA,NA,NA,NA,NA,NA,NA,NA,NA,NA,NA,2.5,5,NA,NA,NA,NA,NA,NA,NA,NA,NA,NA,NA,NA,NA,NA,NA,NA,NA,NA,NA,NA,NA,NA,NA,NA,NA,NA,NA,NA,NA,NA,NA,NA,NA,NA,NA,NA,NA,NA,NA,NA,NA,NA,NA,NA,NA,NA,NA,NA,NA,NA,NA,NA,NA,NA,NA,NA,NA,NA,NA,NA,NA,NA,NA,NA,NA,NA,NA,NA,NA,NA,NA,NA,NA,NA,NA,NA,NA,NA,NA,NA,NA,NA,NA,NA,NA,NA,NA,NA,NA,NA,NA,NA,NA,NA,NA,NA,NA,NA,NA,NA,NA,NA,NA,NA,NA,NA,NA,NA,NA,NA,NA,NA,NA,NA,NA,NA,NA,NA,NA,NA,NA,NA,NA,NA,NA,NA,NA,NA,NA,NA,NA,NA,NA,NA,NA,NA,NA,NA,NA,NA,NA,NA,NA,NA,NA,NA,NA,NA,NA,NA,NA,NA,NA,NA,NA,NA,NA,NA,NA,NA,NA,NA,NA,NA,NA,NA,NA,NA,NA,NA,NA,NA,NA,NA,NA,NA,NA,NA,NA,NA,NA,NA,NA,NA,NA
225,1,1,62,2,60,61,1,60,60,4,56,20,51,21,98,39,110,464,22,105,477,20,117,498,13,100,478,1,165,3,130,43,2,41,97,47,2,45,100,22,1,21,101,23,1,22,102,1,2,26,50,3,3,1,1,1,5,93,5,93,20,105,112,198,205,98,102,29,113,483,2,0,29,0,29,131,25,1,24,107,NA,NA,3.5,3.5,70,1,1,112,1,111,117,2,115,103,1,102,24,55,30,115,54,115,508,28,105,494,28,120,520,15,98,485,100,3,56,3,69,0,69,115,63,1,62,108,40,1,39,114,39,0,39,114,2,3,29,50,5,7,2,2,6,13,113,13,116,26,106,107,219,223,110,113,34,108,429,1,3,38,0,38,128,32,1,31,107,1,3.5,4,3,NA,114,1,113,122,2,120,130,2,128,27,57,33,118,63,123,533,32,108,506,26,111,513,17,98,492,96,2,NA,121,3,NA,70,2,68,100,77,0,77,113,43,2,41,108,44,3,41,108,3,NA,4,NA,41,60,6,1,1,5,9,15,93,15,96,29,104,105,197,201,97,100,4,120,4,4,42,113,507,5,3,38,2,36,122,38,1,37,111,4,3.5,4,4,NA,NA,NA,NA,NA,NA,NA,NA,NA,NA,NA,NA,NA,NA,NA,NA,NA,NA,NA,NA,NA,NA,NA,NA,NA,NA,NA,NA,NA,NA,NA,NA,NA,NA,NA,NA,NA,NA,NA,NA,NA,NA,NA,NA,NA,NA,NA,NA,NA,NA,NA,NA,NA,NA,NA,NA,NA,NA,NA,NA,NA,NA,NA,NA,NA,NA,NA,NA,NA,NA,NA,NA,NA,NA,NA,NA,NA,NA,NA,NA,NA,NA,NA,NA,NA,NA,NA,NA,NA,NA,NA,NA
226,NA,NA,NA,NA,NA,NA,NA,NA,NA,NA,NA,NA,NA,NA,NA,NA,NA,NA,NA,NA,NA,NA,NA,NA,NA,NA,NA,NA,NA,NA,NA,NA,NA,NA,NA,NA,NA,NA,NA,NA,NA,NA,NA,NA,NA,NA,NA,NA,NA,NA,NA,NA,NA,NA,NA,NA,NA,NA,NA,NA,NA,NA,NA,NA,NA,NA,NA,NA,NA,NA,NA,NA,NA,NA,NA,NA,NA,NA,NA,NA,NA,NA,4,4,38,NA,NA,NA,NA,NA,NA,NA,NA,NA,NA,NA,NA,NA,NA,NA,NA,NA,NA,NA,NA,NA,NA,NA,NA,NA,NA,NA,NA,NA,NA,NA,NA,NA,NA,NA,NA,NA,NA,NA,NA,NA,NA,NA,NA,NA,NA,NA,NA,NA,NA,NA,NA,NA,NA,NA,NA,NA,NA,NA,NA,NA,NA,NA,NA,NA,NA,NA,NA,NA,NA,NA,NA,NA,NA,NA,NA,NA,NA,NA,NA,NA,NA,NA,NA,NA,NA,NA,NA,NA,NA,NA,NA,NA,NA,NA,NA,NA,NA,NA,NA,NA,NA,NA,NA,NA,NA,NA,NA,NA,NA,NA,NA,NA,NA,NA,NA,NA,NA,NA,NA,NA,NA,NA,NA,NA,NA,NA,NA,NA,NA,NA,NA,NA,NA,NA,NA,NA,NA,NA,NA,NA,NA,NA,NA,NA,NA,NA,NA,NA,NA,NA,NA,NA,NA,NA,NA,NA,NA,NA,NA,NA,NA,NA,NA,NA,NA,NA,NA,NA,NA,NA,NA,NA,NA,NA,NA,NA,NA,NA,NA,NA,NA,NA,NA,NA,NA,NA,NA,NA,NA,NA,NA,NA,NA,NA,NA,NA,NA,NA,NA,NA,NA,NA,NA,NA,NA,NA,NA,NA,NA,NA,NA,NA,NA,NA,NA,NA,NA,NA,NA,NA,NA,NA,NA,NA,NA,NA,NA,NA,NA,NA,NA,NA,NA,NA,NA,NA,NA,NA,NA,NA,NA,NA,NA,NA,NA,NA,NA,NA,NA,NA,NA,NA,NA,NA,NA,NA,NA,NA,NA,NA,NA,NA,NA,NA,NA,NA
227,2,1,53,0,53,59,16,43,42,2,40,18,46,24,113,37,112,457,18,101,465,22,124,502,9,90,464,1,315,3,199,43,1,42,103,41,0,41,103,22,1,21,105,23,4,19,103,1,0,18,39,2,2,1,1,1,4,90,4,87,21,113,115,203,202,100,100,22,108,471,0,0,20,1,19,118,19,2,17,97,NA,NA,3.5,3.5,95,2,1,103,1,102,80,0,80,70,0,70,19,45,28,113,55,120,511,22,96,477,25,116,510,16,104,489,129,3,76,1,64,1,63,109,58,1,57,101,36,3,33,107,36,0,36,110,1,2,26,47,3,5,1,1,2,6,92,6,91,25,108,104,200,195,99,96,27,100,479,4,4,31,2,29,113,32,1,31,107,2,3,4,4,NA,90,0,90,92,2,90,110,2,108,21,46,29,105,57,114,516,30,104,500,27,114,517,13,88,478,93,3,NA,107,1,NA,53,0,53,81,61,0,61,91,41,0,41,108,35,2,33,99,1,NA,4,NA,33,51,7,2,2,2,13,17,102,17,101,31,112,110,214,211,107,105,2,33,2,2,30,97,485,6,3,30,2,28,110,27,2,25,96,3,3,3,3.5,NA,88,2,86,108,2,106,125,0,125,23,48,33,112,60,115,525,27,94,491,24,105,508,18,98,496,79,3,NA,85,1,NA,65,0,65,93,68,1,67,95,46,1,45,110,49,0,49,115,2,NA,2,NA,37,50,6,1,1,4,15,20,103,20,104,35,111,114,214,218,107,109,2,47,3,3,32,94,488,4,5,30,5,25,99,30,3,27,96,3,3,NA,NA,NA
228,2,2,99,2,97,98,3,95,95,1,94,24,61,30,130,48,121,491,20,100,472,26,125,513,16,109,489,2,112,4,63,60,1,59,116,57,1,56,110,32,0,32,113,35,3,32,113,1,4,27,51,6,4,2,2,2,10,112,10,114,31,131,145,243,259,126,136,30,113,485,2,2,39,1,38,140,42,2,40,129,NA,NA,6,6,88,2,2,NA,NA,NA,NA,NA,NA,NA,NA,NA,NA,NA,NA,NA,NA,NA,NA,NA,NA,NA,NA,NA,NA,NA,NA,NA,NA,NA,NA,NA,NA,NA,NA,NA,NA,NA,NA,NA,NA,NA,NA,NA,NA,NA,NA,NA,NA,NA,NA,NA,NA,NA,NA,NA,NA,NA,NA,NA,NA,NA,NA,NA,NA,NA,NA,NA,NA,NA,NA,NA,NA,NA,NA,NA,NA,NA,NA,NA,NA,5,4,NA,5,NA,138,1,137,147,2,145,154,2,152,26,56,37,127,61,119,527,34,114,512,30,122,530,24,119,516,79,4,NA,94,3,NA,76,0,76,111,70,0,70,102,39,3,36,102,44,2,42,110,2,NA,4,NA,40,58,9,3,3,10,15,28,126,28,137,41,131,137,257,274,136,146,3,74,4,4,39,108,502,5,5,37,1,36,122,39,1,38,114,3,5,3.5,NA,NA,152,1,151,130,2,128,163,1,162,25,52,39,129,59,113,522,31,101,503,27,111,517,25,119,520,61,2,NA,67,1,NA,70,0,70,99,73,0,73,103,44,2,42,106,43,2,41,104,2,NA,2,NA,31,43,9,2,3,8,19,29,126,30,139,43,129,137,255,276,134,148,5,76,4,4,43,111,509,7,6,42,2,40,123,41,2,39,118,5,4,NA,5,NA
229,1,2,27,9,18,29,6,23,32,5,27,18,46,19,92,32,101,438,15,92,454,7,99,464,11,95,471,0,83,3,47,33,8,25,89,39,13,26,89,14,4,10,90,13,7,6,82,0,2,19,41,4,6,3,3,0,7,103,7,100,13,93,89,196,189,97,93,15,98,459,0,0,18,7,11,107,29,7,22,104,NA,NA,3.5,5,45,1,2,110,31,79,72,7,65,88,16,72,19,45,21,91,34,88,446,17,86,462,11,95,477,12,91,475,83,3,50,1,50,3,47,92,52,6,46,91,28,20,8,73,32,23,9,75,0,2,14,29,6,1,1,0,0,7,96,6,91,18,91,84,187,175,92,86,17,89,462,1,3,24,12,12,87,21,10,11,79,0,2,3.5,2,NA,67,7,60,55,8,47,76,3,73,18,40,22,83,37,84,457,18,81,465,6,81,459,11,82,471,89,0,NA,64,0,NA,50,2,48,77,52,2,50,78,29,22,7,65,24,18,6,63,2,NA,2,NA,24,36,6,1,1,2,7,10,80,10,83,20,82,83,162,166,80,81,1,22,1,1,26,91,477,2,3,21,7,14,86,23,3,20,89,2.5,3.5,3.5,3,NA,NA,NA,NA,NA,NA,NA,NA,NA,NA,NA,NA,NA,NA,NA,NA,NA,NA,NA,NA,NA,NA,NA,NA,NA,NA,NA,NA,NA,NA,NA,NA,NA,NA,NA,NA,NA,NA,NA,NA,NA,NA,NA,NA,NA,NA,NA,NA,NA,NA,NA,NA,NA,NA,NA,NA,NA,NA,NA,NA,NA,NA,NA,NA,NA,NA,NA,NA,NA,NA,NA,NA,NA,NA,NA,NA,NA,NA,NA,NA,NA,NA,NA,NA,NA,NA,NA,NA,NA,NA,NA,NA
230,1,1,120,1,119,97,0,97,118,0,118,19,46,27,115,53,124,506,28,115,494,25,121,510,17,111,492,3,71,4,51,58,0,58,115,65,0,65,122,31,4,27,108,29,3,26,107,0,1,28,53,7,4,2,2,0,9,108,9,109,23,111,122,219,231,110,118,34,116,492,3,2,32,0,32,134,28,1,27,111,NA,NA,5.5,5,97,1,1,116,5,111,141,1,140,123,1,122,22,50,34,128,55,114,511,29,105,497,28,118,520,20,112,502,83,4,56,4,68,1,67,106,71,1,70,110,37,4,33,103,43,4,39,110,2,2,26,43,3,5,1,1,6,10,103,10,105,35,125,132,228,237,117,121,35,108,494,2,6,38,1,37,127,38,0,38,116,3.5,4,5.5,4,NA,149,1,148,128,4,124,133,4,129,25,53,34,117,57,112,516,31,104,503,28,115,520,17,97,492,67,3,NA,76,2,NA,73,1,72,105,71,0,71,103,37,3,34,100,38,3,35,101,2,NA,4,NA,36,53,5,1,1,4,16,21,109,21,112,35,117,121,226,233,115,119,2,26,1,2,42,112,507,9,4,34,1,33,117,33,2,31,102,3.5,3.5,5,4,NA,NA,NA,NA,NA,NA,NA,NA,NA,NA,NA,NA,NA,NA,NA,NA,NA,NA,NA,NA,NA,NA,NA,NA,NA,NA,NA,NA,NA,NA,NA,NA,NA,NA,NA,NA,NA,NA,NA,NA,NA,NA,NA,NA,NA,NA,NA,NA,NA,NA,NA,NA,NA,NA,NA,NA,NA,NA,NA,NA,NA,NA,NA,NA,NA,NA,NA,NA,NA,NA,NA,NA,NA,NA,NA,NA,NA,NA,NA,NA,NA,NA,NA,NA,NA,NA,NA,NA,NA,NA,NA,NA
231,2,2,73,1,72,63,4,59,72,3,69,20,51,19,92,37,107,457,18,97,465,9,102,471,14,103,482,1,58,2,84,39,6,33,90,47,8,39,95,18,6,12,88,22,13,9,84,0,1,19,39,3,4,2,2,0,5,93,5,93,16,96,100,189,193,93,95,24,107,474,2,0,27,1,26,128,21,3,18,98,NA,NA,4,4.5,97,2,2,117,3,114,113,7,106,110,5,105,22,50,24,97,44,100,480,26,100,488,17,102,491,16,101,489,91,3,57,3,60,2,58,102,52,5,47,92,25,11,14,82,21,8,13,81,2,4,29,50,4,7,2,2,2,8,98,8,98,25,104,104,202,202,100,100,32,104,488,3,3,32,6,26,109,38,1,37,115,3.5,4,4,4,NA,91,5,86,73,2,71,99,1,98,23,51,27,99,54,108,508,28,98,494,20,100,498,17,98,492,92,3,NA,103,2,NA,58,3,55,83,59,1,58,87,23,9,14,75,25,10,15,76,2,NA,3,NA,29,43,5,1,1,2,14,17,98,17,101,24,92,93,190,194,94,96,3,41,2,3,34,99,492,6,2,32,3,29,111,31,1,30,101,3.5,4,4,5,NA,110,5,105,110,5,105,98,10,88,24,50,31,107,52,100,503,28,95,494,19,97,495,17,95,492,94,2,NA,90,1,NA,64,0,64,91,57,1,56,82,34,9,25,85,35,10,25,85,2,NA,1,NA,39,52,8,2,2,3,13,18,98,18,100,29,99,102,197,202,97,100,2,65,4,4,33,95,490,5,2,30,3,27,102,30,1,29,102,3,3,NA,4,NA
232,2,1,26,7,19,20,6,14,17,5,12,17,42,23,97,28,87,423,9,73,430,11,101,477,10,89,468,0,89,3,40,29,7,22,71,27,4,23,72,10,6,4,70,18,16,2,65,0,1,13,29,5,3,1,1,0,6,96,6,97,16,91,100,187,197,92,98,15,93,459,0,0,7,4,3,88,11,2,9,83,NA,NA,4,4,34,2,1,58,1,57,66,4,62,55,6,49,18,41,22,91,37,88,457,20,88,472,11,92,477,11,85,471,125,1,60,1,50,0,50,85,43,5,38,73,20,7,13,77,15,5,10,73,0,3,21,36,5,6,2,2,3,10,103,10,105,19,86,87,189,192,93,95,21,90,469,1,2,14,3,11,86,14,6,8,75,2,2,2,3,NA,61,5,56,57,8,49,74,3,71,21,44,25,89,44,91,480,22,86,477,16,95,489,14,88,482,174,2,NA,220,2,NA,43,0,43,72,48,1,47,76,15,3,12,72,16,4,12,72,1,NA,4,NA,24,35,3,1,1,3,15,19,102,19,106,23,87,90,189,196,93,97,2,38,2,3,28,91,481,0,3,18,0,18,93,18,1,17,85,2.5,2.5,2.5,2.5,NA,NA,NA,NA,NA,NA,NA,NA,NA,NA,NA,NA,NA,NA,NA,NA,NA,NA,NA,NA,NA,NA,NA,NA,NA,NA,NA,NA,NA,NA,NA,NA,NA,NA,NA,NA,NA,NA,NA,NA,NA,NA,NA,NA,NA,NA,NA,NA,NA,NA,NA,NA,NA,NA,NA,NA,NA,NA,NA,NA,NA,NA,NA,NA,NA,NA,NA,NA,NA,NA,NA,NA,NA,NA,NA,NA,NA,NA,NA,NA,NA,NA,NA,NA,NA,NA,NA,NA,NA,NA,NA,NA
233,1,1,45,4,41,31,2,29,35,1,34,20,51,25,112,36,107,453,18,98,465,21,120,500,15,107,485,2,409,2,321,28,0,28,91,29,1,28,91,19,0,19,103,15,2,13,94,0,2,29,56,1,4,2,2,1,4,90,4,87,20,111,112,201,199,99,99,21,105,469,2,4,16,1,15,112,20,3,17,97,NA,NA,3.5,5,88,1,1,62,2,60,43,1,42,62,2,60,19,45,23,97,48,109,491,24,98,483,24,113,508,15,99,485,181,3,141,3,41,2,39,83,53,0,53,97,23,0,23,95,21,1,20,91,1,1,27,47,4,1,1,0,4,9,101,8,98,24,101,101,202,199,100,99,30,103,485,2,6,21,0,21,102,19,1,18,89,4,5,5,4,NA,58,1,57,60,5,55,87,5,82,23,51,30,108,48,99,491,27,97,491,26,111,513,13,87,478,192,3,NA,207,3,NA,43,0,43,72,45,4,41,70,26,0,26,90,22,1,21,84,2,NA,3,NA,35,51,4,1,1,4,10,15,93,15,96,31,108,110,201,206,99,102,2,30,2,2,33,99,490,6,5,23,1,22,100,23,0,23,93,2,2.5,3,4,NA,NA,NA,NA,NA,NA,NA,NA,NA,NA,NA,NA,NA,NA,NA,NA,NA,NA,NA,NA,NA,NA,NA,NA,NA,NA,NA,NA,NA,NA,NA,NA,NA,NA,NA,NA,NA,NA,NA,NA,NA,NA,NA,NA,NA,NA,NA,NA,NA,NA,NA,NA,NA,NA,NA,NA,NA,NA,NA,NA,NA,NA,NA,NA,NA,NA,NA,NA,NA,NA,NA,NA,NA,NA,NA,NA,NA,NA,NA,NA,NA,NA,NA,NA,NA,NA,NA,NA,NA,NA,NA,NA
234,1,1,67,1,66,59,2,57,60,0,60,17,46,23,121,39,127,464,18,114,465,13,124,482,15,114,485,1,172,2,124,47,1,46,121,46,0,46,121,26,3,23,117,27,11,16,107,1,0,17,41,6,5,3,2,0,9,114,8,104,16,112,100,226,204,115,101,24,117,474,2,1,29,0,29,131,25,2,23,106,NA,NA,3.5,3.5,81,1,1,127,2,125,135,0,135,115,5,110,22,54,29,125,52,124,503,27,114,491,23,119,505,17,112,492,52,2,45,1,63,0,63,120,67,1,66,123,40,4,36,118,45,7,38,120,3,3,24,47,5,7,2,2,1,8,102,8,98,26,119,107,221,205,111,102,30,115,485,3,2,36,2,34,121,36,4,32,108,3,3.5,3,3,NA,NA,NA,NA,NA,NA,NA,NA,NA,NA,NA,NA,NA,NA,NA,NA,NA,NA,NA,NA,NA,NA,NA,NA,NA,NA,NA,NA,NA,NA,NA,NA,NA,NA,NA,NA,NA,NA,NA,NA,NA,NA,NA,NA,NA,NA,NA,NA,NA,NA,NA,NA,NA,NA,NA,NA,NA,NA,NA,NA,NA,NA,NA,NA,NA,NA,NA,NA,NA,NA,NA,NA,NA,NA,NA,NA,NA,NA,NA,NA,NA,NA,NA,NA,NA,NA,NA,3,3.5,3.5,3,NA,NA,NA,NA,NA,NA,NA,NA,NA,NA,NA,NA,NA,NA,NA,NA,NA,NA,NA,NA,NA,NA,NA,NA,NA,NA,NA,NA,NA,NA,NA,NA,NA,NA,NA,NA,NA,NA,NA,NA,NA,NA,NA,NA,NA,NA,NA,NA,NA,NA,NA,NA,NA,NA,NA,NA,NA,NA,NA,NA,NA,NA,NA,NA,NA,NA,NA,NA,NA,NA,NA,NA,NA,NA,NA,NA,NA,NA,NA,NA,NA,NA,NA,NA,NA,NA,NA,NA,NA,NA,NA,NA
235,1,2,49,11,38,34,6,28,52,8,44,18,46,23,110,32,106,438,16,98,458,10,110,474,12,99,475,1,175,2,45,38,6,32,95,31,6,25,89,15,6,9,88,16,7,9,88,1,2,26,52,6,4,2,2,0,8,107,8,104,17,104,103,211,207,105,103,20,107,467,1,0,19,4,15,112,18,3,15,93,NA,NA,5,5,51,1,2,85,4,81,89,7,82,95,4,91,17,41,22,94,41,102,470,26,104,488,15,103,487,15,101,485,116,1,58,1,50,4,46,91,50,6,44,87,20,10,10,76,20,9,11,78,0,2,29,51,5,5,1,1,0,6,92,6,91,22,100,95,192,186,95,92,26,99,477,1,2,22,7,15,92,22,0,22,94,3,4,4,3.5,NA,89,4,85,69,6,63,113,6,107,22,49,26,96,42,93,473,28,99,494,16,97,489,17,100,492,113,3,NA,92,2,NA,59,0,59,88,57,3,54,82,22,8,14,75,20,6,14,75,3,NA,2,NA,29,45,3,1,1,3,9,13,92,13,91,26,99,98,191,189,94,93,2,44,3,3,35,104,494,2,2,23,3,20,97,21,2,19,88,2.5,3.5,3,2.5,NA,NA,NA,NA,NA,NA,NA,NA,NA,NA,NA,NA,NA,NA,NA,NA,NA,NA,NA,NA,NA,NA,NA,NA,NA,NA,NA,NA,NA,NA,NA,NA,NA,NA,NA,NA,NA,NA,NA,NA,NA,NA,NA,NA,NA,NA,NA,NA,NA,NA,NA,NA,NA,NA,NA,NA,NA,NA,NA,NA,NA,NA,NA,NA,NA,NA,NA,NA,NA,NA,NA,NA,NA,NA,NA,NA,NA,NA,NA,NA,NA,NA,NA,NA,NA,NA,NA,NA,NA,NA,NA,NA
236,1,2,55,8,47,32,6,26,56,11,45,18,46,21,103,33,110,442,17,102,462,7,106,464,14,107,482,3,252,2,120,43,10,33,96,54,19,35,97,16,7,9,88,16,11,5,80,0,2,23,47,3,5,2,2,0,5,95,5,93,14,95,93,190,186,94,92,19,107,466,2,2,22,5,17,115,21,5,16,95,NA,NA,4,3.5,81,1,2,112,5,107,99,6,93,85,7,78,18,43,23,97,39,98,464,23,97,480,9,94,471,18,110,496,83,3,58,2,47,3,44,87,46,4,42,84,28,14,14,82,30,18,12,79,1,1,24,44,4,4,1,1,0,5,89,5,87,19,93,87,182,174,89,85,25,98,476,3,2,35,9,26,109,31,9,22,104,2,3.5,3,3.5,50,72,7,65,103,37,66,91,8,83,19,42,26,96,42,92,473,24,92,483,15,96,487,22,116,509,119,2,NA,126,1,NA,55,2,53,81,60,1,59,88,32,11,21,84,39,22,17,79,3,NA,3,NA,28,44,5,1,1,2,9,12,89,12,88,26,99,98,188,186,92,92,3,82,4,4,31,98,486,5,3,27,3,24,103,25,5,20,89,0,2,3,3,NA,101,11,90,95,9,86,117,6,111,23,49,23,87,46,94,486,26,93,488,14,92,484,20,105,502,93,2,NA,107,2,NA,71,6,65,96,67,7,60,90,45,26,19,81,43,29,14,75,2,NA,1,NA,36,51,10,3,3,4,10,17,97,17,97,29,101,100,198,197,98,98,2,68,4,4,35,99,494,6,5,24,4,20,89,30,1,29,99,3,4,NA,4,NA
237,1,2,84,0,84,86,3,83,68,3,65,19,48,26,120,41,121,470,23,115,480,22,127,502,13,103,478,3,199,3,102,45,2,43,104,53,1,52,112,19,1,18,101,20,1,19,103,1,1,21,44,1,3,1,1,3,5,95,5,93,21,113,115,208,208,104,104,26,113,477,2,3,26,0,26,128,21,1,20,101,NA,NA,4,5,81,1,2,138,1,137,102,1,101,111,2,109,19,45,28,113,52,118,503,29,113,497,26,119,513,14,99,482,115,3,90,4,63,0,63,109,63,2,61,105,28,3,25,97,30,1,29,102,1,2,30,53,2,5,1,1,4,7,96,7,95,30,120,118,216,213,108,106,38,120,500,2,2,29,3,26,109,20,2,18,89,3.5,4,4.5,3.5,NA,112,3,109,111,1,110,127,1,126,22,49,30,112,57,116,516,32,112,506,30,123,530,17,101,492,124,2,NA,153,3,NA,64,1,63,102,66,0,66,105,27,2,25,93,25,1,24,92,3,NA,3,NA,34,55,4,1,1,6,14,21,113,21,112,35,125,121,238,233,122,119,2,41,3,3,36,107,496,4,5,32,1,31,114,34,1,33,105,4,4,4,3,NA,NA,NA,NA,NA,NA,NA,NA,NA,NA,NA,NA,NA,NA,NA,NA,NA,NA,NA,NA,NA,NA,NA,NA,NA,NA,NA,NA,NA,NA,NA,NA,NA,NA,NA,NA,NA,NA,NA,NA,NA,NA,NA,NA,NA,NA,NA,NA,NA,NA,NA,NA,NA,NA,NA,NA,NA,NA,NA,NA,NA,NA,NA,NA,NA,NA,NA,NA,NA,NA,NA,NA,NA,NA,NA,NA,NA,NA,NA,NA,NA,NA,NA,NA,NA,NA,NA,4,3,NA,4,NA
238,2,2,43,4,39,26,2,24,31,4,27,18,46,21,103,32,108,438,19,107,469,10,111,474,16,114,489,0,297,1,196,34,6,28,91,22,3,19,83,11,3,8,86,9,6,3,76,1,3,26,52,5,2,1,1,0,6,99,6,97,19,108,109,207,206,103,102,21,109,469,0,0,15,0,15,112,16,3,13,90,NA,NA,4,3.5,81,2,2,NA,NA,NA,NA,NA,NA,NA,NA,NA,NA,NA,NA,NA,NA,NA,NA,NA,NA,NA,NA,NA,NA,NA,NA,NA,NA,NA,NA,NA,NA,NA,NA,NA,NA,NA,NA,NA,NA,NA,NA,NA,NA,NA,NA,NA,NA,NA,NA,NA,NA,NA,NA,NA,NA,NA,NA,NA,NA,NA,NA,NA,NA,NA,NA,NA,NA,NA,NA,NA,NA,NA,NA,NA,NA,NA,NA,NA,NA,2,2,2,2,NA,NA,NA,NA,NA,NA,NA,NA,NA,NA,NA,NA,NA,NA,NA,NA,NA,NA,NA,NA,NA,NA,NA,NA,NA,NA,NA,NA,NA,NA,NA,NA,NA,NA,NA,NA,NA,NA,NA,NA,NA,NA,NA,NA,NA,NA,NA,NA,NA,NA,NA,NA,NA,NA,NA,NA,NA,NA,NA,NA,NA,NA,NA,NA,NA,NA,NA,NA,NA,NA,NA,NA,NA,NA,NA,NA,NA,NA,NA,NA,NA,NA,NA,NA,NA,NA,NA,2,3,3,3,NA,NA,NA,NA,NA,NA,NA,NA,NA,NA,NA,NA,NA,NA,NA,NA,NA,NA,NA,NA,NA,NA,NA,NA,NA,NA,NA,NA,NA,NA,NA,NA,NA,NA,NA,NA,NA,NA,NA,NA,NA,NA,NA,NA,NA,NA,NA,NA,NA,NA,NA,NA,NA,NA,NA,NA,NA,NA,NA,NA,NA,NA,NA,NA,NA,NA,NA,NA,NA,NA,NA,NA,NA,NA,NA,NA,NA,NA,NA,NA,NA,NA,NA,NA,NA,NA,NA,NA,NA,NA,NA,NA
239,2,1,84,1,83,95,0,95,72,2,70,18,44,24,104,43,114,477,22,104,477,20,116,498,15,106,485,0,162,3,159,46,2,44,100,53,2,51,106,26,8,18,97,29,8,21,101,2,3,23,45,6,7,4,4,0,10,112,10,114,23,111,122,223,236,113,121,22,103,471,4,3,32,1,31,133,30,3,27,111,NA,NA,4,3.5,81,2,1,121,1,120,122,0,122,104,0,104,21,48,32,121,51,110,500,31,112,503,27,117,517,21,117,506,128,3,80,3,66,0,66,105,60,1,59,97,40,4,36,106,43,4,39,110,2,3,30,52,2,6,2,2,1,5,87,5,87,29,114,116,201,203,99,101,34,107,492,4,3,40,2,38,128,37,2,35,112,3.5,4,5.5,4.5,NA,153,2,151,144,1,143,143,1,142,24,51,34,117,61,119,527,32,108,506,30,122,530,21,110,506,80,3,NA,84,4,NA,80,0,80,117,78,2,76,111,54,4,50,120,52,4,48,117,2,NA,4,NA,36,53,7,2,2,7,15,24,116,24,122,41,131,137,247,259,129,136,2,36,2,2,42,113,507,5,8,37,3,34,119,43,0,43,120,4.5,4,4,4.5,NA,NA,NA,NA,NA,NA,NA,NA,NA,NA,NA,NA,NA,NA,NA,NA,NA,NA,NA,NA,NA,NA,NA,NA,NA,NA,NA,NA,NA,NA,NA,NA,NA,NA,NA,NA,NA,NA,NA,NA,NA,NA,NA,NA,NA,NA,NA,NA,NA,NA,NA,NA,NA,NA,NA,NA,NA,NA,NA,NA,NA,NA,NA,NA,NA,NA,NA,NA,NA,NA,NA,NA,NA,NA,NA,NA,NA,NA,NA,NA,NA,NA,NA,NA,NA,NA,NA,NA,NA,NA,NA,NA
240,2,1,60,1,59,69,2,67,60,1,59,20,51,22,106,40,120,467,23,115,480,8,108,468,15,110,485,4,254,4,195,35,2,33,96,37,2,35,97,18,0,18,101,18,3,15,97,3,4,36,67,1,6,3,3,3,7,103,7,100,23,118,122,221,222,111,112,23,110,472,3,2,26,0,26,128,23,0,23,106,NA,NA,4,3.5,95,2,1,107,1,106,110,2,108,103,1,102,25,60,29,117,47,110,489,33,122,509,24,115,508,15,101,485,106,3,63,4,60,0,60,104,56,2,54,98,33,6,27,100,35,3,32,106,1,2,38,66,5,3,1,1,3,9,103,9,101,26,110,107,213,208,106,104,34,112,492,4,3,37,1,36,125,29,1,28,102,5,3.5,3,3.5,NA,123,5,118,122,3,119,114,2,112,26,58,30,108,55,112,511,30,105,500,22,105,502,24,123,516,95,4,NA,94,3,NA,64,1,63,94,71,0,71,103,34,5,29,94,37,4,33,99,2,NA,2,NA,41,63,5,1,1,2,18,21,113,21,112,30,109,108,222,220,112,111,3,61,4,4,37,108,498,5,6,36,3,33,117,34,3,31,102,NA,NA,NA,NA,NA,116,1,115,122,1,121,156,1,155,27,57,32,113,56,109,514,31,103,503,25,107,510,22,111,509,94,4,NA,112,3,NA,70,2,68,100,65,0,65,96,40,10,30,95,37,5,32,97,3,NA,2,NA,41,58,6,1,1,5,16,22,110,22,110,34,112,112,222,222,112,112,3,67,4,4,42,112,507,5,6,30,3,27,102,33,3,30,101,3,NA,NA,NA,NA
241,2,2,69,0,69,69,0,69,63,0,63,19,48,25,117,42,122,473,22,113,477,16,119,489,18,120,496,3,102,3,53,47,1,46,107,51,2,49,109,17,3,14,96,17,2,15,97,1,1,30,58,6,7,4,4,2,12,121,12,122,24,121,125,242,247,125,128,27,115,479,3,3,23,1,22,122,24,0,24,107,NA,NA,4,4.5,88,2,2,102,3,99,90,4,86,92,2,90,25,60,26,107,48,113,491,28,110,494,18,107,493,17,108,492,110,4,88,2,58,0,58,102,50,0,50,94,28,5,23,95,30,5,25,97,2,4,31,55,6,6,2,2,3,11,109,11,108,29,118,116,227,224,115,113,29,106,483,3,4,30,2,28,112,28,2,26,100,3,4,4,4,88,117,2,115,120,3,117,106,2,104,24,53,31,115,56,114,514,36,124,518,27,115,517,20,111,502,112,2,NA,51,3,NA,61,0,61,99,61,0,61,99,38,3,35,105,35,6,29,98,3,NA,3,NA,35,57,10,4,3,5,17,26,130,25,126,33,120,116,250,242,131,125,3,35,3,2,43,119,509,5,9,34,2,32,116,29,3,26,97,3,3.5,3.5,5,NA,113,2,111,114,3,111,137,2,135,24,51,31,110,60,116,525,35,116,515,26,109,513,25,120,520,78,3,NA,103,1,NA,70,0,70,102,62,0,62,92,41,3,38,105,38,2,36,102,4,NA,2,NA,41,58,6,1,1,4,15,20,105,20,104,34,112,112,217,216,109,108,2,57,4,4,42,111,507,4,4,36,0,36,117,30,4,26,94,2,3,NA,NA,NA
242,2,1,93,5,88,94,4,90,93,3,90,22,54,25,108,45,110,483,19,93,469,19,110,495,15,102,485,1,75,1,40,57,2,55,110,59,5,54,109,28,9,19,98,34,10,24,104,2,2,31,56,4,6,3,3,2,9,107,9,109,21,103,115,210,224,105,113,28,108,481,3,3,29,1,28,130,20,5,15,93,NA,NA,4,4,75,2,1,112,5,107,93,3,90,99,17,82,24,55,25,100,49,105,494,24,95,483,19,102,495,21,116,506,97,2,59,2,59,1,58,96,63,2,61,99,33,4,29,98,34,5,29,98,1,2,33,54,3,4,1,1,0,4,83,4,83,24,98,101,181,184,89,91,28,97,481,4,3,28,1,27,110,17,1,16,86,2.5,3,3.5,3.5,50,123,3,120,111,7,104,118,6,112,23,49,29,102,52,103,503,30,101,500,25,108,510,20,106,502,89,1,NA,93,2,NA,63,1,62,92,62,0,62,92,28,1,27,91,30,6,24,87,2,NA,4,NA,41,58,7,2,2,6,13,21,107,21,112,26,94,98,201,210,99,105,2,25,1,2,38,105,500,7,7,27,1,26,106,21,3,18,87,3,3,2,2,NA,113,7,106,126,11,115,128,6,122,25,50,28,96,53,99,506,31,99,503,22,100,502,24,113,516,63,4,NA,72,0,NA,69,1,68,96,63,1,62,89,36,10,26,86,37,7,30,91,1,NA,1,NA,47,61,8,2,2,3,14,19,99,19,101,32,102,107,201,208,99,104,3,62,4,4,41,103,505,6,5,24,4,20,89,31,1,30,101,2,2,NA,NA,NA
243,2,1,109,2,107,100,4,96,109,2,107,22,57,23,105,46,123,486,22,108,477,19,119,495,13,101,478,3,85,2,55,62,2,60,119,66,4,62,120,28,8,20,104,29,5,24,108,1,1,32,61,3,3,1,1,2,6,99,6,97,19,108,109,207,206,103,102,35,123,494,3,1,36,0,36,138,36,0,36,124,NA,NA,4.5,3.5,97,2,1,140,6,134,131,2,129,120,2,118,22,52,25,104,50,112,497,32,118,506,24,114,508,13,94,478,80,4,64,3,61,1,60,104,63,1,62,108,30,2,28,101,36,9,27,100,2,2,32,56,6,4,1,1,4,11,109,11,108,25,108,104,217,212,109,106,37,115,498,4,1,27,1,26,109,29,0,29,104,4,3.5,4,3.5,60,145,3,142,137,2,135,142,2,140,22,49,30,108,56,112,514,29,101,497,23,106,505,22,115,509,71,3,NA,93,3,NA,66,0,66,97,64,0,64,95,35,1,34,100,34,7,27,91,4,NA,4,NA,31,48,5,1,1,5,15,21,113,21,112,27,102,100,215,212,108,106,3,39,2,3,46,122,514,6,6,28,1,27,108,26,2,24,95,3.5,4.5,3.5,5.5,NA,144,4,140,157,0,157,190,6,184,28,57,33,112,60,115,525,30,99,500,26,109,513,20,104,502,63,4,NA,59,1,NA,72,1,71,100,81,1,80,113,44,4,40,103,42,1,41,104,3,NA,0,NA,45,60,4,1,1,2,15,18,98,18,99,30,101,102,199,201,98,100,2,37,2,2,43,111,509,3,6,28,1,27,102,28,1,27,96,NA,NA,NA,4,NA
244,2,2,64,2,62,81,3,78,66,13,53,21,52,23,97,36,100,453,16,89,458,13,104,482,12,95,475,1,158,2,85,51,3,48,99,54,5,49,99,24,2,22,98,24,8,16,90,0,2,25,47,4,5,2,2,0,6,96,6,97,13,84,89,180,186,88,92,20,97,467,3,3,25,1,24,125,21,0,21,103,NA,NA,2.5,3.5,51,2,2,96,6,90,92,0,92,90,7,83,22,50,25,100,43,96,477,22,91,477,18,101,493,14,93,482,90,3,56,1,64,2,62,101,58,0,58,96,29,5,24,92,33,4,29,98,2,1,26,43,6,4,1,1,0,7,92,7,95,24,98,101,190,196,94,97,28,97,481,3,3,33,1,32,118,26,3,23,96,2.5,3,3.5,3.5,24,125,3,122,111,5,106,119,1,118,24,51,29,102,54,106,508,26,93,488,23,104,505,16,94,489,73,3,NA,70,3,NA,79,1,78,115,74,1,73,106,36,6,30,95,37,8,29,94,0,NA,4,NA,27,39,14,4,4,3,14,21,107,21,112,26,94,98,201,210,99,105,3,56,4,4,35,99,494,5,4,38,2,36,122,42,1,41,117,NA,NA,NA,3,NA,88,4,84,122,1,121,133,1,132,23,46,29,98,53,99,506,28,93,494,21,98,500,12,77,475,87,1,NA,139,1,NA,73,2,71,100,72,0,72,102,42,3,39,102,39,2,37,99,0,NA,1,NA,30,39,11,3,3,4,14,21,102,21,107,34,105,112,207,219,103,110,2,55,3,4,30,88,485,4,3,28,6,22,93,31,3,28,98,3,3,NA,NA,NA
245,2,1,97,1,96,103,1,102,109,0,109,22,57,22,102,44,120,480,27,119,491,18,117,493,18,118,496,2,83,1,45,56,1,55,114,48,1,47,108,26,4,22,106,24,2,22,106,1,3,20,42,6,5,2,2,1,9,110,9,109,21,113,115,223,224,113,113,37,125,498,1,4,24,1,23,123,20,0,20,101,NA,NA,3,3.5,88,2,1,140,0,140,124,1,123,108,1,107,23,55,30,120,50,112,497,29,110,497,23,112,505,21,120,506,60,3,42,4,64,0,64,110,65,0,65,111,38,4,34,108,36,3,33,107,1,2,30,53,5,6,2,2,2,9,103,9,101,32,125,124,228,225,117,114,32,106,488,2,3,31,0,31,117,32,1,31,107,2.5,3,3.5,3.5,92,110,1,109,128,1,127,130,0,130,22,49,28,102,55,111,511,33,113,509,26,112,513,21,112,506,59,3,NA,71,3,NA,56,0,56,85,60,0,60,90,37,6,31,96,38,9,29,94,3,NA,3,NA,38,59,9,3,3,2,16,21,113,21,112,33,117,116,230,228,118,117,2,50,3,3,40,112,503,2,2,35,0,35,121,37,0,37,111,4,4,3.5,3.5,NA,113,3,110,126,4,122,148,0,148,22,46,34,115,57,108,516,30,98,500,25,106,510,24,115,516,66,2,NA,48,2,NA,73,0,73,103,74,1,73,103,45,7,38,101,41,6,35,97,3,NA,3,NA,33,45,6,1,1,9,14,24,113,24,114,33,107,107,220,221,111,111,2,74,4,4,42,108,507,5,5,28,2,26,101,40,0,40,116,4,3,NA,NA,NA
246,2,1,92,0,92,94,2,92,93,2,91,16,44,26,132,38,124,460,19,114,469,24,136,508,12,103,475,1,107,4,59,59,2,57,133,63,4,59,135,36,2,34,128,43,2,41,135,0,1,20,46,3,5,3,2,0,6,103,5,93,16,112,100,215,193,108,95,28,120,481,1,1,29,2,27,129,29,1,28,113,NA,NA,3.5,4,88,2,1,105,3,102,111,2,109,95,3,92,21,52,32,136,51,122,500,27,112,491,28,127,520,19,118,499,68,2,60,2,70,0,70,127,66,4,62,119,42,1,41,123,45,7,38,120,0,3,31,58,2,10,4,4,1,7,99,7,95,29,126,116,225,211,114,105,29,110,483,3,1,32,8,24,106,32,5,27,101,2.5,4.5,4,3.5,42,143,3,140,146,1,145,161,4,157,21,48,34,125,56,117,514,30,108,500,28,119,520,21,116,506,56,3,NA,117,3,NA,73,0,73,114,78,2,76,118,50,7,43,115,51,10,41,112,3,NA,3,NA,36,61,8,3,2,2,17,22,117,21,112,34,126,119,243,231,126,118,3,46,4,3,40,116,503,8,5,33,2,31,114,28,4,24,95,3,3.5,4,4,NA,138,3,135,150,9,141,171,8,163,25,53,36,124,62,121,530,28,97,494,27,113,517,22,113,509,32,2,NA,52,1,NA,68,0,68,100,66,0,66,97,50,6,44,112,49,3,46,115,4,NA,3,NA,35,51,6,1,1,4,12,17,98,17,96,35,117,111,215,207,108,103,4,79,4,4,40,109,503,8,5,34,2,32,111,35,3,32,103,2,3,NA,NA,NA
247,2,1,98,1,97,85,1,84,87,1,86,23,60,29,127,47,122,489,26,115,488,28,131,520,23,134,513,3,157,4,100,58,0,58,117,61,1,60,119,34,2,32,117,34,0,34,120,1,3,29,56,4,3,1,1,1,6,99,6,97,28,131,137,230,234,118,119,38,125,500,2,2,29,0,29,131,27,0,27,111,NA,NA,4.5,4,88,2,1,138,2,136,113,0,113,114,5,109,22,52,30,120,55,118,511,24,98,483,27,119,517,24,129,516,81,4,73,4,65,0,65,111,64,0,64,110,35,4,31,104,36,4,32,106,2,3,36,62,6,4,1,1,5,12,112,12,112,33,128,127,240,239,124,123,33,107,490,3,3,25,1,24,106,26,1,25,98,3,4,4,4,98,139,2,137,143,7,136,160,2,158,27,59,33,118,57,113,516,31,106,503,28,116,520,28,134,530,85,4,NA,90,4,NA,72,0,72,105,76,1,75,109,46,1,45,113,50,5,45,113,4,NA,4,NA,48,70,8,2,2,4,13,19,104,19,106,34,115,119,219,225,110,114,4,40,2,3,44,118,511,6,6,28,0,28,110,28,0,28,99,4.5,5.5,5,5.5,NA,159,4,155,155,8,147,166,5,161,27,55,36,120,61,116,527,34,111,512,26,108,513,25,118,520,62,2,NA,69,2,NA,78,1,77,109,81,0,81,115,48,5,43,107,48,2,46,111,2,NA,2,NA,44,59,7,1,1,4,14,19,101,19,101,41,125,129,226,230,115,118,3,74,4,4,47,117,516,7,7,34,2,32,111,32,2,30,101,4,5,NA,NA,NA
248,1,2,85,1,84,97,6,91,114,2,112,18,46,24,109,40,115,467,21,106,475,15,114,487,14,105,482,2,92,1,62,53,3,50,110,56,4,52,112,20,3,17,100,17,3,14,96,0,2,22,46,8,4,2,2,3,13,125,13,126,19,108,109,233,235,119,120,27,113,479,5,4,31,1,30,132,31,3,28,118,NA,NA,3.5,3.5,81,1,2,NA,NA,NA,NA,NA,NA,NA,NA,NA,NA,NA,NA,NA,NA,NA,NA,NA,NA,NA,NA,NA,NA,NA,NA,NA,NA,NA,NA,NA,NA,NA,NA,NA,NA,NA,NA,NA,NA,NA,NA,NA,NA,NA,NA,NA,NA,NA,NA,NA,NA,NA,NA,NA,NA,NA,NA,NA,NA,NA,NA,NA,NA,NA,NA,NA,NA,NA,NA,NA,NA,NA,NA,NA,NA,NA,NA,NA,NA,NA,NA,NA,NA,NA,NA,NA,NA,NA,NA,NA,NA,NA,NA,NA,NA,NA,NA,NA,NA,NA,NA,NA,NA,NA,NA,NA,NA,NA,NA,NA,NA,NA,NA,NA,NA,NA,NA,NA,NA,NA,NA,NA,NA,NA,NA,NA,NA,NA,NA,NA,NA,NA,NA,NA,NA,NA,NA,NA,NA,NA,NA,NA,NA,NA,NA,NA,NA,NA,NA,NA,NA,NA,NA,NA,NA,NA,NA,NA,NA,NA,NA,NA,NA,NA,NA,NA,NA,NA,NA,NA,NA,NA,NA,NA,NA,NA,NA,NA,NA,NA,NA,NA,NA,NA,NA,NA,NA,NA,NA,NA,NA,NA,NA,NA,NA,NA,NA,NA,NA,NA,NA,NA,NA,NA,NA,NA,NA,NA,NA,NA,NA,NA,NA,NA,NA,NA,NA,NA,NA,NA,NA,NA,NA,NA,NA,NA,NA,NA,NA,NA,NA,NA,NA,NA,NA,NA,NA,NA,NA,NA,NA,NA,NA,NA,NA,NA,NA,NA,NA,NA,NA,NA,NA,NA,NA,NA,NA,NA,NA,NA,NA,NA,NA,NA,NA,NA
249,2,1,47,4,43,48,6,42,51,5,46,22,54,20,90,36,104,453,19,98,469,19,115,495,15,106,485,2,141,2,134,36,5,31,88,30,2,28,85,17,3,14,91,12,6,6,78,0,3,26,50,5,7,4,4,1,10,112,10,114,22,109,119,221,233,111,119,24,105,474,2,2,25,0,25,127,22,1,21,103,NA,NA,5,4.5,75,2,1,107,5,102,71,4,67,93,3,90,23,53,23,94,48,106,491,25,97,486,21,107,500,21,117,506,97,2,78,3,47,0,47,92,56,3,53,97,27,2,25,97,26,7,19,89,1,4,28,49,4,4,1,1,6,11,107,11,108,25,104,104,211,212,105,106,34,107,492,4,3,34,2,32,118,31,0,31,107,3.5,5,4.5,4,NA,96,3,93,83,2,81,103,3,100,23,49,28,102,56,111,514,34,115,512,24,107,508,21,110,506,101,2,NA,130,2,NA,65,2,63,94,65,2,63,94,31,5,26,90,23,8,15,76,3,NA,3,NA,25,38,9,3,3,8,15,26,121,26,130,29,104,105,225,235,114,120,3,38,2,3,46,120,514,3,2,29,0,29,111,24,2,22,92,4.5,3.5,5,4.5,NA,NA,NA,NA,NA,NA,NA,NA,NA,NA,NA,NA,NA,NA,NA,NA,NA,NA,NA,NA,NA,NA,NA,NA,NA,NA,NA,NA,NA,NA,NA,NA,NA,NA,NA,NA,NA,NA,NA,NA,NA,NA,NA,NA,NA,NA,NA,NA,NA,NA,NA,NA,NA,NA,NA,NA,NA,NA,NA,NA,NA,NA,NA,NA,NA,NA,NA,NA,NA,NA,NA,NA,NA,NA,NA,NA,NA,NA,NA,NA,NA,NA,NA,NA,NA,NA,NA,NA,NA,NA,NA,NA
250,1,2,139,0,139,107,2,105,125,3,122,19,46,29,122,46,118,486,27,115,491,25,123,510,17,113,492,2,120,3,84,62,0,62,119,64,0,64,121,38,3,35,116,40,3,37,119,1,3,32,59,3,6,3,3,1,7,101,7,100,29,126,140,227,240,115,123,33,116,490,2,3,33,0,33,135,34,1,33,120,NA,NA,6,6,95,1,2,170,2,168,161,1,160,142,0,142,19,43,32,121,57,119,516,32,116,506,27,117,517,22,121,509,84,4,54,3,73,0,73,121,74,0,74,122,44,2,42,117,45,2,43,118,2,4,34,58,NA,9,3,4,5,NA,NA,NA,NA,34,126,130,NA,NA,NA,NA,38,115,500,0,5,40,2,38,128,39,2,37,115,4.5,4.5,5.5,5,NA,172,3,169,183,1,182,175,2,173,25,53,39,137,61,119,527,34,115,512,28,115,520,22,114,509,63,4,NA,97,1,NA,83,0,83,123,80,0,80,117,52,6,46,115,54,3,51,121,2,NA,4,NA,39,57,8,2,2,5,16,23,114,23,119,37,122,127,236,246,121,127,4,99,4,4,42,113,507,5,9,44,3,41,130,43,3,40,116,2.5,5.5,5,5,NA,NA,NA,NA,NA,NA,NA,NA,NA,NA,NA,NA,NA,NA,NA,NA,NA,NA,NA,NA,NA,NA,NA,NA,NA,NA,NA,NA,NA,NA,NA,NA,NA,NA,NA,NA,NA,NA,NA,NA,NA,NA,NA,NA,NA,NA,NA,NA,NA,NA,NA,NA,NA,NA,NA,NA,NA,NA,NA,NA,NA,NA,NA,NA,NA,NA,NA,NA,NA,NA,NA,NA,NA,NA,NA,NA,NA,NA,NA,NA,NA,NA,NA,NA,NA,NA,NA,NA,NA,NA,NA,NA
251,1,2,88,1,87,81,1,80,72,2,70,19,48,25,117,41,118,470,21,108,475,16,116,489,13,102,478,2,152,2,80,59,2,57,116,54,2,52,112,35,4,31,116,28,8,20,104,1,3,24,49,2,8,4,4,3,9,110,9,109,20,111,112,221,221,111,111,28,114,481,2,3,24,3,21,121,22,0,22,104,NA,NA,5,6,65,1,2,106,0,106,93,2,91,103,0,103,24,58,28,113,53,118,506,24,100,483,26,119,513,15,101,485,99,1,80,2,64,0,64,110,65,2,63,109,45,1,44,119,40,5,35,109,0,3,22,41,2,4,1,1,2,5,89,5,87,23,103,98,192,185,95,91,30,106,485,3,4,30,3,27,110,31,1,30,105,4,3,5,4.5,NA,123,1,122,117,4,113,123,2,121,22,49,31,111,57,114,516,25,94,486,26,112,513,16,97,489,106,2,NA,116,1,NA,76,1,75,109,72,1,71,103,44,4,40,107,50,10,40,107,3,NA,4,NA,31,48,6,1,1,1,11,13,92,13,91,27,102,100,194,191,96,94,3,108,4,4,36,105,496,4,4,33,2,31,114,27,3,24,95,4,NA,NA,NA,NA,126,5,121,119,3,116,157,2,155,25,53,31,110,61,117,527,28,96,494,27,112,517,21,108,506,65,4,NA,80,1,NA,77,1,76,111,79,4,75,109,45,16,29,94,49,8,41,108,3,NA,1,NA,45,63,8,2,2,4,12,18,100,18,99,28,98,98,198,197,98,98,3,117,4,4,34,97,492,4,3,30,2,28,104,28,2,26,94,4,NA,NA,NA,NA
252,5,1,67,4,63,62,0,62,60,5,55,16,44,24,119,35,118,449,20,115,472,16,124,489,11,99,471,1,109,1,89,36,5,31,100,40,3,37,105,18,6,12,97,22,8,14,100,0,0,20,44,2,3,2,1,1,5,96,4,87,21,120,115,216,202,108,100,24,116,474,2,2,18,3,15,112,22,1,21,103,NA,NA,4,4.5,75,5,1,81,1,80,75,3,72,77,2,75,19,46,25,107,43,110,477,20,97,472,19,111,495,15,104,485,93,1,52,2,55,0,55,105,53,2,51,101,23,5,18,93,22,3,19,94,0,2,18,36,6,7,4,2,7,17,129,15,122,24,110,101,239,223,123,113,29,108,483,4,4,26,2,24,106,26,3,23,96,3.5,2,5,2.5,NA,72,4,68,65,5,60,82,1,81,18,41,26,99,50,108,497,25,97,486,20,104,498,10,83,468,79,0,NA,74,2,NA,55,1,54,92,58,3,55,93,25,5,20,86,20,4,16,81,2,NA,1,NA,17,30,4,1,1,4,15,20,110,20,109,27,106,100,216,209,108,104,3,81,4,4,33,104,490,4,3,31,3,28,110,25,6,19,88,4.5,3.5,4.5,4,NA,NA,NA,NA,NA,NA,NA,NA,NA,NA,NA,NA,NA,NA,NA,NA,NA,NA,NA,NA,NA,NA,NA,NA,NA,NA,NA,NA,NA,NA,NA,NA,NA,NA,NA,NA,NA,NA,NA,NA,NA,NA,NA,NA,NA,NA,NA,NA,NA,NA,NA,NA,NA,NA,NA,NA,NA,NA,NA,NA,NA,NA,NA,NA,NA,NA,NA,NA,NA,NA,NA,NA,NA,NA,NA,NA,NA,NA,NA,NA,NA,NA,NA,NA,NA,NA,NA,NA,NA,NA,NA,NA
253,5,2,46,3,43,51,3,48,44,3,41,19,51,21,108,39,120,464,18,106,465,20,126,498,16,114,489,0,313,1,194,36,4,32,101,32,3,29,98,16,3,13,98,14,4,10,94,0,2,23,49,4,8,4,4,0,8,108,8,104,21,120,115,228,219,117,110,27,116,479,0,0,18,2,16,114,15,3,12,89,NA,NA,6,6,75,5,2,77,6,71,74,2,72,71,1,70,22,52,26,110,42,104,473,24,101,483,17,106,491,21,122,506,98,3,70,3,56,0,56,106,55,3,52,102,23,1,22,98,19,4,15,88,1,3,32,58,10,7,4,2,0,14,120,12,112,26,115,107,235,219,120,110,31,108,486,4,4,30,2,28,112,25,3,22,94,5.5,4.5,4,3.5,NA,99,2,97,88,7,81,106,2,104,22,50,29,109,50,105,497,29,103,497,22,106,502,19,108,499,63,2,NA,88,3,NA,66,0,66,105,62,2,60,98,27,1,26,94,28,5,23,90,2,NA,3,NA,32,52,5,1,1,3,12,16,100,16,99,26,103,98,203,197,100,98,4,73,4,4,37,110,498,6,3,29,2,27,108,25,4,21,91,4,4.5,4.5,4.5,NA,NA,NA,NA,NA,NA,NA,NA,NA,NA,NA,NA,NA,NA,NA,NA,NA,NA,NA,NA,NA,NA,NA,NA,NA,NA,NA,NA,NA,NA,NA,NA,NA,NA,NA,NA,NA,NA,NA,NA,NA,NA,NA,NA,NA,NA,NA,NA,NA,NA,NA,NA,NA,NA,NA,NA,NA,NA,NA,NA,NA,NA,NA,NA,NA,NA,NA,NA,NA,NA,NA,NA,NA,NA,NA,NA,NA,NA,NA,NA,NA,NA,NA,NA,NA,NA,NA,NA,NA,NA,NA,NA
254,2,2,59,3,56,90,0,90,65,3,62,18,44,24,104,35,99,449,23,103,480,17,110,491,17,111,492,2,139,4,101,36,0,36,92,36,0,36,92,15,5,10,85,15,0,15,93,1,1,26,48,0,3,1,1,3,4,88,4,87,20,101,112,189,199,93,99,27,107,479,1,3,18,1,17,115,17,0,17,97,NA,NA,3,5,75,2,2,156,1,155,140,1,139,106,2,104,21,48,25,100,50,108,497,29,106,497,20,104,498,16,100,489,93,3,52,4,64,1,63,102,65,0,65,104,26,4,22,89,33,4,29,98,2,3,27,45,2,5,1,1,1,4,83,4,83,26,103,107,186,190,91,94,38,113,500,2,3,39,3,36,125,40,0,40,119,3,4,5,4.5,NA,156,1,155,124,7,117,154,2,152,24,51,28,98,50,99,497,30,101,500,21,101,500,17,97,492,72,2,NA,90,3,NA,56,0,56,85,64,1,63,94,32,2,30,95,36,6,30,95,2,NA,2,NA,22,33,4,1,1,3,9,13,86,13,91,27,96,100,182,191,89,94,2,85,4,4,39,107,502,4,3,35,2,33,117,39,1,38,114,3,4,3.5,4,NA,NA,NA,NA,NA,NA,NA,NA,NA,NA,NA,NA,NA,NA,NA,NA,NA,NA,NA,NA,NA,NA,NA,NA,NA,NA,NA,NA,NA,NA,NA,NA,NA,NA,NA,NA,NA,NA,NA,NA,NA,NA,NA,NA,NA,NA,NA,NA,NA,NA,NA,NA,NA,NA,NA,NA,NA,NA,NA,NA,NA,NA,NA,NA,NA,NA,NA,NA,NA,NA,NA,NA,NA,NA,NA,NA,NA,NA,NA,NA,NA,NA,NA,NA,NA,NA,NA,NA,NA,NA,NA,NA
255,3,1,42,3,39,42,1,41,41,3,38,18,46,25,117,37,111,457,14,91,450,15,114,487,13,101,478,0,253,2,199,31,3,28,91,36,2,34,36,21,1,20,104,19,0,19,103,0,1,23,47,0,3,1,1,0,1,74,1,72,21,113,115,187,187,92,92,20,105,467,1,2,18,0,18,117,18,0,18,98,NA,NA,3.5,3.5,51,3,1,90,0,90,86,4,82,76,2,74,19,45,27,110,41,99,470,20,92,472,23,112,505,14,97,482,151,3,110,1,58,0,58,102,54,2,52,96,30,2,28,101,30,1,29,102,0,2,20,37,2,5,1,1,1,4,85,4,83,24,105,101,190,184,94,91,26,98,477,2,2,25,4,21,102,26,2,24,97,3,2,3.5,3,73,112,2,110,97,8,89,117,3,114,22,49,28,102,52,106,503,30,104,500,26,112,513,16,97,489,68,2,NA,85,3,NA,68,1,67,98,71,1,70,102,49,10,39,106,48,7,41,108,3,NA,3,NA,27,42,6,1,1,4,15,20,110,20,109,31,112,110,222,219,112,110,3,43,3,3,33,99,490,2,4,33,4,29,111,27,3,24,95,2.5,4,3,4,NA,105,3,102,110,2,108,132,3,129,20,41,28,99,58,111,519,26,91,488,27,111,517,12,80,475,88,3,NA,78,1,NA,66,0,66,94,62,0,62,89,42,3,39,102,48,0,48,114,1,NA,0,NA,26,36,9,2,2,5,11,18,98,18,99,35,111,114,209,213,104,106,3,56,3,4,30,91,485,2,2,27,4,23,95,27,5,22,88,2,2,NA,NA,NA
256,2,1,68,0,68,53,2,51,55,1,54,21,52,24,104,41,110,470,23,105,480,21,116,500,16,108,489,3,146,2,128,44,0,44,100,47,1,46,101,24,2,22,102,22,3,19,98,0,3,30,56,4,6,3,3,0,7,101,7,100,21,107,115,208,215,104,108,30,113,485,2,1,23,0,23,123,20,2,18,98,NA,NA,3.5,3.5,81,2,1,110,2,108,86,1,85,94,2,92,24,55,33,124,50,109,497,27,102,491,24,112,508,20,114,502,108,3,68,4,66,0,66,112,67,2,65,111,30,3,27,100,33,1,32,106,0,2,33,56,4,5,1,1,5,10,104,10,105,31,119,121,223,226,113,115,38,115,500,5,5,31,0,31,117,27,2,25,98,3.5,3.5,4.5,5,73,130,0,130,151,14,137,144,4,140,25,53,32,111,53,106,506,31,105,503,26,111,513,24,120,516,89,4,NA,80,3,NA,76,2,74,107,76,1,75,109,36,2,34,100,42,4,38,105,3,NA,4,NA,41,60,7,2,2,5,14,21,109,21,112,36,119,124,228,236,117,121,3,124,4,4,45,118,512,10,10,34,1,33,117,30,3,27,98,4,5,3,3.5,NA,126,4,122,122,3,119,174,1,173,27,55,32,110,59,111,522,35,113,515,27,110,517,26,120,523,91,3,NA,80,2,NA,80,0,80,113,77,1,76,107,44,2,42,106,38,2,36,98,3,NA,1,NA,38,49,9,2,2,7,17,26,117,26,122,34,106,112,223,234,113,119,2,98,4,4,47,115,516,11,10,37,1,36,117,31,3,28,98,3,4,NA,NA,NA
257,2,1,70,4,66,90,16,74,71,5,66,19,51,22,118,38,122,460,23,121,480,8,113,468,13,106,478,4,132,3,118,43,7,36,110,52,6,46,121,16,4,12,101,15,12,3,83,0,3,22,48,0,2,2,1,2,4,92,3,82,18,112,106,204,188,101,93,23,115,472,2,1,24,0,24,125,15,0,15,93,NA,NA,2,2.5,97,2,1,152,24,128,139,5,134,120,16,104,22,54,25,111,46,115,486,23,103,480,15,107,487,20,121,502,21,2,12,1,61,1,60,117,62,1,61,118,24,4,20,100,18,6,12,88,2,2,27,50,1,3,1,1,1,3,82,3,78,24,110,101,192,179,95,88,34,116,492,2,0,37,3,34,121,35,1,34,111,2,3,3.5,3,78,138,3,135,120,4,116,126,2,124,23,53,26,99,53,112,506,29,106,497,17,100,491,22,120,509,65,2,NA,88,3,NA,68,1,67,106,69,2,67,106,34,11,23,90,32,7,25,93,4,NA,4,NA,35,60,6,2,1,5,14,21,114,20,109,27,109,100,223,209,113,104,2,40,3,3,33,104,490,4,3,34,0,34,119,35,2,33,105,2.5,3,4,4,NA,117,7,110,130,11,119,162,5,157,26,56,29,105,52,103,503,34,114,512,21,101,500,26,126,523,43,2,NA,38,1,NA,69,1,68,100,68,0,68,100,32,7,25,89,32,7,25,89,3,NA,3,NA,45,65,5,1,1,6,15,22,111,22,109,31,108,102,219,211,110,105,3,45,3,3,40,109,503,5,3,40,0,40,123,37,2,35,108,3,4,NA,NA,NA
258,1,1,68,0,68,60,0,60,55,2,53,19,51,21,114,39,125,464,16,107,458,19,130,495,22,137,509,1,132,1,106,42,0,42,117,42,2,40,114,22,2,20,113,23,6,17,108,1,3,23,51,2,5,3,2,0,5,98,4,87,20,123,112,221,199,111,99,25,117,476,0,3,25,0,25,127,23,0,23,106,NA,NA,4,3.5,81,1,1,NA,NA,NA,NA,NA,NA,NA,NA,NA,NA,NA,NA,NA,NA,NA,NA,NA,NA,NA,NA,NA,NA,NA,NA,NA,NA,NA,NA,NA,NA,NA,NA,NA,NA,NA,NA,NA,NA,NA,NA,NA,NA,NA,NA,NA,NA,NA,NA,NA,NA,NA,NA,NA,NA,NA,NA,NA,NA,NA,NA,NA,NA,NA,NA,NA,NA,NA,NA,NA,NA,NA,NA,NA,NA,NA,NA,NA,NA,2,3,NA,NA,NA,NA,NA,NA,NA,NA,NA,NA,NA,NA,NA,NA,NA,NA,NA,NA,NA,NA,NA,NA,NA,NA,NA,NA,NA,NA,NA,NA,NA,NA,NA,NA,NA,NA,NA,NA,NA,NA,NA,NA,NA,NA,NA,NA,NA,NA,NA,NA,NA,NA,NA,NA,NA,NA,NA,NA,NA,NA,NA,NA,NA,NA,NA,NA,NA,NA,NA,NA,NA,NA,NA,NA,NA,NA,NA,NA,NA,NA,NA,NA,NA,NA,NA,NA,NA,NA,NA,NA,NA,NA,NA,NA,NA,NA,NA,NA,NA,NA,NA,NA,NA,NA,NA,NA,NA,NA,NA,NA,NA,NA,NA,NA,NA,NA,NA,NA,NA,NA,NA,NA,NA,NA,NA,NA,NA,NA,NA,NA,NA,NA,NA,NA,NA,NA,NA,NA,NA,NA,NA,NA,NA,NA,NA,NA,NA,NA,NA,NA,NA,NA,NA,NA,NA,NA,NA,NA,NA,NA,NA,NA,NA,NA,NA,NA,NA,NA,NA,NA,NA,NA,NA,NA,NA,NA,NA,NA,NA,NA,NA,NA,NA,NA,NA
259,3,1,87,0,87,70,3,67,68,4,64,18,46,22,106,40,115,467,22,108,477,16,115,489,14,105,482,2,148,1,85,54,2,52,112,54,6,48,108,31,12,19,103,33,15,18,101,0,3,25,50,2,3,1,1,1,4,90,4,87,18,106,106,196,193,97,95,22,107,471,3,3,30,2,28,130,25,4,21,103,NA,NA,5,4.5,95,3,1,156,20,136,125,1,124,119,5,114,23,55,29,117,51,115,500,28,108,494,24,114,508,18,110,496,66,3,31,0,68,1,67,113,68,2,66,112,38,3,35,109,40,4,36,100,1,4,27,48,2,7,2,2,2,6,92,6,91,25,108,104,200,195,99,96,31,106,486,3,3,34,1,33,120,28,4,24,97,3,4,3.5,4,46,145,2,143,119,4,115,160,8,152,25,55,30,108,53,108,506,26,96,488,23,106,505,20,109,502,61,2,NA,67,2,NA,75,1,74,107,76,1,75,109,49,10,39,106,45,6,39,106,2,NA,3,NA,32,50,12,4,4,7,16,27,128,27,133,28,104,102,232,235,119,120,3,44,3,3,31,98,486,2,3,35,5,30,113,32,2,30,101,3.5,3.5,4,4,NA,88,4,84,123,5,118,147,10,137,24,50,32,110,55,105,511,30,99,500,25,107,510,20,104,502,53,2,NA,54,2,NA,73,1,72,102,73,0,73,103,41,2,39,102,45,7,38,101,3,NA,2,NA,38,51,10,3,3,5,18,26,118,26,122,31,103,105,221,227,111,115,3,58,3,4,34,96,492,5,5,32,2,30,108,31,2,29,99,4,5,NA,NA,NA
260,5,2,103,4,99,103,4,99,93,3,90,21,57,23,121,44,131,480,26,128,488,14,124,484,19,127,499,3,105,4,88,60,4,56,132,54,2,52,128,38,21,17,108,35,20,15,105,1,3,31,64,4,5,3,2,3,10,118,9,109,22,129,119,247,228,129,117,34,126,492,3,3,34,2,32,134,32,2,30,115,NA,NA,4.5,5,95,5,2,121,6,115,122,2,120,117,6,111,25,63,24,107,47,117,489,30,119,500,14,106,484,18,114,496,61,3,28,3,64,1,63,120,59,1,58,115,29,13,16,94,24,5,19,98,2,1,37,67,3,7,4,2,1,8,102,6,91,31,131,121,233,212,119,106,39,124,502,4,6,39,1,38,128,29,2,27,101,3.5,3.5,4,3.5,83,143,3,140,106,2,104,130,2,128,26,60,27,103,52,112,503,33,118,509,23,110,505,23,123,513,75,4,NA,95,2,NA,68,2,66,105,75,1,74,115,37,11,26,94,41,13,28,97,4,NA,4,NA,41,69,8,3,2,3,14,20,111,19,106,30,116,108,227,214,115,107,2,51,4,4,46,127,514,6,9,38,2,36,122,30,3,27,98,4,4.5,5,4,NA,126,1,125,116,3,113,155,3,152,25,53,30,107,54,107,508,35,118,515,20,100,498,26,126,523,47,3,NA,46,2,NA,72,1,71,103,73,1,72,105,42,22,20,82,37,19,18,80,2,NA,2,NA,43,63,7,2,1,7,13,22,111,21,106,32,110,104,221,210,111,105,2,24,1,1,49,125,519,5,6,46,2,44,128,39,0,39,114,3,4,NA,NA,NA
261,2,2,89,1,88,94,3,91,84,2,82,19,51,26,127,39,120,464,19,109,469,17,122,491,10,95,468,3,121,3,63,57,0,57,121,61,1,60,124,31,12,19,107,36,8,28,117,0,1,16,37,4,4,3,2,3,10,116,9,109,18,112,106,228,215,117,108,22,111,471,2,0,23,2,21,121,19,3,16,95,NA,NA,3.5,3.5,59,2,2,132,2,130,141,15,126,113,15,98,17,42,28,117,46,113,486,21,97,475,23,116,505,14,100,482,101,1,64,2,68,2,66,116,67,0,67,117,45,9,36,114,41,5,36,114,0,1,26,48,6,6,3,2,1,10,108,9,101,24,110,101,218,202,109,100,23,99,472,1,2,26,5,21,102,19,1,18,89,2,3,3.5,4,35,113,3,110,88,4,84,108,1,107,21,48,32,119,52,108,503,22,91,477,22,106,502,15,96,482,114,3,NA,105,3,NA,70,1,69,109,64,1,63,102,35,4,31,100,37,2,35,105,2,NA,3,NA,25,42,9,3,3,4,16,23,119,23,119,36,128,124,247,243,129,125,3,36,3,2,34,104,492,3,4,28,1,27,108,28,3,25,96,3.5,3.5,3.5,NA,NA,NA,NA,NA,NA,NA,NA,NA,NA,NA,NA,NA,NA,NA,NA,NA,NA,NA,NA,NA,NA,NA,NA,NA,NA,NA,NA,NA,NA,NA,NA,NA,NA,NA,NA,NA,NA,NA,NA,NA,NA,NA,NA,NA,NA,NA,NA,NA,NA,NA,NA,NA,NA,NA,NA,NA,NA,NA,NA,NA,NA,NA,NA,NA,NA,NA,NA,NA,NA,NA,NA,NA,NA,NA,NA,NA,NA,NA,NA,NA,NA,NA,NA,NA,NA,NA,NA,NA,NA,NA,NA,NA
262,2,2,57,4,53,49,3,46,49,3,46,17,42,23,100,40,109,467,21,100,475,17,111,491,15,105,485,2,224,2,178,38,2,36,92,32,2,30,87,12,0,12,88,14,1,13,90,0,1,24,47,5,5,2,2,0,7,101,7,100,25,116,128,217,228,109,117,26,107,477,4,5,18,0,18,117,19,0,19,100,NA,NA,4,4,75,2,2,98,1,97,96,3,93,88,4,84,22,50,23,94,44,100,480,26,99,488,24,111,508,17,104,492,124,4,70,2,58,0,58,102,49,0,49,93,26,1,25,97,23,3,20,91,0,3,29,50,4,7,2,2,3,9,101,9,101,30,116,118,217,219,109,110,31,101,486,6,5,26,2,24,106,22,2,20,92,4,3.5,4,4,92,114,2,112,73,3,70,102,1,101,23,49,28,98,50,100,497,30,101,500,26,110,513,19,104,499,137,3,NA,166,2,NA,63,0,63,94,55,3,52,80,27,5,22,85,27,5,22,85,0,NA,3,NA,33,49,9,3,3,3,15,21,109,21,112,26,96,98,205,210,102,105,3,72,4,4,38,106,500,6,5,30,0,30,113,24,0,24,95,3.5,3.5,4,5,NA,88,4,84,106,6,100,143,1,142,24,50,29,101,54,102,508,30,98,500,25,106,510,22,108,509,125,3,NA,140,1,NA,65,0,65,93,46,1,45,72,35,8,27,87,30,4,26,86,2,NA,1,NA,43,56,4,1,1,3,14,18,97,18,99,29,96,100,193,199,95,99,3,63,4,4,35,95,494,7,6,26,2,24,97,26,2,24,91,3,4,NA,NA,NA
263,4,1,123,3,120,107,12,95,104,0,104,21,52,27,120,44,116,480,24,108,483,26,125,513,17,113,492,4,101,4,66,66,2,64,121,64,3,61,118,43,5,38,120,42,4,38,120,1,4,36,65,8,4,2,2,3,13,122,13,126,25,116,128,238,254,122,133,29,112,483,2,3,32,0,32,134,32,3,29,114,NA,NA,4,5,75,4,1,170,1,169,149,3,146,145,1,144,24,58,31,123,48,107,491,30,111,500,28,120,520,22,122,509,78,4,55,3,79,3,76,124,84,3,81,132,52,10,42,117,48,2,46,121,3,4,39,66,11,8,3,3,6,20,134,20,136,30,116,118,250,254,131,133,31,103,486,5,3,42,0,42,136,40,1,39,118,4,4,5,5,92,149,0,149,136,1,135,147,0,147,26,58,34,121,62,121,530,30,102,500,30,122,530,26,127,523,89,4,NA,97,3,NA,84,1,83,123,83,0,83,123,58,5,53,124,55,2,53,124,3,NA,3,NA,49,71,4,1,1,8,17,26,121,26,130,35,117,121,238,251,122,131,4,74,4,4,46,120,514,3,4,40,0,40,129,37,3,34,106,4,5,4.5,4,NA,222,1,221,165,7,158,208,0,208,29,59,37,123,66,126,542,36,117,518,30,120,530,28,127,530,64,3,NA,100,2,NA,91,0,91,132,95,7,88,127,56,3,53,121,53,0,53,121,4,NA,3,NA,50,65,14,4,4,5,17,26,117,26,119,42,124,129,241,248,124,129,4,68,4,4,49,119,519,10,11,40,0,40,123,40,1,39,114,4,5,NA,NA,NA
264,7,1,35,7,28,33,6,27,52,21,31,15,42,18,97,31,112,434,15,103,454,15,123,487,13,106,478,1,207,1,137,30,4,26,95,33,3,30,99,18,3,15,101,17,2,15,101,0,0,22,48,2,3,2,1,0,4,92,3,82,16,107,100,199,182,98,90,14,106,457,0,0,15,1,14,111,12,5,7,79,NA,NA,2,3,25,7,1,68,2,66,67,2,65,67,0,67,21,52,24,107,43,110,477,19,95,469,17,109,491,10,89,468,215,2,119,1,56,1,55,110,56,3,53,108,31,5,26,107,34,7,27,108,0,2,28,52,1,4,2,1,0,3,82,2,73,20,101,89,183,162,90,79,18,96,464,1,0,14,2,12,87,17,1,16,86,2,3,3.5,2.5,24,96,4,92,103,7,96,112,2,110,22,50,32,119,50,108,497,27,100,491,20,104,498,15,97,485,114,2,NA,101,2,NA,68,1,67,106,74,2,72,112,49,16,33,103,49,18,31,100,1,NA,1,NA,31,51,6,2,1,1,7,10,84,9,81,24,98,93,182,174,89,85,3,34,3,2,34,106,492,1,2,19,4,15,88,26,1,25,96,2.5,3,3,3,NA,89,9,80,96,5,91,113,5,108,26,56,30,107,52,103,503,25,92,486,23,105,505,14,89,482,92,3,NA,55,1,NA,71,1,70,102,67,0,67,98,44,12,32,97,49,20,29,94,1,NA,2,NA,36,53,8,2,2,2,10,14,90,14,89,32,110,107,200,196,99,97,3,47,3,3,30,94,485,1,2,26,3,23,95,26,4,22,88,2,3,3,3.5,NA
265,2,2,33,1,32,29,4,25,33,7,26,20,54,21,114,36,119,453,15,103,454,22,132,502,13,106,478,0,125,1,44,28,3,25,98,24,5,19,92,22,6,16,107,22,14,8,94,0,1,23,49,1,3,2,1,1,4,92,3,82,15,104,96,196,178,97,87,18,110,464,3,0,15,2,13,110,16,4,12,89,NA,NA,3.5,3.5,25,2,2,92,5,87,88,2,86,88,3,85,23,58,21,97,44,111,480,23,102,480,19,111,495,17,110,492,134,3,76,1,60,1,59,116,59,3,56,110,30,5,25,106,32,8,24,104,2,3,31,56,3,5,2,1,2,7,97,6,91,24,110,101,207,192,103,95,32,112,488,3,3,18,4,14,91,27,1,26,100,3.5,2.5,4,4.5,NA,97,2,95,104,7,97,111,2,109,21,48,27,103,47,103,489,27,100,491,23,109,505,21,116,506,97,4,NA,107,1,NA,60,1,59,97,57,1,56,94,31,4,27,95,32,6,26,94,2,NA,4,NA,26,43,6,2,1,3,4,9,81,8,79,25,101,95,182,174,89,85,2,122,4,4,33,104,490,2,3,25,2,23,102,28,0,28,99,3,4,3,4,NA,135,8,127,120,7,113,172,9,163,25,53,25,93,56,110,514,30,101,500,22,103,502,21,110,506,67,1,NA,67,2,NA,72,0,72,105,74,3,71,103,41,3,38,105,44,2,42,110,1,NA,2,NA,33,49,8,2,2,2,13,17,98,17,96,27,99,92,197,188,97,93,2,52,4,3,43,115,509,3,3,28,2,26,101,28,2,26,93,2,3.5,3,4,NA
266,2,1,16,3,13,16,5,11,13,7,6,18,46,16,86,28,97,423,12,87,442,13,111,482,17,115,492,0,365,1,95,18,4,14,78,19,5,14,78,16,3,13,94,16,6,10,90,0,2,24,49,3,5,2,2,0,5,95,5,93,10,85,80,180,173,88,85,16,101,461,3,0,11,2,9,104,10,2,8,82,NA,NA,3,3.5,22,2,1,63,0,63,40,3,37,46,0,46,20,47,21,91,36,92,453,20,92,472,17,104,491,16,103,489,186,2,168,2,36,0,36,80,37,4,33,77,16,1,15,84,15,3,12,79,0,2,31,55,1,3,1,1,0,2,76,2,73,13,79,74,155,147,76,71,22,95,471,2,4,13,4,9,82,20,0,20,92,NA,NA,4,5,NA,51,1,50,33,5,28,61,1,60,21,46,22,83,48,100,491,26,96,488,20,102,498,23,119,513,222,1,NA,258,2,NA,43,1,42,71,46,3,43,72,24,3,21,84,17,4,13,73,3,NA,3,NA,26,41,8,2,2,3,11,16,100,16,99,19,83,81,183,180,90,89,2,36,2,2,27,93,479,3,3,17,4,13,85,21,3,18,87,3.5,3.5,3.5,3.5,NA,NA,NA,NA,NA,NA,NA,NA,NA,NA,NA,NA,NA,NA,NA,NA,NA,NA,NA,NA,NA,NA,NA,NA,NA,NA,NA,NA,NA,NA,NA,NA,NA,NA,NA,NA,NA,NA,NA,NA,NA,NA,NA,NA,NA,NA,NA,NA,NA,NA,NA,NA,NA,NA,NA,NA,NA,NA,NA,NA,NA,NA,NA,NA,NA,NA,NA,NA,NA,NA,NA,NA,NA,NA,NA,NA,NA,NA,NA,NA,NA,NA,NA,NA,NA,NA,NA,NA,NA,NA,NA,NA
267,1,1,67,0,67,52,1,51,63,1,62,23,60,25,112,42,114,473,25,112,486,25,124,510,18,117,496,3,168,4,96,50,1,49,109,48,0,48,108,24,1,23,107,25,2,23,107,0,2,27,51,4,6,3,3,1,8,105,8,104,24,114,125,219,229,110,117,27,110,479,3,3,29,0,29,131,24,1,23,106,NA,NA,4,5,81,1,1,122,2,120,105,3,102,95,0,95,21,48,31,123,52,112,503,26,100,488,27,117,517,20,114,502,102,3,74,2,70,1,69,115,68,0,68,114,40,0,40,115,39,1,38,112,0,3,32,55,1,14,4,4,3,8,98,8,98,29,114,116,212,214,106,107,34,108,492,4,5,34,2,32,118,33,0,33,109,2,3,5,5,NA,125,2,123,115,6,109,130,0,130,24,53,30,108,59,116,522,30,102,500,24,107,508,19,105,499,102,2,NA,113,3,NA,78,0,78,115,78,2,76,111,45,4,41,108,50,3,47,116,2,NA,4,NA,33,49,12,4,4,4,19,27,124,27,133,34,115,119,239,252,123,131,3,44,3,3,35,82,430,6,4,31,3,28,110,34,1,33,105,3.5,5,4.5,4.5,NA,123,1,122,140,1,139,174,6,168,25,52,33,112,64,122,536,34,110,512,27,110,517,21,105,506,65,3,NA,73,4,NA,81,0,81,115,84,1,83,118,51,3,48,114,55,5,50,116,2,NA,2,NA,42,56,10,3,3,7,17,27,121,27,125,40,123,127,244,252,127,131,2,86,4,4,39,103,502,7,6,33,2,31,109,33,2,31,102,4,NA,NA,NA,NA
268,2,1,39,4,35,24,3,21,51,3,48,22,52,19,80,35,91,449,22,95,477,20,108,498,11,89,471,2,261,2,128,35,0,35,79,34,0,34,78,15,2,13,81,12,2,10,76,0,2,25,45,0,4,1,2,3,4,87,5,93,16,87,100,174,193,85,95,24,96,474,3,3,20,1,19,118,19,0,19,100,NA,NA,3.5,3.5,81,2,1,94,5,89,66,0,66,99,14,85,23,51,23,90,42,91,473,27,97,491,19,99,495,18,102,496,122,4,80,4,52,2,50,78,45,0,45,74,21,3,18,80,19,3,16,77,1,4,30,44,4,7,2,2,2,8,92,8,98,19,80,87,172,185,85,91,37,106,498,2,4,24,2,22,103,25,0,25,98,2.5,4,3.5,4,NA,NA,NA,NA,NA,NA,NA,NA,NA,NA,NA,NA,NA,NA,NA,NA,NA,NA,NA,NA,NA,NA,NA,NA,NA,NA,NA,NA,NA,NA,NA,NA,NA,NA,NA,NA,NA,NA,NA,NA,NA,NA,NA,NA,NA,NA,NA,NA,NA,NA,NA,NA,NA,NA,NA,NA,NA,NA,NA,NA,NA,NA,NA,NA,NA,NA,NA,NA,NA,NA,NA,NA,NA,NA,NA,NA,NA,NA,NA,NA,NA,NA,NA,NA,NA,NA,NA,NA,NA,NA,NA,NA,NA,NA,NA,NA,NA,NA,NA,NA,NA,NA,NA,NA,NA,NA,NA,NA,NA,NA,NA,NA,NA,NA,NA,NA,NA,NA,NA,NA,NA,NA,NA,NA,NA,NA,NA,NA,NA,NA,NA,NA,NA,NA,NA,NA,NA,NA,NA,NA,NA,NA,NA,NA,NA,NA,NA,NA,NA,NA,NA,NA,NA,NA,NA,NA,NA,NA,NA,NA,NA,NA,NA,NA,NA,NA,NA,NA,NA,NA,NA,NA,NA,NA,NA,NA,NA,NA,NA,NA,NA,NA,NA
269,1,1,26,5,21,24,5,19,19,5,14,15,42,18,97,29,107,427,14,98,450,4,98,443,6,84,453,0,165,2,62,27,8,19,89,27,9,18,88,10,5,5,84,12,5,7,88,0,1,20,44,2,0,0,0,1,3,87,3,82,11,93,83,180,165,88,81,11,101,452,3,3,15,4,11,107,11,12,0,64,NA,NA,3.5,3.5,32,1,1,NA,NA,NA,NA,NA,NA,NA,NA,NA,NA,NA,NA,NA,NA,NA,NA,NA,NA,NA,NA,NA,NA,NA,NA,NA,NA,NA,NA,NA,NA,NA,NA,NA,NA,NA,NA,NA,NA,NA,NA,NA,NA,NA,NA,NA,NA,NA,NA,NA,NA,NA,NA,NA,NA,NA,NA,NA,NA,NA,NA,NA,NA,NA,NA,NA,NA,NA,NA,NA,NA,NA,NA,NA,NA,NA,NA,NA,NA,NA,NA,NA,NA,NA,NA,NA,NA,NA,NA,NA,NA,NA,NA,NA,NA,NA,NA,NA,NA,NA,NA,NA,NA,NA,NA,NA,NA,NA,NA,NA,NA,NA,NA,NA,NA,NA,NA,NA,NA,NA,NA,NA,NA,NA,NA,NA,NA,NA,NA,NA,NA,NA,NA,NA,NA,NA,NA,NA,NA,NA,NA,NA,NA,NA,NA,NA,NA,NA,NA,NA,NA,NA,NA,NA,NA,NA,NA,NA,NA,NA,NA,NA,NA,NA,NA,NA,NA,NA,NA,NA,NA,NA,NA,NA,NA,NA,NA,NA,NA,NA,NA,NA,NA,NA,NA,NA,NA,NA,NA,NA,NA,NA,NA,NA,NA,NA,NA,NA,NA,NA,NA,NA,NA,NA,NA,NA,NA,NA,NA,NA,NA,NA,NA,NA,NA,NA,NA,NA,NA,NA,NA,NA,NA,NA,NA,NA,NA,NA,NA,NA,NA,NA,NA,NA,NA,NA,NA,NA,NA,NA,NA,NA,NA,NA,NA,NA,NA,NA,NA,NA,NA,NA,NA,NA,NA,NA,NA,NA,NA,NA,NA,NA,NA,NA,NA,NA
270,2,2,65,1,64,55,1,54,50,1,49,18,46,22,102,39,110,464,19,99,469,24,123,508,12,97,475,1,187,2,123,38,1,37,93,37,0,37,93,17,1,16,94,22,2,20,100,2,2,23,45,4,4,2,2,2,8,105,8,104,19,102,109,207,213,103,106,27,110,479,2,4,24,0,24,125,20,2,18,98,NA,NA,4,5,97,2,2,92,1,91,70,2,68,85,4,81,22,52,26,107,46,105,486,27,103,491,21,108,500,20,115,502,143,2,91,3,56,2,54,98,53,0,53,97,22,3,19,89,22,1,21,92,1,2,26,45,5,4,1,1,6,12,110,12,112,21,94,92,204,204,101,101,36,112,496,3,4,30,2,28,112,25,1,24,97,3,3,4,3,NA,110,1,109,104,8,96,114,2,112,23,51,26,96,51,103,500,30,102,500,22,104,502,21,111,506,92,4,NA,104,4,NA,67,2,65,96,69,2,67,98,25,1,24,87,20,2,18,80,1,NA,3,NA,35,51,11,4,4,6,15,25,119,25,126,25,94,95,213,221,106,111,3,35,2,2,38,107,500,5,6,34,0,34,119,37,0,37,111,4,3.5,4,4,NA,NA,NA,NA,NA,NA,NA,NA,NA,NA,NA,NA,NA,NA,NA,NA,NA,NA,NA,NA,NA,NA,NA,NA,NA,NA,NA,NA,NA,NA,NA,NA,NA,NA,NA,NA,NA,NA,NA,NA,NA,NA,NA,NA,NA,NA,NA,NA,NA,NA,NA,NA,NA,NA,NA,NA,NA,NA,NA,NA,NA,NA,NA,NA,NA,NA,NA,NA,NA,NA,NA,NA,NA,NA,NA,NA,NA,NA,NA,NA,NA,NA,NA,NA,NA,NA,NA,NA,NA,NA,NA,NA
271,1,1,111,0,111,96,2,94,118,0,118,22,57,28,123,57,135,516,24,113,483,27,130,517,17,115,492,2,84,3,48,62,0,62,120,62,0,62,120,42,1,41,127,38,0,38,124,0,2,27,53,6,5,2,2,2,10,114,10,114,32,141,147,255,261,134,137,34,121,492,5,3,37,0,37,139,42,2,40,129,NA,NA,6,6,95,1,1,165,1,164,159,2,157,153,3,150,22,52,33,130,60,125,525,29,109,497,29,123,525,18,109,496,60,2,28,4,73,1,72,120,68,0,68,114,48,1,47,122,50,2,48,123,3,4,42,72,6,10,4,4,5,15,121,15,122,37,138,137,259,259,137,136,37,114,498,5,4,42,4,38,128,40,4,36,114,5,5,5,4,NA,172,1,171,165,1,164,163,0,163,26,58,43,150,64,126,536,34,116,512,31,128,538,26,128,523,35,2,NA,40,2,NA,73,0,73,106,78,1,77,113,50,1,49,119,49,0,49,119,4,NA,4,NA,43,66,13,4,4,6,11,21,113,21,112,44,142,145,255,257,134,135,1,35,2,2,44,119,511,6,5,48,5,43,133,45,8,37,111,5,5.5,4,4.5,NA,NA,NA,NA,NA,NA,NA,NA,NA,NA,NA,NA,NA,NA,NA,NA,NA,NA,NA,NA,NA,NA,NA,NA,NA,NA,NA,NA,NA,NA,NA,NA,NA,NA,NA,NA,NA,NA,NA,NA,NA,NA,NA,NA,NA,NA,NA,NA,NA,NA,NA,NA,NA,NA,NA,NA,NA,NA,NA,NA,NA,NA,NA,NA,NA,NA,NA,NA,NA,NA,NA,NA,NA,NA,NA,NA,NA,NA,NA,NA,NA,NA,NA,NA,NA,NA,NA,NA,NA,NA,NA,NA
272,3,2,44,3,41,50,2,48,45,5,40,21,52,21,93,34,98,446,18,94,465,10,100,474,15,104,485,0,89,1,53,38,7,31,88,40,7,33,90,16,4,12,88,18,6,12,88,3,2,25,47,4,3,1,1,2,7,100,7,100,16,91,100,191,200,94,99,21,99,469,2,1,21,2,19,118,19,2,17,97,NA,NA,4,3.5,65,3,2,77,2,75,68,3,65,55,1,54,20,45,21,88,46,102,486,22,92,477,16,99,489,19,110,499,51,1,37,2,46,0,46,81,45,1,44,79,22,6,16,81,19,3,16,81,1,3,23,39,4,5,1,1,1,6,89,6,91,23,96,98,185,189,91,93,30,99,485,3,2,20,1,19,99,20,1,19,90,1.5,2,3,4,NA,72,2,70,60,1,59,77,2,75,25,53,25,89,43,91,477,23,88,480,16,95,489,18,100,496,174,2,NA,110,2,NA,60,0,60,90,56,4,52,80,23,3,20,82,24,7,17,79,3,NA,2,NA,31,46,4,1,1,2,12,15,93,15,96,25,94,95,187,191,92,94,2,36,2,2,29,92,483,5,3,20,2,18,93,17,3,14,81,NA,NA,NA,NA,NA,63,4,59,80,1,79,92,3,89,22,46,25,90,54,102,508,29,96,497,16,93,489,24,115,516,81,0,NA,95,1,NA,63,1,62,89,60,3,57,83,35,16,19,78,33,16,17,75,2,NA,2,NA,37,50,4,1,1,4,11,16,93,16,94,26,91,92,184,186,90,92,2,23,1,1,37,99,498,4,3,23,2,21,91,22,4,18,82,NA,NA,NA,NA,NA
273,1,2,92,4,88,85,1,84,83,2,81,22,57,26,116,43,119,477,24,113,483,18,117,493,18,118,496,2,94,1,60,58,1,57,116,54,3,51,111,31,3,28,113,32,6,26,111,0,3,33,62,8,7,4,4,3,15,132,15,134,22,116,119,248,253,129,132,30,117,485,3,4,34,1,33,135,33,1,32,118,NA,NA,6,5,88,1,2,108,0,108,122,2,120,109,15,94,24,58,28,113,56,121,514,32,119,506,29,125,525,23,127,513,84,4,61,3,71,1,70,117,69,0,69,115,41,3,38,112,37,3,34,108,2,4,37,64,6,5,1,1,7,14,118,14,119,32,125,124,243,243,126,125,40,121,503,3,5,41,1,40,132,37,3,34,111,4,5,5,5,NA,163,0,163,158,1,157,167,3,164,25,55,36,127,64,126,536,37,127,521,27,114,517,23,119,513,55,3,NA,65,3,NA,86,2,84,124,79,1,78,115,51,1,50,120,47,2,45,113,3,NA,4,NA,44,67,11,4,4,5,16,25,123,25,126,38,128,130,251,256,132,134,3,40,2,3,47,125,516,9,10,43,2,41,130,40,3,37,111,4,4.5,5.5,5,NA,NA,NA,NA,NA,NA,NA,NA,NA,NA,NA,NA,NA,NA,NA,NA,NA,NA,NA,NA,NA,NA,NA,NA,NA,NA,NA,NA,NA,NA,NA,NA,NA,NA,NA,NA,NA,NA,NA,NA,NA,NA,NA,NA,NA,NA,NA,NA,NA,NA,NA,NA,NA,NA,NA,NA,NA,NA,NA,NA,NA,NA,NA,NA,NA,NA,NA,NA,NA,NA,NA,NA,NA,NA,NA,NA,NA,NA,NA,NA,NA,NA,NA,NA,NA,NA,NA,NA,NA,NA,NA,NA
274,2,1,17,5,12,15,7,8,15,6,9,16,44,15,89,21,95,396,11,92,438,8,111,468,13,105,478,1,750,1,484,21,8,13,83,15,5,10,80,13,1,12,97,15,11,4,82,0,1,25,52,1,2,2,1,0,3,87,2,77,13,98,89,185,166,91,81,8,97,446,2,2,1,3,0,80,1,4,0,64,NA,NA,3.5,3.5,32,2,1,70,3,67,46,1,45,57,3,54,21,52,23,100,40,104,467,21,97,475,16,107,489,14,100,482,231,2,148,2,51,1,50,100,42,3,39,86,22,8,14,85,20,7,13,84,2,2,27,50,6,4,2,1,3,11,111,10,105,17,93,82,204,187,101,92,32,112,488,2,5,18,3,15,92,19,1,18,89,NA,NA,4,3.5,NA,NA,NA,NA,NA,NA,NA,NA,NA,NA,NA,NA,NA,NA,NA,NA,NA,NA,NA,NA,NA,NA,NA,NA,NA,NA,NA,NA,NA,NA,NA,NA,NA,NA,NA,NA,NA,NA,NA,NA,NA,NA,NA,NA,NA,NA,NA,NA,NA,NA,NA,NA,NA,NA,NA,NA,NA,NA,NA,NA,NA,NA,NA,NA,NA,NA,NA,NA,NA,NA,NA,NA,NA,NA,NA,NA,NA,NA,NA,NA,NA,NA,NA,NA,NA,NA,NA,NA,NA,NA,NA,NA,NA,NA,NA,NA,NA,NA,NA,NA,NA,NA,NA,NA,NA,NA,NA,NA,NA,NA,NA,NA,NA,NA,NA,NA,NA,NA,NA,NA,NA,NA,NA,NA,NA,NA,NA,NA,NA,NA,NA,NA,NA,NA,NA,NA,NA,NA,NA,NA,NA,NA,NA,NA,NA,NA,NA,NA,NA,NA,NA,NA,NA,NA,NA,NA,NA,NA,NA,NA,NA,NA,NA,NA,NA,NA,NA,NA,NA,NA,NA,NA,NA,NA,NA,NA,NA,NA,NA,NA,NA,NA,NA
275,2,2,86,1,85,96,2,94,85,0,85,18,49,25,124,42,127,473,20,115,472,22,132,502,11,99,471,2,77,3,88,53,0,53,118,55,0,55,119,26,1,25,114,21,1,20,108,0,1,17,39,9,2,2,1,0,11,119,10,114,23,124,122,243,236,126,121,24,116,474,2,2,32,1,31,133,30,3,27,111,NA,NA,3,3.5,65,2,2,NA,NA,NA,NA,NA,NA,NA,NA,NA,NA,NA,NA,NA,NA,NA,NA,NA,NA,NA,NA,NA,NA,NA,NA,NA,NA,NA,NA,NA,NA,NA,NA,NA,NA,NA,NA,NA,NA,NA,NA,NA,NA,NA,NA,NA,NA,NA,NA,NA,NA,NA,NA,NA,NA,NA,NA,NA,NA,NA,NA,NA,NA,NA,NA,NA,NA,NA,NA,NA,NA,NA,NA,NA,NA,NA,NA,NA,NA,2,3.5,4,4,NA,NA,NA,NA,NA,NA,NA,NA,NA,NA,NA,NA,NA,NA,NA,NA,NA,NA,NA,NA,NA,NA,NA,NA,NA,NA,NA,NA,NA,NA,NA,NA,NA,NA,NA,NA,NA,NA,NA,NA,NA,NA,NA,NA,NA,NA,NA,NA,NA,NA,NA,NA,NA,NA,NA,NA,NA,NA,NA,NA,NA,NA,NA,NA,NA,NA,NA,NA,NA,NA,NA,NA,NA,NA,NA,NA,NA,NA,NA,NA,NA,NA,NA,NA,NA,NA,NA,2,2.5,3,2,NA,108,5,103,117,1,116,147,1,146,25,55,34,123,57,113,516,30,102,500,31,127,538,15,93,485,80,3,NA,85,2,NA,52,0,52,80,56,1,55,83,31,2,29,94,33,3,30,95,2,NA,2,NA,36,53,6,1,1,5,16,22,111,22,110,41,131,129,242,239,125,123,4,61,4,4,40,110,503,2,3,29,3,26,101,30,2,28,98,2,3,NA,4,NA
276,1,1,67,3,64,69,5,64,52,7,45,20,49,21,93,35,103,449,14,88,450,16,111,489,9,88,464,1,198,3,68,45,4,41,97,39,5,34,91,25,4,21,101,25,4,21,101,0,1,25,48,3,2,1,1,2,6,97,6,97,17,98,103,195,200,96,99,20,101,467,0,3,21,1,20,120,17,3,14,92,NA,NA,3,3.5,45,1,1,106,0,106,99,0,99,94,4,90,19,43,25,100,47,105,489,20,90,472,21,107,500,13,93,478,25,2,38,3,65,1,64,110,64,3,61,105,44,7,37,111,44,10,34,108,1,0,21,38,4,9,3,4,0,7,94,8,98,18,87,84,181,182,89,90,23,94,472,3,0,29,1,28,112,18,3,15,85,1,4,4,3.5,NA,111,2,109,92,6,86,106,2,104,15,33,28,102,49,99,494,25,92,486,23,105,505,18,101,496,112,1,NA,67,1,NA,63,0,63,94,69,1,68,100,44,6,38,105,49,9,40,107,2,NA,3,NA,21,33,8,2,2,2,12,16,96,16,99,24,92,93,188,192,92,95,2,50,3,3,25,89,476,4,4,22,7,15,88,26,1,25,96,3,2,3,3,NA,NA,NA,NA,NA,NA,NA,NA,NA,NA,NA,NA,NA,NA,NA,NA,NA,NA,NA,NA,NA,NA,NA,NA,NA,NA,NA,NA,NA,NA,NA,NA,NA,NA,NA,NA,NA,NA,NA,NA,NA,NA,NA,NA,NA,NA,NA,NA,NA,NA,NA,NA,NA,NA,NA,NA,NA,NA,NA,NA,NA,NA,NA,NA,NA,NA,NA,NA,NA,NA,NA,NA,NA,NA,NA,NA,NA,NA,NA,NA,NA,NA,NA,NA,NA,NA,NA,NA,NA,NA,NA,NA
277,2,2,94,0,94,95,3,92,83,3,80,16,44,25,128,43,130,477,19,114,469,17,127,491,12,103,475,1,109,3,96,50,2,48,123,48,2,46,121,23,1,22,116,19,4,15,105,1,2,15,38,3,3,2,1,2,7,107,6,97,22,129,119,236,216,121,108,31,122,486,4,3,30,0,30,132,26,2,24,107,NA,NA,4.5,5,88,2,2,144,2,142,124,5,119,114,2,112,17,42,24,107,44,113,480,24,106,483,22,117,502,13,98,478,87,3,65,3,62,1,61,118,63,0,63,120,30,10,20,100,34,6,28,109,1,1,7,22,5,2,1,1,2,8,102,8,98,24,114,101,216,199,108,99,28,108,481,3,4,35,2,33,120,33,2,31,107,1.5,3.5,4,3.5,83,143,3,140,134,7,127,150,0,150,22,50,29,109,52,112,503,28,104,494,24,111,508,21,117,506,92,2,NA,145,4,NA,71,1,70,110,74,0,74,115,31,2,29,98,39,5,34,104,3,NA,3,NA,24,42,9,3,3,5,12,20,111,20,109,29,114,105,225,214,114,107,2,51,4,4,37,112,498,3,3,32,3,29,111,30,2,28,99,3,4,3,3.5,NA,113,8,105,136,5,131,158,6,152,22,47,29,108,56,111,514,32,108,506,25,109,510,24,120,516,73,2,NA,80,4,NA,71,1,70,102,63,1,62,92,32,4,28,92,41,6,35,101,2,NA,1,NA,32,47,9,3,2,7,14,24,116,23,113,27,99,95,215,208,108,104,4,87,4,4,41,112,505,5,6,36,2,34,114,34,4,30,101,4,3,NA,NA,NA
278,2,2,20,6,14,14,5,9,12,5,7,18,49,19,106,23,100,404,13,98,446,7,111,464,12,102,475,0,74,3,58,9,2,7,79,15,3,12,84,11,3,8,94,8,1,7,92,2,2,23,49,2,5,3,2,0,5,96,4,87,8,86,74,182,161,89,79,7,98,444,2,1,5,5,0,80,11,5,6,78,NA,NA,3,3,17,2,2,43,10,33,49,8,41,57,7,50,21,52,19,89,33,96,442,16,90,458,7,95,464,16,108,489,210,1,124,0,39,2,37,93,38,2,36,92,22,12,10,85,19,7,12,88,3,3,23,45,8,3,1,1,2,11,112,11,108,14,90,76,202,184,100,91,19,98,466,2,2,14,1,13,89,13,2,11,79,NA,NA,4,4,81,45,5,40,21,6,15,59,4,55,20,45,22,87,38,91,460,19,88,469,11,94,477,19,110,499,167,3,NA,173,1,NA,43,3,40,75,43,3,40,75,14,6,8,70,20,9,11,74,3,NA,3,NA,27,47,5,1,1,2,13,16,100,16,99,21,94,86,194,185,96,91,2,40,3,3,26,95,477,2,4,17,5,12,83,18,5,13,78,3.5,2.5,3.5,4,NA,48,3,45,58,6,52,83,6,77,19,40,23,87,42,90,473,29,99,497,13,92,482,20,107,502,121,1,NA,94,0,NA,51,5,46,75,52,4,48,77,22,9,13,73,23,10,13,73,2,NA,1,NA,29,43,7,2,1,3,12,17,98,16,94,22,87,84,185,178,91,87,3,95,4,4,33,98,490,1,2,20,4,16,81,20,2,18,82,3,3.5,3.5,3.5,NA
279,2,1,15,4,11,14,6,8,10,4,6,19,48,15,79,25,92,412,11,85,438,6,98,459,20,125,502,0,284,1,131,15,4,11,76,16,5,11,76,8,1,7,84,6,2,4,78,0,2,18,39,4,3,1,1,0,5,95,5,93,11,88,83,183,176,90,86,7,91,444,1,1,19,18,1,83,22,28,0,64,NA,NA,3.5,3.5,13,2,1,30,3,27,26,4,22,25,3,22,18,43,18,80,35,91,449,14,80,450,10,95,474,14,97,482,225,0,289,1,27,1,26,71,31,3,28,73,11,2,9,75,14,3,11,78,1,2,19,36,2,2,1,1,1,4,85,4,83,14,81,76,166,159,82,78,21,94,469,1,2,11,2,9,82,11,2,9,76,NA,NA,3.5,4,70,32,5,27,30,4,26,25,6,19,18,40,22,83,42,92,473,19,84,469,15,96,487,16,97,489,61,0,NA,77,0,NA,37,2,35,64,36,2,34,63,19,3,16,77,18,5,13,73,2,NA,4,NA,29,45,5,1,1,1,13,15,97,15,96,17,78,77,175,173,86,85,3,41,2,3,21,87,469,4,3,16,6,10,79,20,12,8,68,2.5,2,3,4,NA,54,6,48,49,8,41,51,0,51,22,47,20,78,40,85,467,20,82,472,15,93,487,20,105,502,284,2,NA,287,2,NA,46,3,43,72,43,2,41,70,23,8,15,76,22,5,17,79,0,NA,1,NA,32,45,5,1,1,2,11,14,89,14,89,18,76,75,165,164,81,80,2,31,2,2,26,87,477,7,4,23,11,12,71,25,17,8,66,3,4,3,3,NA
280,2,2,59,3,56,64,4,60,68,3,65,20,49,20,90,35,101,449,19,97,469,14,107,484,17,112,492,2,173,4,133,42,5,37,93,34,2,32,89,17,3,14,91,18,2,16,94,2,2,22,44,2,3,1,1,1,4,89,4,87,20,105,112,194,199,96,99,25,106,476,2,1,22,0,22,122,23,3,20,101,NA,NA,4.5,4,70,2,2,92,1,91,72,1,71,76,5,71,24,55,23,94,43,99,477,30,110,500,20,106,498,18,108,496,163,3,98,4,51,1,50,94,40,1,39,83,19,1,18,88,17,5,12,79,1,3,31,53,3,6,2,2,4,9,101,9,101,25,104,104,205,205,102,102,35,110,494,3,2,29,1,28,112,24,1,23,96,3,4,5,4,NA,105,1,104,101,5,96,104,2,102,24,51,28,98,52,103,503,33,111,509,19,99,495,23,116,513,97,4,NA,108,3,NA,70,0,70,102,64,2,62,92,30,8,22,85,29,5,24,87,3,NA,3,NA,35,51,2,1,1,2,9,12,85,12,88,26,96,98,181,186,89,92,3,53,4,4,40,109,503,0,5,29,1,28,110,30,0,30,101,2.5,3.5,3.5,4,NA,NA,NA,NA,NA,NA,NA,NA,NA,NA,NA,NA,NA,NA,NA,NA,NA,NA,NA,NA,NA,NA,NA,NA,NA,NA,NA,NA,NA,NA,NA,NA,NA,NA,NA,NA,NA,NA,NA,NA,NA,NA,NA,NA,NA,NA,NA,NA,NA,NA,NA,NA,NA,NA,NA,NA,NA,NA,NA,NA,NA,NA,NA,NA,NA,NA,NA,NA,NA,NA,NA,NA,NA,NA,NA,NA,NA,NA,NA,NA,NA,NA,NA,NA,NA,NA,NA,NA,NA,NA,NA,NA
281,2,2,91,1,90,85,1,84,80,3,77,19,48,24,109,40,112,467,20,101,472,21,119,500,14,103,482,0,91,4,110,49,0,49,104,43,1,42,98,21,0,21,101,19,7,12,88,1,2,21,42,6,5,2,2,2,10,112,10,114,18,100,106,212,220,106,111,29,113,483,1,1,25,1,24,125,26,2,24,107,NA,NA,4,5,88,2,2,122,1,121,97,0,97,101,1,100,22,52,28,113,47,106,489,31,114,503,23,111,505,16,102,489,83,2,45,2,65,0,65,111,67,1,66,112,31,4,27,100,33,1,32,106,1,2,29,50,7,8,3,3,4,14,116,14,119,27,109,110,225,229,114,117,34,109,492,3,4,37,2,35,123,37,2,35,112,4,4,4,4.5,NA,125,3,122,109,5,104,123,2,121,24,53,27,99,55,110,511,32,109,506,28,116,520,20,108,502,76,1,NA,137,1,NA,67,0,67,98,66,2,64,95,32,1,31,96,38,0,38,105,2,NA,3,NA,33,49,9,3,3,6,13,22,111,22,116,32,110,113,221,229,111,117,3,52,4,4,36,103,496,3,4,38,4,34,119,39,2,37,111,2.5,3,3,4.5,NA,116,3,113,115,5,110,142,3,139,24,50,33,112,58,111,519,31,101,503,28,114,520,20,104,502,49,2,NA,91,0,NA,71,1,70,99,71,1,70,99,38,8,30,91,40,1,39,102,1,NA,1,NA,39,52,6,1,1,6,17,24,113,24,118,38,118,124,231,242,118,125,4,121,4,4,37,99,498,5,4,30,5,25,99,36,2,34,110,2,4,NA,5,NA
282,2,2,55,15,40,48,10,38,60,13,47,17,46,17,93,22,94,400,10,88,434,8,109,468,9,92,464,0,58,2,335,42,22,20,90,31,8,23,93,17,4,13,98,16,8,8,90,0,0,18,39,0,3,2,1,0,2,82,1,72,5,78,67,160,139,79,65,10,99,450,0,0,24,12,12,108,15,18,0,64,NA,NA,2,2,13,2,2,58,7,51,78,7,71,85,16,69,17,41,19,87,34,92,446,15,84,454,7,91,464,13,96,478,125,1,75,3,61,7,54,104,64,14,50,100,31,13,18,93,41,23,18,93,0,0,19,38,1,3,1,1,0,2,77,2,73,11,79,70,156,143,77,69,16,92,461,1,2,12,2,10,84,15,2,13,82,NA,NA,3.5,3.5,NA,80,6,74,108,26,82,98,7,91,20,45,22,87,38,89,460,19,85,469,8,87,468,12,87,475,86,3,NA,60,0,NA,70,16,54,92,80,20,60,98,50,34,16,81,58,44,14,78,0,NA,2,NA,23,39,10,4,3,0,12,16,100,15,96,22,93,88,193,184,95,91,2,23,2,1,24,92,474,2,0,27,4,23,102,26,7,19,88,3,2,3.5,3.5,NA,NA,NA,NA,NA,NA,NA,NA,NA,NA,NA,NA,NA,NA,NA,NA,NA,NA,NA,NA,NA,NA,NA,NA,NA,NA,NA,NA,NA,NA,NA,NA,NA,NA,NA,NA,NA,NA,NA,NA,NA,NA,NA,NA,NA,NA,NA,NA,NA,NA,NA,NA,NA,NA,NA,NA,NA,NA,NA,NA,NA,NA,NA,NA,NA,NA,NA,NA,NA,NA,NA,NA,NA,NA,NA,NA,NA,NA,NA,NA,NA,NA,NA,NA,NA,NA,NA,NA,NA,NA,NA,NA
283,2,1,96,3,93,113,4,109,82,7,75,22,57,22,102,40,113,467,26,115,488,13,110,482,15,107,485,3,80,3,53,43,6,37,99,59,9,50,110,22,9,13,94,23,6,17,100,2,3,31,58,4,5,2,2,3,9,108,9,109,19,102,109,210,218,105,109,27,111,479,3,4,33,1,32,134,32,0,32,118,NA,NA,4.5,5,95,2,1,170,5,165,148,2,146,153,7,146,26,63,25,104,50,111,497,32,117,506,20,107,498,22,122,509,54,4,29,3,68,2,66,112,64,3,61,105,33,8,25,97,32,8,24,96,3,3,35,61,3,6,2,2,6,11,109,11,108,27,113,110,222,218,112,109,31,103,486,5,5,42,0,42,136,39,3,36,114,3.5,4.5,5,5,NA,149,8,141,170,11,159,175,11,164,23,51,30,108,53,107,506,31,107,503,18,99,493,24,122,516,54,3,NA,68,4,NA,82,2,80,117,81,3,78,115,48,11,37,103,45,13,32,97,3,NA,3,NA,39,60,4,1,1,6,13,20,110,20,109,30,109,108,219,217,110,109,3,46,3,3,40,112,503,4,4,37,2,35,121,39,1,38,114,3.5,4,4,4,NA,NA,NA,NA,NA,NA,NA,NA,NA,NA,NA,NA,NA,NA,NA,NA,NA,NA,NA,NA,NA,NA,NA,NA,NA,NA,NA,NA,NA,NA,NA,NA,NA,NA,NA,NA,NA,NA,NA,NA,NA,NA,NA,NA,NA,NA,NA,NA,NA,NA,NA,NA,NA,NA,NA,NA,NA,NA,NA,NA,NA,NA,NA,NA,NA,NA,NA,NA,NA,NA,NA,NA,NA,NA,NA,NA,NA,NA,NA,NA,NA,NA,NA,NA,NA,NA,NA,NA,NA,NA,NA,NA
284,1,1,101,2,99,96,1,95,97,4,93,21,57,29,139,51,135,500,20,111,472,28,138,520,11,98,471,1,96,3,49,59,0,59,123,63,2,61,125,36,6,30,119,41,5,36,125,0,1,23,49,6,2,2,1,2,10,116,9,109,24,127,125,243,234,126,119,19,108,466,2,0,28,0,28,130,23,4,19,100,NA,NA,4.5,5,97,1,1,119,0,119,135,0,135,112,6,106,22,54,30,124,53,122,506,21,97,475,28,125,520,14,100,482,48,2,54,2,70,0,70,120,65,2,63,113,44,4,40,118,41,4,37,115,2,2,34,61,6,7,4,2,6,16,126,14,119,24,110,101,236,220,121,111,30,109,485,3,1,27,5,22,103,28,3,25,98,2,3,4,4,NA,140,0,140,155,1,154,130,1,129,23,53,34,125,59,120,522,31,110,503,28,118,520,19,109,499,71,2,NA,90,3,NA,82,1,81,126,78,2,76,118,48,3,45,117,51,2,49,122,3,NA,2,NA,29,48,5,1,1,7,16,24,122,24,122,32,117,113,239,235,123,120,3,36,3,2,43,121,509,2,1,34,3,31,114,36,4,32,103,3,3.5,3.5,4,NA,NA,NA,NA,NA,NA,NA,NA,NA,NA,NA,NA,NA,NA,NA,NA,NA,NA,NA,NA,NA,NA,NA,NA,NA,NA,NA,NA,NA,NA,NA,NA,NA,NA,NA,NA,NA,NA,NA,NA,NA,NA,NA,NA,NA,NA,NA,NA,NA,NA,NA,NA,NA,NA,NA,NA,NA,NA,NA,NA,NA,NA,NA,NA,NA,NA,NA,NA,NA,NA,NA,NA,NA,NA,NA,NA,NA,NA,NA,NA,NA,NA,NA,NA,NA,NA,NA,NA,NA,NA,NA,NA
285,1,2,9,5,4,10,6,4,8,6,2,13,37,17,85,20,82,392,11,84,438,3,78,423,9,89,464,0,180,2,50,9,3,6,71,9,3,6,71,5,1,4,78,8,4,4,78,0,1,21,42,2,0,0,0,0,2,80,2,77,10,80,80,160,157,79,77,1,75,419,0,0,13,7,6,96,11,14,0,64,NA,NA,2,2.5,3,1,2,NA,NA,NA,NA,NA,NA,NA,NA,NA,NA,NA,NA,NA,NA,NA,NA,NA,NA,NA,NA,NA,NA,NA,NA,NA,NA,NA,NA,NA,NA,NA,NA,NA,NA,NA,NA,NA,NA,NA,NA,NA,NA,NA,NA,NA,NA,NA,NA,NA,NA,NA,NA,NA,NA,NA,NA,NA,NA,NA,NA,NA,NA,NA,NA,NA,NA,NA,NA,NA,NA,NA,NA,NA,NA,NA,NA,NA,NA,NA,NA,NA,NA,NA,30,8,22,16,8,8,32,7,25,19,42,21,81,36,83,453,14,72,450,5,78,452,13,87,478,281,2,NA,267,1,NA,36,10,26,56,35,7,28,58,12,1,11,70,12,2,10,69,3,NA,3,NA,31,46,1,1,0,0,7,8,75,7,77,19,80,81,155,158,76,78,1,35,2,3,16,81,461,2,0,4,3,1,60,12,7,5,62,NA,NA,NA,NA,NA,NA,NA,NA,NA,NA,NA,NA,NA,NA,NA,NA,NA,NA,NA,NA,NA,NA,NA,NA,NA,NA,NA,NA,NA,NA,NA,NA,NA,NA,NA,NA,NA,NA,NA,NA,NA,NA,NA,NA,NA,NA,NA,NA,NA,NA,NA,NA,NA,NA,NA,NA,NA,NA,NA,NA,NA,NA,NA,NA,NA,NA,NA,NA,NA,NA,NA,NA,NA,NA,NA,NA,NA,NA,NA,NA,NA,NA,NA,NA,NA,NA,NA,NA,NA,NA,NA,NA,NA,NA,NA,NA
286,2,1,86,4,82,75,1,74,89,0,89,23,58,26,116,48,118,491,26,110,488,24,120,508,16,108,489,1,156,2,95,49,0,49,104,51,0,51,106,27,1,26,107,22,1,21,101,0,4,29,54,6,3,1,1,1,8,105,8,104,22,109,119,214,223,107,113,31,112,486,4,5,28,1,27,129,30,1,29,114,NA,NA,5.5,5,95,2,1,142,1,141,112,2,110,109,1,108,27,62,28,109,56,117,514,35,124,515,26,115,513,17,104,492,80,3,56,4,70,0,70,110,69,0,69,109,38,1,37,107,42,1,41,112,2,3,37,63,9,7,2,2,0,11,107,11,108,29,114,116,221,224,111,113,31,101,486,3,5,30,2,28,112,31,1,30,105,4.5,5,5,5,NA,156,1,155,143,0,143,146,2,144,28,59,37,127,63,123,533,33,112,509,29,118,525,24,120,516,35,1,NA,42,3,NA,78,0,78,115,76,1,75,109,44,2,42,110,43,1,42,110,3,NA,3,NA,42,61,7,2,2,2,17,21,109,21,112,35,117,121,226,233,115,119,3,25,1,2,39,109,502,3,7,43,0,43,133,38,1,37,111,4,3.5,4,4,NA,NA,NA,NA,NA,NA,NA,NA,NA,NA,NA,NA,NA,NA,NA,NA,NA,NA,NA,NA,NA,NA,NA,NA,NA,NA,NA,NA,NA,NA,NA,NA,NA,NA,NA,NA,NA,NA,NA,NA,NA,NA,NA,NA,NA,NA,NA,NA,NA,NA,NA,NA,NA,NA,NA,NA,NA,NA,NA,NA,NA,NA,NA,NA,NA,NA,NA,NA,NA,NA,NA,NA,NA,NA,NA,NA,NA,NA,NA,NA,NA,NA,NA,NA,NA,NA,NA,NA,NA,NA,NA,NA
287,2,1,42,5,37,45,2,43,48,1,47,22,57,23,105,38,110,460,21,105,475,17,115,491,19,121,499,2,48,1,35,36,4,32,95,36,2,34,96,16,3,13,94,19,4,15,97,1,4,35,64,4,3,1,1,2,7,101,7,100,20,105,112,206,212,102,106,19,103,466,3,2,19,1,18,117,18,2,16,95,NA,NA,4,3.5,55,2,1,90,7,83,77,2,75,58,2,56,25,60,26,107,43,102,477,24,98,483,21,109,500,23,126,513,64,2,57,2,50,1,49,93,42,0,42,84,20,1,19,89,24,4,20,91,2,4,42,72,1,4,1,1,4,6,92,6,91,27,113,110,205,201,102,100,31,104,486,4,1,18,1,17,95,20,0,20,92,3.5,4,4,5,42,118,1,117,92,3,89,128,15,113,25,55,30,108,53,108,506,32,111,506,27,114,517,25,125,520,108,4,NA,106,3,NA,66,0,66,97,63,1,62,92,32,3,29,94,28,2,26,90,3,NA,4,NA,41,63,7,2,2,6,13,21,113,21,112,30,109,108,222,220,112,111,3,30,2,2,34,102,492,5,4,27,1,26,106,21,2,19,88,3.5,4,4,4,NA,111,5,106,97,5,92,161,2,159,29,61,32,113,55,107,511,30,100,500,24,105,508,25,121,520,97,2,NA,98,2,NA,64,0,64,95,58,2,56,85,30,0,30,95,27,2,25,89,3,NA,2,NA,47,66,9,3,3,8,14,25,117,25,121,30,103,105,220,226,111,115,3,47,3,3,38,104,500,5,3,28,2,26,101,25,1,24,94,4,5,NA,NA,NA
288,3,2,123,5,118,105,3,102,109,0,109,21,54,27,124,47,124,489,20,104,472,22,122,502,13,101,478,3,94,2,62,58,2,56,115,59,1,58,117,36,6,30,115,32,2,30,115,0,2,27,53,8,8,4,4,0,12,121,12,122,27,128,134,249,256,130,134,28,114,481,1,2,40,1,39,141,39,0,39,127,NA,NA,4,5,81,3,2,158,4,154,156,3,153,108,4,104,22,52,30,120,47,108,489,23,97,480,24,114,508,16,103,489,46,1,21,1,68,1,67,113,72,4,68,114,42,7,35,109,43,5,38,112,1,3,28,50,11,9,4,4,3,18,130,18,131,32,107,124,237,255,122,133,31,104,486,1,2,41,1,40,132,33,4,29,104,4,4,5,4,78,172,8,164,148,2,146,141,2,139,22,49,31,111,50,103,497,28,99,494,26,112,513,15,94,485,32,1,NA,20,1,NA,75,1,74,107,78,4,74,107,49,10,39,106,48,9,39,106,2,NA,4,NA,37,57,18,4,4,5,14,23,118,23,119,35,121,121,239,240,123,123,3,74,4,4,33,100,490,4,4,42,7,35,121,38,4,34,106,2.5,3.5,3.5,4,NA,120,1,119,130,4,126,173,5,168,23,48,38,126,54,104,508,29,97,497,24,105,508,19,101,499,65,3,NA,54,2,NA,74,1,73,103,81,1,80,113,49,5,44,108,54,8,46,111,2,NA,1,NA,32,44,21,4,4,3,15,22,108,22,110,37,116,119,224,229,113,117,2,38,2,2,37,100,498,7,3,40,5,35,116,46,1,45,125,2,5,NA,NA,NA
289,1,1,97,1,96,83,1,82,76,4,72,20,47,26,103,43,105,477,22,97,477,16,104,489,15,101,485,2,190,3,135,54,0,54,98,37,0,37,81,20,5,15,84,27,5,22,93,0,2,19,36,6,3,1,1,3,10,108,10,114,21,98,115,206,229,102,117,30,106,485,2,1,26,3,23,123,29,3,26,110,NA,NA,3.5,5,97,1,1,112,3,109,121,0,121,99,3,96,21,46,26,99,53,109,506,23,91,480,17,98,491,16,98,489,93,4,65,3,67,0,67,98,70,2,68,100,35,3,32,97,40,4,36,102,1,4,29,45,6,8,2,3,3,11,103,12,112,30,109,118,212,230,106,118,33,100,490,3,4,38,2,36,125,32,2,30,105,4,3.5,4,4,68,147,7,140,156,11,145,147,2,145,23,48,33,111,61,117,527,31,101,503,27,111,517,20,104,502,80,2,NA,50,3,NA,72,0,72,102,76,2,74,105,43,3,40,103,43,2,41,104,2,NA,2,NA,38,51,5,1,1,3,15,19,101,19,106,32,105,113,206,219,102,110,3,42,2,3,35,97,494,4,5,39,2,37,124,39,0,39,115,3.5,3.5,2.5,4.5,NA,115,2,113,121,1,120,145,1,144,25,50,34,112,55,101,511,27,90,491,21,98,500,22,106,509,116,2,NA,106,1,NA,77,1,76,107,82,0,82,117,51,9,42,106,51,6,45,110,2,NA,2,NA,41,52,8,2,2,9,14,25,112,25,119,35,107,114,219,233,110,119,2,46,3,3,42,103,507,5,8,31,4,27,102,39,2,37,112,3,3,NA,4,NA
290,2,2,176,0,176,146,4,142,184,0,184,20,54,28,135,50,133,497,29,129,497,26,134,513,21,132,506,4,51,1,19,72,2,70,133,70,0,70,133,40,1,39,128,45,5,40,129,1,2,23,49,5,6,4,3,0,9,112,8,104,30,142,143,254,247,134,128,31,120,486,6,2,44,2,42,144,45,3,42,131,NA,NA,4.5,5,88,2,2,170,1,169,168,2,166,139,1,138,22,54,36,144,60,129,525,33,124,509,31,135,538,18,112,496,58,3,46,3,81,0,81,134,84,1,83,136,49,2,47,125,46,1,45,123,2,3,29,53,7,9,4,4,2,13,117,13,116,39,147,142,264,258,140,135,37,119,498,8,5,41,1,40,132,45,2,43,124,4,4,5,4,88,186,1,185,179,1,178,163,0,163,22,50,36,131,61,123,527,33,116,509,29,121,525,20,112,502,48,4,NA,52,3,NA,88,4,84,131,83,0,83,130,53,3,50,123,49,4,45,117,3,NA,2,NA,36,58,12,4,4,5,14,23,119,23,119,41,140,137,259,256,137,134,4,65,4,4,47,128,516,11,12,53,4,49,141,49,2,47,127,3.5,4,3,5.5,NA,193,3,190,201,1,200,219,1,218,23,49,42,141,67,130,545,35,117,515,29,117,525,24,118,516,30,4,NA,31,1,NA,89,0,89,132,86,1,85,126,57,3,54,125,50,1,49,119,3,NA,2,NA,46,65,12,4,4,7,15,26,120,26,122,45,137,140,257,262,136,138,3,91,4,4,48,123,517,11,10,54,1,53,140,46,3,43,122,4,5,NA,NA,NA
291,2,1,67,1,66,59,2,57,61,4,57,19,46,25,108,41,110,470,20,99,472,22,118,502,16,108,489,2,194,2,192,48,4,44,100,39,4,35,91,17,2,15,93,20,7,13,90,0,1,20,40,4,0,0,0,0,4,89,4,87,20,105,112,194,199,96,99,22,102,471,0,0,26,0,26,128,22,1,21,103,NA,NA,3.5,3.5,70,2,1,123,15,108,86,2,84,92,2,90,20,45,23,94,46,103,486,25,97,486,25,113,510,15,98,485,105,3,66,2,59,1,58,102,56,2,54,98,25,3,22,93,25,8,17,87,0,1,29,50,7,6,2,2,6,15,119,15,122,24,101,101,220,223,111,113,31,101,486,3,2,27,4,23,104,25,1,24,97,3.5,3.5,3,5,50,122,2,120,110,4,106,124,3,121,24,51,29,102,49,99,494,27,95,491,23,105,505,20,107,502,96,2,NA,79,4,NA,67,0,67,98,64,2,62,92,30,1,29,94,28,3,25,89,1,NA,3,NA,37,54,4,1,1,4,15,20,106,20,109,27,99,100,205,209,102,104,3,85,4,4,32,96,488,5,3,35,1,34,119,39,1,38,114,3.5,4,5,4,NA,110,8,102,93,7,86,116,1,115,24,48,31,107,53,99,506,28,93,494,21,98,500,22,108,509,118,2,NA,113,1,NA,63,0,63,90,66,2,64,91,36,14,22,81,30,7,23,83,1,NA,0,NA,33,43,6,1,1,4,12,17,94,17,96,32,102,104,196,200,97,99,3,90,4,4,35,95,494,1,4,32,3,29,106,28,6,22,87,3,4,NA,NA,NA
292,2,1,16,5,11,19,5,14,19,4,15,18,49,18,97,28,106,423,14,98,450,10,115,474,14,108,482,0,79,2,75,16,0,16,86,22,5,17,87,12,3,9,92,12,6,6,86,1,0,21,46,2,0,0,0,0,2,82,2,77,16,107,100,189,177,93,87,7,96,444,0,0,5,8,0,80,7,10,0,64,NA,NA,2.5,1,7,2,1,87,7,80,91,11,80,80,16,64,14,36,22,97,39,104,464,21,98,475,18,110,493,14,100,482,158,2,106,2,57,0,57,107,53,1,52,102,24,1,23,99,27,2,25,102,0,1,20,39,4,0,0,0,0,4,86,4,83,21,103,92,189,175,93,86,25,103,476,1,0,18,1,17,95,17,0,17,88,NA,NA,2,2.5,88,56,16,40,79,3,76,93,12,81,22,50,30,112,52,110,503,24,95,483,26,114,513,17,103,492,148,3,NA,203,0,NA,57,0,57,95,45,0,45,80,31,1,30,99,28,1,27,95,0,NA,4,NA,29,48,4,1,1,2,8,11,87,11,86,23,96,90,183,176,90,86,2,30,3,2,26,95,477,4,4,23,0,23,102,16,1,15,83,2,3,2,3.5,NA,91,18,73,97,3,94,114,3,111,22,47,27,99,55,107,511,31,103,503,27,112,517,13,85,478,107,1,NA,140,1,NA,56,1,55,83,52,0,52,80,29,3,26,90,38,0,38,105,3,NA,0,NA,31,44,10,3,3,0,9,12,84,12,84,32,107,107,191,191,94,94,2,35,2,2,33,97,490,4,5,23,2,21,91,23,3,20,85,2,2,3,3,NA
293,1,2,60,6,54,52,2,50,55,8,47,15,42,24,125,35,118,449,19,113,469,13,121,482,11,99,471,2,143,1,78,45,2,43,118,40,2,38,112,22,7,15,105,17,6,11,99,0,1,17,39,8,2,2,1,0,10,116,9,109,19,114,109,230,218,118,109,23,115,472,0,2,24,1,23,123,21,3,18,98,NA,NA,3.5,3.5,75,1,2,NA,NA,NA,NA,NA,NA,NA,NA,NA,NA,NA,NA,NA,NA,NA,NA,NA,NA,NA,NA,NA,NA,NA,NA,NA,NA,NA,NA,NA,NA,NA,NA,NA,NA,NA,NA,NA,NA,NA,NA,NA,NA,NA,NA,NA,NA,NA,NA,NA,NA,NA,NA,NA,NA,NA,NA,NA,NA,NA,NA,NA,NA,NA,NA,NA,NA,NA,NA,NA,NA,NA,NA,NA,NA,NA,NA,NA,NA,3,4,4,3.5,88,129,9,120,117,14,103,119,13,106,20,45,28,106,48,106,491,29,106,497,19,104,495,19,110,499,77,2,NA,102,3,NA,69,3,66,105,65,1,64,103,37,12,25,93,35,13,22,89,3,NA,3,NA,28,49,10,4,3,3,14,21,114,20,109,25,104,95,218,204,109,101,3,69,4,4,32,102,488,2,1,35,1,34,119,30,1,29,100,3,4.5,3,4.5,NA,106,6,100,129,9,120,165,18,147,22,47,32,113,51,102,500,30,101,500,17,96,491,21,110,506,83,1,NA,48,2,NA,68,0,68,100,70,3,67,98,47,23,24,87,47,30,17,79,2,NA,2,NA,37,54,12,4,4,5,16,25,119,25,116,33,113,107,232,223,119,113,2,62,4,4,37,104,498,3,6,40,3,37,119,30,2,28,97,3,3.5,3,3,NA
294,2,1,139,0,139,115,1,114,133,0,133,19,48,28,123,50,124,497,24,110,483,22,120,502,21,127,506,3,85,2,55,64,0,64,121,66,0,66,123,34,0,34,115,37,0,37,119,1,4,30,56,2,4,2,2,1,5,93,5,93,28,124,137,217,230,109,118,36,122,496,4,4,38,3,35,137,45,2,43,132,NA,NA,4,4.5,97,2,1,200,1,199,192,4,188,170,3,167,22,52,32,126,61,126,527,30,111,500,30,126,530,19,112,499,35,3,20,3,73,1,72,120,74,0,74,122,50,3,47,122,47,2,45,120,3,4,37,63,9,7,2,2,2,13,113,13,116,34,126,130,239,246,123,127,44,127,511,8,11,40,1,39,130,39,0,39,118,4,4,5,5.5,88,166,0,166,180,2,178,174,1,173,24,53,35,124,56,112,514,32,109,506,26,111,513,20,108,502,38,3,NA,51,3,NA,83,2,81,119,77,1,76,111,50,1,49,119,48,2,46,115,4,NA,2,NA,39,57,12,4,4,5,16,25,119,25,126,37,122,127,241,253,124,132,3,47,3,3,42,113,507,10,10,45,3,42,132,46,1,45,123,4.5,4,4,4.5,NA,187,1,186,173,2,171,202,2,200,22,46,40,131,65,124,539,32,104,506,30,120,530,23,112,513,42,2,NA,47,2,NA,85,1,84,120,84,0,84,120,55,1,54,124,55,2,53,121,4,NA,2,NA,45,60,13,4,4,8,18,30,128,30,134,40,123,127,251,261,132,137,4,90,4,4,48,118,517,NA,10,42,0,42,126,42,1,41,118,4,4,NA,NA,NA
295,2,1,40,3,37,34,5,29,45,3,42,21,50,22,90,35,90,449,16,84,458,15,100,487,17,106,492,0,223,1,63,35,9,26,71,23,6,17,61,16,4,12,79,20,11,9,75,1,1,18,33,4,5,1,2,0,5,91,6,97,18,87,106,178,203,87,101,15,88,459,3,5,12,5,7,98,12,1,11,87,NA,NA,4.5,4.5,51,2,1,79,3,76,81,3,78,84,1,83,21,46,24,93,36,82,453,23,89,480,14,94,484,21,111,506,148,3,79,1,58,3,55,83,56,3,53,81,27,6,21,84,35,14,21,84,2,3,26,39,3,4,1,1,4,8,92,8,98,22,87,95,179,193,88,95,21,85,469,5,4,24,6,18,97,26,1,25,98,2,4,3,3.5,92,89,2,87,70,8,62,104,4,100,23,48,25,86,43,87,477,30,98,500,13,90,482,18,96,496,132,4,NA,70,1,NA,68,3,65,93,60,4,56,82,41,14,27,87,36,13,23,83,3,NA,2,NA,28,37,10,3,3,3,10,16,92,16,99,23,82,90,174,189,85,93,2,37,2,3,32,91,488,5,3,28,1,27,108,25,3,22,92,NA,3,3.5,3.5,NA,NA,NA,NA,NA,NA,NA,NA,NA,NA,NA,NA,NA,NA,NA,NA,NA,NA,NA,NA,NA,NA,NA,NA,NA,NA,NA,NA,NA,NA,NA,NA,NA,NA,NA,NA,NA,NA,NA,NA,NA,NA,NA,NA,NA,NA,NA,NA,NA,NA,NA,NA,NA,NA,NA,NA,NA,NA,NA,NA,NA,NA,NA,NA,NA,NA,NA,NA,NA,NA,NA,NA,NA,NA,NA,NA,NA,NA,NA,NA,NA,NA,NA,NA,NA,NA,NA,NA,NA,NA,NA,NA
296,2,1,23,4,19,19,4,15,20,4,16,16,39,19,83,30,86,431,15,84,454,9,95,471,17,108,492,0,55,3,42,13,1,12,61,19,2,17,66,11,4,7,76,10,5,5,72,0,2,18,36,8,2,1,1,1,10,110,10,114,18,96,106,206,220,102,111,15,91,459,3,3,7,2,5,94,17,7,10,85,NA,NA,3.5,3,38,2,1,40,4,36,29,2,27,34,2,32,20,45,25,100,39,90,464,16,79,458,14,96,484,10,81,468,87,1,46,0,31,0,31,69,26,3,23,62,10,3,7,68,13,4,9,71,0,2,19,33,6,4,1,1,1,8,96,8,98,20,89,89,185,187,91,92,24,92,474,4,1,11,3,8,80,10,2,8,75,2,2,3,3.5,7,NA,NA,NA,NA,NA,NA,NA,NA,NA,NA,NA,NA,NA,NA,NA,NA,NA,NA,NA,NA,NA,NA,NA,NA,NA,NA,NA,NA,NA,NA,NA,NA,NA,NA,NA,NA,NA,NA,NA,NA,NA,NA,NA,NA,NA,NA,NA,NA,NA,NA,NA,NA,NA,NA,NA,NA,NA,NA,NA,NA,NA,NA,NA,NA,NA,NA,NA,NA,NA,NA,NA,NA,NA,NA,NA,NA,NA,NA,NA,NA,NA,NA,NA,NA,NA,NA,2,2,2,3,NA,45,6,39,51,4,47,61,3,58,19,37,25,88,46,89,486,23,83,480,17,93,491,16,88,489,143,0,NA,97,0,NA,47,2,45,72,51,4,47,74,21,6,15,73,23,6,17,75,0,NA,0,NA,30,39,5,1,1,4,14,19,98,19,100,26,87,90,185,190,91,94,2,37,2,2,32,89,488,8,3,15,2,13,74,12,1,11,70,2,2,2,3,NA
297,2,1,40,4,36,37,6,31,52,16,36,15,40,20,99,36,109,453,18,100,465,10,107,474,14,105,482,2,298,1,212,32,9,23,87,27,4,23,87,20,7,13,94,22,10,12,93,1,4,23,47,4,2,1,1,1,6,99,6,97,17,104,103,203,200,100,99,23,108,472,2,3,17,1,16,114,19,0,19,100,NA,NA,3.5,3,59,2,1,97,6,91,72,3,69,78,2,76,20,47,22,94,44,106,480,23,98,480,15,103,487,16,104,489,134,3,79,3,45,1,44,87,48,3,45,89,27,6,21,92,27,7,20,91,1,3,25,45,1,5,1,1,1,3,81,3,78,26,110,107,191,185,94,91,28,103,481,2,1,22,1,21,102,22,1,21,93,2,3,3.5,2.5,55,113,9,104,105,26,79,76,6,70,23,51,28,102,50,103,497,28,99,494,19,100,495,23,119,513,56,1,NA,48,2,NA,65,1,64,95,67,2,65,96,33,9,24,87,38,9,29,94,3,NA,3,NA,32,50,10,3,3,3,10,16,100,16,99,23,92,90,192,189,95,93,2,21,1,1,34,102,492,3,4,25,0,25,105,17,1,16,84,1.5,2,3,2,NA,95,12,83,100,8,92,106,8,98,25,52,26,93,54,104,508,29,97,497,22,101,502,25,120,520,77,2,NA,87,1,NA,61,0,61,88,55,1,54,80,32,3,29,90,29,5,24,84,1,NA,1,NA,32,44,5,1,1,2,13,16,93,16,94,26,91,92,184,186,90,92,3,49,3,3,43,113,509,4,4,24,3,21,91,25,1,24,91,2,3,NA,NA,NA
298,1,2,47,2,45,47,2,45,46,2,44,14,36,23,105,38,107,460,15,90,454,20,116,498,10,91,468,1,65,2,101,34,1,33,90,33,2,31,88,15,0,15,93,19,7,12,88,0,0,21,42,7,0,0,0,0,7,101,7,100,19,102,109,203,209,100,104,18,99,464,0,1,20,2,18,117,18,2,16,95,NA,NA,3.5,4,38,1,2,NA,NA,NA,NA,NA,NA,NA,NA,NA,NA,NA,NA,NA,NA,NA,NA,NA,NA,NA,NA,NA,NA,NA,NA,NA,NA,NA,NA,NA,NA,NA,NA,NA,NA,NA,NA,NA,NA,NA,NA,NA,NA,NA,NA,NA,NA,NA,NA,NA,NA,NA,NA,NA,NA,NA,NA,NA,NA,NA,NA,NA,NA,NA,NA,NA,NA,NA,NA,NA,NA,NA,NA,NA,NA,NA,NA,NA,NA,2,2,2,2,15,NA,NA,NA,NA,NA,NA,NA,NA,NA,NA,NA,NA,NA,NA,NA,NA,NA,NA,NA,NA,NA,NA,NA,NA,NA,NA,NA,NA,NA,NA,NA,NA,NA,NA,NA,NA,NA,NA,NA,NA,NA,NA,NA,NA,NA,NA,NA,NA,NA,NA,NA,NA,NA,NA,NA,NA,NA,NA,NA,NA,NA,NA,NA,NA,NA,NA,NA,NA,NA,NA,NA,NA,NA,NA,NA,NA,NA,NA,NA,NA,NA,NA,NA,NA,NA,NA,2.5,2.5,3,3.5,NA,NA,NA,NA,NA,NA,NA,NA,NA,NA,NA,NA,NA,NA,NA,NA,NA,NA,NA,NA,NA,NA,NA,NA,NA,NA,NA,NA,NA,NA,NA,NA,NA,NA,NA,NA,NA,NA,NA,NA,NA,NA,NA,NA,NA,NA,NA,NA,NA,NA,NA,NA,NA,NA,NA,NA,NA,NA,NA,NA,NA,NA,NA,NA,NA,NA,NA,NA,NA,NA,NA,NA,NA,NA,NA,NA,NA,NA,NA,NA,NA,NA,NA,NA,NA,NA,NA,NA,NA,NA,NA,NA
299,2,2,43,0,43,38,2,36,46,7,39,18,46,18,92,35,108,449,15,94,454,14,112,484,10,93,468,1,291,1,114,45,15,30,93,44,7,37,99,31,14,17,100,27,14,13,94,0,1,18,39,1,4,2,2,1,4,90,4,87,15,98,96,188,183,92,90,24,109,474,1,0,18,3,15,112,15,4,11,87,NA,NA,3,4,45,2,2,96,1,95,96,1,95,75,4,71,18,43,21,91,41,100,470,20,93,472,18,106,493,11,89,471,114,1,61,3,64,2,62,108,67,4,63,109,41,10,31,104,37,7,30,103,0,1,25,45,2,4,1,1,2,5,89,5,87,18,91,84,180,171,88,84,27,100,479,3,2,22,7,15,92,27,5,22,94,NA,NA,4,4,65,94,3,91,77,2,75,108,2,106,20,44,26,96,50,104,497,25,94,486,26,112,513,13,89,478,108,1,NA,136,1,NA,62,1,61,91,56,0,56,85,34,4,30,95,30,6,24,87,1,NA,4,NA,34,53,6,1,1,2,10,13,92,13,91,19,83,81,175,172,86,84,3,45,3,3,33,100,490,3,2,22,0,22,100,18,2,16,84,2.5,3,3,3.5,NA,113,3,110,123,2,121,137,2,135,24,50,27,96,52,100,503,29,97,497,25,107,510,16,92,489,74,3,NA,67,3,NA,52,1,51,78,54,1,53,80,45,6,39,102,45,4,41,104,1,NA,1,NA,32,44,8,2,2,2,10,14,87,14,89,26,91,92,178,181,87,89,2,32,1,2,31,92,486,2,0,27,5,22,93,25,7,18,82,1,2.5,3,NA,NA
300,1,1,67,1,66,68,2,66,66,3,63,18,46,26,120,43,120,477,12,88,442,15,115,487,12,99,475,0,332,1,124,48,1,47,108,44,1,43,104,19,8,11,91,24,11,13,94,0,0,25,50,5,4,2,2,2,9,110,9,109,21,113,115,223,224,113,113,16,102,461,0,1,28,2,26,128,25,4,21,103,NA,NA,3.5,3.5,65,1,1,83,4,79,77,3,74,84,1,83,19,45,26,107,46,108,486,20,93,472,19,107,495,14,98,482,48,1,82,1,52,1,51,95,56,0,56,100,25,6,19,89,27,4,23,95,0,1,25,45,5,7,2,2,4,11,109,11,108,30,120,118,229,226,117,115,24,97,474,0,0,32,6,26,109,31,3,28,102,3,3.5,3.5,4,NA,94,3,91,98,4,94,97,2,95,21,46,29,105,49,101,494,28,99,494,19,100,495,13,88,478,140,1,NA,139,3,NA,63,1,62,92,65,3,62,92,30,7,23,86,28,4,24,87,1,NA,3,NA,26,41,9,3,3,2,12,17,102,17,101,35,121,121,223,222,113,112,2,57,4,4,33,100,490,1,1,26,5,21,98,29,3,26,97,3.5,NA,NA,2,NA,85,1,84,93,2,91,119,3,116,21,44,30,107,56,109,514,28,96,494,21,100,500,14,88,482,136,1,NA,145,0,NA,59,1,58,87,62,1,61,91,37,8,29,94,33,4,29,94,0,NA,2,NA,31,44,7,2,1,3,13,18,100,17,97,37,119,119,219,216,110,108,3,111,4,4,28,91,481,4,3,22,6,16,81,22,5,17,80,3,3,NA,3,NA
301,2,1,14,13,1,14,7,7,10,6,4,21,52,18,88,20,79,392,7,71,419,4,86,443,16,109,489,0,110,3,96,19,15,4,59,14,8,6,61,9,4,5,76,9,8,1,66,0,2,24,47,2,3,1,1,0,3,85,3,82,9,78,77,163,159,80,78,2,77,427,2,3,22,27,0,80,23,25,0,64,NA,NA,2,2,7,2,1,27,11,16,15,6,9,16,6,10,20,45,18,79,26,72,416,12,72,442,7,86,464,15,97,485,186,0,96,2,22,10,12,55,16,4,12,55,13,8,5,63,11,5,6,66,0,3,29,50,2,2,1,1,1,4,84,4,83,14,77,76,161,159,79,78,8,77,446,2,2,7,13,0,62,19,17,2,65,NA,NA,3.5,3.5,NA,NA,NA,NA,NA,NA,NA,NA,NA,NA,NA,NA,NA,NA,NA,NA,NA,NA,NA,NA,NA,NA,NA,NA,NA,NA,NA,NA,NA,NA,NA,NA,NA,NA,NA,NA,NA,NA,NA,NA,NA,NA,NA,NA,NA,NA,NA,NA,NA,NA,NA,NA,NA,NA,NA,NA,NA,NA,NA,NA,NA,NA,NA,NA,NA,NA,NA,NA,NA,NA,NA,NA,NA,NA,NA,NA,NA,NA,NA,NA,NA,NA,NA,NA,NA,NA,NA,NA,NA,NA,NA,NA,34,7,27,30,6,24,40,8,32,24,50,18,70,33,72,442,15,68,454,10,86,474,21,105,506,208,3,NA,169,1,NA,35,1,34,61,39,5,34,61,22,6,16,74,22,7,15,73,0,NA,2,NA,39,50,3,1,1,2,3,6,66,6,69,16,67,69,133,138,61,64,1,6,1,1,20,77,467,6,3,9,3,6,55,13,2,11,70,2,2,2,NA,NA
302,2,2,50,2,48,52,4,48,44,7,37,19,45,21,87,36,92,453,17,86,462,11,96,477,14,97,482,0,211,2,113,32,5,27,72,26,2,24,70,14,5,9,75,14,3,11,78,1,3,19,36,3,4,1,2,0,4,87,5,93,18,91,106,178,199,87,99,16,89,461,0,0,14,5,9,104,19,1,18,98,NA,NA,3.5,5,42,2,2,77,0,77,70,2,68,65,1,64,19,42,22,87,41,91,470,21,87,475,15,96,487,15,94,485,107,2,54,2,49,3,46,75,43,1,42,71,33,17,16,77,35,27,8,66,0,2,28,44,7,6,2,2,1,10,100,10,105,24,95,101,195,206,96,102,29,96,483,1,2,23,4,19,99,25,1,24,97,2.5,3,1,3,39,84,4,80,77,8,69,97,2,95,21,43,29,98,45,91,483,23,86,480,11,88,477,15,88,485,125,1,NA,164,1,NA,60,2,58,84,55,4,51,78,28,12,16,74,29,13,16,74,3,NA,2,NA,29,40,7,1,2,1,10,12,82,13,91,26,91,98,173,189,85,93,2,86,4,4,28,88,481,4,2,22,2,20,97,23,1,22,92,2,2,2.5,4,NA,64,5,59,96,4,92,97,1,96,20,37,26,88,49,92,494,25,86,486,15,91,487,18,93,496,65,1,NA,76,0,NA,64,0,64,86,63,2,61,82,28,5,23,79,26,9,17,72,0,NA,2,NA,30,37,7,1,1,2,14,17,91,17,96,28,90,95,181,191,89,94,2,76,4,4,30,85,485,3,4,27,3,24,97,22,6,16,78,3,3,3,4,NA
303,2,2,47,4,43,48,5,43,33,6,27,17,46,23,121,37,122,457,9,90,430,12,121,480,16,117,489,0,146,2,99,33,6,27,100,34,6,28,101,19,6,13,102,19,11,8,94,0,0,18,41,3,4,3,2,0,6,100,5,93,16,107,100,207,193,103,95,21,113,469,3,3,20,4,16,114,18,2,16,95,NA,NA,3.5,4,55,2,2,81,1,80,66,4,62,81,1,80,17,42,25,111,41,110,470,23,105,480,19,114,495,15,105,485,124,2,55,2,57,1,56,110,55,3,52,107,30,8,22,102,23,3,20,100,0,0,NA,NA,9,6,3,2,4,16,128,15,122,22,109,95,237,217,122,109,31,113,486,4,4,23,5,18,97,25,4,21,93,3,2,2,3.5,32,102,2,100,86,3,83,106,2,104,15,35,29,109,48,105,491,26,98,488,23,109,505,19,110,499,135,1,NA,160,2,NA,62,2,60,98,59,0,59,97,28,4,24,92,29,4,25,93,1,NA,3,NA,27,45,8,3,2,1,13,17,102,16,99,27,106,100,208,199,104,99,3,52,4,4,38,113,500,7,8,21,4,17,92,25,3,22,92,3,3,3,4,NA,72,3,69,87,2,85,129,0,129,20,44,28,105,54,108,508,26,95,488,23,106,505,16,96,489,131,1,NA,135,0,NA,66,0,66,97,55,2,53,81,29,4,25,89,29,5,24,87,0,NA,2,NA,31,48,10,3,3,0,11,14,94,14,89,23,92,86,186,175,91,86,2,63,4,4,34,100,492,6,8,21,6,15,78,24,6,18,82,4,2,NA,4,NA
304,1,1,37,4,33,26,3,23,33,2,31,19,48,22,102,32,100,438,16,93,458,9,102,471,13,100,478,0,69,2,63,31,5,26,89,30,4,26,89,15,2,13,94,18,11,7,84,1,2,28,53,1,3,1,1,0,2,80,2,77,14,90,93,170,170,83,83,15,97,459,2,3,9,6,3,88,21,29,0,64,NA,NA,2.5,3.5,38,1,1,NA,NA,NA,NA,NA,NA,NA,NA,NA,NA,NA,NA,NA,NA,NA,NA,NA,NA,NA,NA,NA,NA,NA,NA,NA,NA,NA,NA,NA,NA,NA,NA,NA,NA,NA,NA,NA,NA,NA,NA,NA,NA,NA,NA,NA,NA,NA,NA,NA,NA,NA,NA,NA,NA,NA,NA,NA,NA,NA,NA,NA,NA,NA,NA,NA,NA,NA,NA,NA,NA,NA,NA,NA,NA,NA,NA,NA,NA,NA,NA,NA,NA,NA,NA,NA,NA,NA,NA,NA,NA,NA,NA,NA,NA,NA,NA,NA,NA,NA,NA,NA,NA,NA,NA,NA,NA,NA,NA,NA,NA,NA,NA,NA,NA,NA,NA,NA,NA,NA,NA,NA,NA,NA,NA,NA,NA,NA,NA,NA,NA,NA,NA,NA,NA,NA,NA,NA,NA,NA,NA,NA,NA,NA,NA,NA,NA,NA,NA,NA,NA,NA,NA,NA,NA,NA,NA,NA,NA,NA,NA,NA,NA,NA,NA,NA,NA,NA,NA,NA,NA,NA,NA,NA,NA,NA,NA,NA,NA,NA,NA,NA,NA,NA,NA,NA,NA,NA,NA,NA,NA,NA,NA,NA,NA,NA,NA,NA,NA,NA,NA,NA,NA,NA,NA,NA,NA,NA,NA,NA,NA,NA,NA,NA,NA,NA,NA,NA,NA,NA,NA,NA,NA,NA,NA,NA,NA,NA,NA,NA,NA,NA,NA,NA,NA,NA,NA,NA,NA,NA,NA,NA,NA,NA,NA,NA,NA,NA,NA,NA,NA,NA,NA,NA,NA,NA,NA,NA,NA,NA,NA,NA,NA,NA,NA,NA
305,2,1,96,2,94,89,2,87,95,2,93,20,51,23,105,47,121,489,18,97,465,26,126,513,17,113,492,2,127,3,79,54,2,52,112,64,4,60,119,27,2,25,110,25,2,23,107,1,3,25,48,2,3,1,1,0,3,85,3,82,21,107,115,192,197,95,98,29,113,483,1,1,27,0,27,129,29,1,28,113,NA,NA,4,3.5,75,2,1,123,4,119,102,0,102,133,17,116,20,47,22,94,52,113,503,25,99,486,22,109,502,16,102,489,96,4,50,1,61,2,59,103,49,0,49,93,34,4,30,103,38,4,34,108,2,4,28,49,3,8,3,3,1,7,94,7,95,27,109,110,203,205,100,102,31,103,486,2,4,29,3,26,109,27,1,26,100,1.5,3.5,4,3,83,125,1,124,128,5,123,117,1,116,23,51,36,127,60,118,525,31,106,503,30,122,530,22,115,509,64,2,NA,75,2,NA,69,0,69,101,70,0,70,102,38,2,36,102,39,2,37,103,3,NA,3,NA,33,51,5,1,1,1,12,14,94,14,93,28,104,102,198,195,98,96,3,44,3,3,36,104,496,4,2,34,4,30,113,26,14,12,76,3,2.5,3,2.5,NA,110,0,110,131,0,131,154,1,153,23,48,37,123,63,120,533,28,94,494,28,113,520,23,112,513,65,1,NA,73,2,NA,78,2,76,107,68,1,67,95,44,9,35,97,46,5,41,104,3,NA,2,NA,39,52,9,2,2,5,18,25,116,25,116,32,105,104,221,220,111,111,3,61,4,4,43,110,509,2,5,32,1,31,109,30,2,28,97,3,3,3,3,NA
306,1,2,98,1,97,96,1,95,90,1,89,17,46,27,131,41,126,470,NA,NA,NA,20,129,498,13,106,478,0,99,2,63,62,3,59,123,57,4,53,118,35,5,30,119,37,9,28,117,0,1,23,49,9,8,4,4,1,14,129,14,130,19,114,109,243,239,126,123,28,120,481,3,2,35,2,33,135,32,2,30,115,NA,NA,4.5,4,75,1,2,119,1,118,123,3,120,100,2,98,22,54,26,114,43,111,477,23,103,480,25,121,510,13,98,478,124,2,59,3,70,5,65,122,74,5,69,126,45,12,33,114,46,11,35,116,0,2,25,48,9,8,4,3,4,17,131,16,125,28,124,113,255,238,134,122,28,108,481,5,3,30,9,21,102,33,4,29,104,4,5,5,5,50,145,3,142,120,3,117,119,4,115,22,50,35,128,53,112,506,28,103,494,27,116,517,17,103,492,88,4,NA,121,1,NA,79,2,77,119,76,4,72,112,42,5,37,107,47,9,38,109,3,NA,3,NA,31,51,7,2,2,2,10,14,94,14,93,33,120,116,214,209,107,104,3,93,4,4,34,106,492,9,9,35,4,31,114,33,7,26,97,3.5,5,5,5,NA,127,2,125,134,5,129,174,3,171,24,51,36,124,56,110,514,25,92,486,24,106,508,19,104,499,75,1,NA,97,2,NA,82,4,78,115,84,3,81,119,51,7,44,112,56,11,45,113,0,NA,2,NA,34,50,10,3,3,7,18,28,126,28,128,39,126,124,252,252,132,131,2,70,4,4,36,102,496,6,5,37,6,31,109,37,5,32,104,4,4,NA,NA,NA
307,1,2,50,1,49,46,6,40,58,6,52,21,57,24,125,38,124,460,19,114,469,15,125,487,12,103,475,1,174,1,112,35,2,33,107,28,1,27,100,14,2,12,101,19,5,14,104,0,1,27,58,5,2,2,1,0,7,107,6,97,22,129,119,236,216,121,108,26,118,477,3,2,23,2,21,121,21,0,21,103,NA,NA,3.5,4,75,1,2,122,3,119,102,2,100,103,4,99,21,52,24,107,42,111,473,22,103,477,17,111,491,18,115,496,112,1,87,2,59,0,59,116,60,1,59,116,36,8,28,109,37,12,25,106,0,3,24,47,5,10,4,4,1,10,109,10,105,25,116,104,225,209,114,104,33,116,490,2,3,34,2,32,118,26,6,20,92,2,3.5,4,NA,NA,94,3,91,95,6,89,103,6,97,19,43,29,109,50,109,497,26,99,488,19,104,495,17,104,492,111,1,NA,215,1,NA,52,1,51,89,59,1,58,96,37,12,25,93,36,11,25,93,3,NA,4,NA,27,47,4,1,1,1,13,15,97,15,96,30,116,108,213,204,106,101,0,66,4,4,35,109,494,2,2,27,2,25,105,27,1,26,97,NA,NA,4,3.5,NA,NA,NA,NA,NA,NA,NA,NA,NA,NA,NA,NA,NA,NA,NA,NA,NA,NA,NA,NA,NA,NA,NA,NA,NA,NA,NA,NA,NA,NA,NA,NA,NA,NA,NA,NA,NA,NA,NA,NA,NA,NA,NA,NA,NA,NA,NA,NA,NA,NA,NA,NA,NA,NA,NA,NA,NA,NA,NA,NA,NA,NA,NA,NA,NA,NA,NA,NA,NA,NA,NA,NA,NA,NA,NA,NA,NA,NA,NA,NA,NA,NA,NA,NA,NA,NA,NA,NA,NA,NA,NA,NA
308,1,1,31,12,19,53,8,45,55,14,41,18,46,18,97,31,107,434,13,93,446,10,111,474,8,89,460,0,165,2,62,34,4,30,99,32,5,27,96,18,4,14,100,20,8,12,97,0,3,15,36,2,0,0,0,0,2,82,2,77,11,93,83,175,160,86,79,14,102,457,0,2,13,2,11,107,15,5,10,85,NA,NA,3.5,3.5,70,1,1,79,2,77,67,2,65,72,2,70,15,38,22,97,44,109,480,19,93,469,14,103,484,10,88,468,99,2,56,2,51,0,51,101,45,1,44,91,39,18,21,97,37,11,26,103,0,1,20,39,0,9,4,4,0,4,86,4,83,22,105,95,191,178,94,87,23,98,472,0,0,29,2,27,110,20,2,18,89,2,0,2,2.5,NA,73,3,70,61,3,58,82,1,81,19,43,28,106,48,102,491,19,85,469,20,103,498,14,93,482,196,2,NA,162,1,NA,58,0,58,96,53,0,53,91,31,7,24,92,31,10,21,88,0,NA,2,NA,26,43,2,1,1,0,10,11,87,11,86,25,101,95,188,181,92,89,3,47,4,3,30,98,485,1,2,22,13,9,77,24,18,6,64,2,2,1.5,3,NA,NA,NA,NA,NA,NA,NA,NA,NA,NA,NA,NA,NA,NA,NA,NA,NA,NA,NA,NA,NA,NA,NA,NA,NA,NA,NA,NA,NA,NA,NA,NA,NA,NA,NA,NA,NA,NA,NA,NA,NA,NA,NA,NA,NA,NA,NA,NA,NA,NA,NA,NA,NA,NA,NA,NA,NA,NA,NA,NA,NA,NA,NA,NA,NA,NA,NA,NA,NA,NA,NA,NA,NA,NA,NA,NA,NA,NA,NA,NA,NA,NA,NA,NA,NA,NA,NA,NA,NA,NA,NA,NA
309,1,1,26,6,20,19,6,13,17,6,11,19,45,11,58,28,80,423,13,78,446,8,91,468,13,94,478,1,428,2,213,16,3,13,57,22,7,15,59,10,4,6,70,11,4,7,71,0,1,26,47,1,7,2,4,0,3,82,5,93,10,73,80,155,173,76,85,14,87,457,3,2,10,4,6,96,12,4,8,82,NA,NA,3,3.5,9,1,1,42,2,40,39,4,35,48,5,43,19,42,21,84,36,83,453,18,81,465,10,89,474,13,88,478,195,0,168,2,36,1,35,64,36,2,34,63,17,6,11,70,16,6,10,69,0,2,24,38,0,7,2,2,1,3,77,3,78,15,74,78,151,156,73,77,19,85,466,2,2,14,6,8,80,17,2,15,85,2,3,3.5,3,NA,49,4,45,22,9,13,37,4,33,21,43,21,75,35,76,449,25,86,480,11,88,477,14,85,482,228,2,NA,292,0,NA,34,2,32,59,40,3,37,63,15,4,11,67,17,2,15,73,3,NA,2,NA,30,41,4,1,1,0,7,8,72,8,79,22,82,88,154,167,75,82,2,38,2,3,29,89,483,2,2,15,3,12,83,13,4,9,70,2.5,2.5,3,4.5,NA,NA,NA,NA,NA,NA,NA,NA,NA,NA,NA,NA,NA,NA,NA,NA,NA,NA,NA,NA,NA,NA,NA,NA,NA,NA,NA,NA,NA,NA,NA,NA,NA,NA,NA,NA,NA,NA,NA,NA,NA,NA,NA,NA,NA,NA,NA,NA,NA,NA,NA,NA,NA,NA,NA,NA,NA,NA,NA,NA,NA,NA,NA,NA,NA,NA,NA,NA,NA,NA,NA,NA,NA,NA,NA,NA,NA,NA,NA,NA,NA,NA,NA,NA,NA,NA,NA,NA,NA,NA,NA,NA
310,5,1,18,7,11,24,9,15,22,11,11,19,46,18,80,29,89,427,12,80,442,3,72,423,18,114,496,1,124,1,69,30,16,14,63,36,14,22,71,16,14,2,65,12,9,3,67,1,2,22,42,2,4,2,2,0,4,88,4,87,9,74,77,162,164,80,80,12,90,454,3,2,18,7,11,107,20,7,13,90,NA,NA,3,2,32,5,1,NA,NA,NA,NA,NA,NA,NA,NA,NA,NA,NA,NA,NA,NA,NA,NA,NA,NA,NA,NA,NA,NA,NA,NA,NA,NA,NA,NA,NA,NA,NA,NA,NA,NA,NA,NA,NA,NA,NA,NA,NA,NA,NA,NA,NA,NA,NA,NA,NA,NA,NA,NA,NA,NA,NA,NA,NA,NA,NA,NA,NA,NA,NA,NA,NA,NA,NA,NA,NA,NA,NA,NA,NA,NA,NA,NA,NA,NA,NA,2,2,3,NA,67,5,62,73,5,68,98,3,95,23,49,21,78,41,87,470,27,95,491,10,88,474,20,106,502,102,2,NA,97,0,NA,65,4,61,91,66,5,61,91,40,18,22,85,38,20,18,80,2,NA,3,NA,29,42,8,2,2,0,4,6,69,6,75,18,76,79,145,154,70,75,2,45,3,3,32,95,488,2,4,26,1,25,105,25,3,22,92,2,2,2.5,3,NA,NA,NA,NA,NA,NA,NA,NA,NA,NA,NA,NA,NA,NA,NA,NA,NA,NA,NA,NA,NA,NA,NA,NA,NA,NA,NA,NA,NA,NA,NA,NA,NA,NA,NA,NA,NA,NA,NA,NA,NA,NA,NA,NA,NA,NA,NA,NA,NA,NA,NA,NA,NA,NA,NA,NA,NA,NA,NA,NA,NA,NA,NA,NA,NA,NA,NA,NA,NA,NA,NA,NA,NA,NA,NA,NA,NA,NA,NA,NA,NA,NA,NA,NA,NA,NA,NA,NA,NA,NA,NA,NA
311,2,1,80,0,80,90,1,89,89,13,76,20,49,23,100,41,110,470,18,95,465,17,111,491,11,93,471,1,96,2,58,57,3,54,109,50,1,49,104,30,7,23,103,28,7,21,101,0,2,24,47,2,3,1,1,2,5,93,5,93,21,107,115,200,208,99,104,27,108,479,0,1,30,3,27,129,27,4,23,106,NA,NA,3,4,75,2,1,102,1,101,99,0,99,81,2,79,13,33,27,106,49,108,494,24,96,483,18,103,493,18,108,496,110,3,74,4,57,0,57,101,57,1,56,100,35,5,30,103,30,4,26,98,0,2,26,45,2,9,3,4,2,7,94,8,98,29,114,116,208,214,104,107,31,102,486,1,0,32,2,30,115,35,0,35,112,2,3,4,4,NA,101,1,100,84,1,83,92,2,90,24,51,31,108,60,118,525,32,108,506,23,105,505,18,101,496,105,3,NA,107,3,NA,63,1,62,92,63,0,63,94,43,8,35,101,38,5,33,99,3,NA,4,NA,30,44,8,2,2,3,13,18,101,18,103,32,110,113,211,216,105,108,2,40,2,3,34,99,492,4,3,34,1,33,117,35,2,33,105,4,3.5,4,4,NA,109,3,106,117,1,116,146,2,144,24,48,32,106,61,115,527,28,93,494,26,108,513,19,98,499,79,2,NA,85,1,NA,63,1,62,89,68,3,65,93,45,8,37,99,41,6,35,97,2,NA,1,NA,29,39,4,1,1,3,13,17,94,17,96,32,102,104,196,200,97,99,2,26,1,1,39,101,502,3,4,34,3,31,109,36,3,33,104,NA,NA,NA,NA,NA
312,2,1,57,5,52,55,2,53,55,4,51,21,52,23,100,35,99,449,20,98,472,17,110,491,21,125,506,3,123,2,94,40,2,38,94,NA,NA,NA,NA,23,4,19,98,NA,NA,NA,NA,0,3,NA,NA,5,7,4,4,0,9,107,9,109,22,105,119,212,228,106,117,22,101,471,6,3,21,5,16,114,27,1,26,110,NA,NA,3,1,59,2,1,138,1,137,94,1,93,106,0,106,24,55,25,100,48,106,491,27,101,491,21,107,500,22,120,509,88,3,60,4,54,0,54,92,55,1,54,92,30,3,27,95,27,7,20,86,2,4,44,73,2,3,1,1,2,5,87,5,87,24,101,101,188,188,92,93,39,116,502,3,5,35,0,35,123,31,1,30,105,3.5,3.5,3,3,NA,141,2,139,117,2,115,126,0,126,24,51,27,95,53,105,506,30,101,500,24,106,508,26,126,523,71,4,NA,90,4,NA,57,0,57,86,63,1,62,92,36,5,31,96,43,5,38,105,3,NA,3,NA,35,51,5,1,1,8,15,24,116,24,122,29,104,105,220,227,111,115,4,50,3,3,41,111,505,4,5,40,1,39,127,40,0,40,116,3.5,3.5,4,3.5,NA,NA,NA,NA,NA,NA,NA,NA,NA,NA,NA,NA,NA,NA,NA,NA,NA,NA,NA,NA,NA,NA,NA,NA,NA,NA,NA,NA,NA,NA,NA,NA,NA,NA,NA,NA,NA,NA,NA,NA,NA,NA,NA,NA,NA,NA,NA,NA,NA,NA,NA,NA,NA,NA,NA,NA,NA,NA,NA,NA,NA,NA,NA,NA,NA,NA,NA,NA,NA,NA,NA,NA,NA,NA,NA,NA,NA,NA,NA,NA,NA,NA,NA,NA,NA,NA,NA,NA,NA,NA,NA,NA
313,5,2,41,2,39,44,1,43,42,2,40,19,48,23,110,34,109,446,17,100,462,11,111,477,12,99,475,1,66,1,58,26,2,24,88,32,1,31,94,11,3,8,86,9,1,8,86,1,1,25,50,6,5,2,2,1,9,110,9,109,18,106,106,216,215,108,108,22,109,471,3,3,20,0,20,120,20,0,20,101,NA,NA,4,4.5,65,5,2,109,0,109,102,0,102,90,0,90,23,55,26,107,45,108,483,30,114,500,18,106,493,18,111,496,111,4,71,2,56,2,54,98,54,1,53,97,23,2,21,92,22,5,17,87,2,3,33,57,6,2,1,1,1,8,99,8,98,25,108,104,207,202,103,100,33,110,490,4,4,30,1,29,113,24,2,22,94,NA,NA,5,4,NA,NA,NA,NA,NA,NA,NA,NA,NA,NA,NA,NA,NA,NA,NA,NA,NA,NA,NA,NA,NA,NA,NA,NA,NA,NA,NA,NA,NA,NA,NA,NA,NA,NA,NA,NA,NA,NA,NA,NA,NA,NA,NA,NA,NA,NA,NA,NA,NA,NA,NA,NA,NA,NA,NA,NA,NA,NA,NA,NA,NA,NA,NA,NA,NA,NA,NA,NA,NA,NA,NA,NA,NA,NA,NA,NA,NA,NA,NA,NA,NA,NA,NA,NA,NA,NA,NA,3,0,NA,NA,NA,NA,NA,NA,NA,NA,NA,NA,NA,NA,NA,NA,NA,NA,NA,NA,NA,NA,NA,NA,NA,NA,NA,NA,NA,NA,NA,NA,NA,NA,NA,NA,NA,NA,NA,NA,NA,NA,NA,NA,NA,NA,NA,NA,NA,NA,NA,NA,NA,NA,NA,NA,NA,NA,NA,NA,NA,NA,NA,NA,NA,NA,NA,NA,NA,NA,NA,NA,NA,NA,NA,NA,NA,NA,NA,NA,NA,NA,NA,NA,NA,NA,NA,NA,NA,NA,NA,NA,NA,NA,NA,NA
314,1,1,16,9,7,16,10,6,13,6,7,14,34,19,77,24,70,408,10,68,434,6,84,459,14,95,482,0,88,1,51,10,4,6,55,13,2,11,56,9,6,3,64,7,4,3,64,0,2,15,29,2,4,1,2,1,4,87,5,93,13,75,89,162,182,80,90,7,76,444,2,2,14,4,10,105,13,8,5,76,NA,NA,3.5,3,25,1,1,NA,NA,NA,NA,NA,NA,NA,NA,NA,NA,NA,NA,NA,NA,NA,NA,NA,NA,NA,NA,NA,NA,NA,NA,NA,NA,NA,NA,NA,NA,NA,NA,NA,NA,NA,NA,NA,NA,NA,NA,NA,NA,NA,NA,NA,NA,NA,NA,NA,NA,NA,NA,NA,NA,NA,NA,NA,NA,NA,NA,NA,NA,NA,NA,NA,NA,NA,NA,NA,NA,NA,NA,NA,NA,NA,NA,NA,NA,NA,NA,NA,NA,NA,NA,NA,NA,NA,NA,NA,NA,NA,NA,NA,NA,NA,NA,NA,NA,NA,NA,NA,NA,NA,NA,NA,NA,NA,NA,NA,NA,NA,NA,NA,NA,NA,NA,NA,NA,NA,NA,NA,NA,NA,NA,NA,NA,NA,NA,NA,NA,NA,NA,NA,NA,NA,NA,NA,NA,NA,NA,NA,NA,NA,NA,NA,NA,NA,NA,NA,NA,NA,NA,NA,NA,NA,NA,NA,NA,NA,NA,NA,NA,NA,NA,NA,NA,NA,NA,NA,NA,NA,NA,NA,NA,NA,NA,NA,NA,NA,NA,NA,NA,NA,NA,NA,NA,NA,NA,NA,NA,NA,NA,NA,NA,NA,NA,NA,NA,NA,NA,NA,NA,NA,NA,NA,NA,NA,NA,NA,NA,NA,NA,NA,NA,NA,NA,NA,NA,NA,NA,NA,NA,NA,NA,NA,NA,NA,NA,NA,NA,NA,NA,NA,NA,NA,NA,NA,NA,NA,NA,NA,NA,NA,NA,NA,NA,NA,NA,NA,NA,NA,NA,NA,NA,NA,NA,NA,NA,NA,NA,NA,NA,NA,NA,NA
315,4,2,127,15,112,98,4,94,104,1,103,18,46,25,112,44,119,480,20,102,472,9,104,471,13,100,478,2,107,3,78,52,1,51,111,56,1,55,114,25,2,23,107,22,8,14,96,0,1,28,55,5,7,4,4,0,9,110,9,109,25,123,128,233,237,119,121,32,117,488,2,3,26,0,26,128,29,0,29,114,NA,NA,3.5,4,95,4,2,143,6,137,119,1,118,106,2,104,15,37,27,110,50,112,497,27,105,491,20,108,498,13,94,478,112,3,90,4,60,0,60,104,54,0,54,98,25,7,18,88,31,9,22,93,0,4,28,50,6,7,2,2,2,10,106,10,105,27,113,110,219,215,110,108,30,103,485,4,3,35,5,30,115,31,0,31,107,4.5,4.5,5.5,4.5,NA,139,0,139,105,9,96,143,1,142,22,49,32,115,49,101,494,27,97,491,22,104,502,18,102,496,85,1,NA,107,4,NA,65,0,65,96,70,1,69,101,33,12,21,84,40,13,27,91,3,NA,3,NA,44,67,8,2,2,3,17,22,115,22,116,37,126,127,241,243,124,125,3,43,3,3,33,99,490,4,2,32,3,29,111,23,7,16,84,3.5,3.5,4,4,NA,NA,NA,NA,NA,NA,NA,NA,NA,NA,NA,NA,NA,NA,NA,NA,NA,NA,NA,NA,NA,NA,NA,NA,NA,NA,NA,NA,NA,NA,NA,NA,NA,NA,NA,NA,NA,NA,NA,NA,NA,NA,NA,NA,NA,NA,NA,NA,NA,NA,NA,NA,NA,NA,NA,NA,NA,NA,NA,NA,NA,NA,NA,NA,NA,NA,NA,NA,NA,NA,NA,NA,NA,NA,NA,NA,NA,NA,NA,NA,NA,NA,NA,NA,NA,NA,NA,NA,NA,NA,NA,NA
316,2,2,43,4,39,41,3,38,42,2,40,19,46,21,90,33,92,442,17,89,462,14,103,484,15,102,485,4,200,1,128,36,5,31,79,37,5,32,80,17,3,14,85,17,7,10,81,0,2,25,47,3,4,2,2,0,5,92,5,93,18,96,106,188,199,92,99,21,97,469,2,3,16,3,13,110,19,1,18,98,NA,NA,4,4,NA,2,2,102,1,101,96,0,96,79,2,77,23,53,24,97,40,92,467,22,91,477,13,95,482,13,91,478,172,3,99,3,56,1,55,93,51,1,50,85,22,3,19,85,24,7,17,82,1,1,27,45,2,6,2,2,3,7,92,7,95,23,96,98,188,193,92,95,30,99,485,5,1,26,3,23,104,22,2,20,92,3,3.5,4,3.5,NA,107,1,106,83,4,79,108,2,106,23,49,29,102,45,92,483,30,100,500,21,100,500,16,93,489,130,3,NA,131,0,NA,64,0,64,95,69,1,68,100,31,6,25,89,31,7,24,87,1,NA,2,NA,30,43,4,1,1,4,5,10,79,10,83,28,98,102,177,185,87,91,2,60,4,4,29,91,483,5,3,26,1,25,105,26,2,24,95,3.5,4,3.5,3.5,NA,NA,NA,NA,NA,NA,NA,NA,NA,NA,NA,NA,NA,NA,NA,NA,NA,NA,NA,NA,NA,NA,NA,NA,NA,NA,NA,NA,NA,NA,NA,NA,NA,NA,NA,NA,NA,NA,NA,NA,NA,NA,NA,NA,NA,NA,NA,NA,NA,NA,NA,NA,NA,NA,NA,NA,NA,NA,NA,NA,NA,NA,NA,NA,NA,NA,NA,NA,NA,NA,NA,NA,NA,NA,NA,NA,NA,NA,NA,NA,NA,NA,NA,NA,NA,NA,NA,NA,NA,NA,NA,NA
317,2,1,85,3,82,83,0,83,74,4,70,20,54,26,132,40,125,467,23,121,480,19,128,495,14,109,482,1,88,2,76,53,0,53,129,54,5,49,124,34,8,26,120,27,7,20,113,1,3,28,58,4,4,3,2,0,7,104,6,97,19,114,109,218,206,109,102,24,116,474,2,1,33,0,33,135,25,4,21,103,NA,NA,3.5,3.5,75,2,1,111,4,107,122,3,119,101,4,97,21,52,26,114,47,117,489,26,110,488,19,112,495,22,128,509,39,1,20,1,68,4,64,121,64,1,63,120,39,6,33,114,41,10,31,112,2,2,29,54,2,11,4,4,1,7,99,7,95,21,107,92,206,187,102,92,26,105,477,4,3,25,2,23,104,18,2,16,86,4,3.5,3.5,3.5,46,114,8,106,84,3,81,97,4,93,25,57,30,112,51,109,500,29,106,497,23,109,505,25,129,520,130,3,NA,145,3,NA,69,2,67,106,55,1,54,92,34,4,30,99,42,6,36,106,3,NA,4,NA,30,52,7,2,2,2,9,13,92,13,91,29,114,105,206,196,102,97,3,42,3,3,30,99,485,2,2,23,1,22,100,19,2,17,85,3.5,3,3,3.5,NA,89,4,85,107,3,104,114,6,108,25,53,30,107,55,109,511,30,102,500,23,105,505,25,123,520,83,3,NA,48,0,NA,68,1,67,98,66,0,66,97,40,4,36,102,38,2,36,102,1,NA,2,NA,36,53,8,2,2,2,10,14,90,14,89,29,104,100,194,189,96,93,2,45,3,3,39,109,502,5,7,29,2,27,102,24,3,21,87,3,3,NA,NA,NA
318,2,2,36,0,36,25,2,23,42,3,39,18,46,19,100,36,114,453,17,102,462,11,113,477,15,110,485,2,252,1,153,35,4,31,100,33,4,29,98,17,8,9,92,14,4,10,94,0,2,21,46,7,4,3,2,1,11,119,10,114,14,101,93,220,207,111,103,20,108,467,1,1,19,0,19,118,17,2,15,93,NA,NA,3.5,4,55,2,2,66,2,64,55,6,49,53,2,51,17,42,23,100,37,100,457,19,94,469,11,100,477,16,106,489,188,3,111,1,35,2,33,81,41,7,34,82,20,2,18,93,20,9,11,82,0,3,19,38,7,2,1,1,2,10,108,10,105,20,101,89,209,194,104,96,22,99,471,3,0,19,3,16,94,20,2,18,89,2,4,3,3,NA,85,2,83,52,9,43,89,6,83,23,53,25,96,41,93,470,23,93,480,18,101,493,19,109,499,173,2,NA,136,3,NA,50,1,49,84,51,6,45,80,22,7,15,80,23,10,13,77,3,NA,3,NA,24,40,18,3,2,1,11,15,97,14,93,22,93,88,190,181,94,89,2,36,3,2,27,95,479,2,3,21,1,20,97,22,3,19,88,2.5,3,3,4,NA,NA,NA,NA,NA,NA,NA,NA,NA,NA,NA,NA,NA,NA,NA,NA,NA,NA,NA,NA,NA,NA,NA,NA,NA,NA,NA,NA,NA,NA,NA,NA,NA,NA,NA,NA,NA,NA,NA,NA,NA,NA,NA,NA,NA,NA,NA,NA,NA,NA,NA,NA,NA,NA,NA,NA,NA,NA,NA,NA,NA,NA,NA,NA,NA,NA,NA,NA,NA,NA,NA,NA,NA,NA,NA,NA,NA,NA,NA,NA,NA,NA,NA,NA,NA,NA,NA,NA,NA,NA,NA,NA